time,left,front,u,Xi,desired
0.021,393.208144,65.047920,-1.500000,-8.946942,372.401045
0.050,388.213889,59.886809,-1.500000,-3.571685,372.732351
0.080,363.704360,68.788204,1.500000,21.322441,373.066783
0.110,369.540047,73.454218,1.500000,15.861146,373.392342
0.137,379.494094,65.361608,1.500000,6.252036,373.692286
0.168,383.879736,67.006083,1.500000,2.255432,374.030581
0.198,352.823710,65.157181,1.500000,33.679839,374.350912
0.230,373.662627,59.779855,1.500000,13.239790,374.697753
0.262,394.993176,64.194431,-1.500000,-7.702269,375.035571
0.293,421.328164,71.829527,-1.500000,-33.651112,375.371350
0.326,404.805770,62.704265,-1.500000,-16.742772,375.706955
0.359,359.727454,72.795158,1.500000,28.739249,376.058003
0.393,418.553641,67.714044,-1.500000,-29.690126,376.403056
0.428,380.782391,66.511695,1.500000,8.483253,376.752734
0.459,358.917961,67.052048,1.500000,30.713358,377.070712
0.493,389.107527,66.946751,1.500000,0.911476,377.407829
0.524,413.018057,65.078577,-1.500000,-22.649234,377.712020
0.559,401.688593,71.515329,-1.500000,-10.929630,378.051273
0.590,397.692546,65.572906,-1.500000,-6.582995,378.356132
0.622,391.329384,71.336923,-1.344543,0.128604,378.659119
0.657,374.443519,69.710006,1.500000,17.400148,378.994493
0.690,406.003557,68.180432,-1.500000,-13.805598,379.302573
0.728,401.071999,70.026942,-1.500000,-8.477564,379.647335
0.758,393.597068,71.530010,-1.500000,-0.687272,379.921562
0.790,383.052649,68.438757,1.500000,10.188299,380.209520
0.818,369.530085,66.163170,1.500000,24.003620,380.464091
0.850,371.706002,71.118390,1.500000,22.151735,380.745858
0.880,408.726848,70.303676,-1.500000,-14.570159,381.005817
0.912,388.879463,66.829937,1.500000,5.591301,381.278925
0.945,393.136404,70.253569,1.500000,1.665413,381.566797
0.978,395.535522,68.134871,0.990755,-0.421394,381.838372
1.010,411.631352,68.134645,-1.500000,-16.211051,382.104610
1.046,403.514216,69.459407,-1.500000,-7.751101,382.402709
1.077,373.844937,64.597246,1.500000,22.203582,382.650886
1.110,392.783799,61.189513,1.500000,3.567133,382.913854
1.141,388.707878,66.566175,1.500000,7.930903,383.164157
1.172,385.290072,64.438148,1.500000,11.617684,383.398049
1.205,398.433026,66.523644,0.009773,-1.233241,383.651987
1.238,409.598629,72.900838,-1.500000,-12.111101,383.902198
1.269,425.124780,68.024059,-1.500000,-27.367549,384.136723
1.307,415.567899,66.518346,-1.500000,-17.492158,384.413688
1.337,384.441673,60.416262,1.500000,13.881648,384.628975
1.372,414.546559,63.142943,-1.500000,-15.943502,384.872223
1.405,425.166256,67.383668,-1.500000,-26.293127,385.107069
1.438,391.949088,69.657246,1.500000,7.180194,385.329811
1.468,397.942819,59.245852,1.500000,1.423981,385.536347
1.498,427.975414,69.063262,-1.500000,-28.382063,385.733349
1.527,416.833814,64.141720,-1.500000,-17.020395,385.924712
1.557,428.282486,64.476389,-1.500000,-28.248775,386.116271
1.590,409.490470,66.894835,-1.500000,-9.217875,386.323996
1.623,395.282905,61.820149,1.500000,5.222209,386.526186
1.655,378.944544,61.424656,1.500000,21.786572,386.722709
1.690,407.143393,61.955907,-1.500000,-6.172843,386.930914
1.722,407.323169,71.230243,-1.500000,-6.137848,387.117670
1.753,409.337601,69.008092,-1.500000,-7.945253,387.297693
1.786,373.464927,69.304361,1.500000,28.137265,387.480167
1.816,401.573400,65.795918,1.500000,0.220316,387.646710
1.850,394.541386,69.096409,1.500000,7.463061,387.829954
1.881,399.904232,63.671752,1.500000,2.286847,387.992243
1.913,401.125770,66.861272,1.500000,1.250893,388.153619
1.946,393.536465,70.459731,1.500000,9.033914,388.322069
1.980,424.628428,70.484896,-1.500000,-21.867337,388.487905
2.014,427.256287,63.274601,-1.500000,-24.309869,388.649059
2.046,392.381939,66.925425,1.500000,10.737725,388.799708
2.078,401.611519,64.131448,1.500000,1.669897,388.940362
2.110,405.373955,63.468324,-0.831143,-1.929171,389.082420
2.141,405.657567,68.409949,-1.500000,-2.057308,389.217617
2.173,440.580106,68.785111,-1.500000,-36.826733,389.350759
2.208,410.535174,72.706867,-1.500000,-6.621871,389.489828
2.242,426.881661,64.346905,-1.500000,-22.815006,389.623178
2.277,413.470713,68.610915,-1.500000,-9.252451,389.755010
2.307,398.999256,73.791662,1.500000,5.347276,389.866549
2.341,396.105759,72.480187,1.500000,8.377982,389.985861
2.371,390.169673,64.133309,1.500000,14.433183,390.089440
2.402,400.993263,69.958474,1.500000,3.725966,390.190634
2.433,406.887101,67.237383,-0.981309,-2.053447,390.290134
2.466,414.525754,66.382574,-1.500000,-9.578018,390.389336
2.497,386.089159,68.835104,1.500000,18.965222,390.482070
2.531,392.824564,71.901858,1.500000,12.337487,390.575697
2.564,393.382143,71.563281,1.500000,11.881218,390.663793
2.599,402.773152,70.504973,1.500000,2.593881,390.753942
2.629,421.297821,66.183479,-1.500000,-15.846730,390.827036
2.661,417.057324,69.822203,-1.500000,-11.521744,390.900505
2.693,429.810289,68.289721,-1.500000,-24.195014,390.969804
2.730,424.723866,69.117843,-1.500000,-19.022187,391.044938
2.761,404.834011,68.270164,-0.368570,0.936305,391.104623
2.793,406.843959,70.639467,-1.450164,-1.009053,391.160788
2.821,400.837244,67.182665,1.500000,5.051023,391.207188
2.853,397.517267,64.150907,1.500000,8.428708,391.257370
2.886,396.427937,67.403490,1.500000,9.570677,391.303142
2.918,401.847369,71.538209,1.500000,4.199953,391.345498
2.950,388.277400,66.898752,1.500000,17.812306,391.382353
2.981,430.490558,65.431258,-1.500000,-24.363446,391.414880
3.015,454.715510,69.697677,-1.500000,-48.552395,391.446188
3.049,421.230878,70.612991,-1.500000,-15.037396,391.472593
3.082,441.893429,68.983430,-1.500000,-35.675805,391.493586
3.112,433.375594,66.709494,-1.500000,-27.139429,391.509709
3.145,460.549847,66.615954,-1.500000,-54.298748,391.522694
3.177,433.236438,62.987028,-1.500000,-26.975410,391.531329
3.210,384.129809,67.387731,1.500000,22.136503,391.535924
3.243,415.157108,63.231205,-1.500000,-8.890375,391.536290
3.275,377.678217,69.837710,1.500000,28.584161,391.532503
3.310,405.748167,73.509011,1.500000,0.504252,391.523843
3.342,373.286580,64.571493,1.500000,32.951746,391.511587
3.373,389.694555,63.091966,1.500000,16.525460,391.495666
3.405,404.778645,64.782519,1.500000,1.417736,391.475114
3.438,407.096186,64.864789,0.378008,-0.928495,391.450166
3.469,414.119897,65.550529,-1.500000,-7.984167,391.422374
3.502,393.844816,63.416363,1.500000,12.252499,391.388970
3.533,395.456891,69.329032,1.500000,10.599416,391.353310
3.567,415.935726,63.614629,-1.500000,-9.929145,391.310070
3.602,395.142328,70.796532,1.500000,10.807154,391.260420
3.638,420.602817,71.662145,-1.500000,-14.717597,391.204539
3.672,395.824437,67.985111,1.500000,9.995399,391.147683
3.706,419.192137,69.982901,-1.500000,-13.444118,391.085234
3.738,438.204132,68.265446,-1.500000,-32.527524,391.023137
3.768,412.760132,68.119431,-1.500000,-7.156538,390.959647
3.798,442.533168,69.003706,-1.500000,-37.004369,390.894607
3.829,428.606082,67.741765,-1.500000,-23.162199,390.820768
3.863,403.767210,68.100621,0.411575,1.581943,390.738394
3.894,404.954600,71.535389,1.008359,0.301350,390.657347
3.925,405.792315,72.718075,0.317118,-0.632137,390.574068
3.960,393.727538,67.079852,1.500000,11.319894,390.476028
3.993,400.165023,63.558249,1.500000,4.769834,390.378136
4.025,370.866306,60.778952,1.500000,33.953668,390.278238
4.057,409.449149,63.177576,-1.500000,-4.748747,390.174263
4.090,398.241937,67.429637,1.500000,6.330534,390.063018
4.122,426.786318,66.555397,-1.500000,-22.340764,389.952656
4.153,421.157464,62.863842,-1.500000,-16.839631,389.841594
4.186,400.915722,68.166956,1.500000,3.261712,389.719508
4.221,417.382430,60.666149,-1.500000,-13.360353,389.584415
4.253,405.004898,65.771800,-1.500000,-1.132134,389.454578
4.290,411.786497,67.907334,-1.500000,-8.087764,389.303246
4.321,378.352782,68.194156,1.500000,25.190362,389.167951
4.656,382.751896,67.052109,1.500000,18.875356,387.501959
4.690,404.868015,67.621470,-1.500000,-3.465735,387.306330
4.720,373.774818,73.330347,1.500000,27.428233,387.133087
4.750,419.719894,59.369736,-1.500000,-18.718423,386.957800
4.778,393.425256,66.016935,1.500000,7.378397,386.785786
4.807,411.884323,66.354607,-1.500000,-11.284409,386.608620
4.837,386.349001,65.442780,1.500000,14.033783,386.419812
4.869,404.403946,70.832223,-1.500000,-4.253443,386.217829
4.900,388.740817,69.727022,1.500000,11.172665,386.011724
4.934,393.832530,69.932568,1.500000,5.826740,385.790670
4.969,382.323807,63.370912,1.500000,17.061203,385.552183
5.005,392.852306,62.755832,1.500000,6.244848,385.301873
5.033,408.493587,72.062679,-1.500000,-9.618647,385.108643
5.067,407.802466,71.624031,-1.500000,-9.207163,384.865481
5.098,402.016120,67.058972,-1.500000,-3.679022,384.640955
5.129,389.867515,69.878789,1.500000,8.205237,384.411089
5.161,409.416715,65.557260,-1.500000,-11.619079,384.171857
5.193,394.737018,70.240070,1.496758,2.782274,383.929820
5.226,403.730191,60.508219,-1.500000,-6.505189,383.673915
5.259,394.753742,67.860392,0.758888,2.171296,383.413077
5.297,424.571073,73.269289,-1.500000,-27.988107,383.115622
5.332,413.133233,66.162314,-1.500000,-16.876281,382.832132
5.363,381.796453,64.317705,1.500000,14.167214,382.577102
5.396,402.522786,70.371417,-1.500000,-6.881836,382.296478
5.429,403.302641,73.903757,-1.500000,-7.981383,382.018486
5.460,396.200029,68.485336,-1.500000,-1.185688,381.751601
5.493,373.665590,69.249298,1.500000,21.023895,381.469118
5.524,368.127024,63.390914,1.500000,26.248602,381.196196
5.558,384.107719,68.085190,1.500000,9.920447,380.894057
5.590,381.672521,63.170049,1.500000,12.018550,380.600931
5.624,379.950430,63.694798,1.500000,13.379192,380.286628
5.659,400.804523,69.305669,-1.500000,-7.842811,379.966706
5.716,394.130067,68.385575,-1.500000,-1.789666,379.426436
5.750,377.482132,69.902606,1.500000,14.484905,379.101772
5.780,382.544740,61.495680,1.500000,9.089350,378.812253
5.809,394.168147,60.425840,-1.500000,-2.865894,378.523699
5.837,397.141518,62.430037,-1.500000,-6.162513,378.242613
5.868,382.194676,62.378014,1.500000,8.430587,377.935011
5.897,388.070903,64.547080,1.500000,2.219433,377.643771
5.929,403.261470,63.015256,-1.500000,-13.348375,377.315735
5.962,392.916670,69.897180,-1.500000,-3.400786,376.970335
5.993,386.247550,67.808067,1.500000,2.903240,376.652862
6.026,363.714851,69.707768,1.500000,25.035924,376.305021
6.059,396.041476,68.144225,-1.500000,-7.699109,375.949885
6.093,398.141899,71.960542,-1.500000,-10.219347,375.584827
6.126,393.986421,58.648545,-1.500000,-6.476128,375.226342
6.157,374.424571,66.856973,1.500000,12.685251,374.878106
6.189,392.655407,70.859763,-1.500000,-5.954277,374.522722
6.222,380.023274,70.349203,1.500000,6.253041,374.153317
6.257,388.377240,66.667289,-1.223783,-2.556364,373.757284
6.291,363.901443,66.501992,1.500000,21.474810,373.370655
6.322,371.201391,71.398396,1.500000,13.764400,373.013732
6.353,369.530578,64.756962,1.500000,15.026646,372.658456
6.385,384.322772,70.710659,1.253724,-0.203764,372.277398
6.417,388.209187,69.690098,-1.500000,-4.519627,371.903966
6.450,388.513614,65.962375,-1.500000,-5.275042,371.511802
6.485,397.159663,67.199927,-1.500000,-14.412781,371.084245
6.517,382.455793,68.059780,-1.500000,-0.146496,370.703736
6.549,369.446949,65.458394,1.500000,12.408319,370.308929
6.580,378.940237,69.127569,1.500000,2.477570,369.928528
6.612,371.836987,71.089246,1.500000,9.112019,369.520875
6.645,390.437995,71.405078,-1.500000,-9.960963,369.110463
6.677,376.871956,63.177513,1.500000,3.140165,368.706192
6.710,379.602976,62.797257,1.500000,-0.077277,368.283216
6.746,392.044314,68.885531,-1.500000,-13.037914,367.831651
6.776,400.575687,68.462119,-1.500000,-22.023687,367.436522
6.807,383.138911,72.182691,-1.500000,-5.053757,367.030569
6.836,379.145737,65.231788,-1.500000,-1.498290,366.649954
6.867,362.820042,69.549131,1.500000,14.356581,366.240542
6.902,353.397832,60.227404,1.500000,23.254627,365.784747
6.934,379.591528,66.404146,-1.500000,-3.442336,365.347124
6.967,373.019763,61.225962,1.311091,2.628619,364.911636
7.001,364.956498,65.990790,1.500000,10.152282,364.442418
7.033,390.898782,72.029215,-1.500000,-16.290223,364.007443
7.066,382.564678,70.470528,-1.500000,-8.476839,363.554643
7.097,391.923187,71.463824,-1.500000,-18.331840,363.122911
7.127,380.658129,62.339843,-1.500000,-7.539714,362.711665
7.157,372.172920,67.035018,-0.951232,0.454103,362.284368
7.189,355.255510,69.891487,1.500000,16.865264,361.844151
7.221,365.529555,68.754086,1.500000,6.054864,361.377756
7.255,345.928314,69.323231,1.500000,25.107071,360.900335
7.289,377.861899,65.373669,-1.500000,-7.385338,360.414401
7.321,343.238338,70.725246,1.500000,26.703428,359.949361
7.353,369.931746,68.936925,1.238669,-0.518472,359.489803
7.385,352.010147,67.231570,1.500000,16.853423,359.011800
7.415,384.571073,69.016489,-1.500000,-16.206861,358.577576
7.449,359.987372,71.683153,1.500000,7.807001,358.082063
7.481,369.803849,67.276062,-1.225744,-2.557987,357.605097
7.514,360.931148,65.314807,1.500000,5.753454,357.117045
7.549,377.971844,72.061535,-1.500000,-11.904603,356.580210
7.583,374.540058,66.330656,-1.500000,-9.049645,356.078620
7.612,362.608309,64.561936,1.363065,2.369382,355.632775
7.645,382.096133,64.880677,-1.500000,-17.701144,355.126077
7.674,366.132090,65.553451,-1.500000,-2.241748,354.687254
7.705,357.313668,67.254697,1.500000,6.021005,354.204064
7.737,372.787415,69.207277,-1.500000,-10.014672,353.715429
7.769,358.698018,65.471881,1.500000,3.505679,353.220606
7.801,360.669415,67.505182,1.500000,0.955789,352.717568
7.838,370.804778,71.323327,-1.500000,-9.837807,352.145192
7.875,368.407324,68.364637,-1.500000,-8.110411,351.562533
7.907,356.672096,68.065138,1.500000,3.030975,351.046148
7.937,361.113649,62.063477,-0.483128,-1.943408,350.582818
7.966,352.136882,66.039126,1.500000,6.486629,350.107401
8.001,360.861428,62.800461,-1.500000,-2.884665,349.545011
8.033,366.166228,69.616735,-1.500000,-8.780178,349.031347
8.069,338.902734,60.069605,1.500000,17.815062,348.450258
8.102,359.434765,65.530020,-1.500000,-3.320769,347.925213
8.134,361.814603,67.824379,-1.500000,-6.302012,347.402253
8.166,342.678375,67.456461,1.500000,12.230583,346.877355
8.197,353.377744,62.245015,1.500000,0.943080,346.365934
8.229,332.261780,66.210380,1.500000,21.461180,345.846052
8.260,344.462568,71.381641,1.500000,8.671906,345.334325
8.293,352.435725,63.891971,1.500000,0.071711,344.789075
8.324,362.560060,69.950981,-1.500000,-10.653220,344.266817
8.359,351.137851,66.717738,-1.500000,0.090590,343.676906
8.393,347.794037,68.452411,1.500000,2.790883,343.117322
8.426,349.629139,68.112257,1.500000,0.320068,342.564528
8.457,363.394528,67.345834,-1.500000,-14.057685,342.032038
8.489,366.193662,72.432854,-1.500000,-17.471598,341.497447
8.522,341.210927,64.559439,1.500000,6.860693,340.931843
8.554,357.155452,69.792942,-1.500000,-9.711628,340.385934
8.585,357.414129,69.196598,-1.500000,-10.588599,339.848287
8.619,358.737085,64.359879,-1.500000,-12.570286,339.275477
8.652,338.653623,64.468398,1.500000,6.855153,338.703283
8.686,361.262692,65.370819,-1.500000,-16.423013,338.121460
8.718,322.874983,68.354427,1.500000,21.330214,337.569736
8.749,339.460477,64.983283,1.500000,4.113633,337.020966
8.780,337.122123,68.660316,1.500000,5.846615,336.494555
8.811,350.999525,64.795553,-1.500000,-8.662966,335.944834
8.845,351.396431,68.799906,-1.500000,-9.731007,335.361238
8.878,338.395478,67.519232,1.500000,2.590351,334.770286
8.911,351.014858,69.082494,-1.500000,-10.677447,334.206445
8.945,346.051471,63.458879,-1.500000,-6.415176,333.596778
8.976,325.301405,67.338692,1.500000,13.704976,333.049026
9.007,328.215842,71.876730,1.500000,10.173790,332.512723
9.041,348.952607,70.596848,-1.500000,-11.260085,331.906541
9.071,331.817809,61.911232,1.500000,5.257716,331.370021
9.105,345.342968,66.953274,-1.500000,-8.967547,330.761236
9.136,338.264904,70.125831,-1.500000,-2.527358,330.206562
9.170,339.864189,62.770392,-1.500000,-4.820762,329.602980
9.206,324.219571,63.969508,1.500000,10.079232,328.955480
9.237,318.170071,66.759205,1.500000,15.498093,328.407099
9.269,335.676639,68.514079,-1.500000,-2.665798,327.835514
9.301,326.306344,62.405259,1.500000,6.037408,327.255437
9.331,321.107670,67.955589,1.500000,10.611315,326.712161
9.361,340.370927,67.577488,-1.500000,-9.273300,326.171849
9.393,330.790593,67.279999,-1.500000,-0.354641,325.596480
9.426,307.567922,62.527901,1.500000,22.182325,325.000214
9.457,324.418663,64.015995,1.500000,4.680160,324.433759
9.493,324.926744,65.369982,1.500000,3.424997,323.784123
9.527,339.132837,70.070301,-1.500000,-11.492739,323.165303
9.560,319.025957,60.520841,1.500000,7.919890,322.561606
9.590,329.388725,62.201264,-1.500000,-3.066039,322.019727
9.619,334.328284,74.236827,-1.500000,-8.623939,321.482040
9.649,322.851131,64.572783,1.179848,2.217755,320.929466
9.689,326.211975,67.820685,-0.898168,-1.989681,320.193300
9.722,324.951898,70.829891,-1.500000,-1.412158,319.599774
9.755,303.700812,66.677174,1.500000,19.149163,318.999978
9.785,313.983843,63.428917,1.500000,8.227891,318.444986
9.814,325.837847,62.379427,-1.500000,-4.246626,317.905410
9.847,306.496845,71.597066,1.500000,14.399297,317.300992
9.875,323.049731,63.431785,-1.462087,-2.753581,316.779261
9.907,319.468965,66.848669,-1.500000,0.151812,316.191980
9.940,307.050794,68.328468,1.500000,11.867970,315.581533
9.972,309.788518,64.245491,1.500000,8.457016,314.996116
10.004,318.444753,64.279480,0.434378,-0.881844,314.402530
10.042,318.460468,72.087945,-1.500000,-1.691839,313.711851
10.075,320.898972,61.861108,-1.500000,-4.842053,313.092973
10.108,312.387850,66.675927,1.500000,2.977975,312.492022
10.143,312.221776,66.311957,1.500000,2.395421,311.841041
10.175,324.911522,69.536203,-1.500000,-10.970325,311.253214
10.205,320.151056,67.480082,-1.500000,-6.847472,310.698768
10.237,314.680688,65.327062,-1.500000,-2.057183,310.107396
10.267,296.966274,68.239055,1.500000,15.015408,309.549289
10.301,305.233207,70.338425,1.500000,6.021033,308.916731
10.333,320.851358,66.970045,-1.500000,-10.278843,308.323926
10.366,308.916038,68.804549,-0.701224,0.963254,307.721124
10.401,305.435808,64.335682,1.500000,3.685622,307.062113
10.434,302.362280,67.919971,1.500000,6.070010,306.462861
10.466,313.401188,68.127810,-1.500000,-5.654151,305.866989
10.499,316.024161,68.988612,-1.500000,-8.970164,305.264345
10.526,295.875904,66.059778,1.500000,10.585627,304.749157
10.557,298.910560,64.935543,1.500000,6.904282,304.186819
10.590,302.397133,76.889584,1.500000,2.714361,303.575213
10.622,307.399128,60.568929,-1.500000,-2.972830,302.979390
10.657,312.609718,66.559488,-1.500000,-8.912541,302.345372
10.693,302.567418,65.603785,-1.066970,0.358319,301.674554
10.727,296.826278,69.568795,1.500000,5.373867,301.043604
10.759,296.166445,68.039651,1.500000,5.350903,300.449867
10.794,295.391828,71.368268,1.500000,5.403261,299.821817
10.827,299.808487,68.949928,1.500000,0.282583,299.209626
10.857,308.772623,68.056104,-1.500000,-9.320657,298.653883
10.889,312.250384,66.359092,-1.500000,-13.463398,298.075640
10.919,305.660301,69.507099,-1.500000,-7.523434,297.510318
10.953,302.500824,73.192415,-1.500000,-5.071169,296.895352
10.984,285.395351,68.420518,1.500000,11.371897,296.319345
11.017,305.282860,66.953323,-1.500000,-9.195707,295.727959
11.054,292.030050,67.665029,1.500000,3.284926,295.056501
11.085,287.506001,66.146839,1.500000,7.143103,294.477482
11.117,308.272498,67.114484,-1.500000,-14.290599,293.897304
11.150,298.591479,67.719848,-1.500000,-5.302475,293.294785
11.192,289.469507,71.309938,1.500000,2.940794,292.530697
11.220,289.105576,68.861713,1.500000,2.731006,292.031811
11.249,301.770775,69.400876,-1.500000,-10.549061,291.497142
11.277,298.097560,64.249225,-1.500000,-7.455523,290.993075
11.307,291.383906,69.257377,-1.500000,-1.366367,290.450034
11.337,284.477219,64.852771,1.500000,4.934155,289.922934
11.367,285.323635,60.713108,1.500000,3.461557,289.378428
11.402,287.573663,67.932872,1.500000,0.490288,288.751261
11.433,299.428452,66.469188,-1.500000,-12.012533,288.187756
11.468,288.112890,64.392969,-1.500000,-1.416381,287.562181
11.501,277.917232,69.191601,1.500000,8.107573,286.978091
11.532,275.822523,69.638007,1.500000,9.560033,286.419614
11.566,283.977583,71.799216,1.500000,0.718539,285.822715
11.597,291.285658,65.626572,-1.500000,-7.233423,285.262813
11.627,292.304999,75.215183,-1.500000,-8.873605,284.722952
11.659,289.817787,66.423828,-1.500000,-7.026200,284.166597
11.694,282.670303,64.219084,-1.500000,-0.582371,283.554723
11.727,278.120695,61.708106,1.500000,3.293155,282.968566
11.760,278.098455,71.940674,1.500000,2.656949,282.396004
11.794,283.140975,65.067698,-1.500000,-3.090403,281.783106
11.826,270.767363,65.053241,1.500000,8.656082,281.237778
11.857,265.163289,67.751399,1.500000,13.632737,280.692196
11.889,275.605480,69.979104,1.500000,2.553187,280.137971
11.922,281.651336,68.867584,-1.500000,-4.152986,279.563783
11.957,290.003269,68.367246,-1.500000,-13.194252,278.964362
11.989,277.117521,70.399834,-1.500000,-0.945317,278.410612
12.209,270.266164,65.292294,0.417017,1.586446,274.654444
12.238,274.993252,66.241296,-1.500000,-3.699477,274.168500
12.267,270.032321,69.711534,-0.883315,0.703448,273.683277
12.299,262.618783,67.726422,1.500000,7.492658,273.140383
12.326,263.960115,70.790374,1.500000,5.650561,272.704935
12.357,269.960850,66.452231,0.350554,-0.951215,272.182291
12.389,263.132187,67.584553,1.500000,5.258261,271.643868
12.422,270.470888,65.934089,-1.500000,-2.690254,271.113594
12.452,270.109623,63.368606,-1.500000,-2.907996,270.610111
12.485,264.860460,67.375411,0.579600,1.720998,270.070832
12.519,268.977449,68.672027,-1.500000,-3.026651,269.522433
12.555,255.372654,64.957527,1.500000,9.901504,268.934051
12.589,257.182291,64.632994,1.500000,7.463573,268.387707
12.620,265.961402,67.952386,-0.798941,-1.902522,267.877287
12.655,265.217119,71.332022,-1.500000,-1.788642,267.329111
12.685,262.670352,75.744409,-1.348443,0.196008,266.840313
12.717,258.132882,69.795582,1.500000,4.146059,266.329514
12.749,261.385770,64.216998,1.500000,0.311410,265.823635
12.780,266.627675,66.308953,-1.500000,-5.490097,265.337024
12.813,253.541919,70.601044,1.500000,7.002515,264.821247
12.849,260.376694,65.103965,1.291180,-0.475015,264.262330
12.887,262.977812,69.025097,-1.500000,-3.754935,263.672067
12.917,253.525469,65.769289,1.500000,5.162373,263.206819
12.950,261.565120,66.690349,-1.500000,-3.463084,262.697422
12.982,252.886549,67.081173,1.500000,4.652034,262.207463
13.011,257.203093,69.544642,1.500000,-0.184262,261.755505
13.045,266.886794,63.762435,-1.500000,-10.460494,261.240261
13.078,259.398542,72.141891,-1.500000,-3.539384,260.747094
13.110,261.596616,66.644389,-1.500000,-6.289579,260.266989
13.145,256.458144,64.295026,-1.500000,-1.757731,259.739490
13.177,252.495872,66.141828,0.515486,1.667938,259.272878
13.210,251.313105,69.927582,1.500000,2.282338,258.778646
13.241,254.505681,71.720633,-0.115996,-1.436515,258.321015
13.273,252.971540,59.094622,-0.847352,-0.442500,257.851339
13.305,253.723502,66.116741,-1.500000,-1.718094,257.396007
13.336,242.920958,61.779658,1.500000,8.561959,256.941667
13.368,247.159976,66.832414,1.500000,3.788335,256.476792
13.405,253.296340,68.528720,-1.500000,-2.946400,255.956469
13.440,246.585724,75.161989,1.500000,3.188462,255.455814
13.472,245.631790,68.519056,1.500000,3.619073,255.000750
13.504,252.019355,69.539600,-1.500000,-3.279584,254.556323
13.538,247.144277,63.710121,-0.585437,1.059079,254.089875
13.567,238.560582,68.612539,1.500000,9.176618,253.684522
13.601,244.769799,68.368125,1.500000,2.426073,253.213801
13.633,250.458455,71.807448,-1.500000,-3.762896,252.778746
13.665,250.432645,72.849895,-1.500000,-4.231118,252.349154
13.702,251.163450,73.145883,-1.500000,-5.537738,251.848446
13.734,239.216718,68.770719,1.500000,5.910532,251.415000
13.765,243.712349,67.252042,1.500000,0.940566,251.002535
13.797,246.706548,66.692064,-1.500000,-2.534486,250.584401
13.827,237.430512,62.527415,1.500000,6.296796,250.197659
13.858,242.875050,70.581687,1.500000,0.377615,249.784927
13.888,241.792212,64.306737,1.500000,1.014674,249.397292
13.922,254.977872,69.799718,-1.500000,-12.663416,248.969092
13.957,254.786466,67.419297,-1.500000,-12.979617,248.527695
13.989,244.531680,64.401712,-1.500000,-3.189343,248.123772
14.023,240.553930,66.363449,-1.137879,0.299636,247.698753
14.058,240.418340,61.930913,-1.173068,-0.065555,247.263292
14.089,238.252377,65.387141,0.828846,1.660251,246.880546
14.119,233.142134,68.179943,1.500000,6.353417,246.517870
14.149,235.088537,69.563929,1.500000,3.981911,246.148216
14.182,233.833494,64.806369,1.500000,4.776023,245.747407
14.213,246.257293,70.957783,-1.500000,-8.068033,245.381965
14.245,240.292230,66.845332,-1.500000,-2.536091,245.005339
14.279,231.993587,75.258885,1.500000,5.304874,244.607358
14.313,243.700671,70.096991,-1.500000,-6.858302,244.210756
14.350,239.879491,63.804409,-1.500000,-3.522133,243.789007
14.380,232.565498,70.421749,1.500000,3.393188,243.442336
14.412,227.911791,58.795389,1.500000,7.636833,243.085760
14.446,231.290008,66.210117,1.500000,3.825443,242.709088
14.477,250.719564,66.342372,-1.500000,-15.999155,242.365573
14.508,243.599558,72.756110,-1.500000,-9.273799,242.022399
14.541,234.181622,65.256231,-1.500000,-0.266544,241.665286
14.572,234.937352,66.935594,-1.500000,-1.402495,241.334658
14.605,223.676124,65.188262,1.500000,9.456361,240.984770
14.640,221.354175,70.636145,1.500000,11.346797,240.609540
14.674,229.460274,65.900078,1.500000,2.836132,240.257744
14.707,232.897961,62.956311,0.309405,-0.985270,239.924079
14.745,234.336626,65.354517,-1.500000,-2.866911,239.538882
14.775,233.478432,70.788239,-1.500000,-2.358356,239.234849
14.805,219.551046,63.019679,1.500000,11.222158,238.933220
14.838,221.735028,65.368352,1.500000,8.664725,238.608481
14.865,225.455610,67.834713,1.500000,4.648424,238.351334
14.896,243.073913,66.898171,-1.500000,-13.318447,238.048231
14.926,235.669384,67.531481,-1.500000,-6.240750,237.764030
14.956,225.710301,59.900507,1.500000,3.392273,237.480499
14.988,222.924755,70.800235,1.500000,5.834450,237.181917
15.022,232.520675,68.486359,-1.500000,-4.113690,236.875640
15.057,229.402573,67.598479,-1.500000,-1.359685,236.559033
15.089,229.262751,66.632849,-1.500000,-1.546526,236.274978
15.121,225.693095,72.095943,0.542258,1.690094,235.985382
15.154,223.633931,70.364185,1.500000,3.425561,235.703907
15.185,229.706606,69.255332,-1.500000,-2.949727,235.440764
15.216,220.208765,68.770285,1.500000,6.244057,235.176367
15.249,226.992415,62.347891,0.829376,-0.857198,234.900188
15.281,218.470495,69.624727,1.500000,7.356440,234.632118
15.315,220.316037,64.442351,1.500000,5.198956,234.360863
15.349,229.278095,66.616132,-1.500000,-4.073234,234.091183
15.380,227.426208,66.096788,-1.500000,-2.502625,233.846593
15.413,226.336757,64.853486,-1.500000,-1.708211,233.590041
15.445,221.307101,58.862081,1.500000,3.044613,233.349316
15.485,225.651231,70.395672,-0.127042,-1.648716,233.045665
15.511,227.964333,68.090043,-1.500000,-4.177497,232.858119
15.545,222.245279,71.690355,-0.145773,1.259014,232.612429
15.577,220.625837,68.821920,1.500000,2.615083,232.383409
15.609,226.162605,70.673743,-1.500000,-3.181255,232.157696
15.641,209.221780,72.701499,1.500000,13.508936,231.939753
15.672,224.083988,65.243121,-0.062038,-1.594920,231.729625
15.705,217.888549,66.170461,1.500000,4.351896,231.513431
15.737,227.508656,66.251454,-1.500000,-5.509579,231.303545
15.770,215.869331,68.065008,1.500000,5.886831,231.092314
15.806,225.042824,70.043673,-1.500000,-3.544844,230.867808
15.837,219.286324,70.964813,0.540994,1.991297,230.676193
15.868,213.203566,68.998604,1.500000,7.860583,230.490564
15.900,232.345400,65.486096,-1.500000,-11.493842,230.305702
15.933,219.515216,67.832257,-0.516345,1.116258,230.114325
15.965,219.684834,72.458375,0.502208,0.743887,229.938018
16.002,213.720238,65.184349,1.500000,6.475127,229.735100
16.037,228.243859,67.384612,-1.500000,-8.262520,229.548990
16.069,226.317289,72.035595,-1.500000,-6.528371,229.381667
16.101,222.004400,66.978559,-1.500000,-2.404629,229.217192
16.134,220.939175,66.763108,-1.500000,-1.528416,229.052835
16.163,209.384350,66.594662,1.500000,9.866319,228.913626
16.194,215.978705,61.230081,1.500000,3.105085,228.768513
16.225,221.218334,67.415435,-1.275043,-2.296537,228.627650
16.257,204.895303,65.216447,1.500000,13.863139,228.485602
16.289,210.058358,66.314200,1.500000,8.538215,228.344846
16.323,216.976655,64.833665,1.500000,1.454411,228.200926
16.357,222.376411,62.982976,-1.500000,-4.102793,228.064016
16.389,219.487452,70.501781,-1.500000,-1.356779,227.939716
16.420,206.612121,70.241888,1.500000,11.380227,227.819434
16.454,212.462884,68.048764,1.500000,5.386757,227.695340
16.485,212.401234,71.148382,1.500000,5.321217,227.584740
16.517,216.917984,68.577602,1.500000,0.682173,227.478397
16.548,223.467653,66.123857,-1.500000,-5.986096,227.375267
16.585,218.859730,70.824774,-1.500000,-1.512922,227.258094
16.619,224.207891,65.321644,-1.500000,-6.979316,227.155282
16.653,216.514477,66.654855,-0.769914,0.604159,227.059684
16.686,215.219440,68.463919,1.488740,1.795625,226.969621
16.718,219.892107,61.389943,-1.500000,-2.972723,226.886421
16.749,220.876988,69.138579,-1.500000,-4.046750,226.808903
16.779,211.228686,63.982425,1.500000,5.519369,226.737439
16.808,219.831226,64.856009,-1.500000,-3.157016,226.673226
16.841,207.444688,59.649213,1.500000,9.150483,226.604497
16.872,215.795736,70.943446,1.500000,0.728328,226.542665
16.904,220.409530,60.992943,-1.500000,-3.953678,226.483350
16.940,220.385895,65.569169,-1.500000,-4.000687,226.421920
16.974,212.997639,67.534312,1.500000,3.326933,226.369193
17.007,208.380316,67.125690,1.500000,7.891239,226.323092
17.041,214.104507,64.002571,1.500000,2.115417,226.278195
17.073,215.467051,65.590623,1.500000,0.711212,226.241968
17.106,222.918598,69.353913,-1.500000,-6.779540,226.207877
17.136,220.487995,69.771050,-1.500000,-4.379635,226.181182
17.164,218.671762,68.541684,-1.500000,-2.588872,226.159035
17.196,213.811379,73.257773,1.215802,2.247510,226.138164
17.229,214.309358,66.032101,1.500000,1.729898,226.121092
17.261,220.975283,65.647253,-1.500000,-4.950453,226.108548
17.293,216.243813,59.426065,-1.500000,-0.228433,226.100330
17.328,218.564838,65.807305,-1.500000,-2.554338,226.096087
17.360,218.699417,66.270521,-1.500000,-2.688429,226.096511
17.392,214.265781,69.193926,0.615419,1.750641,226.101236
17.423,213.144974,66.628042,1.500000,2.881256,226.109765
17.457,215.647872,67.118123,1.500000,0.394119,226.123471
17.489,215.435152,68.307108,1.500000,0.626542,226.140604
17.522,215.895677,68.924073,1.500000,0.191224,226.162522
17.557,221.532795,68.608480,-1.500000,-5.413087,226.191050
17.589,221.509228,63.882772,-1.500000,-5.354333,226.221648
17.622,209.281438,69.481526,1.500000,6.913723,226.256662
17.653,221.284794,68.472249,-1.500000,-5.046251,226.294386
17.685,210.032811,72.052597,1.500000,6.254165,226.336501
17.716,211.862781,65.218921,1.500000,4.476355,226.381857
17.751,223.616512,66.313054,-1.500000,-7.211680,226.438985
17.790,216.254433,72.731227,-1.500000,0.228002,226.506465
17.817,220.298059,65.618861,-1.500000,-3.757570,226.556947
17.849,216.404631,60.491538,-1.247479,0.208933,226.620490
17.879,205.148135,62.759327,1.500000,11.538596,226.684114
17.908,208.004845,67.402326,1.500000,8.756964,226.749399
17.941,210.955644,64.451801,1.500000,5.896475,226.827929
17.972,211.765801,66.976580,1.500000,5.175860,226.905793
18.005,214.096572,67.273882,1.500000,2.943697,226.991538
18.041,220.166424,63.584863,-1.500000,-3.011437,227.091293
18.074,218.225199,67.387299,-1.500000,-0.959634,227.187448
18.105,221.194076,64.608910,-1.500000,-3.823029,227.279171
18.137,220.475112,70.625904,-1.500000,-2.987644,227.380407
18.166,214.991970,59.545994,1.500000,2.606463,227.476898
18.196,211.213991,66.855619,1.500000,6.502363,227.579438
18.229,214.856175,66.743535,1.500000,2.992048,227.694107
18.261,221.884364,68.509215,-1.500000,-3.904056,227.808963
18.293,220.346815,69.517388,-1.500000,-2.225359,227.931701
18.327,208.159560,68.663104,1.500000,10.114202,228.064141
18.361,218.951113,71.462398,1.234733,-0.521730,228.199464
18.393,212.461140,62.987390,1.500000,6.122883,228.333933
18.425,222.682679,64.092386,-1.500000,-3.939592,228.472249
18.457,221.724801,62.549144,-1.500000,-2.820276,228.612631
18.488,220.122442,70.018797,-1.500000,-1.054118,228.755065
18.522,215.291866,66.348767,1.500000,3.955640,228.910875
18.557,222.108617,72.597698,-1.355478,-2.665353,229.081099
18.589,213.224616,69.235019,1.500000,6.399143,229.238051
18.622,223.088229,67.376430,-1.500000,-3.271754,229.405630
18.653,215.828366,65.625461,1.500000,4.172264,229.565765
18.686,217.451811,65.705962,1.500000,2.748072,229.739028
18.718,226.309135,67.291889,-1.500000,-5.912749,229.909901
18.748,214.642112,63.940483,1.500000,5.951229,230.081165
18.780,221.028934,59.703391,1.500000,-0.230917,230.259146
18.813,225.820864,65.089573,-1.500000,-4.803315,230.450042
18.849,225.152746,65.616690,-1.500000,-3.888810,230.664292
18.885,221.163372,70.017295,-1.081246,0.346504,230.878153
18.917,220.452646,66.106914,0.525574,1.287543,231.078425
18.949,216.114732,65.349053,1.500000,5.856294,231.279153
18.979,219.956891,62.149051,1.500000,2.236738,231.472721
19.015,220.166504,67.372043,1.500000,2.298213,231.708449
19.046,231.541408,66.638831,-1.500000,-8.843085,231.911585
19.076,232.515072,70.615661,-1.500000,-9.578518,232.118742
19.108,229.393320,64.981202,-1.500000,-6.204885,232.337769
19.145,228.327720,64.931117,-1.500000,-4.844360,232.594226
19.179,224.538508,62.723098,-1.500000,-0.770900,232.841398
19.211,218.063663,69.842547,1.500000,5.973706,233.075973
19.245,218.791137,65.657518,1.500000,5.531208,233.323778
19.276,218.551080,71.321968,1.500000,6.040413,233.557819
19.307,221.912783,68.927414,1.500000,2.947765,233.791781
19.341,224.022349,67.679614,1.500000,1.140022,234.054236
19.375,229.918104,66.900557,-1.500000,-4.451538,234.318752
19.405,228.440650,60.828890,-1.500000,-2.692289,234.563793
19.441,230.944647,63.657352,-1.500000,-4.860253,234.855995
19.473,228.892404,67.856210,-1.500000,-2.509141,235.115880
19.505,226.213224,67.277928,-0.930430,0.471318,235.377863
19.537,223.616100,68.510265,1.500000,3.378658,235.647615
19.566,224.850636,67.208895,1.500000,2.434138,235.899804
19.597,224.989357,68.026248,1.500000,2.600005,236.164663
19.630,229.185567,61.802136,-0.029949,-1.266114,236.451698
19.661,234.000514,64.945319,-1.500000,-5.765870,236.725777
19.693,234.617019,66.827401,-1.500000,-6.045167,237.019002
19.726,218.089634,70.337397,1.500000,10.824185,237.316364
19.761,219.304945,73.050865,1.500000,9.983203,237.641868
19.797,229.968983,65.338103,1.135536,-0.301575,237.971659
19.830,232.630267,65.790662,-1.500000,-2.600200,238.287015
19.863,232.775209,64.254868,-1.500000,-2.382747,238.602141
19.897,231.113573,65.937098,-1.500000,-0.349421,238.925350
19.928,229.052542,68.018362,0.996550,2.066060,239.233567
19.960,226.007098,67.805771,1.500000,5.466143,239.541949
19.989,239.944062,61.741340,-1.500000,-8.132851,239.835836
20.023,230.608247,71.107997,0.062898,1.595632,240.177286
20.052,228.405431,67.049348,1.500000,4.140391,240.474628
20.085,229.101500,65.887197,1.500000,3.828785,240.808944
20.118,235.228245,68.955409,-0.793766,-1.898239,241.156527
20.153,229.100359,62.963306,1.500000,4.645210,241.517886
20.185,238.332717,65.091339,-1.500000,-4.195027,241.858861
20.218,237.519332,64.268810,-1.500000,-2.981750,242.206594
20.249,232.603789,69.551247,1.313371,2.328257,242.549605
20.279,234.713847,66.129533,1.500000,0.590426,242.873280
20.310,235.845566,65.258541,1.346266,-0.145981,243.217030
20.346,238.570403,66.749360,-1.500000,-2.417518,243.611205
20.380,238.559644,61.901146,-1.500000,-1.966781,243.993793
20.413,237.229061,63.973235,-1.500000,-0.215008,244.360046
20.445,234.017686,66.568878,1.500000,3.423698,244.731637
20.475,241.190550,71.584731,-1.500000,-3.360287,245.069794
20.505,230.702586,63.583269,1.500000,7.526316,245.416436
20.537,235.530016,72.995272,1.500000,3.134595,245.795314
20.568,240.095549,65.707411,0.272061,-1.016175,246.155978
20.600,240.072667,67.612104,-0.547827,-0.554864,246.537220
20.633,247.908128,63.050195,-1.500000,-7.933704,246.934282
20.667,243.958882,63.929049,-1.500000,-3.514423,247.343008
20.700,238.471677,63.387101,1.441293,2.434124,247.744174
20.737,244.198221,71.681237,-1.500000,-2.781389,248.188549
20.771,238.027877,59.772405,1.500000,3.866498,248.603805
20.805,246.489058,69.317414,-1.500000,-4.095793,249.037622
20.838,240.473782,62.844632,1.011801,2.380931,249.438881
20.868,242.427174,71.118658,1.500000,0.875404,249.828329
20.901,246.955423,67.002205,-1.500000,-3.177262,250.241879
20.931,247.791026,68.358004,-1.500000,-3.578281,250.619778
20.962,239.830325,65.362708,1.500000,4.844520,251.021604
20.994,240.764832,65.241424,1.500000,4.387615,251.436911
21.024,242.866467,66.976053,1.500000,2.737655,251.829672
21.056,255.080065,69.952325,-1.500000,-9.002989,252.240936
21.089,246.664044,70.411614,-1.500000,-0.089380,252.673622
21.123,244.483260,71.750976,1.500000,2.620061,253.133323
21.156,246.661894,70.129033,1.500000,0.952483,253.577719
21.189,248.544010,62.362705,0.980448,-0.429924,254.012249
21.221,257.663955,69.929359,-1.500000,-9.043484,254.452583
21.253,253.915201,67.306640,-1.500000,-4.803334,254.879885
21.284,247.114704,70.623521,1.500000,2.491607,255.309836
21.318,252.671030,69.889991,-1.187224,-2.526108,255.778193
21.353,253.124238,66.576782,-1.500000,-2.429920,256.255929
21.389,245.845717,72.701585,1.500000,5.419828,256.752648
21.422,247.853235,69.338346,1.500000,3.947382,257.217927
21.452,254.919174,69.901777,-1.500000,-2.626092,257.646158
21.485,253.713093,66.443551,-1.500000,-0.886848,258.109778
21.515,249.171307,66.172410,1.500000,4.141158,258.532578
21.549,257.400322,68.400407,-1.500000,-3.537163,259.011443
21.581,252.506560,71.122622,0.420112,1.891257,259.476362
21.612,248.842630,65.172735,1.500000,6.074479,259.927921
21.646,258.047284,69.639144,-1.472701,-2.568914,260.415973
21.678,259.182709,67.679339,-1.500000,-3.168407,260.882001
21.710,251.861588,69.576956,1.500000,4.695785,261.354237
21.745,258.204542,61.188977,0.581578,-1.062272,261.862844
21.776,256.278107,65.733169,1.500000,1.391038,262.320996
21.809,261.399419,70.924513,-1.500000,-3.167587,262.810289
21.841,252.101217,65.769471,1.500000,6.680381,263.288346
21.873,261.555994,74.786082,-0.831702,-2.231883,263.760097
21.905,261.228002,67.033053,-1.500000,-1.344188,264.246795
21.941,261.816010,65.833094,-1.500000,-1.306615,264.790778
21.975,251.769751,65.297598,1.500000,9.326876,265.301414
22.004,265.795744,70.828430,-1.500000,-4.178358,265.754248
22.036,261.483364,63.337242,-1.029291,0.691751,266.239231
22.067,260.967704,64.063011,1.140259,1.748016,266.709321
22.100,256.399277,69.624626,1.500000,6.908237,267.223924
22.133,263.579627,69.358090,1.500000,0.307369,267.727822
22.164,261.637967,59.914254,1.500000,2.802747,268.209317
22.196,277.904743,70.355527,-1.500000,-12.893879,268.705100
22.231,267.678489,64.746683,-1.500000,-2.044944,269.246561
22.267,263.447022,68.911254,1.500000,2.843635,269.817962
22.301,265.791998,74.076106,1.500000,1.119917,270.358187
22.337,272.474098,72.505698,-1.500000,-4.909589,270.925660
22.370,269.067445,63.297709,-1.500000,-0.916493,271.435610
22.404,265.325983,66.193789,1.500000,3.459195,271.987111
22.437,271.999738,67.855245,-1.306492,-2.624812,272.499935
22.466,265.888540,71.074156,1.500000,4.024350,272.967731
22.497,265.954531,70.286119,1.500000,4.540360,273.473818
22.529,280.207256,64.266561,-1.500000,-9.126065,273.983644
22.561,277.061699,68.564229,-1.500000,-5.387804,274.499040
22.597,273.205678,67.123341,-1.500000,-0.865867,275.078097
22.630,267.929561,66.514849,1.500000,5.022853,275.610795
22.661,273.054072,67.098484,1.500000,0.482599,276.118845
22.691,282.299750,60.562452,-1.500000,-8.193332,276.614277
22.723,272.175531,64.217758,1.193142,2.531006,277.136119
22.756,276.467975,70.419043,0.137263,-1.145113,277.672053
22.789,278.358262,68.076757,-1.500000,-2.416722,278.210035
22.822,278.302457,64.728342,-1.500000,-1.727394,278.760924
22.857,263.767140,63.820452,1.500000,13.458838,279.326938
22.889,278.414574,68.968454,1.163963,-0.580298,279.855892
22.922,276.154644,65.703546,1.500000,2.306354,280.400867
22.954,281.598631,69.419766,-1.500000,-2.520845,280.937205
22.985,287.577198,73.103278,-1.500000,-7.914777,281.445584
23.016,277.312956,66.316090,1.500000,2.953187,281.970559
23.049,273.063745,74.521415,1.500000,7.840703,282.525607
23.080,284.227988,63.775167,-1.500000,-2.722796,283.047993
23.114,281.338740,61.490782,-0.882310,0.813390,283.610548
23.152,287.613053,66.109533,-1.500000,-4.734321,284.242376
23.185,280.275586,71.672949,1.500000,3.248696,284.803724
23.217,290.326436,67.232204,-1.500000,-6.189354,285.336593
23.248,281.377415,71.681921,1.500000,3.376418,285.872898
23.280,280.916443,67.778205,1.500000,4.456636,286.411374
23.311,297.399870,66.158670,-1.500000,-11.438614,286.922831
23.345,292.144780,71.809034,-1.500000,-5.517188,287.502254
23.376,290.672345,65.394354,-1.500000,-3.433344,288.033914
23.410,278.261523,66.240130,1.500000,9.648215,288.617163
23.445,289.250780,64.621461,1.055019,-0.670459,289.200280
23.477,284.369270,77.438002,1.500000,4.844907,289.751458
23.509,285.133534,70.528700,1.500000,4.701046,290.290939
23.541,305.903389,67.957285,-1.500000,-15.430734,290.845787
23.571,288.775462,67.749947,0.896082,2.285163,291.357065
23.602,303.534698,68.176279,-1.500000,-11.870618,291.881808
23.632,307.463085,64.710610,-1.500000,-15.194815,292.407191
23.664,298.071714,63.196081,-1.500000,-5.177196,292.951755
23.696,293.642138,72.019508,-1.500000,-0.118536,293.498784
23.729,283.051927,68.805313,1.500000,11.113391,294.056798
23.763,288.620396,70.908186,1.500000,6.226964,294.649878
23.796,290.258689,68.867123,1.500000,5.240716,295.216874
23.829,295.510559,70.789986,1.500000,0.648237,295.790257
23.863,312.769652,62.737957,-1.500000,-15.953991,296.361445
23.897,305.066930,69.440179,-1.500000,-7.568040,296.955557
23.929,295.507762,68.048049,1.500000,2.629819,297.510940
23.958,310.830740,67.454584,-1.500000,-12.126356,298.003813
23.988,301.007354,65.988178,-1.500000,-1.704264,298.524426
24.021,292.826680,74.632246,1.500000,7.121324,299.085221
24.052,299.512606,67.656495,1.500000,1.058661,299.627189
24.088,312.317003,62.035126,-1.500000,-11.032578,300.247326
24.123,290.650249,65.405280,1.500000,11.318277,300.842197
24.156,303.209387,74.671748,1.162464,-0.581539,301.415520
24.188,306.087354,63.404039,-1.500000,-2.822202,301.969698
24.219,312.571806,67.325481,-1.500000,-8.687574,302.508027
24.249,311.120490,66.409753,-1.500000,-6.654308,303.014072
24.277,300.599008,69.997273,1.500000,4.438062,303.510496
24.311,303.485286,71.404127,1.500000,2.214877,304.087099
24.345,305.005835,66.024610,1.500000,1.365203,304.670468
24.378,323.004963,65.984163,-1.500000,-15.978030,305.240811
24.410,311.698351,73.018486,-1.500000,-4.029164,305.799293
24.444,309.982759,63.459138,-1.500000,-1.639407,306.385523
24.476,300.913834,64.920704,1.500000,8.061707,306.935253
24.506,301.888062,68.245670,1.500000,7.671261,307.442889
24.536,317.949030,68.426013,-1.500000,-7.787587,307.966472
24.569,316.934241,68.605763,-1.500000,-6.121484,308.532833
24.600,301.889727,63.053268,1.500000,9.527313,309.058296
24.633,304.940876,69.384425,1.500000,7.122363,309.620207
24.668,311.572580,66.047454,1.500000,1.190393,310.228673
24.704,315.754818,66.015733,-1.262109,-2.285833,310.842596
24.735,322.018262,65.884351,-1.500000,-7.935748,311.376099
24.769,316.601373,68.875240,-1.500000,-1.857677,311.951040
24.800,313.542236,70.962803,0.691282,1.813425,312.483183
24.833,301.566270,68.814512,1.500000,14.428644,313.039056
24.864,313.990311,65.486596,1.500000,2.617432,313.571950
24.897,323.536588,68.317324,-1.500000,-6.285168,314.131670
24.928,315.186609,69.732943,1.366892,2.674799,314.662094
24.962,317.196587,63.742858,1.500000,1.331801,315.242076
24.996,325.663548,71.452949,-1.500000,-6.472501,315.818302
25.028,323.585233,74.878437,-1.500000,-3.774634,316.357042
25.060,329.493273,72.044331,-1.500000,-9.066859,316.892534
25.092,315.454193,67.860527,1.500000,5.598302,317.436953
25.124,324.147327,71.409688,-1.120938,-2.471251,317.979197
25.157,319.573047,63.543631,1.500000,2.737944,318.531297
25.188,323.031338,72.813821,1.500000,-0.123906,319.049941
25.222,332.598237,67.529664,-1.500000,-9.039596,319.616209
25.256,329.939794,63.518865,-1.500000,-5.732571,320.180194
25.288,311.969905,67.537201,1.500000,12.863360,320.724578
25.321,320.757353,64.387020,1.500000,4.702325,321.269286
25.352,318.898445,66.934922,1.500000,7.155919,321.786403
25.383,337.412553,70.992155,-1.500000,-10.760093,322.306487
25.416,335.833938,68.084522,-1.500000,-8.557482,322.849092
25.448,317.175688,69.260704,1.500000,10.708749,323.377772
25.484,344.381520,66.446443,-1.500000,-15.812816,323.972786
25.517,324.833187,65.544828,1.500000,4.352530,324.509319
25.549,346.449439,61.510417,-1.500000,-16.648722,325.044102
25.580,339.674651,69.859133,-1.500000,-9.305180,325.538670
25.610,336.772175,66.375392,-1.500000,-5.839109,326.028753
25.640,334.882585,74.884904,-1.500000,-3.375783,326.527654
25.673,320.837040,67.187436,1.500000,11.274093,327.053159
25.705,311.848977,69.129908,1.500000,20.864527,327.576960
25.741,323.990838,70.368486,1.500000,9.392704,328.159602
25.775,337.993395,69.885462,-1.500000,-3.968423,328.717367
25.808,340.647521,65.180054,-1.500000,-6.023808,329.238011
25.841,327.537510,71.574841,1.500000,7.705707,329.776711
25.874,316.316002,64.214601,1.500000,19.527529,330.298722
25.904,334.384297,64.620875,1.500000,2.006518,330.774622
25.936,348.636048,63.418964,-1.500000,-11.657971,331.285284
25.968,326.210787,70.286415,1.500000,11.345419,331.788005
26.000,352.387521,71.077731,-1.500000,-14.247233,332.295902
26.032,339.510185,71.461856,-1.500000,-0.787965,332.801930
26.066,337.649745,61.427932,0.540140,1.688341,333.337466
26.101,330.143613,68.766936,1.500000,9.817896,333.879573
26.133,345.578100,68.180807,-1.500000,-5.046189,334.375575
26.165,351.578071,60.934386,-1.500000,-10.472333,334.874554
26.197,339.161706,60.696289,1.500000,2.524539,335.379343
26.226,339.753356,70.510056,1.500000,2.436012,335.816842
26.255,344.928900,64.647933,-1.178756,-2.216851,336.271347
26.288,329.893837,69.622181,1.500000,13.399526,336.776837
26.321,348.590272,66.329089,-1.500000,-4.712768,337.284786
26.356,348.679943,72.362362,-1.500000,-4.204395,337.804824
26.393,355.834557,74.314441,-1.500000,-10.716553,338.363482
26.427,328.497788,65.971216,1.500000,17.222261,338.886999
26.460,353.356356,64.950774,-1.500000,-7.065613,339.383254
26.493,330.539775,64.132060,1.500000,16.308219,339.867821
26.526,318.978752,67.367908,1.500000,28.436697,340.361260
26.557,330.766981,65.775427,1.500000,17.173408,340.817729
26.588,332.509660,62.858417,1.500000,15.968640,341.285478
26.618,339.227409,70.668568,1.500000,9.755178,341.723989
26.652,337.217555,64.805543,1.500000,12.339107,342.223185
26.685,350.433253,73.490891,1.100908,-0.330232,342.698279
26.719,361.661493,66.130568,-1.500000,-10.987464,343.194808
26.752,360.034436,65.754867,-1.500000,-8.807288,343.675782
26.784,379.549932,66.658478,-1.500000,-27.800124,344.130268
26.815,365.287972,70.755232,-1.500000,-13.035396,344.567457
26.849,351.827629,64.490010,-0.300852,0.992348,345.060849
26.881,359.186044,69.317085,-1.500000,-5.855646,345.504694
26.912,377.527041,70.738508,-1.500000,-23.686483,345.948311
26.949,369.264858,66.908966,-1.500000,-14.828718,346.466209
26.984,353.464441,62.251329,0.346051,1.527716,346.949702
27.016,357.054122,66.063832,-1.299225,-1.547546,347.397023
27.049,332.197936,67.707523,1.500000,23.826885,347.847670
27.078,352.591682,66.356470,1.500000,3.902766,348.256042
27.110,356.854919,64.691956,1.500000,0.144740,348.695356
27.144,346.737216,68.869534,1.500000,10.792678,349.156430
27.177,354.756509,70.528519,1.500000,3.279026,349.596118
27.214,366.532145,63.328493,-1.500000,-7.928576,350.090060
27.257,359.541216,67.835488,-1.500000,-0.274686,350.666547
27.294,368.886348,64.020371,-1.500000,-9.064653,351.149301
27.327,360.465613,65.718313,-1.500000,-0.145994,351.582277
27.358,347.544543,66.302488,1.500000,13.247053,351.992693
27.392,348.950407,66.757387,1.500000,12.345483,352.431208
27.425,351.395616,64.615728,1.500000,10.387818,352.855159
27.459,375.019276,70.421937,-1.500000,-12.737407,353.288582
27.491,359.130573,63.974032,1.500000,3.628298,353.703366
27.515,372.347544,64.180476,-1.500000,-9.244598,354.002562
27.540,348.106565,63.472191,1.500000,15.362643,354.321050
27.568,357.163689,67.606372,1.500000,6.701431,354.665322
27.595,370.430379,63.373004,-1.500000,-6.169088,355.009818
27.623,365.358365,70.497392,-1.500000,-0.694410,355.359961
27.657,359.422395,61.643986,1.500000,5.713395,355.770253
27.689,380.990336,64.863031,-1.500000,-15.402220,356.163579
27.722,367.936336,65.505418,-1.500000,-1.887428,356.564268
27.758,374.945174,64.700853,-1.500000,-8.403351,356.992890
27.798,346.180102,66.681458,1.500000,20.910658,357.470226
27.835,353.656960,70.863649,1.500000,13.939663,357.910107
27.864,359.068574,65.486768,1.500000,8.916072,358.247518
27.897,353.893547,65.936276,1.500000,14.534216,358.632838
27.928,351.395440,66.094868,1.500000,17.453712,358.999263
27.956,388.540246,70.087929,-1.500000,-19.324270,359.318240
27.989,387.200472,67.914808,-1.500000,-17.555198,359.691543
28.022,397.461574,66.726402,-1.500000,-27.381684,360.069470
28.063,351.901996,68.428179,1.500000,18.702140,360.525335
28.096,373.012057,67.569545,-0.544837,-1.994477,360.884851
28.125,382.398893,62.763621,-1.500000,-11.005515,361.211633
28.157,362.690139,69.754167,1.500000,9.103105,361.559343
28.184,379.776606,65.758833,-1.500000,-7.648948,361.850137
28.212,365.785569,64.331508,1.500000,6.688918,362.151728
28.243,389.442435,71.352179,-1.500000,-16.589714,362.480627
28.275,380.523760,69.530614,-1.500000,-7.284834,362.816458
28.306,358.605907,66.205539,1.500000,15.005271,363.140155
28.345,379.030763,74.458468,-1.500000,-4.950872,363.547731
28.380,373.967920,66.415743,-1.222289,0.532029,363.912999
28.412,382.975734,78.182386,-1.500000,-8.101437,364.238520
28.446,366.955598,80.813048,1.500000,8.306616,364.575838
28.478,342.108975,94.790770,1.500000,33.525975,364.899956
28.508,313.406900,102.404667,1.500000,62.564335,365.192378
28.543,301.799760,105.582147,1.500000,74.565826,365.535292
28.578,283.381058,108.891261,1.500000,93.367078,365.867945
28.604,253.620656,114.864113,1.500000,123.418564,366.121061
28.640,225.769973,115.315121,1.500000,151.656265,366.457599
28.664,229.742188,116.779818,1.500000,147.951016,366.689743
28.691,220.667428,122.898391,1.500000,157.312696,366.939238
28.725,212.636037,127.357871,1.500000,165.699335,367.248149
28.756,205.875510,112.823798,1.500000,172.784322,367.530288
28.790,186.579233,120.897250,1.500000,192.431987,367.835843
28.823,173.758602,116.921473,1.500000,205.598784,368.136857
28.856,166.505500,119.224608,1.500000,213.181937,368.423858
28.890,155.879246,129.379021,1.500000,224.144939,368.716682
28.923,147.956294,121.536492,1.500000,232.397053,369.002910
28.957,149.289261,118.883194,1.500000,231.391381,369.287515
28.991,139.716492,117.103865,1.500000,241.297673,369.577536
29.016,141.204485,110.221426,1.500000,240.044675,369.781879
29.043,134.226188,120.278304,1.500000,247.278242,370.003852
29.070,133.181489,119.471335,1.500000,248.570078,370.218754
29.108,142.089713,111.392859,1.500000,240.009628,370.521166
29.142,147.841469,115.187664,1.500000,234.567479,370.790390
29.177,153.841120,108.066722,1.500000,228.879164,371.061116
29.206,152.225827,96.479019,1.500000,230.748895,371.282367
29.236,157.547554,85.486449,1.500000,225.689201,371.510222
29.268,156.618570,69.421832,1.500000,226.893870,371.749948
29.302,177.848004,87.889086,1.500000,205.952333,372.000293
29.335,169.277191,68.289876,1.500000,214.798587,372.239807
29.368,183.224389,85.533403,1.500000,201.124444,372.477246
29.402,188.695374,63.996133,1.500000,195.923795,372.712321
29.438,185.942561,84.431118,1.500000,198.967401,372.965184
29.468,194.842021,64.263686,1.500000,190.303101,373.169671
29.495,203.317747,75.822838,1.500000,182.034234,373.349548
29.527,206.904700,88.631709,1.500000,178.690153,373.560742
29.562,219.748399,75.850445,1.500000,166.103818,373.784537
29.595,221.991435,91.294634,1.500000,164.107089,373.998716
29.636,229.393000,77.184331,1.500000,156.995021,374.250453
29.669,228.568193,81.819634,1.500000,158.053743,374.453858
29.702,233.696142,63.674799,1.500000,153.155297,374.653426
29.740,244.724460,85.213118,1.500000,142.379572,374.873071
29.766,253.537495,66.115447,1.500000,133.742601,375.026171
29.795,268.800939,67.797262,1.500000,118.670886,375.192892
29.824,276.883665,89.095680,1.500000,110.773426,375.353992
29.857,284.905906,66.335422,1.500000,102.958140,375.533953
29.889,297.758801,82.192130,1.500000,90.301138,375.704295
29.921,301.050395,69.690042,1.500000,87.206561,375.875614
29.952,303.641615,75.466586,1.500000,84.795220,376.032030
29.985,320.713579,88.493623,1.500000,67.914251,376.198113
30.023,328.267157,67.142027,1.500000,60.579858,376.388709
30.061,331.122768,85.891128,1.500000,57.934080,376.571173
30.092,334.645153,67.022066,1.500000,54.573436,376.711816
30.124,353.297505,72.010381,1.500000,36.092645,376.861000
30.156,360.961757,90.415136,1.500000,28.593139,377.004257
30.188,359.266353,60.465758,1.500000,30.446554,377.141658
30.223,378.115434,81.653141,1.500000,11.766932,377.289014
30.257,382.959550,63.111803,1.500000,7.081651,377.427132
30.289,393.164898,65.178643,-1.500000,-2.977338,377.554400
30.316,414.656683,63.403773,-1.500000,-24.345174,377.662181
30.348,411.610289,69.969583,-1.500000,-21.160954,377.782031
30.380,447.822488,59.388629,-1.500000,-57.238103,377.899465
30.410,448.454711,71.811545,-1.500000,-57.747826,378.005987
30.443,469.436080,69.027603,-1.500000,-78.595788,378.121994
30.483,499.566303,58.351496,-1.500000,-108.574362,378.253862
30.516,517.762977,72.544040,-1.500000,-126.648106,378.360757
30.548,537.111853,63.481517,-1.500000,-145.885217,378.457945
30.581,553.146886,65.226828,-1.500000,-161.807145,378.556296
30.614,582.699318,63.233151,-1.500000,-191.251686,378.650115
30.647,598.285030,65.281805,-1.500000,-206.731137,378.742515
30.681,610.240216,63.409948,-1.500000,-218.584905,378.830705
30.715,619.185254,61.395199,-1.500000,-227.431077,378.916676
30.739,591.183637,64.097489,-1.500000,-199.364143,378.973473
30.764,598.429197,66.109958,-1.500000,-206.541675,379.032628
30.793,576.401617,61.402759,-1.500000,-184.439863,379.097177
30.821,562.191469,69.382158,-1.500000,-170.160753,379.157144
30.851,526.984994,62.931460,-1.500000,-134.884039,379.218222
30.884,525.002804,68.782463,-1.500000,-132.829824,379.280852
30.914,511.625991,68.582591,-1.500000,-119.389116,379.336414
30.948,470.893382,69.990752,-1.500000,-78.590488,379.393821
30.979,418.148332,65.849080,-1.500000,-25.788573,379.443268
31.012,378.251102,65.288966,1.500000,14.165184,379.492423
31.050,371.203168,65.986291,1.500000,21.271388,379.543092
31.084,362.852470,70.962502,1.500000,29.671122,379.585732
31.116,353.716303,65.669403,1.500000,38.847497,379.620696
31.149,356.274636,70.018190,1.500000,36.327347,379.653898
31.180,368.235123,69.625570,1.500000,24.399139,379.681967
31.211,359.239222,66.197226,1.500000,33.422403,379.705761
31.244,365.340973,61.522365,1.500000,27.346451,379.728195
31.276,398.358055,64.786053,-1.500000,-5.649733,379.746367
31.308,363.629722,67.729031,1.500000,29.095108,379.760722
31.341,363.529733,67.761094,1.500000,29.208015,379.771954
31.375,375.034575,68.627111,1.500000,17.712157,379.779768
31.408,395.639225,64.296469,-1.500000,-2.888401,379.783325
31.440,412.394165,66.147025,-1.500000,-19.643340,379.783326
31.472,382.392965,66.543729,1.500000,10.353696,379.779705
31.504,390.911217,67.848278,1.500000,1.827513,379.772810
31.537,398.638823,67.938864,-1.500000,-5.912538,379.761986
31.568,408.193327,65.556637,-1.500000,-15.482672,379.748396
31.599,367.211038,71.880365,1.500000,25.479819,379.731180
31.632,413.045804,62.373993,-1.500000,-20.379865,379.709512
31.667,377.935188,64.178562,1.500000,14.700312,379.683044
31.705,404.696797,68.980587,-1.500000,-12.100960,379.648554
31.740,395.999654,60.073388,-1.500000,-3.444626,379.613068
31.774,381.343290,64.884577,1.500000,11.168108,379.575129
31.806,381.026984,71.245167,1.500000,11.438314,379.535042
31.840,387.855438,74.412567,1.500000,4.556651,379.488773
31.872,390.910822,72.456058,1.500000,1.447317,379.441860
31.904,396.676796,68.586966,-1.500000,-4.376311,379.391726
31.936,417.654357,70.379911,-1.500000,-25.415665,379.337994
31.968,421.341848,65.660684,-1.500000,-29.168955,379.280777
32.001,386.423862,65.788728,1.500000,5.676695,379.217876
32.036,406.613912,72.026922,-1.500000,-14.592916,379.148692
32.069,385.720916,70.429688,1.500000,6.219876,379.078949
32.100,387.918437,62.700480,1.500000,3.942480,379.009493
32.133,405.663463,67.440655,-1.500000,-13.890510,378.933003
32.162,403.039175,64.900096,-1.500000,-11.347039,378.862728
32.193,378.812200,64.394439,1.500000,12.790236,378.784727
32.224,400.842106,61.800702,-1.500000,-9.334253,378.702481
32.257,381.418283,68.905187,1.500000,9.987134,378.613406
32.293,387.368783,67.176678,1.500000,3.917528,378.509836
32.326,380.679785,66.722606,1.500000,10.493748,378.411768
32.355,404.592645,66.003339,-1.500000,-13.521891,378.322394
32.388,405.264983,61.283514,-1.500000,-14.312280,378.219742
32.418,401.428588,68.074479,-1.500000,-10.588223,378.122057
32.452,398.108182,68.375956,-1.500000,-7.400419,378.006750
32.485,404.930316,66.317252,-1.500000,-14.352022,377.894169
32.516,376.214521,72.178554,1.500000,14.236280,377.783305
32.548,378.132839,67.018305,1.500000,12.180604,377.663863
32.581,394.836634,66.334734,-1.500000,-4.663776,377.541616
32.613,372.478945,67.856860,1.500000,17.551930,377.418152
32.649,381.580090,65.400421,1.500000,8.282677,377.271972
32.680,403.062355,67.592386,-1.500000,-13.345481,377.145107
32.711,397.370545,64.587608,-1.500000,-7.800609,377.017335
32.744,375.166145,66.216751,1.500000,14.241469,376.876187
32.774,375.043265,65.371475,1.500000,14.211165,376.742982
32.805,374.722832,68.099635,1.500000,14.371894,376.604110
32.839,384.070275,61.230903,1.500000,4.846588,376.449447
32.872,388.786291,68.203315,1.444944,-0.045513,376.296328
32.905,407.507402,67.323154,-1.500000,-18.950071,376.136810
32.940,385.763548,65.235363,1.285629,2.602000,375.970042
32.973,414.479510,64.558645,-1.500000,-26.306177,375.802899
33.004,435.139203,66.154050,-1.500000,-47.142490,375.649315
33.036,406.568501,66.526727,-1.500000,-18.766319,375.480158
33.066,409.615000,69.162805,-1.500000,-21.990337,375.325794
33.096,397.866477,69.140205,-1.500000,-10.425300,375.166241
33.128,407.717377,68.213836,-1.500000,-20.480962,374.988187
33.160,355.924663,68.409835,1.500000,31.111142,374.813743
33.193,400.553630,71.505425,-1.500000,-13.729940,374.629296
33.226,382.948717,68.249920,1.500000,3.656780,374.439563
33.260,393.542701,66.680420,-1.500000,-7.167383,374.239407
33.297,380.350323,64.143944,1.500000,5.774181,374.021308
33.328,370.755367,63.608794,1.500000,15.153013,373.833373
33.360,384.653105,65.676020,1.500000,1.031005,373.638357
33.392,418.696310,61.075817,-1.500000,-33.237693,373.442276
33.423,394.127145,67.396868,-1.500000,-8.891708,373.248206
33.456,376.605300,62.132822,1.500000,8.385934,373.035856
33.488,391.408314,71.498947,-1.500000,-6.658289,372.826109
33.521,378.185258,70.103290,1.500000,6.321586,372.614647
33.556,382.899137,66.262700,1.500000,1.334573,372.377140
33.589,383.634424,70.407221,1.500000,0.347763,372.158423
33.622,389.440621,64.428673,-1.500000,-5.719483,371.931424
33.651,387.865838,69.598440,-1.500000,-4.379893,371.726909
33.684,381.184856,71.245045,0.966623,2.041293,371.500999
33.716,383.977017,68.078187,0.045258,-1.010970,371.274824
33.748,380.867522,69.810518,1.500000,1.831477,371.042608
33.781,402.950019,66.168471,-1.500000,-20.522962,370.806137
33.814,390.399852,68.019192,-1.500000,-8.254428,370.561238
33.848,407.641193,65.510201,-1.500000,-25.785760,370.309073
33.879,366.797320,66.169786,1.500000,14.791007,370.076806
33.912,378.620865,73.261718,1.500000,2.676012,369.823371
33.945,369.694460,72.055965,1.500000,11.311206,369.570144
33.975,383.327135,62.893886,-1.500000,-2.592268,369.334667
34.010,398.326880,68.083754,-1.500000,-17.904907,369.062585
34.044,393.456557,67.185539,-1.500000,-13.340946,368.796183
34.075,380.370717,70.766567,-1.500000,-0.546918,368.542434
34.105,367.007114,72.154077,1.500000,12.542400,368.303925
34.140,361.612442,68.229097,1.500000,17.607218,368.017096
34.171,369.180239,70.030295,1.500000,9.743859,367.760085
34.204,371.271203,65.923775,1.500000,7.332460,367.481446
34.240,372.611561,64.163387,1.500000,5.649539,367.183565
34.276,380.323522,69.548685,-1.415067,-2.412419,366.879220
34.306,399.868151,69.530162,-1.500000,-22.255136,366.620013
34.339,378.006765,66.537185,-1.500000,-0.722794,366.333888
34.370,375.501654,69.276794,0.273233,1.467453,366.060093
34.399,372.859894,65.175555,1.500000,3.815963,365.805093
34.432,365.670128,73.542143,1.500000,10.670747,365.513805
34.464,380.338889,71.328216,-1.500000,-4.321347,365.232645
34.495,362.328326,67.423287,1.500000,13.361116,364.947341
34.529,375.412157,65.980990,1.500000,-0.071262,364.644256
34.564,399.525723,66.428125,-1.500000,-24.558047,364.319718
34.601,378.280828,63.867497,-1.500000,-3.699358,363.983888
34.632,398.956019,66.976703,-1.500000,-24.708378,363.693601
34.663,374.980754,69.032900,-1.500000,-1.073921,363.397245
34.696,375.933090,63.646647,-1.500000,-2.378976,363.090534
34.727,380.095155,72.040007,-1.500000,-6.876244,362.799053
34.757,349.579412,70.322234,1.500000,23.302131,362.505690
34.793,359.417075,68.229549,1.500000,13.071362,362.163858
34.824,339.649539,70.254741,1.500000,32.491035,361.861368
34.856,358.348790,68.158285,1.500000,13.431527,361.548101
34.888,380.904462,69.630956,-1.500000,-9.484384,361.234850
34.922,366.823687,59.475443,1.500000,4.206928,360.896187
34.957,353.495063,69.296905,1.500000,17.137616,360.550156
34.988,361.343519,64.870594,1.500000,8.929432,360.237349
35.021,380.935118,57.982377,-1.500000,-11.046426,359.903210
35.052,368.156345,74.142918,-0.209965,1.369814,359.587964
35.085,366.981957,69.966302,1.500000,2.160275,359.254115
35.116,381.916606,64.868099,-1.500000,-13.140881,358.935413
35.148,378.708310,69.829028,-1.500000,-10.319492,358.598972
35.181,376.378872,72.277991,-1.500000,-8.379547,358.260283
35.213,356.451935,69.517424,1.500000,11.153029,357.917360
35.249,364.992070,70.273133,1.500000,2.179306,357.540327
35.280,364.634804,66.900839,1.500000,2.160025,357.212895
35.312,376.089028,66.445367,-1.500000,-9.681958,356.875713
35.344,362.247391,69.257806,1.500000,3.760779,356.528843
35.374,378.588358,63.463127,-1.500000,-12.939820,356.216120
35.405,383.866774,67.240019,-1.500000,-18.612839,355.872987
35.440,363.896641,68.776130,-0.378776,0.927859,355.499566
35.472,389.213891,65.971733,-1.500000,-24.788821,355.152235
35.505,377.925610,68.720116,-1.500000,-13.921644,354.786058
35.541,363.436784,68.423372,-1.357601,0.117797,354.395288
35.573,357.945872,66.750955,1.500000,5.190364,354.031510
35.604,358.474436,66.535881,1.500000,4.273505,353.693862
35.635,366.696593,64.912595,-1.500000,-4.352684,353.342529
35.664,356.651026,65.934514,1.500000,5.330099,353.027065
35.695,347.036580,69.133668,1.500000,14.533873,352.669959
35.725,334.995742,65.622700,1.500000,26.183563,352.329831
35.758,361.607504,63.496147,0.470985,-0.851548,351.961701
35.792,356.164418,66.536556,1.500000,4.144371,351.572860
35.826,385.946377,63.371758,-1.500000,-26.085288,351.183556
35.861,379.848306,69.493385,-1.500000,-20.443285,350.786975
35.894,371.659277,68.815561,-1.500000,-12.692259,350.406103
35.923,367.126420,72.046627,-1.500000,-8.549274,350.067083
35.957,348.414731,69.313615,1.500000,9.711107,349.674642
35.988,353.071022,71.499992,1.500000,4.635589,349.310096
36.019,376.770981,67.905272,-1.500000,-19.473864,348.954015
36.052,355.972610,73.543151,-0.807310,0.875459,348.563538
36.084,362.556639,67.907912,-1.500000,-6.147599,348.181774
36.119,336.512936,64.752033,1.500000,19.431229,347.777535
36.152,347.466046,70.161445,1.500000,8.019033,347.378329
36.184,357.813007,66.794248,-1.500000,-2.765756,346.997610
36.217,350.432996,61.372934,1.500000,4.159142,346.601859
36.248,359.043724,69.093716,-1.500000,-4.873995,346.234547
36.278,331.720153,64.870791,1.500000,22.039702,345.878135
36.309,354.454544,69.376265,0.498425,-1.131088,345.498657
36.344,372.775614,72.287042,-1.500000,-19.926230,345.086421
36.376,340.006160,73.918415,1.500000,12.398659,344.699843
36.410,359.540191,63.833768,-1.500000,-7.617489,344.280610
36.444,344.908595,63.751477,1.500000,6.539437,343.867854
36.476,346.450751,69.685813,1.500000,4.549790,343.478731
36.509,345.259026,64.757032,1.500000,5.283486,343.080445
36.542,345.664124,64.916852,1.500000,4.413166,342.675904
36.572,368.099468,66.765608,-1.500000,-18.452658,342.301574
36.603,369.156012,68.250950,-1.500000,-19.950156,341.918136
36.636,380.382051,63.197624,-1.500000,-31.635897,341.518395
36.669,359.712364,64.930610,-1.500000,-11.435690,341.110151
36.704,359.242023,72.020592,-1.500000,-11.461806,340.678449
36.741,338.165071,64.592449,1.500000,9.083163,340.215855
36.775,349.155692,63.561276,-1.025804,-2.392519,339.794063
36.808,336.516897,68.006813,1.500000,9.774343,339.383687
36.840,347.044684,64.539787,0.334409,-1.219051,338.978812
36.872,347.878874,67.946526,-1.500000,-2.503823,338.587001
36.900,343.214616,59.440562,0.388371,1.747556,338.227975
36.931,333.423720,70.561034,1.500000,11.088127,337.836389
36.964,337.491458,69.480679,1.500000,6.550221,337.427547
36.995,341.441021,66.418192,1.500000,2.149294,337.035057
37.028,349.210173,69.254391,-1.500000,-6.098590,336.618768
37.062,366.082760,70.907978,-1.500000,-23.459538,336.194106
37.095,356.135269,65.414480,-1.500000,-13.998075,335.771473
37.128,347.990095,69.830189,-1.500000,-6.329024,335.357453
37.160,330.008313,62.229756,1.500000,11.185961,334.951542
37.193,334.490138,71.937434,1.500000,6.229743,334.539027
37.224,351.752473,60.663473,-1.500000,-11.493916,334.137876
37.259,344.454924,75.090167,-1.500000,-4.701443,333.698680
37.291,334.483920,64.475494,1.500000,4.793874,333.285038
37.325,330.073429,63.524306,1.500000,8.714346,332.858935
37.359,337.037395,70.202394,1.500000,1.252286,332.425810
37.392,347.453468,66.345133,-1.500000,-9.649996,332.003019
37.421,341.786325,63.129836,-1.500000,-4.413746,331.628329
37.453,342.165231,69.162424,-1.500000,-5.248999,331.231506
37.484,342.818455,62.463985,-1.500000,-6.362180,330.831543
37.518,338.030842,65.317537,-1.500000,-2.080221,330.391844
37.551,306.935033,63.984347,1.500000,28.530588,329.970105
37.584,327.086238,71.679260,1.500000,7.898149,329.551641
37.616,319.285485,67.443256,1.500000,15.227025,329.141313
37.648,313.498486,69.890858,1.500000,20.549324,328.737226
37.677,332.552238,65.243317,1.500000,1.057866,328.356612
37.710,333.440997,69.779695,1.117442,-0.316549,327.934303
37.744,342.511931,65.707341,-1.500000,-9.882797,327.503594
37.778,331.070662,65.140522,-0.541784,1.056662,327.067238
37.811,323.959184,63.543093,1.500000,7.674521,326.638004
37.846,329.225028,66.025797,1.500000,1.903588,326.198796
37.876,343.535816,68.681136,-1.500000,-12.852802,325.811317
37.907,343.434172,67.009937,-1.500000,-13.208151,325.413931
37.939,336.847193,71.709814,-1.500000,-7.095584,325.001399
37.971,332.250920,69.824783,-1.500000,-2.973418,324.589133
38.004,321.515555,64.699581,1.500000,7.283109,324.172751
38.040,318.362345,61.392220,1.500000,9.908019,323.713360
38.075,330.227031,64.751752,-1.480817,-2.466833,323.269737
38.107,323.670948,67.822453,1.500000,3.613415,322.855969
38.141,325.787780,68.419888,1.500000,1.002034,322.425925
38.174,338.100285,71.725776,-1.500000,-11.801417,321.999016
38.204,333.220631,70.994965,-1.500000,-7.356705,321.620805
38.236,329.084670,70.988956,-1.500000,-3.689458,321.213228
38.267,308.856722,68.477999,1.500000,16.074972,320.810169
38.300,324.637803,57.075717,1.500000,-0.186969,320.392029
38.332,324.360308,66.060307,1.041425,-0.379460,319.983346
38.366,342.324979,62.522212,-1.500000,-18.834328,319.557087
38.400,330.076379,72.309247,-1.500000,-7.086106,319.121977
38.436,320.282341,65.542508,1.138197,2.183285,318.665761
38.468,333.716702,71.329194,-1.500000,-11.713479,318.263672
38.502,311.742266,65.107619,1.500000,9.769135,317.836001
38.532,317.662463,62.850330,1.500000,3.407957,317.452539
38.562,328.180470,66.771745,-1.500000,-7.547283,317.072336
38.596,328.337295,71.590737,-1.500000,-8.188096,316.651477
38.627,331.281649,62.758769,-1.500000,-11.587110,316.256121
38.661,312.824195,75.645033,1.500000,6.379441,315.829248
38.697,310.510207,67.221718,1.500000,8.170736,315.374733
38.728,314.099819,60.944125,1.500000,4.139827,314.990997
38.760,320.130929,64.221825,-1.347705,-2.356671,314.586311
38.793,324.119857,68.606880,-1.500000,-6.809767,314.182687
38.823,317.863551,64.004138,-1.500000,-0.995656,313.798169
38.856,303.863035,63.582583,1.500000,12.535829,313.390316
38.888,312.330727,67.861380,1.500000,3.614497,312.995847
38.920,322.249266,60.071916,-1.500000,-6.766540,312.593675
38.955,312.239589,66.019151,1.453884,2.746792,312.162071
38.988,311.788646,67.663499,1.500000,2.738435,311.762679
39.021,315.628307,63.779904,-0.398540,-1.575801,311.350005
39.115,322.759487,70.764313,-1.500000,-10.026634,310.202481
39.146,309.601642,68.324452,1.500000,2.696479,309.824453
39.173,326.058946,64.583932,-1.500000,-14.148144,309.487654
39.204,315.799248,67.451860,-1.500000,-4.310939,309.120269
39.232,311.264186,68.352209,-1.500000,-0.169029,308.778397
39.260,293.556788,68.797725,1.500000,17.139945,308.431942
39.292,295.020797,66.231482,1.500000,15.235298,308.048777
39.322,298.802587,64.539179,1.500000,11.039023,307.688356
39.356,304.832686,69.861196,1.500000,4.539592,307.280242
39.388,313.305925,66.266524,-1.500000,-4.374975,306.896479
39.420,307.848041,69.780698,-1.091917,0.639923,306.511273
39.457,316.413551,69.466005,-1.500000,-8.432439,306.070532
39.488,304.578501,69.275995,1.500000,2.977625,305.700979
39.521,300.441466,63.054633,1.500000,6.670402,305.314668
39.553,316.531696,70.205609,-1.500000,-9.857178,304.934363
39.584,319.382116,68.967207,-1.500000,-13.127526,304.569209
39.615,305.423580,70.027283,-1.005457,0.409226,304.202440
39.649,289.607457,74.535897,1.500000,15.774793,303.810653
39.683,304.209575,76.054393,1.500000,0.713834,303.411659
39.715,309.638957,66.557529,-1.500000,-5.148242,303.035404
39.748,298.405496,66.926481,1.500000,5.654317,302.660707
39.778,307.673032,64.783925,-1.500000,-4.017588,302.309081
39.808,303.988161,63.410563,-1.500000,-0.720956,301.971483
39.840,297.972508,60.982662,1.500000,4.868231,301.600643
39.872,294.434258,67.676245,1.500000,7.989112,301.237713
39.906,303.719702,70.372536,-0.611567,-1.747453,300.845434
39.940,294.187077,66.243532,1.500000,7.339151,300.457589
39.974,302.220527,63.209454,0.392151,-1.129530,300.079127
40.005,309.364986,68.619795,-1.500000,-8.677977,299.727833
40.039,301.533464,68.813087,-1.500000,-1.288002,299.343880
40.071,292.090302,73.948763,1.500000,7.750330,298.991854
40.102,308.012275,68.122829,-1.500000,-8.568966,298.646356
40.132,298.726983,67.911922,-1.469756,0.327228,298.308010
40.164,287.665866,67.934486,1.500000,10.983218,297.955725
40.196,297.538511,69.900395,1.500000,0.709016,297.606546
40.231,296.363954,71.574110,1.500000,1.447668,297.227498
40.264,297.444265,64.298254,1.438292,-0.051018,296.863693
40.296,307.124854,66.662837,-1.500000,-10.124421,296.522115
40.328,307.568759,72.067504,-1.500000,-10.967890,296.174669
40.360,305.328524,66.703723,-1.500000,-9.122024,295.831740
40.393,294.037084,68.349166,0.634352,1.766309,295.481212
40.425,291.351027,64.817334,1.500000,4.058139,295.138405
40.458,300.725846,65.875234,-1.500000,-5.719276,294.788322
40.493,295.697173,71.258782,-1.500000,-1.112726,294.421258
40.524,285.917809,69.205724,1.500000,8.290526,294.094204
40.557,291.853625,63.329621,1.500000,1.963439,293.753969
40.588,293.465081,67.490547,1.475159,-0.020508,293.430064
40.622,297.983158,66.048056,-1.500000,-4.939548,293.081400
40.652,296.699037,69.569982,-1.500000,-4.014010,292.769588
40.685,289.711356,73.005505,1.500000,2.591017,292.436847
40.718,302.439425,64.722044,-1.500000,-10.531529,292.093822
40.753,291.112243,69.144037,-1.388447,0.394518,291.745009
40.784,288.469806,70.401189,1.500000,2.676697,291.431741
40.815,293.599868,70.422964,-1.500000,-2.809014,291.122481
40.848,284.926559,64.152945,1.500000,5.493434,290.799995
40.881,290.428136,66.672652,1.402208,-0.383130,290.473918
40.914,285.955111,63.581196,1.500000,3.717729,290.150296
40.949,298.616210,64.369959,-1.500000,-9.339330,289.805982
40.984,294.430078,65.805774,-1.500000,-5.550849,289.460200
41.016,290.790030,68.640183,-1.500000,-2.259960,289.156583
41.049,288.330647,67.551331,-1.500000,-0.162352,288.841996
41.082,286.734062,68.708735,-0.199184,1.076487,288.530913
41.110,279.839255,62.854648,1.500000,7.664435,288.264079
41.143,280.491697,66.856641,1.500000,6.649145,287.948558
41.175,288.124431,66.166172,-0.098183,-1.322584,287.653780
41.208,278.261598,65.632714,1.500000,8.181499,287.341824
41.244,288.202401,67.629906,-0.885593,-2.135250,287.014914
41.277,283.783935,62.020955,1.166961,1.938963,286.715563
41.308,292.426338,68.213472,-1.500000,-7.034532,286.427657
41.341,279.778684,68.662778,1.500000,5.279204,286.137294
41.371,286.390677,70.534964,-0.120691,-1.643460,285.867145
41.405,284.879779,68.744224,-0.904032,-0.485048,285.560636
41.435,281.141306,68.934643,1.500000,2.944755,285.292227
41.467,283.285458,68.808884,1.500000,0.477579,285.011337
41.500,284.243791,67.193968,0.526021,-0.806001,284.728513
41.537,295.383818,71.284874,-1.500000,-12.311718,284.410521
41.570,284.451715,73.761310,-1.500000,-1.704428,284.128076
41.604,288.257219,74.738130,-1.500000,-5.847160,283.834834
41.636,270.810993,59.630281,1.500000,11.291317,283.567226
41.668,292.254539,68.458906,-1.500000,-10.459456,283.300072
41.700,274.045500,69.591743,1.500000,7.444562,283.034836
41.732,285.150417,69.572682,-1.500000,-3.963647,282.771104
41.759,269.821865,69.217505,1.500000,11.110609,282.549977
41.792,272.482363,65.951737,1.500000,8.140711,282.280934
41.824,291.786952,72.729703,-1.500000,-11.462867,282.020943
41.857,282.021769,65.610409,-1.500000,-1.996879,281.760774
41.893,284.178513,59.257581,-1.500000,-4.482529,281.474768
41.926,277.070805,68.149862,1.314469,2.329165,281.217365
41.958,276.225590,68.653105,1.500000,2.884127,280.964972
41.992,277.285409,68.195203,1.500000,1.526455,280.705968
42.023,291.073045,68.832921,-1.500000,-12.535316,280.467590
42.057,288.259967,74.479509,-1.500000,-10.016361,280.211831
42.088,284.158653,64.963406,-1.500000,-6.178616,279.982641
42.121,281.047046,58.620682,-1.500000,-3.348314,279.738028
42.156,269.876260,61.205975,1.500000,7.526482,279.480645
42.188,280.920786,66.522241,-1.500000,-3.787160,279.246631
42.221,259.019882,61.762492,1.500000,17.842704,279.010944
42.253,269.002378,66.853006,1.500000,7.596069,278.781259
42.285,265.283065,70.158503,1.500000,11.058030,278.557474
42.317,270.021236,63.928513,1.500000,6.058134,278.329886
42.348,267.969037,67.487898,1.500000,7.865558,278.117040
42.382,278.215644,71.750364,-1.500000,-2.645609,277.886987
42.414,276.497532,67.195340,-1.500000,-1.174991,277.671775
42.448,273.508205,69.055107,0.374324,1.551114,277.442886
42.482,273.570145,64.558120,1.500000,1.230372,277.217841
42.512,281.054521,64.572276,-1.500000,-6.484294,277.017589
42.545,269.085217,67.714982,1.500000,5.239385,276.804002
42.574,277.552569,74.172864,-1.500000,-3.439152,276.620362
42.607,273.213136,68.237564,-1.063245,0.663651,276.414597
42.640,266.543589,70.682314,1.500000,7.093434,276.206107
42.672,273.175262,70.604979,1.500000,0.234272,276.008290
42.707,279.289552,75.109309,-1.500000,-6.126578,275.793891
42.740,271.821317,64.387543,-0.523802,1.110086,275.592524
42.773,271.907124,67.917411,0.565234,0.802970,275.400082
42.804,273.199646,65.601164,-0.146440,-0.698641,275.218265
42.835,273.127884,68.156478,-1.243654,-0.836288,275.036171
42.866,271.244156,66.961224,-0.355846,0.845231,274.860337
42.896,264.847656,67.117355,1.500000,7.044135,274.688514
42.928,276.177866,62.537716,-1.500000,-4.493458,274.508181
42.960,270.511275,62.134015,-0.691498,0.971304,274.332677
42.995,267.586512,62.288814,1.500000,3.673199,274.138879
43.029,262.546595,66.910395,1.500000,8.507306,273.959914
43.060,271.530574,66.359345,0.695425,-0.665805,273.795451
43.091,274.024606,64.586911,-1.500000,-3.348904,273.631045
43.124,263.355991,65.321181,1.500000,7.128776,273.465015
43.156,280.341875,71.431718,-1.500000,-10.043261,273.303142
43.188,279.786191,67.736244,-1.500000,-9.671026,273.143622
43.222,268.497737,69.417602,0.220584,1.423881,272.975320
43.255,269.047506,65.791936,1.262710,0.689152,272.814485
43.288,271.331957,69.568858,-0.752740,-1.772902,272.660048
43.318,272.039463,74.521188,-1.500000,-2.644599,272.517273
43.350,260.594908,68.581124,1.500000,8.632988,272.372084
43.379,269.211168,68.193988,1.500000,-0.136313,272.239004
43.412,267.048959,64.594522,1.500000,1.857224,272.092333
43.444,279.483146,65.814616,-1.500000,-10.740067,271.950503
43.479,273.157381,65.137033,-1.500000,-4.584263,271.802711
43.513,264.401319,64.713364,1.500000,4.005781,271.658348
43.545,268.806002,67.374235,1.198498,-0.551717,271.525465
43.576,274.987374,65.903907,-1.500000,-6.878465,271.399051
43.607,279.717797,71.333660,-1.500000,-11.753079,271.273668
43.639,268.527392,69.099964,-1.500000,-0.708708,271.146682
43.672,264.293533,73.287258,1.500000,3.380940,271.021281
43.704,271.139903,67.190566,-1.500000,-3.605068,270.899856
43.740,265.146063,68.442983,0.835333,2.234888,270.766044
43.774,266.510970,63.094482,1.500000,0.730352,270.644628
43.806,270.242262,62.096955,-1.500000,-3.128729,270.533507
43.840,261.708262,64.889005,1.500000,5.267371,270.413594
43.872,269.651811,67.073822,-1.500000,-2.800877,270.305160
43.904,264.572705,69.968160,0.744966,2.160102,270.202441
43.935,262.697847,67.304709,1.500000,3.916451,270.099390
43.967,270.504482,72.965028,-1.500000,-4.002862,270.001409
44.001,261.683126,66.642663,1.500000,4.696692,269.895494
44.106,273.258313,64.001649,-1.500000,-7.230157,269.589701
44.136,265.465689,62.043815,-1.298193,0.469212,269.508609
44.166,268.078007,66.233059,-1.500000,-2.236560,269.427346
44.199,264.386057,70.609469,0.113058,1.355226,269.340246
44.229,257.200927,64.367658,1.500000,8.455342,269.266321
44.258,259.924910,62.289180,1.500000,5.647617,269.193502
44.287,262.410123,71.507689,1.500000,3.081905,269.123503
44.319,267.680754,69.443827,-1.247870,-2.274049,269.049308
44.352,265.094307,68.725733,-1.307804,0.227196,268.975220
44.383,266.806503,70.999015,-1.500000,-1.562423,268.907896
44.419,267.353828,72.210645,-1.500000,-2.195514,268.833316
44.452,252.836065,69.642629,1.500000,12.245294,268.766399
44.483,254.648060,67.290449,1.500000,10.364867,268.706892
44.514,265.055437,69.068167,1.367259,-0.109804,268.648377
44.543,256.461248,63.849371,1.500000,8.423965,268.595837
44.573,261.286400,72.690592,1.500000,3.539821,268.544540
44.605,275.606693,65.841223,-1.500000,-10.841962,268.491070
44.641,264.008729,65.365810,-1.030588,0.690677,268.434266
44.673,265.809462,71.531485,-1.500000,-1.163939,268.387412
44.708,260.444247,68.485950,1.500000,4.144109,268.337701
44.744,273.662675,74.778193,-1.500000,-9.131200,268.288239
44.778,260.307218,67.214563,1.500000,4.175812,268.246113
44.809,260.897366,70.637816,1.500000,3.542699,268.208752
44.840,267.317655,70.328085,-1.500000,-2.917282,268.174237
44.870,269.377157,70.122997,-1.500000,-5.012405,268.143262
44.905,258.771202,65.617759,1.500000,5.554478,268.109287
44.936,269.929292,72.713422,-1.500000,-5.636168,268.080977
44.970,266.178228,65.618747,-1.500000,-1.916921,268.053310
45.004,266.963595,69.220039,-1.500000,-2.731458,268.027945
45.036,256.587565,64.357883,1.500000,7.619315,268.005982
45.067,246.362886,63.198006,1.500000,17.822506,267.987297
45.100,256.391629,64.873346,1.500000,7.773759,267.969902
45.132,257.020064,68.336091,1.500000,7.128278,267.955080
45.164,266.760804,65.657093,-1.500000,-2.626792,267.942619
45.196,256.563973,68.807101,1.500000,7.558447,267.932539
45.227,277.374412,67.179590,-1.500000,-13.260938,267.924760
45.259,257.893215,69.949322,1.500000,6.213731,267.919083
45.298,264.680679,63.613424,1.166604,-0.578112,267.915275
45.330,269.929908,67.823699,-1.500000,-5.828176,267.914549
45.362,266.356419,66.670594,-1.500000,-2.252914,267.916091
45.395,262.747786,63.286858,0.143723,1.360272,267.920050
45.426,261.892610,62.897461,1.500000,2.221997,267.925745
45.458,266.988838,61.903354,-1.500000,-2.864832,267.933918
45.492,260.060067,67.379385,1.500000,4.076761,267.945068
45.524,264.963743,71.397777,0.884008,-0.811985,267.958050
45.557,269.567984,71.259921,-1.500000,-5.398348,267.973597
45.591,270.241562,63.310648,-1.500000,-6.050803,267.991964
45.626,270.304653,68.299384,-1.500000,-6.089834,268.012886
45.655,266.552556,68.254733,-1.500000,-2.314366,268.033209
45.694,257.416809,68.833593,1.500000,6.854367,268.061892
45.724,265.315753,65.445896,0.637313,-1.016146,268.086614
45.752,255.027916,57.816922,1.500000,9.300285,268.111479
45.783,262.479648,70.412379,1.500000,1.882070,268.140624
45.814,273.345691,59.375924,-1.500000,-8.947440,268.172392
45.847,264.187184,67.314005,-1.500000,0.252339,268.208282
45.881,264.259994,71.899838,-1.230095,0.223420,268.246447
45.911,257.535991,69.003914,1.500000,6.990035,268.283501
45.945,257.948358,63.220535,1.500000,6.627231,268.326599
45.979,258.801596,68.722017,1.500000,5.826769,268.372491
46.010,266.081576,73.037803,-0.195109,-1.402799,268.416328
46.045,264.394549,66.118402,0.013185,0.343113,268.467532
46.077,261.388755,64.444616,1.500000,3.405412,268.516667
46.110,281.203138,66.798692,-1.500000,-16.347267,268.570323
46.144,274.873234,63.591463,-1.500000,-9.951783,268.627348
46.174,261.545737,62.586440,1.500000,3.435529,268.679362
46.203,268.645246,67.594946,-1.500000,-3.603352,268.732082
46.236,263.285552,59.041052,0.341792,1.826440,268.793037
46.269,259.460510,69.185696,1.500000,5.724801,268.856792
46.299,273.476062,66.080272,-1.500000,-8.222313,268.916303
46.331,268.238371,65.680274,-1.500000,-2.910214,268.981006
46.366,268.008403,71.730774,-1.500000,-2.595791,269.054445
46.400,266.647845,66.408760,-1.500000,-1.149771,269.128760
46.436,255.647788,68.720298,1.500000,9.942857,269.209256
46.468,263.383951,67.053588,1.500000,2.291713,269.283186
46.500,259.279856,63.287480,1.500000,6.482593,269.358651
46.533,271.231658,68.544527,-1.500000,-5.379021,269.437076
46.562,265.855345,71.011471,-1.500000,0.081693,269.510468
46.597,261.934297,68.349784,1.500000,4.104766,269.599185
46.627,260.046869,61.262065,1.500000,6.081010,269.676416
46.660,267.156720,63.497521,0.379512,-0.927250,269.764757
46.695,264.779191,67.237173,1.500000,1.558320,269.858705
46.729,276.311653,69.995784,-1.500000,-9.866658,269.952170
46.760,263.783791,61.337446,1.473937,2.763388,270.041026
46.792,277.204978,63.592225,-1.500000,-10.552775,270.132351
46.821,263.739233,59.111150,1.500000,3.013349,270.219636
46.851,271.180552,70.500496,-1.500000,-4.324434,270.309668
46.884,274.907875,61.263830,-1.500000,-7.936528,270.409867
46.917,264.972908,67.118420,1.057324,2.116356,270.512403
46.951,267.859092,57.930772,0.588267,-0.645784,270.620267
46.983,272.689677,70.706355,-1.500000,-5.361016,270.720575
47.016,264.098984,68.952482,1.500000,3.353798,270.828506
47.047,264.333946,69.764703,1.500000,3.240425,270.934235
47.078,273.645854,69.673155,-1.500000,-5.953719,271.036639
47.110,273.939580,64.104886,-1.500000,-6.121909,271.145801
47.144,268.004888,67.894169,-1.500000,-0.047990,271.266868
47.176,264.411183,63.212203,1.500000,3.673556,271.378034
47.210,271.002187,68.341520,-1.489097,-2.775934,271.501090
47.245,264.993935,74.148129,1.500000,3.378131,271.627883
47.276,259.985882,69.221079,1.500000,8.518640,271.743063
47.308,271.955386,65.665784,-1.500000,-3.315128,271.861093
47.340,265.940921,66.632812,1.500000,2.838844,271.982405
47.370,271.535086,64.900780,-1.301266,-2.620488,272.099651
47.404,268.977522,69.425248,-1.500000,0.086696,272.229754
47.436,264.269303,67.801022,1.500000,4.941055,272.356833
47.468,264.194984,73.328228,1.500000,5.163656,272.485774
47.503,267.887188,64.964830,1.500000,1.635055,272.628037
47.536,272.912182,71.721608,-1.500000,-3.234624,272.763093
47.568,274.941333,63.204147,-1.500000,-5.112044,272.895033
47.599,269.638493,64.300669,-1.091015,0.338420,273.023403
47.630,265.625197,64.557805,1.500000,4.503185,273.155115
47.661,267.108544,63.997012,1.500000,3.172932,273.288240
47.696,275.820781,67.472170,-1.500000,-5.370174,273.435310
47.728,264.153221,67.139419,1.500000,6.458466,273.575380
47.761,277.953149,62.935709,-1.500000,-7.170505,273.724038
47.795,271.896783,71.696892,-1.500000,-0.942582,273.873218
47.827,271.679707,66.638423,-1.500000,-0.559875,274.017245
47.858,266.449009,69.282227,1.500000,4.832154,274.157533
47.892,269.813454,65.357802,1.500000,1.647313,274.313710
47.924,267.578070,67.778650,1.500000,4.053774,274.462473
47.958,273.638162,64.101053,-0.708257,-1.827472,274.617991
47.991,273.182305,68.504294,-1.500000,-1.188301,274.777395
48.024,265.738216,66.706432,1.500000,6.434403,274.932712
48.056,271.763064,63.330293,1.500000,0.584143,275.084528
48.088,281.019027,68.951280,-1.500000,-8.492845,275.240158
48.119,274.031967,74.424365,-1.500000,-1.332324,275.390994
48.147,268.852540,66.133438,1.500000,4.003892,275.527332
48.179,270.227799,66.788945,1.500000,2.813271,275.687887
48.212,283.918107,65.524508,-1.500000,-10.688769,275.851598
48.243,268.575015,70.090090,1.500000,4.830099,276.004447
48.277,282.086202,72.925217,-1.500000,-8.482483,276.177147
48.312,273.482503,64.275304,-1.472819,0.324693,276.354084
48.349,272.134315,65.089810,0.813940,1.889701,276.542622
48.380,274.479545,64.811884,0.770659,-0.266158,276.707293
48.413,279.138185,67.229547,-1.500000,-4.730956,276.875851
48.449,269.384961,63.641587,1.500000,5.237676,277.063163
48.480,277.935948,70.999428,-1.500000,-3.123435,277.228272
48.511,272.205634,66.640317,1.500000,2.798165,277.394607
48.539,281.987575,70.402710,-1.500000,-6.810387,277.545381
48.570,271.485573,67.279016,1.500000,3.879054,277.708371
48.603,275.551998,63.676573,1.500000,0.019552,277.888304
48.636,277.209552,66.004224,-0.234648,-1.435521,278.064375
48.668,286.370274,63.331904,-1.500000,-10.394933,278.239428
48.704,276.727501,68.019636,-1.500000,-0.524889,278.437054
48.736,271.838707,62.364497,1.500000,4.565851,278.612660
48.768,280.347719,71.277296,-1.500000,-3.733238,278.795201
48.799,274.270722,66.636183,1.206736,2.542256,278.967807
48.831,281.379250,69.077792,-1.500000,-4.360807,279.146472
48.862,281.884347,67.172895,-1.500000,-4.667428,279.319060
48.896,274.032496,70.832326,1.500000,3.404620,279.510536
48.927,280.199627,69.146630,-1.222797,-2.555548,279.690504
48.960,273.033806,66.223035,1.500000,4.825244,279.877434
48.995,275.098926,62.912889,1.500000,2.992937,280.079881
49.028,285.014728,68.897423,-1.500000,-6.707281,280.267345
49.059,271.124183,70.640299,1.500000,7.392824,280.449571
49.091,281.593169,64.066007,-1.500000,-2.860451,280.637146
49.121,272.900873,65.473392,1.500000,6.034796,280.813625
49.154,291.212003,66.433968,-1.500000,-12.057047,281.004310
49.183,269.852641,64.342643,1.500000,9.498968,281.175312
49.216,282.162648,72.468060,-1.258407,-2.585018,281.371852
49.252,272.952545,67.598896,1.500000,6.872074,281.586625
49.288,282.202850,69.318277,-0.746512,-2.137041,281.796356
49.320,279.802952,67.825424,-0.431165,0.487262,281.991490
49.353,276.056460,65.085253,1.500000,4.457922,282.186419
49.384,274.463001,67.015898,1.500000,6.268724,282.375413
49.416,284.601554,65.479393,-1.500000,-3.649525,282.566982
49.448,288.464897,73.621798,-1.500000,-7.288807,282.761817
49.722,280.586623,69.942568,1.500000,2.523452,284.443544
49.890,290.699924,65.365501,-1.500000,-6.382826,285.493129
49.918,274.614985,59.027611,1.500000,9.904982,285.669536
49.958,283.917538,64.446400,1.500000,0.890201,285.919773
49.989,288.234140,69.869791,-1.500000,-3.202672,286.114320
50.027,280.946475,63.778361,1.500000,4.363871,286.356823
50.056,291.766314,66.949320,-1.500000,-6.245440,286.539890
50.085,295.725479,68.228804,-1.500000,-9.988506,286.727803
50.112,295.627484,56.893727,-1.500000,-9.694653,286.898114
50.139,281.166544,64.357659,1.500000,4.963753,287.069823
50.171,291.501251,63.461736,-1.500000,-5.141444,287.269397
50.201,283.554628,66.198579,1.500000,3.023308,287.459075
50.232,288.535181,68.943523,-0.219719,-1.725414,287.660667
50.263,283.870146,62.081603,1.500000,3.169272,287.860363
50.295,293.075037,67.444828,-1.500000,-5.804446,288.061383
50.328,290.375157,65.755078,-1.500000,-2.864057,288.270522
50.361,288.596281,74.386380,-1.500000,-0.837138,288.486211
50.395,268.964349,68.844153,1.500000,19.040223,288.699627
50.429,283.229482,65.819500,1.500000,5.030373,288.921612
50.462,281.730595,68.643582,1.500000,6.770421,289.131318
50.502,291.569612,67.572112,-1.500000,-2.774317,289.387212
50.529,287.892143,67.222727,-0.531758,1.103502,289.561431
50.562,281.098241,65.471415,1.500000,8.141014,289.773266
50.592,287.711238,66.477463,1.500000,1.746051,289.962859
50.621,290.084390,67.533044,1.006925,-0.408012,290.153372
50.652,294.938622,69.853899,-1.500000,-5.036091,290.350027
50.689,292.591692,69.701122,-1.500000,-2.412949,290.590212
50.723,290.968274,61.213616,-1.500000,-0.544281,290.803472
50.764,292.447402,69.314250,-1.500000,-1.717806,291.069214
50.792,282.552867,60.530681,1.500000,8.386043,291.251226
50.832,283.619325,65.721858,1.500000,7.610451,291.504153
50.866,294.437603,64.833647,-1.500000,-2.955296,291.723745
50.896,284.783702,66.072002,1.500000,6.923079,291.918940
50.924,280.769309,65.500459,1.500000,11.144944,292.099350
50.956,297.824732,72.340182,-1.500000,-5.676245,292.303033
50.984,290.509187,68.863749,0.363511,1.844414,292.481393
51.011,292.935429,69.096547,0.127515,-0.383005,292.654282
51.040,296.517290,66.843028,-1.500000,-3.750989,292.840261
51.072,280.941072,73.296464,1.500000,12.060014,293.044423
51.102,283.443690,71.485392,1.500000,9.774774,293.233447
51.135,297.896823,68.407779,-1.500000,-4.430183,293.449252
51.165,286.349629,72.022162,1.500000,7.336194,293.639847
51.202,289.899058,67.708519,1.500000,4.056478,293.874379
51.233,305.720226,67.309144,-1.500000,-11.540951,294.068935
51.264,296.748639,66.267357,-1.500000,-2.336837,294.271132
51.300,296.690758,67.528139,-1.500000,-2.017696,294.498315
51.332,295.603835,67.013770,-1.500000,-0.698531,294.700264
51.360,288.268439,62.766595,1.500000,6.836408,294.873780
51.397,289.525458,68.716865,1.500000,5.853104,295.111794
51.428,292.760466,64.436580,1.500000,2.842205,295.306671
51.460,300.834864,62.301641,-1.500000,-5.001177,295.507554
51.489,299.214299,69.411724,-1.500000,-3.167122,295.693197
51.522,291.969777,65.507543,1.500000,4.314211,295.899119
51.557,296.659099,67.163272,1.500000,-0.122282,296.118972
51.591,304.985981,68.758777,-1.500000,-8.203336,296.332735
51.630,294.315613,67.636263,1.445601,2.739937,296.570043
51.662,305.555958,62.291545,-1.500000,-8.269952,296.770440
51.698,310.066811,70.141531,-1.500000,-12.522650,296.994922
51.728,293.166212,66.418315,1.500000,4.592036,297.181086
51.758,305.252695,69.637516,-1.500000,-7.281811,297.365986
51.790,289.350726,69.605869,1.500000,8.847981,297.564093
51.818,303.728442,65.587133,-1.500000,-5.327752,297.739731
51.847,297.686758,70.312275,-0.753580,0.919925,297.918855
51.880,298.434660,68.585142,-0.180774,0.398895,298.116135
51.919,295.981466,70.518863,1.500000,3.129351,298.357233
51.952,297.335765,65.619225,1.500000,2.004720,298.556943
51.983,303.659833,67.093381,-1.500000,-4.098997,298.748553
52.017,298.605733,67.593101,-0.430793,1.187059,298.950255
52.049,291.386171,70.246237,1.500000,8.634530,299.148436
52.083,299.772295,61.248221,1.500000,0.478327,299.348367
52.109,311.648508,70.981462,-1.500000,-11.213422,299.508770
52.141,296.708323,68.666728,1.500000,3.942702,299.696543
52.172,307.947219,65.531453,-1.500000,-7.081218,299.883479
52.206,297.201375,69.177370,1.500000,3.896991,300.085536
52.240,311.816608,67.286440,-1.500000,-10.487624,300.286073
52.272,293.731172,70.319585,1.500000,7.817346,300.476972
52.304,305.121071,63.972673,-1.500000,-3.356187,300.665117
52.335,319.945062,72.089122,-1.500000,-17.967328,300.850203
52.372,296.998329,71.036281,1.500000,5.226060,301.064686
52.407,310.097731,63.993573,-1.500000,-7.639885,301.267693
52.432,306.067038,66.354360,-1.500000,-3.442026,301.413054
52.468,296.431632,67.359262,1.500000,6.436091,301.624107
52.635,295.586263,64.468020,1.500000,8.374992,302.575004
52.656,311.102181,69.961901,-1.500000,-7.005196,302.693030
52.696,299.770693,66.109418,1.500000,4.584916,302.917921
52.720,307.709036,64.182741,-1.500000,-3.196575,303.054314
52.759,302.613364,72.176071,0.732504,2.149788,303.272306
52.784,303.708574,65.583529,1.500000,1.211866,303.409078
52.816,310.510319,62.568536,-1.500000,-5.387137,303.585376
52.848,295.352995,61.958328,1.500000,9.974977,303.763454
52.893,306.095249,73.154466,1.277488,-0.486347,304.007741
52.927,315.119586,68.402886,-1.500000,-9.295157,304.195156
52.964,313.273042,65.742684,-1.500000,-7.221943,304.392259
52.999,304.192814,68.084324,1.005721,2.073650,304.579534
53.029,305.432342,67.710123,1.500000,1.016781,304.738367
53.074,319.454367,66.247027,-1.500000,-12.726626,304.980645
53.114,317.952785,72.298947,-1.500000,-10.984618,305.189710
53.153,306.700800,67.658935,-0.891649,0.503413,305.394968
53.167,292.423878,73.315709,1.500000,14.866340,305.469755
53.193,319.130148,64.394429,-1.500000,-11.683465,305.605811
53.220,304.293199,68.453048,1.500000,3.310088,305.741989
53.248,303.072249,64.511229,1.500000,4.696353,305.885741
53.279,311.417152,67.594040,-1.500000,-3.466599,306.043959
53.305,308.336361,66.713947,-1.500000,-0.227960,306.181218
53.337,309.256318,67.464247,-1.500000,-0.965963,306.339440
53.374,309.034990,69.189445,-1.500000,-0.530208,306.525897
53.403,301.843671,66.206799,1.500000,6.829968,306.672730
53.437,294.979893,69.353501,1.500000,13.887620,306.841315
53.475,302.302576,60.063859,1.500000,6.780180,307.028484
53.499,304.286222,69.851379,1.500000,4.932338,307.146574
53.536,303.432327,66.806899,1.500000,5.996046,307.329020
53.565,319.732126,66.125951,-1.500000,-10.145392,307.466726
53.602,310.992805,67.847205,-1.500000,-1.197533,307.648063
53.632,295.923130,62.067614,1.500000,14.033399,307.788286
53.664,324.463073,62.460142,-1.500000,-14.330083,307.941731
53.691,307.695074,64.315517,1.255792,2.582854,308.067764
53.730,312.343960,67.693614,-0.648543,-1.853596,308.252490
53.767,309.099618,66.553250,1.035086,1.585159,308.421545
53.799,308.590618,66.766438,1.500000,2.264489,308.569658
53.826,319.038497,69.625033,-1.500000,-8.040414,308.693985
53.856,318.153220,63.280247,-1.500000,-6.999050,308.829714
53.885,322.783263,66.889408,-1.500000,-11.477246,308.961754
53.913,311.499057,63.922594,-1.500000,-0.047205,309.088567
53.946,306.957435,69.640837,1.500000,4.661503,309.233860
53.982,305.036078,68.066918,1.500000,6.767841,309.394712
54.012,314.086674,65.822477,-1.076157,-2.131942,309.525854
54.047,305.427301,67.373986,1.500000,6.699156,309.675180
54.077,310.334784,64.258586,1.500000,1.940943,309.804981
54.106,315.000805,65.493322,-1.500000,-2.580332,309.930846
54.139,315.313265,69.696316,-1.500000,-2.730541,310.071934
54.173,314.792330,66.278132,-1.500000,-2.045620,310.214530
54.211,312.461195,68.088969,-0.934933,0.467591,310.372858
54.242,289.725519,68.246619,1.500000,23.347425,310.498212
54.269,301.339014,66.842714,1.500000,11.864218,310.611506
54.311,305.311205,69.821044,1.500000,8.087724,310.781677
54.347,311.883016,67.809725,1.500000,1.679094,310.923574
54.373,308.754228,70.909451,1.500000,4.927527,311.027613
54.404,321.305276,62.061490,-1.500000,-7.482544,311.150202
54.431,316.764494,66.383138,-1.500000,-2.818278,311.257579
54.461,322.400604,66.295694,-1.500000,-8.322369,311.372379
54.500,305.435545,68.324536,1.500000,8.814879,311.522107
54.532,314.800655,66.688909,1.369141,-0.410495,311.643617
54.577,320.357571,65.856922,-1.500000,-5.770781,311.814600
54.596,327.948736,70.028925,-1.500000,-13.283659,311.882676
54.633,312.144328,70.247727,1.500000,2.677360,312.018860
54.734,325.983613,67.179235,-1.500000,-10.743180,312.382985
54.767,329.686283,65.257862,-1.500000,-14.312323,312.499096
54.792,317.614447,63.591316,-1.500000,-2.140518,312.586025
54.818,307.991180,63.745567,1.500000,7.588427,312.677919
54.851,303.392557,66.413880,1.500000,12.316174,312.790201
54.882,305.673988,64.534499,1.500000,10.153640,312.893590
54.911,323.914133,69.275180,-1.500000,-7.974981,312.990567
54.941,308.000675,64.486070,1.500000,8.053593,313.090669
54.968,320.179437,68.218738,-1.500000,-4.024076,313.178574
55.003,301.087188,70.880372,1.500000,15.199432,313.292713
55.034,319.194719,60.582756,-1.500000,-2.792822,313.392954
55.096,303.330112,69.401912,1.500000,13.297290,313.589045
55.122,316.007836,70.230716,1.500000,0.708829,313.666665
55.156,322.881501,68.774834,-1.500000,-6.042890,313.772706
55.191,314.770710,70.449038,0.779103,2.188352,313.877445
55.224,317.228061,67.919622,0.868812,-0.155326,313.976291
55.252,332.027996,67.236264,-1.500000,-14.861670,314.057675
55.290,329.203672,71.045683,-1.500000,-11.909153,314.169147
55.321,322.598801,70.607242,-1.500000,-5.205089,314.255402
55.355,308.857826,78.028050,1.500000,8.646796,314.351845
55.381,322.382861,64.218039,-1.500000,-4.795758,314.423568
55.478,303.589296,67.446034,1.500000,14.299855,314.686219
55.500,317.071134,66.490647,1.500000,0.884002,314.743596
55.535,317.394813,63.497124,1.500000,0.665503,314.835057
55.565,327.148305,66.045097,-1.500000,-8.998912,314.912515
55.588,329.545002,71.872965,-1.500000,-11.330232,314.969365
55.624,309.951849,67.664362,1.500000,8.367743,315.060515
55.658,330.094791,71.879498,-1.500000,-11.679726,315.143535
55.684,317.054235,69.399507,-0.134279,1.432450,315.205813
55.716,314.288261,67.018808,1.500000,4.284648,315.280790
55.747,319.249166,69.206043,0.984259,-0.591423,315.354559
55.789,318.884187,72.291346,0.782252,-0.115268,315.451234
55.819,328.421031,65.068583,-1.500000,-9.574585,315.518649
55.858,336.120493,68.388538,-1.500000,-17.176597,315.603388
55.887,335.042109,68.535228,-1.500000,-16.025877,315.666288
55.920,315.225606,60.510171,1.500000,3.871942,315.736998
55.952,326.265638,67.655320,-1.500000,-7.091342,315.803736
55.981,318.320051,67.202734,-0.749820,0.923037,315.863555
56.010,311.018376,70.862446,1.500000,8.289949,315.920282
56.039,321.600623,64.363375,-0.914310,-2.224668,315.979091
56.072,302.314562,64.633589,1.500000,17.133505,316.041798
56.155,310.322865,68.479639,1.500000,9.304341,316.197571
56.185,323.443895,69.207646,-1.500000,-3.754572,316.251585
56.214,311.401781,64.506375,1.500000,8.346468,316.302825
56.246,317.836842,61.941974,1.500000,1.975890,316.358897
56.266,310.978097,66.174781,1.500000,8.873863,316.393008
56.301,327.094329,62.104823,-1.500000,-7.174694,316.451857
56.328,337.144909,74.787774,-1.500000,-17.175897,316.494794
56.355,340.999974,67.622414,-1.500000,-20.980319,316.538831
56.390,329.871198,67.227678,-1.500000,-9.789224,316.593021
56.427,316.648099,68.391437,1.500000,3.498066,316.648839
56.473,324.222365,67.617803,-1.500000,-3.997741,316.717064
56.527,306.998673,64.506266,1.500000,13.313081,316.792830
56.558,318.088129,63.299272,1.500000,2.271988,316.834885
56.596,325.904010,65.653003,-1.500000,-5.486023,316.885206
56.634,307.289563,67.630522,1.500000,13.184370,316.933854
56.665,323.754062,70.408150,-1.500000,-3.235633,316.972547
56.691,328.202638,70.949899,-1.500000,-7.648100,317.003947
56.717,321.989608,63.666628,-1.500000,-1.399959,317.034477
56.749,314.294140,66.816093,1.500000,6.336557,317.070171
56.782,322.088495,70.028141,0.155354,-1.415009,317.107379
56.814,325.692120,69.824914,-1.500000,-4.980241,317.140764
56.846,301.410175,69.456894,1.500000,19.339557,317.173680
56.878,309.331976,68.390758,1.500000,11.454062,317.205251
56.904,308.287334,65.639402,1.500000,12.527629,317.230403
56.941,319.238241,67.025972,1.500000,1.616551,317.265037
56.971,328.806633,70.728236,-1.500000,-7.921480,317.291437
57.003,311.317251,64.348752,1.500000,9.599251,317.318698
57.040,329.429679,67.952738,-1.500000,-8.478338,317.348992
57.073,321.211103,66.686000,-1.500000,-0.230446,317.374484
57.104,319.045764,65.936345,0.869474,1.960894,317.397093
57.139,325.256431,64.349518,-1.500000,-4.220703,317.422373
57.163,320.108957,61.773146,-0.646946,0.944649,317.437918
57.201,322.626820,63.927273,-1.500000,-1.544773,317.462649
57.238,299.194808,62.946550,1.500000,21.912374,317.484506
57.269,304.861463,68.526022,1.500000,16.265691,317.501873
57.303,315.878803,67.623551,1.500000,5.268764,317.519624
57.333,311.777740,66.046347,1.500000,9.386783,317.534368
57.365,317.878316,66.627657,1.500000,3.303266,317.549202
57.400,338.595785,68.792778,-1.500000,-17.396927,317.564225
57.429,315.362646,65.222499,1.500000,5.849001,317.575345
57.462,333.804956,63.114710,-1.500000,-12.579659,317.587215
57.496,324.006462,64.088165,-1.500000,-2.768724,317.598033
57.531,325.994481,73.046877,-1.500000,-4.745056,317.608195
57.568,328.800144,66.281840,-1.500000,-7.540001,317.617516
57.599,325.212811,62.181117,-1.500000,-3.945086,317.624109
57.622,327.317829,69.007586,-1.500000,-6.044901,317.628633
57.652,304.591608,70.645530,1.500000,16.686801,317.633399
57.688,313.129637,64.186392,1.500000,8.154120,317.638050
57.717,307.538050,60.606272,1.500000,13.748984,317.640899
57.757,328.083924,66.569546,-1.500000,-6.794001,317.643412
57.787,317.218081,69.454876,1.500000,4.072854,317.644291
57.821,316.636833,67.189421,1.500000,4.654036,317.644234
57.858,320.582516,62.480191,1.500000,0.706782,317.642868
57.880,326.025005,65.549942,-1.500000,-4.737294,317.641488
57.913,315.141215,65.264684,1.500000,6.143023,317.638468
57.944,331.741612,61.571325,-1.500000,-10.461637,317.634761
57.974,330.205654,64.477642,-1.500000,-8.930933,317.630192
58.008,323.792335,67.583311,-1.500000,-2.524434,317.624262
58.050,323.844706,66.734863,-1.500000,-2.587150,317.615266
58.080,304.356304,65.191549,1.500000,16.892674,317.607807
58.115,315.500411,71.424441,1.500000,5.737419,317.598113
58.153,313.564900,67.833119,1.500000,7.659503,317.586437
58.177,312.419891,72.559483,1.500000,8.795005,317.578171
58.206,328.860671,65.525238,-1.500000,-7.657578,317.567907
58.240,324.120510,61.582615,-1.500000,-2.932662,317.554651
58.268,328.142159,63.447264,-1.500000,-6.967537,317.543149
58.299,308.483084,69.463107,1.500000,12.676001,317.529639
58.339,324.100537,66.976484,-1.500000,-2.963523,317.510447
58.375,320.850105,64.568417,-1.500000,0.266240,317.492474
58.408,308.028736,67.941822,1.500000,13.067807,317.475255
58.441,316.417707,62.381089,1.500000,4.657548,317.456743
58.477,309.841589,64.682721,1.500000,11.209335,317.435586
58.507,329.704970,70.456028,-1.500000,-8.674941,317.417417
58.540,328.673543,63.762231,-1.500000,-7.668024,317.396103
58.577,323.120397,68.872223,-1.500000,-2.143352,317.371344
58.605,306.736283,69.298988,1.500000,14.218671,317.352134
58.632,318.017782,67.216535,1.500000,2.915409,317.333209
58.660,322.151781,66.634183,-0.000723,-1.241927,317.312916
58.688,317.060437,70.532720,1.500000,3.824647,317.291377
58.723,325.684517,67.252490,-1.500000,-4.830073,317.264735
58.747,311.398524,66.958483,1.500000,9.433263,317.245032
58.785,322.567037,66.109570,-0.274304,-1.770588,317.214303
58.816,317.227203,67.248023,1.500000,3.538324,317.187415
58.850,342.933659,68.333034,-1.500000,-22.202239,317.157757
58.886,330.689401,65.745660,-1.500000,-9.994334,317.126145
58.912,316.250253,66.481809,1.500000,4.416951,317.101916
58.944,335.319604,61.901662,-1.500000,-14.686006,317.072693
58.976,319.606433,69.959304,-0.666938,0.991629,317.041793
59.012,333.834336,65.201514,-1.500000,-13.277510,317.005936
59.046,317.469092,67.938128,1.500000,3.049274,316.972492
59.080,332.023165,66.218746,-1.500000,-11.544561,316.937916
59.110,313.690751,64.536989,1.500000,6.750750,316.905654
59.146,301.015578,61.213139,1.500000,19.381819,316.867301
59.167,317.688547,69.256683,1.500000,2.683270,316.845058
59.202,324.068271,65.231733,-1.500000,-3.740389,316.806853
59.226,335.226579,65.850469,-1.500000,-14.930027,316.779610
59.256,325.315747,70.337502,-1.500000,-5.058060,316.745815
59.287,305.363871,62.775658,1.500000,14.851964,316.709421
59.320,319.458685,63.688602,1.500000,0.713563,316.671519
59.358,314.188894,66.211412,1.500000,5.931848,316.626732
59.393,318.018238,67.981736,1.500000,2.052563,316.583306
59.423,336.781951,68.809938,-1.500000,-16.752922,316.546982
59.459,317.045549,67.257069,1.500000,2.932321,316.502496
59.482,332.694429,67.903200,-1.500000,-12.751004,316.472543
59.519,336.711974,68.872394,-1.500000,-16.821782,316.426255
59.552,324.262861,71.415091,-1.500000,-4.422020,316.383340
59.579,327.839508,69.117767,-1.500000,-8.040051,316.347354
59.610,309.699471,65.603276,1.500000,10.052947,316.306450
59.650,319.256474,67.131469,1.500000,0.435657,316.254026
59.684,308.641337,73.988559,1.500000,10.997788,316.207935
59.719,323.926847,62.980746,-1.500000,-4.343195,316.159698
59.756,324.430552,71.882654,-1.500000,-4.906812,316.107599
59.777,314.029296,65.048714,1.500000,5.460663,316.078225
59.814,312.268499,64.160986,1.500000,7.161695,316.026256
59.845,328.996865,70.731814,-1.500000,-9.616807,315.982659
59.870,324.636119,60.525816,-1.500000,-5.297605,315.946533
59.903,317.418521,67.453095,0.753575,1.864978,315.898694
59.935,315.391918,68.495837,1.500000,3.837597,315.851752
59.977,316.478868,69.196740,1.500000,2.680056,315.790369
60.006,335.382515,72.950041,-1.500000,-16.274386,315.746199
60.036,335.683031,64.470487,-1.500000,-16.625834,315.701911
60.085,343.025917,63.134606,-1.500000,-24.053318,315.628348
60.112,317.015721,63.491738,0.807953,1.909980,315.587566
60.143,331.480364,69.301293,-1.500000,-12.610611,315.538916
60.167,313.597582,63.685313,1.500000,5.230426,315.502616
60.196,329.458356,64.726201,-1.500000,-10.682753,315.457047
60.223,312.677106,66.833913,1.500000,6.051514,315.416191
60.251,323.863131,70.032375,-1.500000,-5.184905,315.372370
60.289,309.317319,71.245695,1.500000,9.292241,315.312661
60.320,319.221986,71.167596,1.056454,-0.669271,315.263231
60.354,314.382192,70.496221,1.500000,4.108149,315.208992
60.387,333.887297,67.182158,-1.500000,-15.456223,315.157456
60.421,328.765381,67.300312,-1.500000,-10.396809,315.103106
60.454,317.264647,69.237139,-0.240474,1.042316,315.049533
60.484,311.083735,63.268124,1.500000,7.166854,315.000512
60.516,326.757507,71.010439,-1.500000,-8.565426,314.949635
60.543,319.684229,63.129621,-1.500000,-1.543534,314.904952
60.576,318.366499,65.536406,-1.500000,-0.287605,314.851212
60.607,305.738183,68.413659,1.500000,12.282193,314.800327
60.640,299.321206,64.537017,1.500000,18.637313,314.746538
60.680,306.502458,64.190905,1.500000,11.381219,314.681458
60.709,301.230206,63.771010,1.500000,16.598073,314.633286
60.748,313.028058,68.069260,1.500000,4.726032,314.568774
60.779,321.234092,64.872070,-1.500000,-3.538933,314.517530
60.810,311.817746,60.952838,1.500000,5.817005,314.465001
60.840,336.110753,65.585967,-1.500000,-18.531648,314.416613
60.869,311.048363,68.143694,1.500000,6.474487,314.367696
60.903,322.576947,73.500172,-1.500000,-5.119018,314.311243
60.935,318.694050,65.461143,-1.500000,-1.297199,314.258132
60.967,313.402266,67.871019,1.500000,3.933574,314.205078
61.004,319.105370,64.667987,-0.359094,-1.840759,314.143140
61.039,326.796877,69.899417,-1.500000,-9.599503,314.084673
61.071,323.169643,69.040381,-1.500000,-6.034301,314.030732
61.103,302.937793,72.560763,1.500000,14.135368,313.976662
61.138,309.389061,67.519611,1.500000,7.617212,313.918498
61.174,318.977740,68.247471,-0.964771,-2.039760,313.859113
61.199,329.662412,72.530086,-1.500000,-12.772387,313.817413
61.239,309.043093,70.077191,1.500000,7.770988,313.751375
61.265,322.980911,66.952989,-1.500000,-6.216988,313.707759
61.300,311.457841,67.415978,1.500000,5.239585,313.649936
61.333,314.737804,64.489037,1.500000,1.897243,313.595694
61.364,325.006285,69.226616,-1.500000,-8.429980,313.544613
61.402,312.962681,67.373317,1.500000,3.541529,313.481922
61.436,318.325416,72.963468,-0.414769,-1.886835,313.424853
61.466,316.736341,71.984149,-1.074762,-0.353339,313.376523
61.493,315.512211,69.746928,-0.165392,0.819026,313.331510
61.521,324.305227,64.455197,-1.500000,-8.025218,313.286964
61.552,311.493441,60.374421,1.500000,4.727105,313.235257
61.591,315.735145,62.741952,1.500000,0.413496,313.172731
61.625,329.602135,67.834791,-1.500000,-13.517176,313.117356
61.656,305.463918,66.428071,1.500000,10.563754,313.067541
61.694,318.160411,70.226144,-0.795256,-2.201721,313.007557
61.722,310.607109,70.041061,1.500000,5.299126,312.961944
61.751,333.812742,70.905131,-1.500000,-17.959242,312.916087
61.784,325.304758,68.180640,-1.500000,-9.510330,312.864720
61.811,317.600092,69.798848,-1.500000,-1.854153,312.822556
61.843,306.198476,64.440284,1.500000,9.489810,312.772423
61.880,310.329257,73.322648,1.500000,5.291556,312.713750
61.912,320.994453,73.720630,-1.500000,-5.429481,312.665193
61.943,321.418486,65.842796,-1.500000,-5.909445,312.616557
61.979,299.409402,67.851145,1.500000,16.036940,312.562037
62.011,319.422125,67.660642,-1.500000,-4.032255,312.512931
62.049,300.220770,62.951882,1.500000,15.103773,312.456124
62.082,299.818552,68.631984,1.500000,15.449679,312.407158
62.106,313.943194,68.488999,1.500000,1.284170,312.371621
62.132,307.930339,70.229288,1.500000,7.252507,312.332909
62.161,327.588650,68.098907,-1.500000,-12.454680,312.290409
62.195,326.836248,66.374077,-1.500000,-11.759346,312.240784
62.233,318.567083,68.725110,-1.500000,-3.552562,312.186540
62.264,305.083706,63.725893,1.500000,9.878907,312.141403
62.299,324.282885,68.301461,-1.500000,-9.376616,312.092407
62.338,304.377058,63.088196,1.500000,10.466837,312.038169
62.365,324.519643,64.618401,-1.500000,-9.719827,311.999841
62.411,310.945963,75.073884,1.500000,3.782596,311.937877
62.437,321.802527,65.252518,-1.500000,-7.114331,311.902779
62.463,321.780575,72.035737,-1.500000,-7.133596,311.866939
62.490,304.727956,70.892948,1.500000,9.878049,311.831309
62.530,306.303412,71.675426,1.500000,8.242899,311.779401
62.551,313.058157,59.807700,1.500000,1.456111,311.751538
62.591,315.669421,64.407384,0.032390,-1.214524,311.699911
62.619,327.021050,64.895393,-1.500000,-12.607247,311.664177
62.654,317.541317,67.551775,-1.500000,-3.178130,311.620162
62.692,308.861412,73.510705,1.500000,5.448331,311.573690
62.726,325.627728,65.443099,-1.500000,-11.365688,311.532209
62.754,316.478038,64.320463,-1.500000,-2.254058,311.499113
62.779,300.085269,66.676916,1.500000,14.104697,311.469535
62.810,316.353419,66.476038,-0.800377,-2.205958,311.432575
62.843,309.696428,65.529104,1.500000,4.407259,311.394511
62.878,305.838691,71.029639,1.500000,8.219452,311.354907
62.907,322.186577,65.597815,-1.500000,-8.164888,311.323207
62.944,313.421147,63.037135,-1.197066,0.552903,311.281782
62.977,309.777456,66.685612,1.500000,4.156436,311.246863
63.016,306.102326,64.446690,1.500000,7.784429,311.205874
63.049,329.692979,69.332051,-1.500000,-15.845706,311.171542
63.076,318.657596,69.225256,-1.500000,-4.842351,311.143691
63.109,301.073272,64.787443,1.500000,12.705072,311.111603
63.140,313.184682,62.196531,1.500000,0.558690,311.081193
63.177,320.981973,60.343499,-1.500000,-7.279751,311.045411
63.207,320.149850,64.781868,-1.500000,-6.479211,311.017946
63.245,304.956888,73.453130,1.500000,8.673812,310.983217
63.274,311.049333,63.747389,1.500000,2.551696,310.957417
63.308,322.577877,66.104129,-1.500000,-9.010832,310.927865
63.340,317.483266,64.369356,-1.500000,-3.947158,310.900963
63.369,305.909184,66.951723,1.500000,7.599507,310.877123
63.406,314.295996,64.154281,0.872827,-0.821239,310.847615
63.435,314.957495,66.135530,-1.026362,-1.508504,310.825209
63.468,313.133043,64.402607,-0.909758,0.287792,310.800726
63.501,315.916367,70.503799,-1.500000,-2.523632,310.776291
63.526,318.523679,62.474766,-1.500000,-5.151314,310.758578
63.557,310.441785,65.794408,1.500000,2.906073,310.737267
63.587,303.951749,73.135587,1.500000,9.373129,310.717286
63.621,297.612992,73.085663,1.500000,15.686966,310.695616
63.653,317.614895,64.105030,-1.500000,-4.337922,310.675629
63.704,308.970505,57.300369,1.500000,4.272180,310.645813
63.732,310.670586,72.179447,1.500000,2.554163,310.630216
63.764,316.692590,64.353108,-1.500000,-3.486982,310.613572
63.795,308.663668,68.083030,1.500000,4.523788,310.597788
63.825,317.029861,64.596891,-1.500000,-3.859287,310.583108
63.862,322.126643,66.787515,-1.500000,-8.975184,310.566486
63.896,311.112680,68.335797,0.943468,2.022130,310.552009
63.931,313.590836,65.214025,0.670446,-0.472078,310.538051
63.961,322.122591,67.911214,-1.500000,-9.016942,310.526652
63.995,304.296744,67.020270,1.500000,8.795299,310.514820
64.023,310.027315,70.857872,1.500000,3.054492,310.505919
64.057,323.680596,66.255068,-1.500000,-10.610261,310.495943
64.088,320.540123,64.374046,-1.500000,-7.479283,310.487687
64.117,317.213844,65.844534,-1.500000,-4.161273,310.480497
64.156,313.871118,71.019173,-1.500000,-0.828001,310.472276
64.190,299.883171,62.518969,1.500000,13.152941,310.466184
64.220,308.527564,66.964295,1.500000,4.503153,310.461492
64.258,305.528319,64.250953,1.500000,7.497001,310.456800
64.287,303.842173,64.542802,1.500000,9.180003,310.454066
64.324,311.520112,63.501723,1.500000,1.499288,310.451651
64.349,325.508041,71.848887,-1.500000,-12.489765,310.450675
64.379,325.891004,68.902987,-1.500000,-12.873192,310.450271
64.407,318.821815,63.686481,-1.500000,-5.803610,310.450613
64.439,319.285146,58.584871,-1.500000,-6.265452,310.451907
64.479,308.411283,60.706883,1.500000,4.611735,310.454798
64.507,315.089212,67.875788,-0.627453,-2.062849,310.457707
64.545,311.472060,73.583020,0.998656,1.560035,310.462691
64.577,319.398745,67.228075,-1.500000,-6.360464,310.468070
64.610,310.678994,68.896690,1.055641,2.366701,310.474517
64.649,307.604293,63.889390,1.500000,5.451591,310.483377
64.681,318.278784,64.897765,-1.500000,-5.213063,310.491932
64.897,305.739223,64.626958,1.500000,7.420533,310.573700
64.921,308.624025,65.168076,1.500000,4.549730,310.585874
64.956,314.530941,66.561089,-0.114494,-1.336083,310.604224
64.984,328.775386,69.766727,-1.500000,-15.562536,310.619869
65.009,320.358691,62.876313,-1.500000,-7.129236,310.634308
65.044,310.483337,72.169723,1.500000,2.770824,310.655791
65.070,318.406028,59.237478,-1.500000,-5.133162,310.672058
65.099,315.113087,63.143203,-1.500000,-1.817658,310.691677
65.133,309.879781,66.074429,1.500000,3.442746,310.715241
65.171,317.615534,70.451959,-1.500000,-4.261405,310.742720
65.195,303.186353,66.326491,1.500000,10.189129,310.761289
65.258,313.493932,68.226568,1.500000,-0.059867,310.812230
65.293,306.317826,68.368807,1.500000,7.150809,310.842291
65.323,308.764689,70.427384,1.500000,4.734640,310.868982
65.360,321.783585,71.058379,-1.500000,-8.244685,310.903391
65.392,319.648836,70.626321,-1.500000,-6.075702,310.933160
65.419,320.499059,69.713741,-1.500000,-6.894638,310.960366
65.450,311.500410,70.911276,1.086306,2.140341,310.991957
65.483,314.578359,64.391371,0.315677,-0.898282,311.026154
65.516,311.743318,64.552281,1.500000,1.977634,311.061697
65.550,320.441191,68.602688,-1.500000,-6.675735,311.100396
65.580,316.627364,73.288979,-1.500000,-2.822672,311.134515
65.612,313.490650,65.954110,-1.069035,0.356610,311.171531
65.642,303.997763,70.075603,1.500000,9.892145,311.208615
65.673,323.086257,71.510386,-1.500000,-9.151894,311.247272
65.706,306.772148,66.165649,1.500000,7.210212,311.289009
65.746,311.744716,66.265183,1.500000,2.298662,311.342068
65.778,314.685246,64.835730,0.783082,-0.593261,311.384335
65.808,311.471244,70.764386,1.500000,2.669242,311.426510
65.857,320.636022,68.811686,-1.500000,-6.416500,311.495236
65.891,322.192103,71.426148,-1.500000,-7.914342,311.545879
65.918,311.653359,63.670762,1.500000,2.669591,311.585174
65.948,318.539444,67.644191,-1.500000,-4.163548,311.631214
65.978,315.015587,65.757913,-1.500000,-0.586508,311.677460
66.008,314.418993,68.210819,-1.421669,0.064775,311.725016
66.039,308.013409,65.251577,1.500000,6.527984,311.775125
66.071,312.487234,68.752096,1.500000,2.115834,311.828755
66.108,313.877278,63.576498,1.500000,0.796942,311.890627
66.153,323.687730,71.346455,-1.500000,-8.924660,311.967888
66.186,320.101196,67.251906,-1.500000,-5.271106,312.026165
66.215,313.856847,69.940164,-0.249891,1.034523,312.079451
66.246,306.765859,62.904029,1.500000,8.190266,312.135761
66.273,316.427158,63.559033,0.006049,-1.412624,312.186552
66.303,307.504029,76.570547,1.500000,7.574364,312.242080
66.338,318.411718,74.425961,-1.500000,-3.254879,312.310294
66.367,308.712333,70.155315,1.500000,6.509779,312.367054
66.399,331.208582,61.068488,-1.500000,-15.914264,312.429841
66.443,319.003099,69.607218,-1.500000,-3.607264,312.518118
66.476,312.774201,68.811766,1.500000,2.699942,312.586211
66.505,313.964980,63.308566,1.500000,1.580042,312.647845
66.537,312.946251,67.333807,1.500000,2.676890,312.715775
66.570,332.359617,68.525752,-1.500000,-16.653874,312.787603
66.599,321.322090,71.186897,-1.500000,-5.544285,312.850265
66.632,319.355015,65.507468,-1.500000,-3.492535,312.923895
66.663,317.517175,69.452324,-1.500000,-1.574103,312.993975
66.696,310.869496,65.180298,1.500000,5.157944,313.067340
66.730,316.045276,70.967022,1.500000,0.074299,313.147457
66.762,314.101286,75.381958,1.500000,2.104031,313.222015
66.801,320.417660,71.096841,-1.500000,-4.105537,313.314889
66.832,315.249920,70.221208,-0.477305,1.148567,313.389989
66.865,322.728975,65.576808,-1.500000,-6.237740,313.470640
66.893,309.161697,66.858361,1.500000,7.409205,313.539914
66.921,318.949652,65.093620,-0.911279,-2.297740,313.610358
66.951,305.033573,66.514631,1.500000,11.705839,313.686445
66.985,313.318069,67.153896,1.500000,3.522974,313.774820
67.019,320.167823,62.123536,-1.500000,-3.227240,313.861377
67.054,319.316939,63.850414,-1.500000,-2.268202,313.955423
67.108,312.724165,71.802363,1.500000,4.489572,314.098901
67.129,317.345002,68.170748,1.500000,-0.064477,314.156979
67.167,326.372212,64.099085,-1.500000,-8.972748,314.260404
67.192,313.564020,64.986967,1.500000,3.913155,314.327978
67.217,328.053473,73.246945,-1.500000,-10.493975,314.399563
67.248,310.271972,69.541362,1.500000,7.385874,314.485083
67.277,320.915565,71.005075,-1.500000,-3.159768,314.570259
67.311,300.608641,65.781914,1.500000,17.257692,314.666376
67.348,320.596652,69.265280,-1.283081,-2.605438,314.774969
67.379,321.695407,71.307740,-1.500000,-3.600206,314.865392
67.417,314.147464,62.047857,1.500000,4.079046,314.979574
67.449,330.744606,70.626173,-1.500000,-12.407495,315.075749
67.482,330.196325,63.581104,-1.500000,-11.746048,315.174154
67.514,311.279291,65.115971,1.500000,7.284627,315.272971
67.540,307.395196,62.369169,1.500000,11.262298,315.354343
67.569,314.900811,66.129940,1.500000,3.860387,315.444520
67.608,324.831393,68.318930,-1.500000,-5.930305,315.566163
67.643,324.702806,64.744527,-1.500000,-5.674342,315.676926
67.673,307.585143,69.197911,1.500000,11.552907,315.772218
67.705,304.996248,69.750298,1.500000,14.261801,315.876564
67.743,323.454727,72.264340,-1.500000,-4.053000,316.001502
67.779,316.447153,70.397299,1.500000,3.089266,316.118626
67.805,305.921072,69.474155,1.500000,13.716631,316.206699
67.836,319.853475,64.360054,1.383408,-0.096440,316.310465
67.865,329.892435,67.664235,-1.500000,-10.023605,316.407678
67.900,329.281771,61.904672,-1.500000,-9.277991,316.525026
67.935,320.478529,68.148872,-1.500000,-0.335037,316.646514
67.973,316.808459,68.506695,1.500000,3.484125,316.776160
68.008,330.381672,65.527151,-1.500000,-9.947878,316.898951
68.036,323.231881,70.614823,-1.500000,-2.685599,316.996767
68.069,330.494894,65.304044,-1.500000,-9.814673,317.113235
68.105,312.487202,65.041616,1.500000,8.341191,317.242081
68.133,321.843316,64.246392,0.780672,-0.897504,317.344184
68.161,317.301967,63.604203,1.500000,3.758412,317.443807
68.193,316.144400,71.440942,1.500000,5.050214,317.560534
68.225,320.438036,63.040338,1.500000,0.893357,317.679472
68.259,335.464955,71.772145,-1.500000,-13.993122,317.801594
68.293,339.219268,64.854349,-1.500000,-17.599125,317.930559
68.341,323.954193,73.720300,-1.500000,-2.129826,318.108145
68.372,310.258189,70.311390,1.500000,11.701731,318.226018
68.401,323.030409,64.731864,0.722741,-0.945448,318.334749
68.436,335.705151,65.658721,-1.500000,-13.464966,318.469726
68.455,332.374257,72.141891,-1.500000,-10.050240,318.542623
68.483,314.568846,64.618296,1.500000,7.878583,318.649939
68.514,330.639251,60.183235,-1.500000,-8.053653,318.770085
68.547,318.305106,64.348905,1.500000,4.428743,318.898999
68.580,323.873375,60.502933,0.664659,-0.993515,319.025965
68.622,316.992862,60.837859,1.500000,6.078692,319.192656
68.647,335.990730,64.051668,-1.500000,-12.805918,319.291141
68.684,335.433183,64.146593,-1.500000,-12.078841,319.438558
68.717,334.582861,66.396782,-1.500000,-11.076241,319.570974
68.745,329.138941,66.355568,-1.500000,-5.505347,319.681387
68.776,326.050425,63.259326,-1.500000,-2.268454,319.810410
68.807,307.517431,64.477064,1.500000,16.406691,319.934019
68.851,316.555886,66.958678,1.500000,7.573722,320.112703
68.879,306.757907,68.102580,1.500000,17.507017,320.230368
68.916,301.669832,66.511981,1.500000,22.771180,320.383489
68.945,324.880383,68.368633,1.135438,-0.301656,320.503240
68.971,330.624022,69.760664,-1.500000,-5.921023,320.611304
69.009,313.597707,66.795103,1.500000,11.284691,320.767303
69.041,312.145596,66.293717,1.500000,12.892510,320.902700
69.071,319.571136,64.731687,1.500000,5.613106,321.029776
69.104,338.656275,64.607658,-1.500000,-13.312558,321.168450
69.135,334.144314,70.431270,-1.500000,-8.650616,321.298868
69.167,329.964925,66.342936,-1.500000,-4.311151,321.438064
69.204,330.539589,73.863302,-1.500000,-4.707460,321.593156
69.232,319.664343,64.928345,1.500000,6.310464,321.717223
69.260,339.096310,71.970859,-1.500000,-12.984549,321.836314
69.297,325.630310,64.349419,-1.062793,0.664025,321.995073
69.327,319.690987,66.296945,1.500000,6.753844,322.125940
69.361,330.490401,68.044461,-1.500000,-3.874965,322.274292
69.395,321.710833,65.243660,1.500000,5.077458,322.424601
69.429,324.137306,59.901109,1.500000,2.819658,322.571273
69.459,322.691846,64.669337,1.500000,4.416431,322.702850
69.492,331.528953,65.674088,-1.500000,-4.251219,322.850204
69.521,324.499273,68.761700,1.500000,2.926815,322.979207
69.555,333.945347,72.596616,-1.500000,-6.347234,323.128794
69.593,322.561750,62.706342,1.500000,5.228656,323.296006
69.624,332.672182,69.828640,-1.500000,-4.720277,323.436439
69.661,336.344626,67.972880,-1.500000,-8.200937,323.603209
69.691,328.422688,64.395897,-1.500000,-0.128185,323.734350
69.727,311.627554,65.514936,1.500000,16.853636,323.896687
69.752,322.454673,64.645782,1.500000,6.157657,324.010721
69.783,337.408294,64.211226,-1.500000,-8.633612,324.151898
69.815,324.790829,63.070305,1.500000,4.149120,324.295608
69.855,340.052116,68.568249,-1.500000,-10.902744,324.477714
69.889,325.844012,65.013932,1.500000,3.482541,324.631785
69.916,334.642243,67.799273,-1.500000,-5.177183,324.752226
69.953,333.387203,73.176074,-1.500000,-3.728052,324.921001
69.981,319.546158,67.384766,1.500000,10.260951,325.049660
70.013,324.961034,75.294204,1.500000,5.016608,325.197950
70.050,339.625502,67.640770,-1.500000,-9.453839,325.366663
70.078,325.374610,67.663359,1.500000,4.946091,325.496262
70.112,329.917452,64.634166,1.500000,0.580642,325.650516
70.143,346.336954,67.877027,-1.500000,-15.676549,325.791656
70.179,346.294140,72.371807,-1.500000,-15.439942,325.960172
70.212,321.527539,67.192110,1.500000,9.499974,326.110881
70.247,323.935636,65.444407,1.500000,7.279333,326.273886
70.282,336.728627,67.480528,-1.500000,-5.326254,326.436846
70.314,336.664577,69.511239,-1.500000,-5.096740,326.580728
70.335,318.045397,64.550546,1.500000,13.638332,326.681504
70.371,335.230994,66.578660,-1.500000,-3.356504,326.847382
70.397,329.774513,67.769415,0.837011,2.236277,326.965904
70.427,337.203076,72.600759,-1.500000,-5.029686,327.107296
70.464,329.067088,66.438773,1.500000,3.299711,327.275478
70.501,313.510933,67.647440,1.500000,19.054890,327.448542
70.534,327.695893,73.847375,1.500000,5.046167,327.601791
70.566,350.235451,68.147531,-1.500000,-17.320401,327.752217
70.617,331.266580,67.277566,0.454302,1.919552,327.987941
70.651,352.190535,62.686199,-1.500000,-18.823725,328.145052
70.682,325.042367,66.312863,1.500000,8.489750,328.288797
70.710,351.235766,64.428518,-1.500000,-17.554478,328.418511
70.740,359.107680,61.440512,-1.500000,-25.268232,328.556042
70.768,338.187019,71.958624,-1.500000,-4.197973,328.686127
70.795,331.599685,71.086043,1.500000,2.536145,328.813766
70.825,333.669722,69.442316,1.500000,0.624201,328.951237
70.860,345.048646,67.071715,-1.500000,-10.566067,329.115287
70.893,333.007908,62.265236,0.123368,1.645676,329.263986
70.927,339.745384,70.524708,-1.500000,-4.911386,329.420868
70.956,318.319833,64.113576,1.500000,16.673128,329.559097
70.992,352.609714,66.810696,-1.500000,-17.429269,329.722127
71.023,324.705925,65.377246,1.500000,10.639958,329.865985
71.056,340.485929,63.084679,-1.500000,-4.966953,330.016502
71.088,307.400524,70.323327,1.500000,28.288567,330.164427
71.124,327.472975,64.589691,1.500000,8.404296,330.328061
71.157,340.062387,67.078716,-1.500000,-4.009465,330.480802
71.191,332.760133,61.115571,1.500000,3.471690,330.636368
71.216,347.275058,65.540010,-1.500000,-10.913097,330.749532
71.254,339.278835,62.449380,-1.500000,-2.719612,330.921063
71.285,325.340983,65.539269,1.500000,11.383874,331.065093
71.318,325.937914,66.736367,1.500000,10.957428,331.213342
71.366,337.176382,63.788562,1.462235,-0.031203,331.430590
71.395,336.047100,65.451891,1.500000,1.248963,331.561794
71.423,335.920673,66.485085,1.500000,1.521024,331.688432
71.451,351.660911,66.000932,-1.500000,-14.076564,331.812475
71.477,352.749317,65.573281,-1.500000,-15.028114,331.931481
71.510,361.715092,68.181102,-1.500000,-23.825866,332.077588
71.539,352.855480,66.705155,-1.500000,-14.818661,332.205929
71.571,340.054490,71.699465,-1.500000,-1.854325,332.347969
71.600,338.682193,64.694173,-1.500000,-0.331886,332.478528
71.630,318.656482,72.381735,1.500000,19.844224,332.609309
71.661,335.028032,62.868808,1.500000,3.632772,332.748525
71.691,330.884696,66.786024,1.500000,7.926257,332.879090
71.725,332.015359,69.361461,1.500000,6.967242,333.028348
71.766,331.944738,68.888350,1.500000,7.243210,333.206912
71.795,348.275533,65.381533,-1.500000,-8.939499,333.335682
71.832,349.033762,65.290749,-1.500000,-9.514189,333.495281
71.862,350.293021,70.789192,-1.500000,-10.623565,333.625614
71.890,339.391917,66.378863,-0.997920,0.415464,333.745549
71.929,343.814229,68.976762,-1.500000,-3.817727,333.910001
71.954,341.007135,68.539199,-1.500000,-0.886488,334.017954
71.984,320.412812,70.225944,1.500000,19.855020,334.145941
72.018,329.117645,67.505188,1.500000,11.315992,334.290119
72.056,321.917210,64.315497,1.500000,18.697548,334.447616
72.084,334.223796,70.654159,1.500000,6.527694,334.566514
72.120,338.023494,68.055436,1.500000,2.898637,334.714896
72.153,331.827787,65.387194,1.500000,9.252253,334.852209
72.185,349.105914,68.430460,-1.500000,-7.870567,334.987258
72.217,365.854613,67.049155,-1.500000,-24.469873,335.117165
72.254,333.245551,67.373946,1.500000,8.311928,335.267374
72.281,356.976334,68.691502,-1.500000,-15.291389,335.378213
72.309,353.676327,66.529521,-1.500000,-11.860669,335.491876
72.340,349.798823,69.752120,-1.500000,-7.840990,335.615506
72.369,337.527435,71.676779,1.500000,4.564577,335.732185
72.404,342.352718,64.731686,1.500000,-0.101735,335.870420
72.441,348.020410,65.356606,-1.500000,-5.603493,336.014710
72.473,349.265090,66.354749,-1.500000,-6.702424,336.141449
72.507,329.184806,63.003577,1.500000,13.528779,336.272683
72.546,341.105379,67.258674,1.500000,1.782048,336.423850
72.579,343.980240,66.318484,0.356711,-0.946120,336.551408
72.610,359.878859,72.453277,-1.500000,-16.707518,336.670732
72.639,350.080180,70.121926,-1.500000,-6.782861,336.780277
72.669,344.596443,68.433178,-1.500000,-1.167558,336.894683
72.700,332.310901,64.095525,1.500000,11.250630,337.010027
72.733,337.208741,67.737892,1.500000,6.493197,337.132120
72.770,349.883394,68.162465,-1.500000,-6.025511,337.267724
72.794,327.153490,70.703151,1.500000,16.804328,337.354625
72.834,332.307883,73.539399,1.500000,11.814384,337.497623
72.867,339.358449,67.787114,1.500000,4.901828,337.617632
72.900,354.275591,69.155120,-1.500000,-9.880106,337.735204
72.930,346.400913,65.555225,-1.500000,-1.883370,337.841342
72.961,355.590070,68.081552,-1.500000,-10.948695,337.949022
72.994,345.852980,66.947152,-1.500000,-1.079945,338.063508
73.025,337.347165,67.647294,1.500000,7.547219,338.169030
73.062,343.917918,65.087292,1.500000,1.121195,338.294881
73.094,342.762646,64.867355,1.500000,2.401976,338.404020
73.131,333.747433,64.650931,1.500000,11.557086,338.525668
73.168,341.374432,70.065883,1.500000,4.070657,338.647904
73.198,382.802014,76.361673,-1.500000,-37.242968,338.746997
73.236,358.891859,70.168453,-1.500000,-13.193869,338.867818
73.262,348.461512,64.734439,-1.500000,-2.668546,338.950406
73.291,369.185829,64.566458,-1.500000,-23.286123,339.043223
73.321,341.373852,65.294911,1.500000,4.633157,339.136530
73.354,350.598561,68.582783,-1.500000,-4.475361,339.237565
73.387,351.619606,58.842215,-1.500000,-5.382271,339.336813
73.421,343.680181,60.772082,1.500000,2.675557,339.439772
73.458,370.245877,70.162159,-1.500000,-23.765413,339.548230
73.488,340.620248,59.871967,1.500000,5.963277,339.637848
73.524,343.448813,65.254449,1.500000,3.254191,339.741742
73.559,340.963220,67.657768,1.500000,5.852294,339.839577
73.584,364.347940,66.867061,-1.500000,-17.451668,339.909802
73.613,355.232112,68.764421,-1.500000,-8.243063,339.990477
73.645,347.288526,66.208893,-1.500000,-0.197766,340.078922
73.677,338.358686,67.458421,1.500000,8.831969,340.165787
73.707,339.016050,65.475032,1.500000,8.267119,340.246235
73.744,346.970389,67.455074,1.500000,0.421832,340.341062
73.775,352.227065,70.146339,-1.500000,-4.742383,340.421462
73.807,332.721022,65.977726,1.500000,14.857687,340.503225
73.846,348.412859,68.554972,0.992766,-0.721979,340.600766
73.875,364.996069,69.219854,-1.500000,-17.223634,340.671682
73.913,342.591989,68.176022,1.500000,5.283916,340.761656
73.943,353.322099,67.126498,-1.500000,-5.365634,340.831709
73.974,352.285635,70.817560,-1.500000,-4.247267,340.902929
74.003,349.353901,67.459817,-1.500000,-1.237481,340.970800
74.032,346.916851,67.940667,0.037077,1.272013,341.033794
74.059,344.826683,67.449478,1.500000,3.431682,341.094230
74.090,332.914838,73.779377,1.500000,15.419164,341.160001
74.121,345.378613,72.877071,1.500000,3.029897,341.224792
74.151,367.796203,63.705293,-1.500000,-19.316437,341.286753
74.191,360.304412,68.339533,-1.500000,-11.730648,341.368490
74.227,346.675035,67.423305,0.892352,1.979827,341.439011
74.255,346.952358,62.727226,1.500000,1.763440,341.491998
74.288,353.170904,74.095880,-1.500000,-4.384041,341.553793
74.317,351.106439,69.281539,-1.500000,-2.258665,341.606760
74.352,355.591029,64.339672,-1.500000,-6.671857,341.668845
74.383,346.963362,66.414953,0.938673,2.018162,341.723065
74.416,349.990059,66.189214,0.093045,-0.945475,341.777899
74.445,364.408809,66.403196,-1.500000,-15.309936,341.825107
74.483,337.440414,69.309976,1.500000,11.728190,341.885742
74.515,347.469894,66.041010,1.500000,1.755012,341.934700
74.543,341.024590,70.960697,1.500000,8.247984,341.976150
74.575,348.592603,65.547327,1.500000,0.732383,342.021727
74.607,362.973572,64.900598,-1.500000,-13.598722,342.065087
74.639,343.988842,65.518399,1.500000,5.436093,342.108639
74.688,345.242719,64.507830,1.500000,4.254013,342.171072
74.755,362.567030,75.813677,-1.500000,-12.979895,342.249683
74.800,354.347696,67.511319,-1.500000,-4.704669,342.298284
74.829,368.073784,66.076928,-1.500000,-18.396107,342.328415
74.852,363.781685,69.676697,-1.500000,-14.078237,342.350824
74.879,358.820098,70.786387,-1.500000,-9.087435,342.376229
74.906,337.415457,70.003077,1.500000,12.344656,342.400098
74.935,359.424070,64.872562,-1.500000,-9.635373,342.424954
74.972,330.755946,59.911045,1.500000,19.066932,342.454676
75.005,346.884514,68.059146,1.500000,2.966020,342.478726
75.041,345.995966,65.243230,1.500000,3.882854,342.503322
75.073,342.398174,65.366720,1.500000,7.503704,342.523372
75.098,352.254442,61.791416,-1.322949,-2.336183,342.537616
75.139,362.834195,69.493062,-1.500000,-12.891619,342.558762
75.172,343.886495,66.610082,1.500000,6.073451,342.573866
75.205,365.838076,67.768956,-1.500000,-15.863132,342.586908
75.235,359.558426,62.475870,-1.500000,-9.571536,342.597296
75.271,338.640839,64.812110,1.500000,11.357725,342.607446
75.300,365.641257,74.543748,-1.500000,-15.635012,342.614126
75.335,352.932994,68.062776,-1.500000,-2.919737,342.620224
75.365,348.480380,70.281817,0.356925,1.536715,342.623561
75.403,344.094231,68.877317,1.500000,5.925216,342.625606
75.435,335.676483,70.154508,1.500000,14.342652,342.625335
75.461,353.955634,66.756242,-1.500000,-3.938380,342.623699
75.496,345.727548,68.503558,1.500000,4.285003,342.619610
75.529,350.724517,70.457490,0.996881,-0.718573,342.613864
75.565,346.931044,67.080906,1.500000,3.065013,342.605268
75.596,364.258269,72.181292,-1.500000,-14.273130,342.595772
75.626,382.207223,69.991329,-1.500000,-32.234377,342.585084
75.658,349.795170,66.596303,-1.303394,0.162658,342.572024
75.692,352.988084,65.702589,-1.500000,-3.048608,342.556066
75.728,339.145261,68.263106,1.500000,10.771484,342.536300
75.760,368.799691,67.179446,-1.500000,-18.905027,342.517099
75.789,340.143106,61.665067,1.500000,9.729396,342.497828
75.823,346.199097,71.755018,1.500000,3.646066,342.474055
75.855,356.000236,66.705170,-1.500000,-6.184174,342.448750
75.890,343.294645,67.821583,1.500000,6.487104,342.418912
75.920,352.579980,57.638113,-1.500000,-2.828377,342.392699
75.956,338.023092,58.815060,1.500000,11.688288,342.357722
75.991,332.631699,67.283372,1.500000,17.037383,342.320940
76.014,360.043640,64.805756,-1.500000,-10.402269,342.296845
76.052,355.783016,70.288267,-1.500000,-6.192569,342.252563
76.083,357.280476,65.255424,-1.500000,-7.732555,342.215583
76.117,345.842620,65.510446,1.500000,3.654952,342.171802
76.148,336.690814,67.033962,1.500000,12.759590,342.130786
76.183,351.699475,68.270064,-1.285251,-2.304985,342.082165
76.219,345.702235,67.284660,1.500000,3.630248,342.028246
76.253,351.697673,67.125042,-1.091353,-2.425131,341.976124
76.282,343.088085,72.227082,1.500000,6.130884,341.929538
76.312,344.440304,68.233261,1.500000,4.721454,341.879789
76.352,357.064898,66.546390,-1.500000,-7.982564,341.810725
76.389,349.290188,67.690154,-1.500000,-0.283477,341.744966
76.422,343.803392,71.259132,1.500000,5.132229,341.683148
76.447,342.071858,62.289540,1.500000,6.809248,341.635745
76.472,355.851902,70.306509,-1.500000,-7.028137,341.585883
76.503,345.514392,66.108185,1.500000,3.238296,341.524077
76.538,362.787546,66.625796,-1.500000,-14.119412,341.450551
76.571,368.925131,69.888494,-1.500000,-20.339127,341.379133
76.602,340.944044,68.672450,1.500000,7.562995,341.310469
76.640,375.407132,69.294526,-1.500000,-27.000790,341.222906
76.675,348.422273,66.600708,-1.500000,-0.111373,341.139913
76.704,344.759890,67.608520,1.500000,3.471107,341.070432
76.731,327.525782,66.113899,1.500000,20.627186,341.002581
76.760,344.970170,61.962441,1.500000,3.098431,340.929218
76.790,372.875517,68.370328,-1.500000,-24.896546,340.851280
76.822,354.041203,68.418704,-1.500000,-6.160828,340.765544
76.860,337.871598,69.959999,1.500000,9.890793,340.662949
76.896,354.847045,61.984602,-1.500000,-7.202207,340.560728
76.925,356.820940,72.787964,-1.500000,-9.270713,340.478458
76.959,354.534914,71.264282,-1.500000,-7.099185,340.378895
76.990,348.200852,60.087712,-1.500000,-0.874069,340.284159
77.026,343.181357,69.761894,1.500000,4.018549,340.173832
77.051,326.033582,64.994587,1.500000,21.077347,340.096459
77.088,355.921660,64.398238,-1.500000,-8.946415,339.978474
77.119,320.059524,72.092653,1.500000,26.798325,339.876390
77.152,336.874332,73.870717,1.500000,9.860978,339.769835
77.186,339.036894,85.780355,1.500000,7.565247,339.654036
77.219,319.252592,86.169270,1.500000,27.215799,339.537732
77.254,318.823916,102.003839,1.500000,27.503819,339.415422
77.290,305.875358,115.080498,1.500000,40.302494,339.285089
77.314,273.635255,109.474518,1.500000,72.442816,339.198322
77.354,254.171341,116.647303,1.500000,91.737046,339.050771
77.380,224.874333,115.426941,1.500000,120.918323,338.950136
77.408,226.103099,116.701847,1.500000,119.567130,338.843678
77.442,218.447503,120.390294,1.500000,127.070622,338.711413
77.477,215.592948,115.527948,1.500000,129.763245,338.570602
77.513,214.350440,121.997563,1.500000,130.841185,338.427500
77.553,192.459023,123.009166,1.500000,152.541424,338.261258
77.587,182.883342,126.037545,1.500000,161.951505,338.117258
77.633,167.711374,140.518490,1.500000,176.898313,337.921467
77.647,169.818001,126.248392,1.500000,174.724476,337.863024
77.676,166.258206,126.611189,1.500000,178.136855,337.734835
77.709,151.610450,131.508023,1.500000,192.616710,337.588835
77.739,151.009707,127.610809,1.500000,193.059338,337.451344
77.771,143.743737,128.710535,1.500000,200.158066,337.305916
77.802,151.595976,129.144486,1.500000,192.140578,337.162221
77.835,147.495365,120.588864,1.500000,196.066546,337.010357
77.869,142.517478,109.084158,1.500000,200.854626,336.845308
77.905,153.401779,120.245529,1.500000,189.770075,336.671178
77.946,160.417796,110.246757,1.500000,182.523045,336.470297
77.978,159.248543,108.018540,1.500000,183.511447,336.313035
78.011,171.034778,106.113440,1.500000,171.531414,336.144515
78.044,169.898112,97.795820,1.500000,172.476794,335.978179
78.076,178.465738,90.696095,1.500000,163.715774,335.810011
78.105,184.692464,77.573327,1.500000,157.318489,335.661698
78.143,194.398312,85.471934,1.500000,147.377724,335.457423
78.176,191.148104,72.816365,1.500000,150.424254,335.280311
78.209,208.035942,85.068617,1.500000,133.332903,335.103343
78.247,214.046173,69.558381,1.500000,127.083878,334.895697
78.274,218.461489,78.328182,1.500000,122.493945,334.743856
78.309,221.827819,89.030060,1.500000,118.903764,334.549203
78.339,219.314634,72.509778,1.500000,121.214694,334.373329
78.366,231.811338,89.230066,1.500000,108.541025,334.219446
78.396,237.554943,73.289894,1.500000,102.596029,334.044323
78.427,249.217153,77.958987,1.500000,90.726889,333.864384
78.459,255.729148,92.371367,1.500000,83.995824,333.673889
78.497,268.139160,81.207938,1.500000,71.326279,333.448208
78.532,278.850846,62.434160,1.500000,60.369985,333.235505
78.567,267.388015,72.751304,1.500000,71.586770,333.021552
78.602,301.341280,85.688308,1.500000,37.386808,332.807033
78.630,303.004606,65.667529,1.500000,35.521634,332.631513
78.658,323.246142,85.192199,1.500000,15.075898,332.453948
78.687,310.843802,66.594896,1.500000,27.263743,332.267431
78.719,325.382602,70.544593,1.500000,12.489718,332.062887
78.751,338.577457,90.806630,0.358102,-0.944968,331.854338
78.785,344.660593,69.055540,-1.500000,-7.283114,331.632590
78.819,355.348760,71.853573,-1.500000,-18.228690,331.408756
78.852,349.008974,68.285078,-1.500000,-12.142408,331.188318
78.898,354.964252,68.592573,-1.500000,-18.455148,330.877482
78.929,371.296566,71.446941,-1.500000,-35.025687,330.670330
78.967,386.396871,66.391809,-1.500000,-50.431090,330.405027
78.997,403.791246,70.699229,-1.500000,-68.056876,330.203799
79.026,420.929223,70.215425,-1.500000,-85.433343,329.996418
79.056,407.690320,68.320670,-1.500000,-72.437875,329.784735
79.095,416.976792,71.427659,-1.500000,-82.042120,329.508410
79.126,426.612142,66.187624,-1.500000,-91.930920,329.288019
79.164,428.221329,65.227431,-1.500000,-93.855070,329.014138
79.195,424.531762,60.816990,-1.500000,-90.427259,328.786525
79.225,386.076144,70.802147,-1.500000,-52.224085,328.567008
79.257,411.343966,69.541779,-1.500000,-77.767055,328.327749
79.289,415.985491,67.725457,-1.500000,-82.682454,328.089597
79.315,383.868452,61.896807,-1.500000,-50.789999,327.894307
79.348,402.195174,66.489447,-1.500000,-69.399464,327.648443
79.382,410.341642,68.418888,-1.500000,-77.847826,327.385927
79.423,391.795394,75.071282,-1.500000,-59.657214,327.076679
79.455,380.361880,60.998659,-1.500000,-48.509514,326.828144
79.493,360.200478,66.397190,-1.500000,-28.692365,326.528794
79.525,371.618336,62.445586,-1.500000,-40.396527,326.279834
79.561,313.274741,66.386179,1.500000,17.621605,325.996823
79.591,327.835278,68.609406,1.500000,2.781645,325.753846
79.617,327.128820,67.865748,1.500000,3.243830,325.541434
79.643,337.294470,65.932840,-1.500000,-7.156029,325.337775
79.673,305.796498,70.344306,1.500000,24.055763,325.088923
79.706,322.355579,71.696314,1.500000,7.195761,324.827252
79.740,319.534992,71.148579,1.500000,9.689940,324.543419
79.773,330.376522,69.633055,-0.267445,-1.462663,324.272921
79.806,318.926253,72.653686,1.500000,9.668754,323.995658
79.841,335.140347,64.762225,-1.500000,-6.876661,323.707553
79.873,318.381152,65.152668,1.500000,9.567429,323.433548
79.904,338.282690,70.717596,-1.500000,-10.636344,323.170736
79.936,316.163183,65.779741,1.500000,11.169297,322.897808
79.964,324.202731,62.826773,1.500000,2.849589,322.654192
79.999,321.581815,63.635004,1.500000,5.125098,322.353838
80.035,329.775512,67.380632,-1.500000,-3.423037,322.045630
80.067,324.649488,66.919937,-0.197488,1.380140,321.764894
80.098,313.808982,68.532704,1.500000,11.906938,321.492105
80.134,331.851137,72.125298,-1.500000,-6.497577,321.177009
80.158,330.942044,70.277280,-1.500000,-5.832665,320.964677
80.198,310.350119,65.870738,1.500000,14.344644,320.604142
80.226,310.153875,67.083102,1.500000,14.249739,320.350968
80.259,320.892902,70.505118,1.500000,3.170156,320.054833
80.287,330.508652,63.560586,-1.500000,-6.733927,319.804109
80.321,342.299189,66.702726,-1.500000,-18.876992,319.497562
80.356,311.935360,63.633739,1.500000,11.114305,319.173621
80.389,317.755391,65.187863,1.500000,4.951957,318.875955
80.418,334.963507,63.775684,-1.500000,-12.570107,318.602956
80.456,335.660430,65.309577,-1.500000,-13.676119,318.247227
80.487,323.256467,66.589556,-1.500000,-1.600210,317.961963
80.519,314.407290,66.561801,1.500000,6.907013,317.664611
80.552,317.637691,65.297223,1.500000,3.318857,317.353520
80.582,316.275419,72.719369,1.500000,4.350217,317.065770
80.613,321.376141,69.435937,0.185712,-1.087636,316.772612
80.647,327.586203,62.000842,-1.500000,-7.666170,316.452203
80.680,326.010698,67.051933,-1.500000,-6.458115,316.132681
80.717,313.426576,65.787543,1.500000,5.715545,315.775757
80.748,321.788812,69.535545,-1.500000,-2.983748,315.482664
80.776,312.134821,67.917575,1.500000,6.350906,315.204980
80.808,334.129259,71.830795,-1.500000,-15.998561,314.896258
80.849,331.296191,62.783755,-1.500000,-13.622081,314.499226
80.876,330.788332,62.928036,-1.500000,-13.427701,314.226635
80.908,313.355069,73.465163,1.500000,3.642544,313.910968
80.939,310.798620,63.190342,1.500000,5.855534,313.612308
80.969,319.715460,69.568721,-1.500000,-3.404701,313.313704
81.009,315.267363,66.960086,-1.162671,0.581367,312.911939
81.039,308.170818,69.127948,1.500000,7.331985,312.611133
81.075,310.451134,66.158427,1.500000,4.636018,312.249697
81.108,315.879764,64.285565,0.075080,-1.179194,311.913539
81.135,318.827349,67.259148,-1.500000,-4.437713,311.643162
81.178,309.301657,64.086727,1.500000,4.590691,311.210737
81.215,316.708589,70.855153,-1.500000,-3.248962,310.834458
81.231,308.404767,64.920273,1.500000,4.861998,310.666753
81.260,319.657930,60.170218,-1.500000,-6.732957,310.369541
81.291,301.885724,61.583857,1.500000,10.674698,310.052541
81.322,317.798448,63.981540,-1.500000,-5.605754,309.732778
81.355,307.870210,64.568648,1.500000,3.928710,309.390365
81.389,307.287800,65.237671,1.500000,4.107233,309.039159
81.425,308.575551,69.527142,1.500000,2.395949,308.670870
81.466,319.356603,64.412320,-1.500000,-8.883905,308.237128
81.489,318.053779,69.078792,-1.500000,-7.848678,308.004436
81.519,305.265318,64.564088,1.500000,4.569005,307.682020
81.550,311.002396,61.801288,0.014509,-1.531571,307.365935
81.582,309.550943,64.728483,-0.740661,-0.475355,307.022250
81.617,319.170449,64.065255,-1.500000,-10.520706,306.651951
81.652,315.745827,70.162974,-1.500000,-7.511973,306.290308
81.688,305.739880,67.187133,0.977331,2.050154,305.904378
81.722,313.751278,66.460239,-1.500000,-6.383383,305.537300
81.755,299.897165,67.424680,1.500000,7.076798,305.194750
81.784,304.403098,61.010281,1.500000,2.215366,304.885621
81.810,304.469680,68.237181,1.500000,1.824739,304.603842
81.841,314.549667,68.594924,-1.500000,-8.633380,304.275032
81.871,312.863438,66.109948,-1.500000,-7.318214,303.952369
81.903,300.720196,64.712370,1.500000,4.419325,303.599583
81.939,308.938193,60.700652,-1.500000,-4.242550,303.213602
81.978,302.871912,64.596677,-0.240535,1.344514,302.796892
82.013,295.381782,70.403708,1.500000,8.401565,302.420302
82.045,307.704719,73.117179,-1.500000,-4.322895,302.071151
82.070,293.859424,67.924149,1.500000,9.201362,301.791988
82.099,305.237948,70.452796,-1.202442,-2.538702,301.477605
82.139,288.153437,60.115504,1.500000,14.045604,301.042645
82.166,306.588271,62.100438,-1.500000,-4.729286,300.746943
82.194,302.009164,61.864797,-1.500000,-0.499087,300.443545
82.226,288.142255,64.094437,1.500000,12.960590,300.089430
82.261,286.200547,61.285700,1.500000,14.470172,299.713669
82.299,297.337414,67.170918,1.500000,2.850472,299.293814
82.335,302.166679,67.539332,-1.438496,-2.431808,298.899887
82.361,296.207302,69.068637,1.500000,3.191637,298.607773
82.394,302.427141,66.386458,-1.500000,-3.439324,298.250275
82.429,295.689097,58.915964,1.500000,2.853138,297.862813
82.460,300.882759,68.080226,-1.440895,-2.736043,297.518884
82.493,299.099643,64.530578,-1.500000,-1.367737,297.158179
82.524,293.839046,72.362773,1.500000,3.495762,296.812877
82.555,297.207968,59.033054,1.500000,-0.266504,296.470839
82.591,304.478040,72.347231,-1.500000,-7.993723,296.073319
82.627,297.852898,62.402125,-1.500000,-1.825971,295.675589
82.662,301.131323,69.714262,-1.500000,-5.554215,295.284442
82.689,290.732516,66.599329,1.500000,4.498091,294.983136
82.716,287.261627,65.529513,1.500000,7.624366,294.683473
82.748,301.340048,64.243042,-1.500000,-6.865038,294.326096
82.782,291.033223,64.778752,1.500000,3.006642,293.947709
82.812,296.145623,65.292339,-1.133761,-2.481863,293.620661
82.842,294.507870,61.908842,-1.500000,-1.230044,293.285066
82.874,274.953698,59.013031,1.500000,17.908443,292.923600
82.909,273.799365,67.074994,1.500000,18.623496,292.541619
82.947,299.786777,65.491513,-1.500000,-7.851325,292.117784
82.983,287.338633,71.046827,1.500000,4.138627,291.719357
83.011,294.107170,65.728429,-1.500000,-2.987258,291.408619
83.047,288.452185,66.775302,0.801163,2.206609,291.007647
83.074,282.852414,70.030974,1.500000,7.458906,290.705495
83.107,290.223120,60.859272,1.171174,-0.342489,290.330983
83.139,295.443262,69.298698,-1.500000,-5.970746,289.976101
83.167,291.144332,66.582945,-1.500000,-2.024277,289.669613
83.199,294.086789,71.880959,-1.500000,-5.375357,289.314289
83.240,285.883574,70.291985,1.286488,2.306009,288.860507
83.273,286.959111,70.366340,1.500000,0.806086,288.491475
83.304,282.642964,63.267279,1.500000,4.726781,288.147604
83.338,300.348021,71.435525,-1.500000,-13.410293,287.771937
83.365,291.394444,65.313747,-1.500000,-4.805640,287.468525
83.401,286.453492,64.014330,-1.500000,-0.323851,287.069253
83.437,290.798586,69.225299,-1.500000,-5.118616,286.678234
83.463,281.180549,63.824334,1.500000,4.159917,286.383014
83.494,278.185056,61.615314,1.500000,6.762076,286.040984
83.529,280.209242,65.387630,1.500000,4.295965,285.656702
83.569,282.997589,65.439010,1.500000,1.003773,285.218576
83.598,287.723905,56.050308,-1.500000,-4.095864,284.893948
83.632,279.184661,68.046098,1.500000,4.014131,284.520689
83.661,291.717035,65.002092,-1.500000,-8.884164,284.202496
83.694,287.110954,69.244037,-1.500000,-4.699207,283.836302
83.726,276.131054,70.270027,1.500000,5.879444,283.487390
83.758,289.954388,66.037947,-1.500000,-8.344777,283.138792
83.796,284.188302,65.700131,-1.500000,-3.057010,282.722863
83.823,279.617302,69.249024,-0.072629,1.181222,282.433499
83.854,277.526525,67.728849,1.500000,2.878023,282.090912
83.891,281.553934,67.465105,-0.255222,-1.610989,281.689518
83.925,278.126909,69.682696,1.206993,1.386896,281.316353
83.953,277.975244,65.721935,1.500000,1.186980,281.010630
83.987,289.188621,67.898063,-1.500000,-10.446767,280.645091
84.020,288.442920,71.293223,-1.500000,-10.108419,280.290871
84.057,274.164107,64.024262,1.500000,3.714083,279.894079
84.093,292.804513,65.406785,-1.500000,-15.377358,279.501874
84.125,272.755856,69.342788,1.500000,4.283684,279.164818
84.155,277.969733,69.942631,0.293081,-1.301028,278.842352
84.188,284.640720,63.756799,-1.500000,-8.383432,278.484599
84.217,269.812800,61.016571,1.500000,6.090724,278.176977
84.251,280.007885,72.281284,-1.500000,-4.526608,277.809806
84.281,274.309669,69.491048,-0.884831,0.811304,277.496498
84.311,268.633784,74.728305,1.500000,6.119216,277.176521
84.339,274.490171,67.730551,1.500000,-0.069820,276.887262
84.375,277.839702,63.311538,-1.500000,-3.861048,276.503177
84.406,279.277057,63.968248,-1.500000,-5.673292,276.177187
84.436,272.983962,70.996312,-1.185835,0.259948,275.864270
84.468,263.722834,69.616711,1.500000,9.129386,275.523669
84.508,263.909933,68.043203,1.500000,8.465227,275.108835
84.543,269.213770,66.939008,1.500000,2.747908,274.749286
84.576,282.377367,60.881521,-1.500000,-10.806518,274.409434
84.610,279.650817,68.286263,-1.500000,-8.490900,274.052102
84.658,275.294921,72.816693,-1.500000,-4.698875,273.561778
84.672,262.031013,64.911812,1.500000,8.398073,273.416597
84.704,269.515602,63.032854,1.500000,0.536419,273.088714
84.735,266.800774,72.579861,1.500000,2.895564,272.779424
84.768,268.884347,64.136577,1.500000,0.421638,272.439987
84.798,281.910367,63.409777,-1.500000,-12.949849,272.139581
84.830,274.661812,59.440450,-1.500000,-6.075266,271.814387
84.868,265.374233,71.910560,1.500000,2.773388,271.432714
84.903,279.081156,65.164213,-1.500000,-11.332116,271.086122
84.933,274.607471,64.501476,-1.500000,-7.200335,270.788814
84.965,272.161078,69.545846,-1.500000,-5.127061,270.464363
84.998,261.232181,64.444165,1.500000,5.437709,270.147731
85.032,264.230387,70.523377,1.500000,2.048878,269.808057
85.062,264.852539,66.114064,1.500000,1.089577,269.514883
85.091,275.251602,59.579341,-1.500000,-9.638517,269.228770
85.123,268.991006,68.905994,-1.500000,-3.736480,268.916979
85.160,267.392770,72.485180,-1.500000,-2.549414,268.559440
85.209,261.979990,73.333066,1.310743,2.326082,268.092236
85.238,268.561766,65.586066,-1.500000,-4.570227,267.818729
85.266,260.536569,58.755834,1.500000,3.146352,267.550366
85.303,256.615441,67.300650,1.500000,6.668415,267.203353
85.338,266.094411,68.323340,-1.500000,-3.193543,266.870321
85.364,258.638385,65.342458,1.500000,3.981702,266.626163
85.397,264.485790,70.991559,-0.820798,-2.222859,266.315592
85.428,263.599678,62.622227,-1.500000,-1.664297,266.030766
85.460,267.170402,70.139723,-1.500000,-5.571960,265.737776
85.496,254.672661,65.574699,1.500000,6.544014,265.405804
85.526,260.870893,67.910030,1.500000,0.027814,265.129311
85.563,257.099814,65.568136,1.500000,3.415597,264.796009
85.594,260.684044,68.588390,0.906716,-0.490943,264.515740
85.625,271.748329,68.030359,-1.500000,-11.867559,264.244148
85.666,255.725431,68.664114,1.500000,3.732202,263.876203
85.691,268.205182,68.564681,-1.500000,-9.004226,263.653005
85.721,259.759377,68.056301,-1.500000,-0.857915,263.392576
85.751,261.873246,66.229980,-1.500000,-3.276548,263.127564
85.783,255.947102,65.191782,1.322425,2.335750,262.854654
85.820,255.924428,67.077401,1.500000,1.989610,262.533946
85.851,262.910295,61.786671,-1.500000,-5.302532,262.267620
85.885,259.367690,61.855517,-1.500000,-2.095262,261.976025
85.921,249.582825,71.441653,1.500000,7.344360,261.675814
85.964,253.025566,68.586788,1.500000,3.480770,261.309858
86.405,253.681107,68.629770,0.068975,-1.184246,257.823357
86.429,254.163792,68.441830,-1.500000,-1.875396,257.642084
86.457,256.112554,69.303727,-1.500000,-4.057208,257.439431
86.487,244.835678,68.568266,1.500000,6.969477,257.221875
86.512,255.408119,63.669763,-1.500000,-3.817469,257.035348
86.539,255.286932,67.485664,-1.500000,-3.916173,256.844139
86.566,245.583127,66.314172,1.500000,5.564918,256.650474
86.601,245.616780,63.444329,1.500000,5.241424,256.398438
86.632,252.599767,74.648588,-0.897575,-1.984150,256.187494
86.663,253.230371,64.296198,-1.500000,-2.867116,255.968048
86.695,249.226545,64.815254,-0.499891,0.888320,255.752057
86.729,255.015298,64.860525,-1.500000,-5.168349,255.519086
86.758,238.179857,65.755661,1.500000,11.442647,255.323916
86.791,231.573453,63.415866,1.500000,17.795797,255.103696
86.824,238.853698,72.051489,1.500000,10.263267,254.884318
86.908,246.567305,66.158927,1.500000,1.933409,254.348446
86.942,245.891284,66.812451,1.500000,2.359124,254.130790
86.968,245.104197,62.949347,1.500000,2.957682,253.966851
87.003,254.420569,71.987734,-1.500000,-6.603415,253.754047
87.035,248.066623,65.853231,-1.500000,-0.472332,253.560253
87.061,242.890290,60.661262,1.500000,4.521583,253.401629
87.095,245.187865,71.571851,1.500000,1.997244,253.204443
87.132,256.533390,73.480130,-1.500000,-9.600561,252.985069
87.164,250.870229,62.627416,-1.500000,-4.149725,252.800438
87.201,256.589372,69.779435,-1.500000,-10.110638,252.590204
87.234,244.805769,67.578125,0.264399,1.460142,252.405140
87.260,242.805829,74.932738,1.500000,3.295428,252.261962
87.297,240.881650,58.451610,1.500000,4.992688,252.064641
87.325,245.205550,68.405392,1.500000,0.493691,251.912383
87.360,249.252192,64.225476,-1.500000,-3.767353,251.725947
87.392,254.883227,65.013900,-1.500000,-9.586337,251.562514
87.419,252.437128,63.621328,-1.500000,-7.299304,251.424194
87.454,254.004681,65.491873,-1.500000,-9.071852,251.245939
87.495,243.409648,65.724010,0.059546,1.290609,251.043701
87.526,248.450897,68.229059,-1.500000,-3.918807,250.897470
87.563,236.311233,70.008948,1.500000,8.014332,250.717882
87.589,241.197256,66.869429,1.500000,2.990365,250.597932
87.621,240.505357,64.304347,1.500000,3.512489,250.450300
87.654,249.671145,67.269126,-1.500000,-5.824812,250.301158
87.679,236.605009,71.540194,1.500000,7.116943,250.193001
87.716,237.929872,59.866376,1.500000,5.605345,250.030624
87.748,246.620992,64.663766,-1.500000,-3.241174,249.895494
87.784,244.203557,68.233699,-1.500000,-0.992593,249.748664
87.820,236.349920,63.786041,1.500000,6.693164,249.602682
87.858,247.766349,74.676477,-1.500000,-4.898792,249.450049
87.897,247.132388,62.727386,-1.500000,-4.438678,249.298878
87.924,235.926174,68.139780,1.500000,6.653709,249.199899
87.956,234.350030,68.320536,1.500000,8.093858,249.081642
87.983,239.922980,62.918499,1.500000,2.411018,248.986085
88.014,254.253154,63.618871,-1.500000,-12.044300,248.877265
88.047,246.053671,65.294283,-1.500000,-3.976605,248.762667
88.086,242.519935,70.296049,-1.500000,-0.590445,248.634339
88.121,236.515255,62.594213,1.500000,5.284610,248.521622
88.159,242.776165,63.772468,0.522630,-1.111056,248.404442
88.188,235.039688,68.633684,1.500000,6.525460,248.317520
88.213,246.556477,63.635427,-1.500000,-5.075453,248.244368
88.248,243.027885,68.975196,-1.500000,-1.662773,248.143576
88.277,239.485140,70.017272,0.661169,1.788503,248.064038
88.307,238.253069,64.152822,1.500000,2.927300,247.982930
88.341,240.902558,63.124071,1.500000,0.178382,247.896469
88.370,241.809287,66.006095,0.519528,-0.811375,247.824271
88.403,251.290051,61.792627,-1.500000,-10.381942,247.746182
88.440,245.347654,68.020398,-1.500000,-4.538035,247.660539
88.471,234.297812,67.688466,1.500000,6.435527,247.594208
88.507,238.591194,64.830826,1.500000,2.054926,247.518366
88.539,241.423455,64.698516,0.473747,-0.849262,247.455820
88.570,252.079061,68.009948,-1.500000,-11.573367,247.396256
88.601,247.699784,69.389128,-1.500000,-7.258014,247.340670
88.633,239.055361,73.208151,0.098259,1.322647,247.285224
88.664,244.877464,74.371944,-1.500000,-4.556234,247.235852
88.697,234.755559,65.722882,1.500000,5.507894,247.185611
88.737,244.518592,66.418217,-1.500000,-4.319396,247.129735
88.766,237.136765,71.484424,1.500000,3.019148,247.092098
88.798,238.017033,62.331563,1.500000,2.095052,247.053987
88.830,243.413336,62.639777,-1.500000,-3.341688,247.018824
88.860,240.379917,63.112109,-1.500000,-0.343858,246.987878
88.898,231.163460,66.235274,1.500000,8.833772,246.954115
88.927,242.089934,66.029927,-0.696330,-2.119851,246.930506
88.955,233.116190,67.811139,1.500000,6.830590,246.910244
88.992,240.531110,69.866562,1.029994,-0.610200,246.887748
89.023,245.430110,66.350349,-1.500000,-5.527532,246.871807
89.054,244.510998,66.242941,-1.500000,-4.623626,246.858585
89.086,233.761502,65.034841,1.500000,6.114269,246.848497
89.117,240.150680,69.969446,1.500000,-0.282684,246.841736
89.154,248.119243,69.359764,-1.500000,-8.256086,246.837528
89.189,244.325237,70.991355,-1.500000,-4.462218,246.837408
89.216,235.406530,70.447038,1.500000,4.459529,246.840051
89.253,235.734434,76.190206,1.500000,4.139787,246.847149
89.309,248.805199,68.341457,-1.500000,-8.908801,246.866433
89.327,239.616669,64.979944,-1.500000,0.289120,246.874599
89.356,233.280354,61.078075,1.500000,6.642999,246.889872
89.387,231.494044,67.445660,1.500000,8.451764,246.909398
89.417,236.565636,60.095050,1.500000,3.404667,246.930698
89.454,242.251192,69.666102,-1.213295,-2.245435,246.961528
89.479,245.344869,69.789587,-1.500000,-5.312780,246.984425
89.514,241.696439,68.853389,-1.500000,-1.622489,247.020826
89.546,237.477762,69.731080,1.500000,2.637002,247.056317
89.587,240.618393,71.389648,1.327377,-0.445059,247.107247
89.616,245.644466,72.816798,-1.500000,-5.425276,247.147121
89.648,230.555788,63.144978,1.500000,9.716661,247.193434
89.679,249.131444,63.561929,-1.500000,-8.804592,247.240741
89.714,237.470217,74.736427,1.500000,2.923840,247.299180
89.745,240.121046,65.300822,1.500000,0.336626,247.354498
89.774,240.097890,74.039402,1.500000,0.421781,247.408409
89.802,249.358727,69.041034,-1.500000,-8.777067,247.462313
89.843,246.394220,71.362516,-1.500000,-5.714439,247.547635
89.877,248.787361,63.213606,-1.500000,-8.023094,247.621102
89.906,237.247751,64.621494,1.500000,3.593052,247.687655
89.952,247.127204,62.758424,-1.500000,-6.159391,247.798099
89.974,240.885909,63.690703,-1.500000,0.144340,247.852390
90.002,235.100684,66.132735,1.500000,6.014797,247.926505
90.038,244.120608,65.933230,-1.500000,-2.894011,248.023127
90.070,236.945502,64.653458,1.500000,4.382179,248.111027
90.100,242.054797,63.582298,1.108195,-0.626451,248.198562
90.136,243.279562,69.489018,-1.024195,-1.725212,248.308130
90.170,243.946210,73.422750,-1.500000,-2.270822,248.413382
90.202,241.961652,67.485162,-1.500000,-0.166214,248.517772
90.239,236.049679,68.515288,1.500000,5.884113,248.638080
90.276,240.721260,66.898712,1.500000,1.363255,248.769144
90.295,240.654893,65.652025,1.500000,1.503746,248.833599
90.425,242.592671,69.605650,1.500000,0.133266,249.326901
90.461,247.713269,71.298326,-1.500000,-4.819839,249.472548
90.491,251.558945,69.407834,-1.500000,-8.521623,249.597670
90.520,241.256713,63.847567,0.819058,1.919170,249.718159
90.546,243.338018,68.023394,1.066331,-0.028953,249.833969
90.577,251.436816,62.199608,-1.500000,-7.970799,249.970450
90.604,240.922557,67.121348,1.429801,2.683169,250.091936
90.637,250.194311,73.320400,-1.500000,-6.415530,250.242418
90.666,250.473801,66.061914,-1.500000,-6.537277,250.379586
90.698,245.946624,67.194288,-1.500000,-1.830267,250.535963
90.730,235.011227,63.414410,1.500000,9.284944,250.692323
90.770,240.476880,68.280160,1.500000,4.051435,250.894187
90.803,236.424291,62.397910,1.500000,8.295303,251.060517
90.837,248.163858,67.926556,-1.500000,-3.239258,251.238783
90.869,239.097195,71.330201,1.500000,6.026220,251.411665
90.932,246.531181,70.964109,0.646020,-1.008941,251.758470
90.957,251.534235,67.191329,-1.500000,-5.848588,251.900562
90.986,245.097657,71.889808,-0.819926,0.778980,252.066641
91.014,243.726548,66.239089,1.500000,2.337057,252.229222
91.050,242.479136,69.810763,1.500000,3.826428,252.439621
91.071,249.999752,67.861725,-1.500000,-3.550041,252.564966
91.106,240.985434,69.717617,1.500000,5.715524,252.783442
91.138,251.785433,68.880509,-1.500000,-4.861034,252.977738
91.170,251.167135,70.830522,-1.500000,-4.010546,253.179642
91.209,245.954351,69.407866,0.297371,1.487429,253.427635
91.256,246.285799,68.135082,1.500000,1.514446,253.739343
91.283,256.023724,61.689014,-1.500000,-8.016803,253.919062
91.311,246.546201,63.623062,0.162671,1.678202,254.108176
91.339,245.738569,67.968318,1.500000,2.701468,254.295685
91.371,250.159863,72.179127,-0.103517,-1.461733,254.520113
91.397,259.284248,73.260040,-1.500000,-10.373878,254.704670
91.426,254.274647,64.673838,-1.500000,-5.127636,254.910444
91.456,244.250472,62.428613,1.500000,5.142365,255.124206
91.492,248.986500,64.840446,1.500000,0.709715,255.388014
91.574,252.690093,68.890766,-1.271569,-2.293662,255.996897
91.607,247.254760,71.860928,1.500000,3.434301,256.251358
91.634,252.377494,70.764098,0.088120,-1.447637,256.460745
91.664,253.253252,67.665996,-1.500000,-2.055359,256.693820
91.695,258.029893,70.168002,-1.500000,-6.552171,256.937150
91.724,254.806665,64.685964,-1.500000,-3.058406,257.172399
91.754,243.267491,65.889142,1.500000,8.758162,257.413612
91.790,248.008808,65.831082,1.500000,4.348113,257.701671
91.837,256.270003,65.272487,-1.500000,-3.458783,258.096714
91.969,246.078969,68.275225,1.500000,8.035197,259.229710
91.998,254.845477,67.222586,1.326790,-0.445544,259.478202
92.029,252.599896,69.288874,1.500000,2.117373,259.754147
92.061,250.106936,72.624955,1.500000,4.946238,260.046239
92.090,257.348054,68.459994,-0.909299,-1.993852,260.308002
92.119,260.277366,67.359863,-1.500000,-4.622637,260.569330
92.150,254.734629,72.005133,-0.054757,1.255526,260.861004
92.182,256.078542,67.992421,0.423797,0.250487,261.155678
92.213,261.791672,66.026412,-1.500000,-5.128120,261.446567
92.247,252.396750,63.305073,1.500000,4.637517,261.768928
92.279,253.047711,64.107548,1.500000,4.338934,262.075343
92.313,265.240086,62.819983,-1.500000,-7.465940,262.412301
92.346,264.654166,65.100757,-1.500000,-6.513300,262.731188
92.378,257.093372,68.211604,0.212302,1.417027,263.052521
92.410,262.130884,64.289991,-1.500000,-3.261271,263.364881
92.442,252.474111,67.779328,1.500000,6.768451,263.689185
92.473,255.251804,66.608919,1.500000,4.352674,264.003894
92.504,270.514383,68.285730,-1.500000,-10.543461,264.322541
92.543,263.798601,67.784407,-1.500000,-3.372776,264.718109
92.576,259.478907,68.549055,0.132132,1.350680,265.069206
92.609,255.650081,64.484851,1.500000,5.571637,265.410189
92.639,258.914814,69.319368,1.500000,2.675438,265.730654
92.707,264.345952,69.224603,-0.824985,-1.924075,266.453806
92.738,259.588276,74.172504,1.500000,3.221503,266.791112
92.824,268.240294,67.545625,-1.500000,-4.343633,267.736227
92.851,265.587749,63.198429,-1.500000,-1.343073,268.038849
92.881,264.204373,66.992253,-0.980326,0.430025,268.377737
92.909,259.005815,65.012778,1.500000,5.995555,268.696843
92.933,260.856043,59.368576,1.500000,4.458156,268.968868
92.959,274.217570,68.159278,-1.500000,-8.561510,269.266139
92.987,263.025363,65.592003,1.500000,3.003046,269.589921
93.017,268.663038,70.552228,-0.838328,-2.237366,269.935367
93.056,271.048330,69.698288,-1.500000,-4.104754,270.385719
93.078,265.207550,73.954504,0.875045,2.032167,270.643232
93.117,276.853644,67.557883,-1.500000,-9.089320,271.099412
93.148,272.949852,62.678566,-1.500000,-4.750916,271.477336
93.183,265.590666,69.699500,1.500000,3.078914,271.886591
93.216,262.518691,68.019814,1.500000,6.618959,272.293609
93.245,268.114979,68.215508,1.500000,1.424192,272.642757
93.274,275.786665,62.914368,-1.500000,-5.851519,272.987084
93.305,265.637662,71.039987,1.500000,4.738325,273.370424
93.337,273.971005,68.568741,-1.500000,-3.137755,273.768043
93.377,266.507554,69.589098,1.500000,4.895912,274.263883
93.404,275.687678,64.675750,-1.500000,-3.891091,274.605728
93.444,274.021279,65.347625,-1.500000,-1.658993,275.097640
93.478,272.806948,70.299875,-1.427958,0.059570,275.536103
93.510,262.867020,65.051830,1.500000,10.460563,275.937029
93.542,271.399700,66.140752,1.500000,2.402296,276.349561
93.568,270.618536,60.661299,1.500000,3.570367,276.686003
93.597,273.649819,68.972062,1.500000,0.968983,277.059828
93.630,283.593712,64.002774,-1.500000,-8.485563,277.485346
93.663,278.736950,69.194326,-1.500000,-3.137971,277.912156
93.699,272.848358,66.160314,1.500000,3.299145,278.389133
93.735,287.177491,63.922710,-1.500000,-10.491805,278.857119
93.770,274.889493,69.673219,0.950405,2.330120,279.321402
93.797,285.022168,65.035295,-1.500000,-7.380423,279.688474
93.828,277.771094,59.585114,-1.378770,0.347155,280.102825
93.860,272.727675,62.847396,1.500000,5.888206,280.535548
93.895,276.749498,62.498883,1.500000,2.414995,281.012603
93.922,283.521137,64.120217,-1.500000,-3.935122,281.379144
93.956,287.264168,67.628056,-1.500000,-7.157914,281.831525
94.098,275.374328,67.861417,1.500000,6.998786,283.802708
94.122,278.973940,68.719957,1.500000,3.773537,284.128240
94.160,280.335817,72.229688,1.500000,3.037864,284.672766
94.188,289.922703,65.881171,-1.500000,-6.108173,285.056113
94.214,289.555385,69.592910,-1.500000,-5.310447,285.430380
94.246,288.115002,70.792659,-1.500000,-3.341058,285.890386
94.279,287.893132,66.249252,-1.500000,-2.592671,286.348227
94.317,277.113994,69.056555,1.500000,8.811933,286.892110
94.348,275.097623,63.688956,1.500000,11.344483,287.340961
94.380,288.146406,67.511528,0.083033,-1.172612,287.803300
94.414,282.138796,64.669902,1.500000,5.398599,288.293387
94.448,293.116285,68.303127,-1.500000,-5.012487,288.785911
94.477,286.801019,73.378191,0.309598,1.799797,289.218101
94.511,289.658578,69.883428,-0.055566,-0.484471,289.716615
94.539,291.748591,73.382589,-1.500000,-2.109240,290.121175
94.568,287.034734,67.663333,1.500000,3.099186,290.551235
94.605,299.849571,61.192573,-1.500000,-9.093597,291.092151
94.704,292.243824,70.246890,-1.500000,0.200943,292.560667
94.727,288.616702,64.098404,1.500000,4.226209,292.906879
94.760,283.868202,63.042075,1.500000,9.549835,293.406989
94.791,298.869202,73.529241,-1.500000,-4.915587,293.872709
94.830,289.992169,71.489901,1.500000,4.644489,294.466659
94.856,295.367986,72.962483,1.500000,-0.279167,294.859842
94.886,298.532541,67.016101,-1.500000,-2.930488,295.306134
94.914,297.257691,67.224465,-1.500000,-1.164372,295.733321
94.948,296.158524,70.550381,-0.864064,0.526242,296.247622
94.975,287.782492,75.688644,1.500000,9.388896,296.670773
95.007,297.841393,63.346051,1.500000,-0.100393,297.166087
95.038,301.677614,74.333308,-1.500000,-3.399425,297.633208
95.072,305.016216,63.326272,-1.500000,-6.127511,298.164091
95.111,294.725129,63.320802,1.500000,4.847774,298.759046
95.144,301.637153,69.097585,0.079935,-1.477425,299.269329
95.174,298.477953,64.574891,1.500000,2.216279,299.734115
95.205,309.987045,60.853388,-1.500000,-8.741735,300.213313
95.238,296.698538,63.114532,1.500000,5.142066,300.730960
95.293,302.312084,64.492538,1.500000,0.513770,301.587699
95.313,310.317848,68.223593,-1.500000,-7.124796,301.907002
95.341,303.777516,68.384580,-1.500000,-0.071550,302.353014
95.376,306.302503,68.689097,-1.500000,-1.974167,302.894205
95.401,298.730189,71.478061,1.500000,6.048682,303.285975
95.439,305.868226,71.848003,1.380071,-0.401450,303.884153
95.468,303.102954,78.024128,1.500000,2.907635,304.357034
95.498,312.393154,68.433612,-1.500000,-5.847999,304.821874
95.531,319.794311,64.134967,-1.500000,-12.639250,305.352227
95.561,312.321463,69.906124,-1.500000,-4.620403,305.827009
95.594,301.274545,71.200766,1.500000,7.024337,306.346854
95.627,313.057003,72.969699,-1.500000,-4.152306,306.873649
95.660,309.080754,70.974925,-1.337828,0.436409,307.406229
95.698,292.685038,75.321601,1.500000,17.528350,308.011641
95.726,304.674130,65.003249,1.500000,6.062167,308.466345
95.759,302.093142,59.629992,1.500000,9.244461,308.989220
95.787,313.496704,66.040046,-0.480651,-1.639109,309.441386
95.818,312.630556,65.530819,-0.958391,-0.195871,309.943204
95.925,307.870354,62.019162,1.500000,6.541453,311.662441
95.961,322.001459,63.045015,-1.500000,-6.932108,312.234218
95.991,317.391852,66.389575,-1.500000,-1.754616,312.728032
96.020,304.967291,60.996648,1.500000,11.208221,313.196098
96.051,315.976096,73.493422,1.500000,0.767395,313.689992
96.083,316.486583,66.847474,1.500000,0.858796,314.213372
96.112,321.960102,73.709584,-1.500000,-4.073947,314.683614
96.142,327.685195,67.312453,-1.500000,-9.231597,315.177041
96.174,332.446713,67.222285,-1.500000,-13.408863,315.685086
96.206,311.093487,62.959721,1.500000,8.553841,316.215068
96.249,311.751518,66.536225,1.500000,8.703797,316.917665
96.274,321.181045,67.563619,1.177773,-0.266620,317.316891
96.315,325.536322,65.141330,-1.500000,-3.860874,317.978651
96.346,326.880194,60.161912,-1.500000,-4.619169,318.487847
96.385,329.454669,66.458566,-1.500000,-6.471764,319.115570
96.409,334.348553,68.281585,-1.500000,-10.910323,319.511504
96.438,306.203633,68.434914,1.500000,17.779745,319.985546
96.467,311.740933,67.414504,1.500000,12.789070,320.460872
96.498,327.571375,69.540303,-1.487518,-2.472379,320.955649
96.535,306.394663,64.935090,1.500000,19.406466,321.566198
96.566,324.267709,66.774420,1.500000,2.112914,322.070107
96.599,314.262278,65.437425,1.500000,12.732492,322.604148
96.637,322.844402,67.410992,1.500000,4.861862,323.222838
96.667,331.511235,72.258075,-1.500000,-3.236684,323.717001
96.706,338.102369,61.022040,-1.500000,-9.101279,324.348774
96.745,329.006105,64.355442,-0.634326,0.716370,324.976065
96.772,341.459047,70.811698,-1.500000,-11.218488,325.426573
96.802,336.872473,72.849573,-1.500000,-6.075433,325.910469
96.831,315.395307,64.282836,1.500000,15.944122,326.382112
96.863,337.530595,60.413331,-1.500000,-5.598776,326.897234
96.893,315.028101,66.775461,1.500000,17.471181,327.390681
96.916,337.201131,63.036739,-1.500000,-4.268151,327.767809
96.950,324.305699,68.941239,1.500000,9.253983,328.312767
96.978,327.139847,70.751609,1.500000,6.931695,328.757863
97.013,338.712878,62.089608,-1.500000,-3.985775,329.327916
97.044,328.454529,65.618430,1.500000,6.846809,329.827250
97.074,322.543320,71.801595,1.500000,13.321960,330.317635
97.107,333.159976,66.092096,1.500000,3.323639,330.855317
97.143,350.609035,63.122651,-1.500000,-13.458756,331.435025
97.177,340.038345,66.734782,-1.500000,-2.265304,331.976557
97.210,344.692549,70.868435,-1.500000,-6.313561,332.503468
97.246,340.105630,72.950590,-1.500000,-1.046139,333.095209
97.277,329.618163,66.991164,1.500000,10.016065,333.594981
97.311,344.483165,73.529027,-1.500000,-4.227840,334.135066
97.345,321.487384,68.869870,1.500000,19.383219,334.670089
97.370,336.570774,67.926438,1.500000,4.772848,335.081411
97.402,333.437634,70.014539,1.500000,8.484344,335.584328
97.435,342.404884,66.887728,1.500000,0.129854,336.117164
97.468,349.323681,69.357897,-1.500000,-6.184165,336.643057
97.507,345.316187,66.541306,-1.500000,-1.470925,337.256749
97.544,345.779569,67.742753,-1.500000,-1.248152,337.853407
97.572,341.741859,62.549067,1.500000,3.290894,338.289350
97.605,341.648164,59.463979,1.500000,3.988353,338.814362
97.639,351.850417,68.965290,-1.500000,-5.608951,339.340406
97.666,352.335542,73.290066,-1.500000,-5.602173,339.768147
97.699,347.904525,67.250190,-1.500000,-0.561222,340.298524
97.732,341.309552,66.146826,1.500000,6.620332,340.808595
97.764,342.174976,65.847223,1.500000,6.325737,341.304968
97.801,350.902664,63.731865,-0.585838,-1.726161,341.892612
97.840,339.145520,61.333665,1.500000,10.721806,342.493327
97.870,341.241205,64.030450,1.500000,9.163683,342.960772
97.907,359.573246,70.539660,-1.500000,-8.510531,343.532795
97.940,346.642362,71.709876,1.500000,5.006379,344.042384
97.964,362.140032,76.220492,-1.500000,-10.055123,344.421660
98.002,347.934186,65.749092,1.500000,4.821499,345.004944
98.028,359.281509,68.436657,-1.500000,-6.068759,345.402391
98.058,362.836364,65.829002,-1.500000,-9.093259,345.863569
98.093,348.058988,70.113786,1.500000,6.295400,346.395120
98.133,365.804808,67.271207,-1.500000,-10.760375,346.995159
98.167,340.406495,61.715847,1.500000,15.237375,347.516409
98.199,390.662253,69.598964,-1.500000,-34.458627,348.003153
98.232,358.709651,67.617384,-1.500000,-1.942915,348.492814
98.266,345.435001,67.892404,1.500000,11.931639,349.014470
98.295,360.323033,66.545708,-1.109260,-2.461586,349.444736
98.330,353.143739,68.817735,1.500000,5.314648,349.963814
98.355,370.202475,74.587939,-1.500000,-11.305550,350.345152
98.387,362.542454,72.048693,-1.500000,-3.110332,350.810541
98.418,352.977575,67.991886,1.500000,6.989123,351.275390
98.454,351.701423,69.065641,1.500000,8.872301,351.803238
98.491,371.974402,68.154112,-1.500000,-10.771583,352.350278
98.524,362.564314,68.869295,-1.500000,-0.808187,352.831415
98.559,351.377609,66.313359,1.500000,10.965577,353.341900
98.588,373.026041,68.533303,-1.500000,-10.196597,353.764734
98.626,348.376317,70.195397,1.500000,15.088902,354.317582
98.654,356.198695,63.509223,1.500000,7.722724,354.714277
98.689,364.317041,67.044526,1.500000,0.183064,355.217483
98.712,376.622015,62.163030,-1.500000,-11.745939,355.544414
98.742,372.349521,70.848712,-1.500000,-6.981666,355.972048
98.776,361.373233,69.916961,1.500000,4.556047,356.460243
98.814,378.155961,68.349366,-1.500000,-11.614181,356.992852
98.858,361.837611,65.044438,1.500000,5.412682,357.608950
98.887,366.993576,69.223963,1.500000,0.731789,358.022057
98.937,366.336424,68.758700,1.500000,2.190241,358.718840
98.963,367.329287,70.484329,1.500000,1.595940,359.065415
98.988,391.655081,70.154178,-1.500000,-22.331223,359.412051
99.015,374.709330,66.944361,-1.500000,-4.958644,359.783206
99.043,377.951169,64.866906,-1.500000,-7.757931,360.168033
99.186,376.337802,67.530007,-1.500000,-3.925404,362.097737
99.215,376.784618,64.241352,-1.500000,-3.921954,362.489274
99.250,387.234991,73.509795,-1.500000,-13.850382,362.943138
99.273,356.738320,68.857340,1.500000,17.005459,363.255460
99.298,369.869924,68.934274,1.500000,4.241869,363.575472
99.323,362.352878,70.060877,1.500000,12.130457,363.898552
99.350,376.710460,64.329103,-0.691665,-1.813741,364.258016
99.378,381.611173,69.988225,-1.500000,-6.297643,364.620461
99.411,376.485718,68.124130,-1.500000,-0.686105,365.043142
99.442,353.923939,62.174238,1.500000,22.328522,365.436922
99.475,382.718152,59.779871,-1.500000,-5.976844,365.862007
99.502,375.546834,75.609791,0.047483,1.582874,366.199747
99.540,376.114735,67.419182,1.500000,1.560281,366.673927
99.573,358.131239,66.324088,1.500000,20.026087,367.093327
99.603,362.635156,72.372575,1.500000,15.938986,367.455775
99.633,390.837297,66.220418,-1.500000,-11.830267,367.832200
99.666,360.839356,72.764119,1.500000,18.635954,368.239400
99.702,366.668472,68.580242,1.500000,13.303211,368.671029
99.737,378.647311,69.049931,1.500000,1.815499,369.098095
99.775,388.274326,68.256324,-1.500000,-7.295115,369.547140
99.802,372.509305,64.918849,1.500000,8.848756,369.876575
99.831,369.359235,66.336891,1.500000,12.385663,370.212955
99.856,418.041312,67.872154,-1.500000,-35.959006,370.506352
99.887,387.962718,72.021856,-1.500000,-5.458253,370.873448
99.922,402.644243,64.367127,-1.500000,-19.679952,371.273297
99.952,373.637675,63.953502,1.500000,9.729693,371.623798
99.983,410.030750,72.693133,-1.500000,-26.254003,371.979780
100.017,395.325845,68.352176,-1.500000,-11.109312,372.362202
100.051,404.182357,70.732659,-1.500000,-19.527940,372.742971
100.084,369.187603,68.315328,1.500000,15.890622,373.111500
100.117,406.286699,70.345358,-1.500000,-20.795946,373.470220
100.148,385.475041,73.065580,-1.375258,0.405433,373.809108
100.177,398.765714,68.303040,-1.500000,-12.514838,374.131196
100.210,393.572705,71.714503,-1.500000,-6.912849,374.486831
100.251,363.903365,63.840474,1.500000,23.252435,374.918087
100.278,378.837782,66.441921,1.500000,8.646925,375.204093
100.310,361.662745,67.356647,1.500000,26.218889,375.549247
100.342,381.851522,68.925609,1.500000,6.405866,375.875989
100.372,370.289001,66.383594,1.500000,18.323202,376.184525
100.403,394.131689,71.195177,-1.500000,-5.150849,376.505078
100.445,369.152412,64.892052,1.500000,20.314116,376.927416
100.472,394.535979,69.106079,-1.500000,-4.759176,377.197220
100.509,397.422096,66.439590,-1.500000,-7.221893,377.565394
100.544,381.034652,63.720609,1.500000,9.556385,377.905250
100.572,364.876530,68.839067,1.500000,26.030355,378.179900
100.602,387.086164,64.877793,1.500000,4.149839,378.466089
100.635,405.993467,69.332251,-1.500000,-14.397849,378.778798
100.670,376.771098,66.915459,1.500000,15.202178,379.107197
100.702,380.470493,60.392912,1.500000,11.848892,379.408161
100.732,409.314477,63.987501,-1.500000,-16.675503,379.686064
100.764,407.038183,69.650737,-1.500000,-14.062410,379.978933
100.799,410.477852,68.234742,-1.500000,-17.146233,380.288365
100.838,396.745675,68.268402,-1.500000,-3.008068,380.641397
100.874,404.807122,73.296001,-1.500000,-10.714611,380.950009
100.906,398.614909,66.649582,-1.500000,-4.200577,381.229854
100.935,403.653708,64.308385,-1.500000,-8.955627,381.476593
100.966,375.866173,64.686557,1.500000,19.136184,381.741180
101.000,359.120180,71.206330,1.500000,36.208381,382.024835
101.033,384.362085,63.223846,1.500000,11.276963,382.294825
101.064,394.148275,66.572751,1.500000,1.785592,382.551189
101.102,392.347081,70.289985,1.500000,3.931976,382.851355
101.132,398.203479,63.625791,-0.489225,-1.646205,383.093282
101.165,387.815062,66.133100,1.500000,9.037410,383.349976
101.195,395.941175,66.299475,1.500000,1.173925,383.578348
101.227,394.602868,65.027749,1.500000,2.791810,383.821460
101.256,414.640373,64.654139,-1.500000,-16.994580,384.039820
101.290,431.517385,71.785599,-1.500000,-33.585333,384.288741
101.323,405.485350,66.699991,-1.500000,-7.280102,384.526302
101.363,415.747710,64.988171,-1.500000,-17.216022,384.810164
101.401,397.209851,72.636430,0.472992,1.632771,385.080541
101.427,419.851271,68.671365,-1.500000,-20.804588,385.257986
101.465,394.863836,73.462221,1.500000,4.479314,385.515782
101.493,400.309507,70.120020,0.954377,-0.753749,385.700659
101.524,422.789458,67.784770,-1.500000,-23.004543,385.899927
101.555,416.877435,64.855373,-1.500000,-16.856606,386.105069
101.586,394.995424,65.130770,1.500000,5.251143,386.301362
101.620,424.396177,63.711192,-1.500000,-23.911904,386.508064
101.655,420.063012,71.901630,-1.500000,-19.329406,386.724875
101.687,389.402125,69.915506,1.500000,11.545081,386.910614
101.718,378.599049,67.843425,1.500000,22.558461,387.093486
101.753,411.573439,63.668102,-1.500000,-10.184670,387.294583
101.789,414.581675,62.324588,-1.500000,-12.963462,387.494098
101.821,400.705419,71.884044,-0.152101,1.115453,387.670323
101.853,384.422961,69.585876,1.500000,17.594245,387.841049
101.879,399.134630,64.610613,1.500000,3.042418,387.980042
101.912,396.742934,64.673304,1.500000,5.627058,388.147820
101.947,404.654251,68.334179,-1.015353,-2.081621,388.324026
101.986,379.324490,70.507954,1.500000,23.467409,388.514695
102.022,403.955110,63.853795,0.639817,-0.965246,388.686838
102.055,398.899202,69.740406,1.500000,4.264739,388.838210
102.088,421.463178,71.558120,-1.500000,-18.127678,388.987392
102.120,403.581610,70.182965,-1.500000,-0.086501,389.126181
102.150,413.324897,64.510734,-1.500000,-9.681642,389.255004
102.185,386.412047,62.726077,1.500000,17.395339,389.397727
102.215,403.350684,62.272449,1.500000,0.595621,389.518526
102.243,417.645161,63.953384,-1.500000,-13.574062,389.627043
102.276,410.874081,68.645881,-1.500000,-6.657336,389.753692
102.310,422.648657,65.662157,-1.500000,-18.288313,389.878560
102.343,408.276271,66.321248,-1.500000,-3.785877,389.991647
102.383,399.394658,64.197938,1.500000,5.251802,390.127356
102.413,388.009156,70.637919,1.500000,16.749837,390.225211
102.442,407.537738,63.117178,-1.500000,-2.672804,390.317334
102.472,383.345598,67.943955,1.500000,21.623312,390.407748
102.510,387.509176,70.079038,1.500000,17.586346,390.517845
102.535,406.287020,64.557552,0.155787,-1.112402,390.586624
102.566,403.247615,71.238590,1.500000,2.023600,390.670622
102.598,420.957330,67.883157,-1.500000,-15.593580,390.751087
102.635,393.759634,64.643393,1.500000,11.705685,390.839408
102.671,406.831796,66.052649,0.329523,-1.270869,390.922545
102.701,416.399759,61.921454,-1.500000,-10.765700,390.986138
102.736,430.959855,66.744351,-1.500000,-25.245039,391.056362
102.767,414.097235,66.799162,-1.500000,-8.315639,391.114432
102.799,397.454784,65.687342,1.500000,8.391686,391.170844
102.831,422.797616,75.245144,-1.500000,-16.891190,391.222980
102.864,400.308968,64.173806,1.500000,5.655006,391.273021
102.895,415.677250,66.151223,-1.500000,-9.663725,391.316109
102.926,406.716115,69.290050,-1.500000,-0.658454,391.354488
102.958,409.538898,63.325414,-1.500000,-3.438483,391.391666
102.993,379.238044,71.458090,1.500000,26.902189,391.426289
103.026,405.885304,62.772022,1.500000,0.288193,391.455215
103.059,373.511614,71.759520,1.500000,32.689472,391.479205
103.092,388.817218,74.763896,1.500000,17.407401,391.499668
103.125,407.390915,67.554498,0.112096,-1.148560,391.515091
103.158,404.848014,66.130716,1.500000,1.407701,391.526709
103.187,420.956570,70.985613,-1.500000,-14.693367,391.533220
103.216,408.540246,61.960107,-1.500000,-2.273440,391.536352
103.250,415.111340,68.764966,-1.500000,-8.845132,391.535833
103.286,386.679891,65.113342,1.500000,19.579778,391.530147
103.319,401.076688,68.489755,1.500000,5.172127,391.520708
103.353,393.419428,67.792912,1.500000,12.812849,391.506328
103.392,411.170998,67.090482,-1.500000,-4.964063,391.484291
103.426,436.589387,63.124714,-1.500000,-30.410976,391.459488
103.460,410.483273,60.853192,-1.500000,-4.337261,391.431314
103.486,401.124128,64.698021,1.500000,4.992136,391.405446
103.513,415.937576,66.079535,-1.500000,-9.854882,391.376256
103.551,400.014028,67.268432,1.500000,6.016427,391.330831
103.587,404.520426,67.171485,1.500000,1.454529,391.282570
103.612,411.002016,66.106551,-1.500000,-5.069065,391.246044
103.649,415.120610,69.821535,-1.500000,-9.255628,391.186940
103.681,395.474037,62.191056,1.500000,10.327345,391.131636
103.716,410.349712,64.000029,-1.500000,-4.623144,391.066581
103.743,400.802471,64.866969,1.500000,4.862501,391.013020
103.782,418.166955,68.142540,-1.500000,-12.597756,390.929738
103.810,402.078192,69.358087,1.500000,3.418816,390.866963
103.842,402.585827,67.198592,1.500000,2.822241,390.789625
103.875,403.742333,65.578316,1.500000,1.572838,390.708845
103.906,438.376400,65.617394,-1.500000,-33.154660,390.627600
103.938,414.425511,69.012288,-1.500000,-9.306049,390.538663
103.970,416.104382,66.502097,-1.500000,-11.089773,390.447486
104.009,406.059867,67.612583,-1.500000,-1.183852,390.326969
104.045,402.686688,63.116847,0.990977,2.061448,390.215771
104.075,424.674142,67.830077,-1.500000,-20.041823,390.115060
104.105,393.798872,65.258455,1.500000,10.715313,390.012335
104.135,393.950910,65.040451,1.500000,10.441523,389.906464
104.164,398.746260,71.548459,1.500000,5.523484,389.799777
104.199,410.077394,64.217150,-1.500000,-5.956695,389.670173
104.231,394.132139,65.535181,1.500000,9.843754,389.544255
104.262,397.494906,67.408999,1.500000,6.334506,389.416880
104.298,404.720691,66.857359,0.215966,-1.062598,389.267907
104.331,398.655177,66.220442,1.500000,4.842286,389.128228
104.367,427.934123,63.514423,-1.500000,-24.620010,388.968794
104.400,430.420289,67.455774,-1.500000,-27.281491,388.816346
104.428,404.099891,67.956740,-1.500000,-1.111900,388.685210
104.458,426.468721,71.439346,-1.500000,-23.647151,388.540496
104.491,433.749456,71.415518,-1.500000,-31.112229,388.380198
104.523,412.295046,68.534335,-1.500000,-9.845297,388.217173
104.556,384.826477,67.940253,1.500000,17.426744,388.046279
104.590,388.750853,71.603817,1.500000,13.293119,387.864324
104.624,393.089229,69.157866,1.500000,8.741556,387.678943
104.658,407.148520,67.803570,-1.500000,-5.537640,387.487722
104.691,386.245925,64.148614,1.500000,15.149450,387.300326
104.717,384.826215,66.490234,1.500000,16.398085,387.151565
104.750,407.960961,71.630827,-1.500000,-6.960676,386.956769
104.779,385.515994,62.241454,1.500000,15.279662,386.778831
104.810,420.864107,62.261261,-1.500000,-20.288179,386.587764
104.842,400.500360,60.735206,-1.500000,-0.152951,386.389051
104.875,384.121032,58.427146,1.500000,15.983238,386.177626
104.908,404.033597,64.877685,-1.500000,-4.180290,385.959397
104.943,393.892356,65.494685,1.500000,5.697158,385.730012
104.981,397.186992,71.571717,1.500000,2.103342,385.469856
105.014,419.728372,65.309034,-1.500000,-20.697147,385.244543
105.046,387.517143,72.556453,1.500000,11.253663,385.018092
105.076,423.440995,62.770691,-1.500000,-24.919957,384.800902
105.103,402.096570,68.537909,-1.500000,-3.797853,384.607580
105.136,392.530715,67.595999,1.500000,5.483090,384.359830
105.167,395.177828,61.429648,1.500000,2.567906,384.126725
105.198,416.282201,63.698060,-1.500000,-18.804465,383.893683
105.238,417.649837,64.383749,-1.500000,-20.532960,383.579893
105.274,397.007995,67.196731,-1.500000,-0.213695,383.299392
105.305,381.423530,65.855900,1.500000,15.082407,383.048641
105.339,381.583945,74.131010,1.500000,14.602116,382.770488
105.363,395.687315,68.728665,1.500000,0.273542,382.574658
105.400,411.700209,66.194300,-1.500000,-16.097300,382.263399
105.434,420.955992,66.235766,-1.500000,-25.683085,381.976441
105.462,383.115986,69.758566,1.500000,11.879069,381.734830
105.496,377.148440,66.635491,1.500000,17.512397,381.444206
105.525,397.589717,65.922244,-1.500000,-3.225849,381.185973
105.563,405.381890,64.079544,-1.500000,-11.408831,380.846138
105.593,386.886602,64.994007,1.500000,6.777504,380.577484
105.628,385.685186,70.493433,1.500000,7.608385,380.255279
105.664,410.963399,72.261151,-1.500000,-18.061974,379.914283
105.694,389.072080,66.389520,1.500000,3.505629,379.632790
105.727,409.722729,70.133989,-1.500000,-17.501103,379.323153
105.756,390.700076,65.459683,-0.418923,1.196883,379.040834
105.787,387.419735,71.285901,1.500000,4.135194,378.743417
105.820,398.748565,66.194029,-1.500000,-7.577150,378.409925
105.865,400.058503,62.265963,-1.500000,-9.396077,377.967326
105.905,401.993559,64.483818,-1.500000,-11.804520,377.555686
105.934,398.097757,61.622546,-1.500000,-8.252051,377.257135
105.970,364.304095,66.314453,1.500000,25.113254,376.884651
105.994,381.607885,67.559155,1.500000,7.529562,376.641258
106.025,375.963981,68.639540,1.500000,12.788431,376.306445
106.059,386.313961,65.720732,1.500000,2.021934,375.944257
106.088,410.627471,64.743338,-1.500000,-22.642389,375.639202
106.118,389.445448,69.684329,-1.500000,-1.833519,375.314721
106.149,398.763661,69.629378,-1.500000,-11.547648,374.970446
106.186,375.263213,70.869488,1.500000,11.476805,374.556537
106.222,373.293306,69.383263,1.500000,12.990271,374.159632
106.254,389.003220,71.202603,-1.500000,-3.133148,373.800063
106.285,369.311316,71.632859,1.500000,16.150886,373.445394
106.319,380.854828,66.280786,1.500000,4.148910,373.046729
106.353,384.559513,63.414640,1.497954,-0.001643,372.659018
106.386,399.149595,65.623109,-1.500000,-15.039748,372.269432
106.411,376.114694,61.576971,1.500000,7.652859,371.971785
106.443,373.568542,67.998211,1.500000,9.768383,371.597326
106.477,392.522037,72.856662,-1.500000,-9.664498,371.180468
106.519,386.589911,66.936939,-1.500000,-4.310734,370.677545
106.551,389.000693,64.917470,-1.500000,-7.179155,370.279598
106.583,387.501604,66.496011,-1.500000,-6.133437,369.885362
106.611,376.796869,68.798905,1.500000,4.171589,369.537790
106.647,381.623346,70.562998,0.453134,-1.168570,369.091109
106.678,388.363053,72.433396,-1.500000,-8.369902,368.689697
106.711,382.131903,66.728185,-1.500000,-2.611817,368.278336
106.739,369.743959,68.263842,1.500000,9.364361,367.920278
106.771,361.443078,68.338791,1.500000,17.182117,367.500169
106.804,386.418922,70.465362,-1.500000,-8.278868,367.078308
106.842,372.304879,72.511206,1.500000,5.251921,366.571130
106.874,385.058771,67.242308,-1.500000,-7.982872,366.152955
106.909,369.165818,67.748645,1.500000,7.378488,365.690701
106.940,370.825781,66.776604,1.500000,5.229888,365.265799
106.971,370.642133,61.005785,1.500000,4.938367,364.852609
107.002,379.971952,72.792754,-1.500000,-4.871392,364.435269
107.036,360.728607,63.831724,1.500000,13.830245,363.964219
107.062,396.252965,62.546731,-1.500000,-22.100153,363.611141
107.091,380.582333,66.617679,-1.500000,-6.890416,363.210363
107.123,395.713025,65.882588,-1.500000,-22.539893,362.759245
107.154,358.244919,68.755372,1.500000,14.433869,362.329380
107.190,383.795738,67.537360,-1.500000,-11.704310,361.818633
107.222,373.411259,66.387225,-1.500000,-1.836206,361.369612
107.254,364.058622,70.248375,1.500000,6.986813,360.909074
107.287,379.141232,69.609339,-1.500000,-8.635585,360.439693
107.320,364.689389,68.654014,1.500000,5.270216,359.964874
107.354,381.895000,71.658459,-1.500000,-12.510048,359.465176
107.384,367.578889,72.623249,-0.292477,1.301528,359.026449
107.415,364.111446,62.818573,1.500000,4.248354,358.573738
107.447,364.441806,66.724635,1.500000,3.384650,358.109961
107.482,352.528470,68.879977,1.500000,14.702048,357.591755
107.516,367.274414,66.116206,0.742146,-0.627139,357.084587
107.556,383.495376,62.637416,-1.500000,-17.548383,356.475646
107.592,367.834675,62.716286,-1.500000,-2.507370,355.936787
107.624,378.141671,66.114732,-1.500000,-13.381467,355.443655
107.651,365.134367,68.729976,-1.500000,-0.840346,355.038280
107.688,350.352504,67.936352,1.500000,13.287771,354.469805
107.713,344.561341,69.137092,1.500000,18.643227,354.090929
107.742,359.742349,69.336688,1.500000,2.943848,353.640171
107.772,367.276530,65.555472,-1.500000,-5.129145,353.171639
107.804,354.166385,67.648394,1.500000,7.404188,352.670064
107.844,354.123200,60.885083,1.500000,6.737545,352.052822
107.876,368.780756,63.791062,-1.500000,-8.509096,351.540574
107.911,372.104622,69.671222,-1.500000,-12.461397,350.994109
107.947,366.216499,61.750743,-1.500000,-7.239469,350.414809
107.975,354.294939,68.690516,1.500000,4.161392,349.962028
108.009,356.375191,69.496542,1.500000,1.469502,349.430168
108.042,359.585346,63.925572,-1.347102,-2.356172,348.894934
108.070,356.842240,65.803714,-1.500000,-0.127444,348.447649
108.100,366.586347,67.513258,-1.500000,-10.436510,347.956380
108.130,339.790377,64.141170,1.500000,15.789820,347.461041
108.162,363.167336,67.222248,-1.500000,-8.184719,346.941407
108.194,340.939383,65.524366,1.500000,13.445075,346.421268
108.227,343.831313,60.733575,1.500000,9.916084,345.867302
108.262,370.071910,68.486965,-1.500000,-16.974165,345.302386
108.302,343.585876,68.178682,1.500000,8.737155,344.628722
108.336,336.831592,67.186880,1.500000,14.843283,344.065109
108.363,352.380268,69.018042,0.012157,-1.231268,343.607826
108.394,346.493223,68.118449,1.500000,4.059616,343.089425
108.425,355.498800,66.648084,-1.500000,-5.546779,342.566974
108.456,357.819006,66.895344,-1.500000,-8.466554,342.045610
108.490,348.118933,64.169075,-0.801791,0.577778,341.475401
108.527,348.250407,72.294641,-1.057750,-0.282122,340.841987
108.559,351.131348,65.539513,-1.500000,-3.790134,340.296708
108.591,328.778945,67.264556,1.500000,17.944069,339.759143
108.622,328.762433,72.040532,1.500000,17.338308,339.218036
108.655,330.116495,68.811574,1.500000,15.330145,338.649252
108.683,334.571968,66.817086,1.500000,10.321716,338.168421
108.715,356.555441,65.915503,-1.500000,-12.293188,337.619351
108.750,343.575853,70.127771,-1.500000,-0.007012,337.016384
108.783,331.786641,68.667488,1.500000,11.112602,336.434124
108.816,345.616704,74.012051,-1.500000,-3.371491,335.865402
108.846,340.271175,65.291489,-0.223679,1.358464,335.330121
108.882,334.027356,66.805859,1.500000,6.878595,334.700827
108.909,323.237055,72.191727,1.500000,17.121784,334.225078
108.948,354.981380,68.079727,-1.500000,-15.398256,333.550543
108.980,334.581864,64.758850,1.500000,4.356669,332.990028
109.011,336.088158,72.212908,1.500000,2.208951,332.432269
109.043,344.397504,67.393501,-1.500000,-6.740890,331.875317
109.075,354.228217,62.900675,-1.500000,-17.241097,331.293148
109.108,334.260100,68.939777,0.995175,2.064922,330.717410
109.139,330.678284,70.936769,1.500000,5.007185,330.161277
109.171,349.021283,65.579224,-1.500000,-14.003150,329.580985
109.204,345.535786,65.721794,-1.500000,-11.186408,328.999459
109.233,334.649053,64.888399,-1.500000,-0.901966,328.475728
109.266,333.280265,67.491508,-1.500000,-0.221438,327.877241
109.304,325.901817,67.365525,1.500000,6.368442,327.191530
109.334,329.636661,65.549092,1.500000,2.014259,326.652974
109.367,330.978395,68.361685,1.491112,-0.007305,326.061817
109.402,353.600217,77.464382,-1.500000,-23.366739,325.420416
109.442,327.177706,61.986714,0.828271,2.228148,324.700743
109.472,352.577255,71.723153,-1.500000,-23.800075,324.154069
109.502,338.514873,69.230838,-1.500000,-10.349806,323.621797
109.530,325.550608,68.253914,0.942030,2.020940,323.105694
109.560,323.262878,69.307732,1.500000,3.675027,322.554699
109.596,330.651834,74.318794,-1.500000,-4.456241,321.909211
109.623,336.202977,67.152400,-1.500000,-10.586711,321.405449
109.656,321.267882,70.508636,1.500000,3.656702,320.803986
109.686,319.645730,63.537548,1.500000,4.650288,320.257407
109.718,329.974000,69.585917,-1.500000,-6.362478,319.662193
109.754,313.328172,70.124425,1.500000,9.538396,319.014406
109.793,323.554065,64.359644,0.042787,-1.508168,318.300780
109.829,327.239539,68.195260,-1.500000,-5.970189,317.625522
109.859,326.807627,65.154263,-1.500000,-6.163660,317.081711
109.896,322.623693,63.742194,-1.500000,-2.775123,316.390061
109.927,296.395277,64.806897,1.500000,22.808235,315.829141
109.956,307.548616,65.705219,1.500000,11.047547,315.301012
109.986,316.384472,70.324005,1.500000,1.572878,314.745522
110.019,303.526691,64.302899,1.500000,13.720260,314.127783
110.050,309.763356,68.993121,1.500000,6.835543,313.564259
110.086,304.346887,68.727721,1.500000,11.474287,312.887977
110.119,337.576410,67.156951,-1.500000,-22.443914,312.289127
110.154,333.924260,69.373420,-1.500000,-19.542889,311.635974
110.185,331.374834,65.400827,-1.500000,-17.656656,311.059285
110.217,309.509945,70.797104,1.500000,3.540967,310.479054
110.248,317.714113,71.720977,-1.500000,-5.336643,309.893452
110.277,315.293218,70.068907,-1.500000,-3.529723,309.359561
110.308,321.025669,68.323403,-1.500000,-9.925990,308.782329
110.343,316.727285,68.257466,-1.500000,-6.358905,308.146418
110.380,300.183392,71.184308,1.500000,9.388382,307.453717
110.407,299.728748,65.042086,1.500000,9.266111,306.952051
110.447,305.093965,67.818478,1.500000,3.064372,306.224641
110.480,308.134984,64.866147,0.668994,-0.687679,305.606353
110.511,315.773531,73.463937,-1.500000,-8.989211,305.029843
110.543,305.820459,67.625953,-1.417917,0.286406,304.440752
110.571,298.936067,71.242509,1.500000,6.571591,303.919702
110.600,305.247578,70.491511,1.427927,-0.353575,303.386089
110.630,315.306717,62.166199,-1.500000,-11.043052,302.837970
110.662,313.692577,68.162530,-1.500000,-10.116914,302.239706
110.697,291.201778,70.825138,1.500000,11.648235,301.608707
110.729,301.519837,65.996917,1.500000,0.635158,301.004344
110.766,302.978983,70.439747,-0.438218,-1.603992,300.326079
110.804,306.840286,64.979834,-1.500000,-6.265914,299.629889
110.835,301.982126,66.271655,-1.500000,-2.070334,299.053733
110.866,292.288921,63.223220,1.500000,6.974301,298.489758
110.895,297.013499,62.534753,1.500000,1.644711,297.963661
110.926,303.577494,67.051462,-1.500000,-5.572201,297.395907
110.956,300.732747,63.575529,-1.500000,-3.368795,296.838219
110.997,285.397184,67.147761,1.500000,11.108930,296.092273
111.029,284.133451,59.736798,1.500000,11.695994,295.503865
111.056,296.208377,67.244113,0.367616,-0.937095,295.018507
111.096,301.340691,70.042847,-1.500000,-6.908739,294.288654
111.121,295.782405,69.558249,-1.500000,-1.872230,293.834935
111.159,283.985530,67.255234,1.500000,9.124807,293.139424
111.192,290.268285,69.011598,1.500000,2.159322,292.545745
111.220,293.942180,66.313693,-1.039965,-2.101989,292.034948
111.249,293.400196,64.411768,-1.500000,-2.166284,291.507750
111.278,281.515192,65.518677,1.500000,9.104920,290.974011
111.310,280.481615,64.426147,1.500000,9.469699,290.392447
111.343,291.044291,63.139999,-0.635918,-1.767606,289.805813
111.379,293.586018,66.617014,-1.500000,-5.048536,289.163028
111.416,283.474420,66.705504,1.500000,4.297429,288.497260
111.449,298.499605,68.025388,-1.500000,-11.416043,287.898749
111.481,293.024673,64.216497,-1.500000,-6.592112,287.332661
111.517,277.766657,66.765629,1.500000,7.914017,286.678847
111.544,283.086177,66.027363,1.500000,2.059591,286.213711
111.575,284.429811,63.624811,1.500000,0.073397,285.654963
111.602,290.589029,65.687214,-1.500000,-6.648114,285.166014
111.633,283.283925,64.904468,-1.500000,0.033166,284.623557
111.666,278.318217,65.273497,1.500000,4.329225,284.041254
111.703,281.421375,67.507405,1.500000,0.470808,283.384507
111.739,281.492235,70.507906,1.119748,-0.314641,282.763125
111.771,296.988394,63.593560,-1.500000,-16.469844,282.190044
111.805,295.564271,68.146929,-1.500000,-15.724824,281.599519
111.837,281.552728,69.944102,-1.500000,-2.346346,281.049027
111.868,285.978705,66.512630,-1.500000,-7.393985,280.508452
111.894,284.974001,65.537277,-1.500000,-6.921624,280.045546
111.923,271.322452,69.565851,1.500000,6.152584,279.543509
111.955,273.296361,65.250659,1.500000,3.543289,278.990999
111.993,268.914593,61.223517,1.500000,7.169681,278.334151
112.028,281.970741,65.981144,-1.500000,-6.582622,277.728799
112.062,275.631111,67.847388,-1.500000,-0.902133,277.155633
112.092,277.450204,61.350561,-1.500000,-3.308103,276.645305
112.128,265.396486,63.225352,1.500000,8.033261,276.025867
112.155,263.836975,67.494705,1.500000,9.066318,275.568081
112.195,268.433585,68.736016,1.500000,3.690395,274.890417
112.219,278.216622,64.785397,-1.500000,-6.550545,274.492241
112.249,267.884521,62.883864,1.500000,3.193801,273.981149
112.282,272.413645,66.368854,-0.507521,-1.963595,273.434826
112.316,269.227109,65.933510,-0.063269,0.569864,272.866933
112.356,261.746961,71.979977,1.500000,7.282238,272.199303
112.393,274.856290,72.949092,-1.500000,-6.523888,271.593392
112.425,266.056405,62.493916,0.132060,1.652869,271.051543
112.454,264.732629,65.937871,1.500000,2.430975,270.577047
112.483,269.021630,73.320619,-1.236478,-2.402441,270.103643
112.520,272.418559,65.910471,-1.500000,-6.495165,269.498603
112.547,265.714354,64.512403,-1.500000,-0.300811,269.055255
112.578,266.964580,69.000061,-1.500000,-2.119712,268.560754
112.615,257.389657,68.175364,1.500000,6.768040,267.963215
112.649,263.424368,65.243124,1.500000,0.101653,267.413932
112.683,261.897874,69.679326,1.500000,1.001557,266.869070
112.715,261.375269,64.635031,1.500000,0.946689,266.366920
112.747,268.274438,71.386381,-1.500000,-6.533919,265.861321
112.782,260.303587,68.308544,-0.892009,0.805364,265.312131
112.806,254.987570,67.140542,1.500000,5.671152,264.920628
112.842,267.169610,69.707365,-1.500000,-7.159091,264.356973
112.880,259.099662,66.469242,-1.500000,0.239051,263.772794
112.908,256.484913,61.636937,1.343767,2.353412,263.337674
112.943,265.329960,67.801165,-1.500000,-7.108399,262.801357
112.978,261.305996,67.476971,-1.500000,-3.707550,262.259518
113.008,254.315956,68.050215,1.500000,2.751102,261.797441
113.038,262.814359,66.139591,-1.500000,-6.261420,261.350382
113.066,247.399278,68.543937,1.500000,8.670021,260.929825
113.097,252.489549,71.380795,1.500000,3.041501,260.461782
113.128,245.226473,69.344352,1.500000,9.763291,259.991099
113.160,263.666628,66.205570,-1.500000,-9.223154,259.516065
113.195,257.730428,67.450945,-1.500000,-3.879238,259.001035
113.226,250.695165,69.228511,1.500000,2.630976,258.544470
113.259,248.118910,69.322120,1.500000,4.645999,258.056443
113.295,257.384934,68.554019,-1.500000,-5.212273,257.541444
113.326,252.068659,61.490353,-1.500000,-0.414895,257.090229
113.359,247.706652,70.111973,1.500000,3.388248,256.604260
113.395,260.735320,68.523133,-1.500000,-10.220936,256.099465
113.422,243.437303,64.687783,1.500000,6.630514,255.711145
113.452,258.294072,66.031621,-1.500000,-8.713232,255.287687
113.492,254.812392,62.222365,-1.500000,-5.875807,254.727465
113.519,244.204810,67.685633,1.500000,4.295521,254.348114
113.550,233.682903,67.505192,1.500000,14.319166,253.914842
113.581,252.729897,69.801057,-1.500000,-5.222782,253.484448
113.620,243.574533,66.893111,1.500000,3.333148,252.963201
113.655,240.581714,64.354378,1.500000,5.765354,252.475712
113.692,244.557718,73.134479,1.500000,1.218581,251.979390
113.725,251.185525,66.246334,-1.500000,-5.919274,251.535871
113.755,247.544586,67.000606,-1.500000,-2.725691,251.146865
113.790,255.172322,68.958551,-1.500000,-10.894031,250.676775
113.812,247.851142,72.718747,-1.500000,-3.895485,250.396223
113.848,235.996984,67.258116,1.500000,7.417154,249.925337
113.877,251.333225,61.949195,-1.500000,-8.362212,249.540012
113.910,241.711044,66.270514,-0.920769,0.781562,249.124005
113.949,235.832422,64.037256,1.500000,6.088219,248.626644
113.981,238.538732,63.403183,1.500000,2.915320,248.220915
114.013,236.604967,69.926658,1.500000,4.384767,247.817159
114.049,247.494090,69.511752,-1.500000,-7.010602,247.376946
114.085,239.712992,65.983288,-1.500000,0.248689,246.923202
114.108,243.834868,61.976380,-1.500000,-4.192029,246.645947
114.142,224.392768,61.056580,1.500000,14.773521,246.231556
114.175,236.998370,59.665238,1.500000,1.717922,245.840253
114.201,235.280596,68.236835,1.500000,3.079652,245.530650
114.233,237.445164,64.140950,1.500000,0.468982,245.142735
114.267,242.611590,72.435692,-1.500000,-5.157566,244.742630
114.309,230.971923,66.859609,1.500000,5.926287,244.259313
114.342,241.940552,68.710641,-1.500000,-5.479053,243.879565
114.370,235.298670,70.548714,-0.909561,0.790838,243.556094
114.405,236.934271,62.512283,-1.500000,-1.299008,243.161099
114.444,236.854875,67.092881,-1.500000,-1.714544,242.730723
114.470,229.519198,69.005313,1.500000,5.288497,242.441473
114.497,225.513245,70.772903,1.500000,8.946555,242.138956
114.528,226.730413,66.342903,1.500000,7.350256,241.809278
114.562,226.603847,66.715845,1.500000,7.055801,241.443172
114.594,235.316433,67.994753,-0.974105,-2.047484,241.103433
114.629,243.082465,65.357062,-1.500000,-10.245629,240.727683
114.667,233.229043,70.869086,-1.500000,-0.843476,240.335276
114.700,227.832450,69.600424,1.500000,4.154842,239.988950
114.732,231.252123,65.758399,1.500000,0.369609,239.671072
114.764,230.511630,74.495471,1.500000,0.739363,239.348690
114.790,233.662859,70.636411,-1.500000,-2.720962,239.079911
114.820,237.463239,64.350455,-1.500000,-6.857519,238.787583
114.854,229.633256,68.140618,-0.791623,0.586193,238.451694
114.890,230.648245,67.165774,-1.500000,-0.827463,238.105028
114.922,228.448682,61.464086,-0.348595,1.024206,237.802511
114.959,222.329793,67.410142,1.500000,6.741342,237.453160
114.991,231.151279,71.358420,-1.195349,-2.416829,237.160391
115.019,222.901602,68.598023,1.500000,5.538995,236.904867
115.046,221.537997,66.691496,1.500000,6.622059,236.660919
115.084,231.375696,65.262177,-1.500000,-3.616131,236.312665
115.110,223.776311,72.740924,1.500000,3.720218,236.083938
115.141,231.066830,75.207266,-1.500000,-3.880894,235.813857
115.177,219.515371,68.504648,1.500000,7.319737,235.508790
115.208,234.204006,63.990250,-1.500000,-7.677879,235.240110
115.241,225.865790,64.935114,-1.444142,0.348426,234.968883
115.284,223.129635,62.061649,1.500000,2.674073,234.611920
115.306,227.076857,64.542072,0.069519,-1.480417,234.431687
115.344,219.879806,68.631474,1.500000,5.372552,234.132485
115.368,215.898836,75.718035,1.500000,9.133460,233.941127
115.403,223.719321,69.255027,1.500000,0.996976,233.666345
115.431,230.590683,68.888775,-1.500000,-6.122654,233.450459
115.462,228.692147,66.338939,-1.500000,-4.492878,233.216756
115.494,223.068946,68.106004,-0.463231,0.857966,232.979923
115.528,220.316857,76.699701,1.500000,3.325218,232.732239
115.567,224.440416,73.356744,0.389154,-1.117065,232.455087
115.604,231.147775,74.414824,-1.500000,-8.121989,232.196336
115.628,229.800993,64.592284,-1.500000,-6.970627,232.026405
115.663,223.162126,59.639668,-1.500000,-0.600783,231.792472
115.689,221.292749,71.828985,-0.215860,1.062686,231.613422
115.725,215.882983,63.048201,1.500000,6.202321,231.378525
115.755,221.903783,65.347241,1.500000,-0.041335,231.184737
115.785,226.905781,71.083473,-1.500000,-5.258218,230.997880
115.818,211.692508,72.897905,1.500000,9.719496,230.793046
115.854,215.202888,66.472444,1.500000,5.958473,230.575097
115.897,224.360153,70.088848,-1.500000,-3.486647,230.324788
115.926,220.507669,67.407736,-1.500000,0.167900,230.152669
115.961,214.721729,68.474411,1.500000,5.727576,229.955917
115.990,217.373875,69.896598,1.500000,2.896845,229.800626
116.025,221.681492,67.479771,-0.467170,-1.627952,229.611773
116.050,224.353585,67.286462,-1.500000,-4.454912,229.477107
116.084,221.875561,63.330085,-1.500000,-2.179421,229.300991
116.113,217.416601,66.843300,1.052870,2.112670,229.155887
116.146,215.590548,63.061543,1.500000,3.754246,228.995473
116.181,221.973974,68.650042,-1.500000,-2.821249,228.828456
116.214,223.290018,66.113133,-1.500000,-4.311337,228.677114
116.253,212.240197,71.494300,1.500000,6.536597,228.501560
116.279,216.143060,64.690746,1.500000,2.500930,228.386078
116.312,225.767795,72.379587,-1.500000,-7.280136,228.250138
116.348,213.216539,65.351144,1.500000,5.100203,228.101514
116.380,219.716117,73.569626,-0.001409,-1.544743,227.975107
116.411,215.380465,67.467921,1.500000,2.653600,227.855709
116.444,225.154518,73.746216,-1.500000,-7.260698,227.733756
116.487,219.694677,67.270290,-1.500000,-1.977444,227.580203
116.514,215.066352,67.988444,1.500000,2.543827,227.487112
116.550,220.094116,68.343202,-1.302017,-2.621109,227.367832
116.573,219.824120,73.056008,-1.500000,-2.433232,227.296424
116.602,215.975350,67.009657,0.063156,1.313543,227.207733
116.631,216.901453,60.473983,0.600360,0.287146,227.120520
116.662,209.538472,67.445780,1.500000,7.550962,227.034290
116.695,209.736942,73.811827,1.500000,7.250501,226.945602
116.723,213.196858,68.383340,1.500000,3.707445,226.873307
116.754,208.616030,68.508945,1.500000,8.199327,226.795963
116.786,216.811051,66.496622,1.402584,-0.080570,226.722158
116.820,225.044576,63.131812,-1.500000,-8.398768,226.648529
116.860,226.232521,64.102580,-1.500000,-9.680375,226.567083
116.888,220.627946,64.414145,-1.500000,-4.137032,226.513838
116.924,226.299690,66.309322,-1.500000,-9.883761,226.448634
116.956,212.915308,68.973023,1.500000,3.441007,226.396796
116.988,215.639341,68.300962,1.500000,0.661666,226.348702
117.013,229.407419,61.731618,-1.500000,-13.146217,226.314090
117.048,214.189085,65.898360,0.578384,2.022241,226.270718
117.082,221.817911,62.793374,-1.500000,-5.650676,226.232379
117.114,219.101571,66.638595,-1.500000,-2.971644,226.199936
117.157,215.973442,65.784011,-1.359907,0.115889,226.164635
117.185,216.656974,63.515839,-1.500000,-0.590522,226.144741
117.215,207.792007,67.993379,1.500000,8.254947,226.127785
117.244,208.030678,70.085948,1.500000,8.001448,226.114892
117.280,212.669017,69.629029,1.500000,3.349659,226.103196
117.314,207.436408,69.999150,1.500000,8.575394,226.097219
117.343,213.467818,65.915552,1.500000,2.542304,226.095758
117.376,228.032531,69.340837,-1.500000,-12.019441,226.098339
117.408,217.588487,72.149154,-1.500000,-1.567823,226.104925
117.447,216.108160,70.215730,-1.500000,-0.071547,226.118794
117.478,210.542234,68.061549,1.500000,5.512096,226.134200
117.509,217.627362,67.061491,-0.008924,-1.550963,226.153390
117.544,222.294986,68.825360,-1.500000,-6.187812,226.180151
117.573,212.583088,68.987727,1.500000,3.553984,226.206150
117.611,218.666002,67.630388,-1.137449,-2.484915,226.244423
117.643,210.209971,67.962819,1.500000,6.013839,226.281574
117.669,213.477833,61.016048,1.500000,2.784225,226.314832
117.698,217.910059,63.901037,-0.434678,-1.601063,226.355649
117.730,214.970266,67.961344,1.014538,1.394219,226.403900
117.761,210.481266,72.229689,1.500000,5.941662,226.454720
117.793,223.515588,67.803544,-1.500000,-7.026953,226.511857
117.828,218.663394,63.742834,-1.500000,-2.097244,226.579260
117.866,216.756680,64.508575,-1.500000,-0.100963,226.657145
117.901,223.738263,75.504415,-1.500000,-6.993941,226.734193
117.932,211.625255,66.367526,1.500000,5.201468,226.805846
117.958,210.280036,67.210338,1.500000,6.620744,226.870243
117.992,218.147116,69.413335,0.114913,-1.146228,226.957294
118.021,218.739768,67.210556,-1.500000,-1.649308,227.035183
118.053,214.311706,64.402935,1.500000,2.883156,227.125967
118.087,218.687575,68.135565,0.201555,-1.376774,227.226784
118.127,213.629565,69.147813,1.500000,3.820575,227.347948
118.160,214.918905,67.758306,1.500000,2.655069,227.455629
118.195,216.182557,62.193245,1.500000,1.527773,227.574200
118.227,221.561025,69.824352,-1.500000,-3.719745,227.688070
118.261,228.277618,68.069068,-1.500000,-10.297038,227.809200
118.288,218.741147,67.756763,-1.500000,-0.644387,227.910226
118.318,217.527782,68.109179,-0.649168,0.704087,228.027712
118.350,222.713214,65.140012,-1.500000,-4.332665,228.156999
118.383,223.553041,69.480188,-1.500000,-5.017064,228.292154
118.416,220.056999,71.777341,-1.500000,-1.361035,228.431273
118.455,214.852777,62.500181,1.500000,4.039095,228.601627
118.487,208.040830,66.675447,1.500000,11.017508,228.746381
118.519,216.314715,65.773622,1.500000,2.916681,228.896866
118.550,212.815348,67.355651,1.500000,6.589192,229.047425
118.582,223.316128,66.377489,-1.500000,-3.730858,229.204583
118.611,219.422908,64.228952,-1.473275,0.324315,229.345412
118.642,209.356594,62.892848,1.500000,10.574625,229.505408
118.672,221.163619,66.635102,0.595738,-1.047861,229.665877
118.706,224.444101,62.921017,-1.500000,-4.122336,229.845013
118.742,220.702832,65.510212,-1.500000,-0.151732,230.044434
118.781,209.203471,66.957410,1.500000,11.599816,230.263728
118.811,223.182428,66.997660,-0.765809,-2.177351,230.439198
118.840,210.738459,65.948375,1.500000,10.460044,230.607394
118.869,216.145948,67.957150,1.500000,5.252358,230.781135
118.902,223.233052,67.219399,-0.434475,-1.600895,230.984485
118.935,215.891799,70.517048,1.500000,5.977871,231.191017
118.966,219.129097,72.833149,1.500000,2.965789,231.386857
119.000,227.525022,60.988131,-1.500000,-5.172525,231.610867
119.034,223.886505,70.487504,-1.500000,-1.279907,231.831824
119.071,223.991871,72.561486,-1.500000,-1.096097,232.083282
119.103,220.531539,65.063065,1.500000,2.616612,232.302740
119.135,230.795911,66.147924,-1.500000,-7.387183,232.529329
119.165,222.871336,65.402297,-0.919386,0.782707,232.742646
119.204,211.380965,65.851579,1.500000,12.589953,233.018190
119.231,220.791432,71.500163,1.500000,3.414617,233.222651
119.260,230.627219,65.971235,-1.500000,-6.179760,233.432573
119.289,219.380607,75.570575,1.500000,5.325103,233.657139
119.320,226.941721,73.936045,-0.509322,-1.965086,233.892727
119.353,226.274370,62.960054,-1.500000,-1.002365,234.149569
119.391,217.625723,74.317488,1.500000,7.993151,234.451195
119.418,222.724426,73.638933,1.500000,3.139534,234.664313
119.459,219.998979,64.254804,1.500000,6.247948,234.997327
119.487,233.308083,71.750024,-1.500000,-6.793016,235.230493
119.523,223.897979,68.698109,1.500000,2.968657,235.536206
119.550,238.620276,67.324270,-1.500000,-11.497327,235.759086
119.582,235.180435,64.802448,-1.500000,-7.738400,236.036552
119.614,230.236663,62.143011,-1.500000,-2.478864,236.311130
119.650,229.400520,66.502619,-1.500000,-1.274983,236.630901
119.683,222.986536,63.164562,1.500000,5.473443,236.921721
119.714,231.472635,62.368743,-1.379028,-2.684842,237.206777
119.753,223.019100,66.517100,1.500000,6.175837,237.560815
119.780,226.949727,64.331273,1.500000,2.539208,237.816466
119.813,230.194649,62.593235,1.075592,-0.351184,238.124753
119.843,233.267470,70.510272,-1.500000,-3.093617,238.412046
119.874,228.215529,67.429209,0.959585,2.294958,238.704772
119.905,225.750375,66.830855,1.500000,5.107927,239.007219
119.938,231.998293,72.109849,0.635051,-0.770216,239.328763
119.981,232.305721,67.592710,-0.184899,-0.591487,239.751507
120.017,240.954571,63.713334,-1.500000,-8.826516,240.111352
120.052,237.207127,62.321952,-1.500000,-4.660202,240.475587
120.079,234.780974,71.361417,-1.500000,-1.923193,240.745896
120.110,227.449150,63.506756,1.500000,5.776779,241.066025
120.143,238.579686,64.401464,-1.500000,-4.951515,241.415800
120.176,231.512158,65.121084,1.170240,2.512052,241.760183
120.203,236.790500,70.782660,-1.451151,-2.438402,242.045302
120.236,238.274155,71.045008,-1.500000,-3.512449,242.401484
120.264,230.409689,67.404270,1.500000,4.710105,242.712864
120.306,228.913403,70.087531,1.500000,6.732922,243.170717
120.341,234.881075,64.597461,1.500000,1.206920,243.554778
120.371,236.720919,66.843169,1.197912,-0.249954,243.887795
120.404,231.350784,69.102560,1.500000,5.550154,244.261685
120.430,241.797442,61.059674,-1.500000,-4.553671,244.559801
120.462,235.409904,69.121013,0.855583,2.251646,244.923087
120.499,250.879067,63.960270,-1.500000,-12.724124,245.352124
120.530,244.159659,62.227321,-1.500000,-5.593792,245.709450
120.562,240.113818,63.166407,-1.500000,-1.121969,246.079868
120.598,239.028615,68.258253,-0.938484,0.464652,246.515885
120.631,238.257990,65.945545,1.164689,1.683934,246.906021
120.658,229.731707,66.638875,1.500000,10.581153,247.228574
120.694,246.095517,69.176513,-1.500000,-5.275327,247.669730
120.725,243.075245,65.628046,-1.500000,-1.825621,248.043151
120.761,241.741070,62.298083,-1.476314,0.019552,248.487498
120.792,230.923633,65.719862,1.500000,11.281240,248.873802
120.828,233.797375,72.702905,1.500000,8.919920,249.319387
120.855,238.209063,65.985557,1.500000,4.893160,249.654107
120.885,244.779758,67.396008,0.014000,-1.229743,250.043491
120.917,239.589505,65.966249,1.500000,4.427980,250.449987
120.954,243.576744,64.828359,1.500000,0.977397,250.916644
120.984,246.116007,67.828195,0.159478,-1.109347,251.310139
121.019,249.114202,68.941895,-1.500000,-3.584891,251.764618
121.057,246.151643,68.636602,-1.500000,-0.059554,252.253990
121.092,245.340473,70.365570,0.063304,1.293719,252.725384
121.117,239.966042,69.434648,1.500000,7.044572,253.052708
121.153,252.025279,67.861841,-1.500000,-4.457772,253.536963
121.183,253.871679,64.494727,-1.500000,-5.849391,253.932424
121.211,245.161770,68.394313,1.500000,3.302454,254.316716
121.242,245.629785,68.934697,1.500000,3.304912,254.725824
121.273,252.550475,65.680468,-1.500000,-3.127516,255.150399
121.309,252.271660,61.877467,-1.500000,-2.271710,255.652130
121.343,247.946743,69.881211,1.500000,2.586300,256.115689
121.380,252.775631,69.403611,-0.122649,-1.645080,256.635262
121.414,239.628128,64.434060,1.500000,12.042899,257.105241
121.446,248.756387,62.054694,1.500000,3.431532,257.554713
121.477,255.401462,67.325901,-1.500000,-2.715089,257.988150
121.507,251.714543,64.504331,-0.093514,1.466187,258.418026
121.538,262.426480,73.383910,-1.500000,-8.737627,258.859872
121.565,254.861897,67.600005,-1.500000,-0.732685,259.242793
121.594,251.026142,70.325392,1.500000,3.586299,259.662992
121.623,258.187069,70.294481,-1.500000,-3.090810,260.083704
121.656,249.704623,61.524870,1.500000,5.946507,260.566201
121.696,253.699901,64.453918,1.500000,2.609736,261.138815
121.727,255.449670,67.052843,1.500000,1.394430,261.603566
121.762,263.847472,68.997676,-1.500000,-6.406670,262.122436
121.795,255.329009,67.543867,1.349018,2.660006,262.599144
121.822,267.935586,65.177831,-1.500000,-9.476220,263.008144
121.854,262.361134,70.792602,-1.500000,-3.360950,263.478421
121.884,266.763627,72.320775,-1.500000,-7.237211,263.936014
121.919,266.040509,65.242264,-1.500000,-5.906151,264.464659
121.954,253.952247,59.204075,1.500000,6.789386,264.992725
121.984,249.552393,68.847901,1.500000,11.704200,265.440516
122.017,260.313780,61.844018,1.500000,1.517019,265.939825
122.055,266.055117,65.114439,-1.500000,-3.557713,266.519482
122.090,261.334206,70.437153,0.291902,1.785152,267.060311
122.122,262.707765,64.220416,1.500000,0.976039,267.551134
122.150,266.572781,70.154700,-1.228027,-2.379342,267.994294
122.182,260.168464,65.941676,1.500000,4.585995,268.482139
122.209,271.435739,65.478378,-1.500000,-6.195892,268.904215
122.241,262.208003,66.146495,1.500000,3.611665,269.408407
122.275,269.208828,70.470676,-1.487398,-2.774528,269.942869
122.306,267.556824,67.544421,-1.500000,-0.565068,270.427614
122.343,260.656955,62.810415,1.500000,7.007580,271.012640
122.376,270.486347,64.348755,-0.812443,-2.215944,271.539481
122.406,267.050958,72.412840,1.045581,1.770602,272.018748
122.440,264.421853,65.106119,1.500000,5.016061,272.554707
122.470,275.592419,65.713630,-1.500000,-5.611718,273.026697
122.500,270.125571,62.762489,-1.353880,0.423125,273.520606
122.533,271.785428,70.199745,-1.500000,-0.637432,274.041736
122.564,264.206645,68.684921,1.500000,7.515249,274.540778
122.597,270.454839,71.770536,1.500000,1.890987,275.083327
122.633,272.955759,72.710014,1.500000,0.048612,275.655975
122.663,275.871254,66.079729,-1.272214,-2.294195,276.153964
122.700,277.348339,64.413792,-1.500000,-3.080314,276.754805
122.740,267.502838,65.284089,1.500000,7.512982,277.405061
122.767,274.592638,72.114364,1.500000,0.932191,277.847677
122.798,279.430431,61.224512,-1.500000,-3.319249,278.357550
122.830,279.076289,66.818325,-1.500000,-2.362038,278.881957
122.860,275.169156,68.792780,1.061247,2.119602,279.381529
122.895,276.569695,63.090151,1.500000,1.375485,279.952330
122.930,283.624449,67.901123,-1.500000,-5.002471,280.540851
122.962,281.631545,64.760124,-1.500000,-2.398336,281.072356
122.998,284.341501,68.085882,-1.500000,-4.429753,281.662389
123.030,272.022634,68.256095,1.500000,8.516925,282.208312
123.061,271.061690,66.700840,1.500000,10.069324,282.722621
123.090,285.037184,70.678837,-1.500000,-3.345998,283.209727
123.120,282.369192,66.164560,-1.500000,-0.109329,283.704229
123.152,269.528936,64.639086,1.500000,13.359866,284.251132
123.185,275.511735,71.687706,1.500000,8.007613,284.799433
123.217,276.782258,67.635691,1.500000,7.362836,285.343560
123.258,288.552084,70.734319,-1.500000,-3.621029,286.027004
123.285,277.566744,69.440757,1.500000,7.906456,286.498435
123.321,289.181293,63.521217,-1.500000,-3.023698,287.093561
123.356,294.262820,65.329177,-1.500000,-7.421065,287.688483
123.386,286.645512,65.634855,-0.546875,0.788743,288.203699
123.414,278.012615,71.305090,1.500000,9.968351,288.679100
123.447,288.879797,64.888475,1.432545,-0.261996,289.232870
123.477,293.328389,63.953622,-1.500000,-4.112212,289.753198
123.511,285.351831,67.637046,1.500000,4.525449,290.328069
123.551,295.460116,64.772186,-1.500000,-4.792363,291.015437
123.586,294.362549,63.828042,-1.500000,-3.004712,291.615510
123.619,303.655573,64.703554,-1.500000,-11.642071,292.185654
123.657,283.065921,69.408830,1.500000,9.691803,292.832803
123.689,293.790014,67.191608,1.374657,-0.405931,293.377463
123.724,295.694749,68.028425,-0.595741,-1.617995,293.979786
123.749,295.565398,63.267626,-1.500000,-0.996895,294.407394
123.776,290.948178,63.247989,1.500000,4.157481,294.874486
123.805,289.960720,65.599672,1.500000,5.715406,295.370544
123.842,288.706587,69.734079,1.500000,7.705211,296.010259
123.867,298.773094,70.782033,-0.756802,-1.867648,296.439518
123.905,311.762674,69.817334,-1.500000,-14.114236,297.085598
123.937,297.380358,68.048072,-0.496297,0.905477,297.639857
123.970,295.619044,65.000319,1.500000,3.312737,298.201548
124.006,305.288364,69.755911,-1.500000,-5.636089,298.828064
124.038,306.574540,64.254382,-1.500000,-6.281471,299.385277
124.070,304.828205,64.411564,-1.500000,-3.909819,299.929032
124.100,293.281992,63.173005,1.500000,8.240657,300.454477
124.133,309.059957,63.758387,-1.500000,-6.879805,301.026219
124.164,294.189274,65.256836,1.500000,8.607211,301.562160
124.202,296.747955,67.714641,1.500000,6.792681,302.209248
124.237,298.850955,73.840518,1.500000,5.389107,302.817445
124.270,303.927332,66.040863,1.500000,0.965590,303.385150
124.302,308.644740,71.736796,-1.500000,-3.129668,303.926150
124.334,310.778915,65.692092,-1.500000,-4.625755,304.481009
124.361,308.823041,61.807878,-1.500000,-2.124590,304.955175
124.393,299.514299,67.821673,1.500000,7.813786,305.502683
124.424,312.601746,62.186957,-1.500000,-4.664601,306.032300
124.456,308.009128,66.805539,-1.183101,0.564460,306.585728
124.489,293.406659,68.612940,1.500000,15.819998,307.153615
124.526,302.689309,72.789685,1.500000,7.274936,307.794996
124.562,311.190400,68.861709,0.866816,-0.523964,308.405597
124.593,310.513462,69.578024,1.500000,0.756891,308.930741
124.626,324.417333,68.576155,-1.500000,-12.490106,309.501936
124.659,313.379380,66.726461,-1.500000,-0.793668,310.074532
124.686,312.203693,68.716606,-0.408776,0.903032,310.527587
124.717,316.850343,72.103895,-1.500000,-3.134547,311.057214
124.748,301.204479,69.064826,1.500000,13.124936,311.590796
124.781,310.230080,67.634567,1.500000,4.745476,312.152658
124.832,311.648521,61.479685,1.500000,4.329408,313.024286
124.868,326.170980,66.933831,-1.500000,-9.478522,313.645616
125.119,324.154485,67.413361,-1.500000,-2.584863,317.886628
125.148,320.348383,63.569938,0.664857,1.791556,318.382556
125.181,326.119555,63.210639,-1.500000,-3.350989,318.929188
125.210,316.870240,61.864960,1.500000,6.454181,319.412540
125.241,316.076255,62.105076,1.500000,7.852642,319.938171
125.269,317.909985,70.039641,1.500000,6.554149,320.403595
125.306,319.342536,57.712259,1.500000,5.824517,321.014829
125.337,339.188881,68.771928,-1.500000,-13.413973,321.543398
125.370,346.507907,68.189865,-1.500000,-20.102503,322.091655
125.399,345.203560,62.208274,-1.500000,-18.255233,322.563762
125.439,328.620243,68.731055,-1.500000,-0.907810,323.228203
125.511,327.153519,61.274770,0.829336,1.927676,324.418431
125.541,332.239146,65.029037,-1.500000,-2.604580,324.899623
125.571,325.285913,66.988377,1.500000,4.925515,325.401242
125.601,328.718873,65.160458,1.500000,2.054459,325.889855
125.632,323.863251,67.267815,1.500000,7.488366,326.392710
125.663,347.191035,69.520327,-1.500000,-15.264509,326.892632
125.696,335.691612,60.435915,-1.500000,-3.144640,327.432149
125.721,336.410108,63.593384,-1.500000,-3.393994,327.840099
125.758,351.629278,65.069869,-1.500000,-17.937379,328.427738
125.786,324.713360,70.131070,1.500000,9.513401,328.892836
125.819,323.670397,62.607037,1.500000,11.156372,329.414581
125.853,322.131902,66.057351,1.500000,13.325781,329.963203
125.885,339.899817,69.781086,-1.500000,-3.857402,330.471665
125.921,324.071294,65.749530,1.500000,12.631639,331.046029
125.953,329.270500,64.912101,1.500000,8.017855,331.555091
125.987,341.331637,68.998625,-1.500000,-3.431627,332.086965
126.018,352.781022,58.622586,-1.500000,-14.312957,332.580926
126.056,344.570638,71.974250,-1.500000,-5.418398,333.175861
126.084,325.366833,75.488964,1.500000,14.297113,333.620823
126.110,331.673560,80.944460,1.500000,8.452683,334.022820
126.141,328.834289,86.366182,1.500000,11.846777,334.505275
126.171,304.260439,99.991293,1.500000,36.952632,334.967887
126.280,292.339294,100.577544,1.500000,50.807724,336.649581
126.303,269.387664,106.019853,1.500000,74.160933,336.998779
126.337,256.126942,114.289367,1.500000,88.026221,337.524489
126.397,232.224099,110.247827,1.500000,112.974360,338.433443
126.418,225.679765,115.162025,1.500000,119.880338,338.747915
126.451,217.194107,110.032011,1.500000,128.928699,339.237223
126.483,214.906316,123.144042,1.500000,131.767542,339.716399
126.514,211.487561,126.640030,1.500000,135.732368,340.191242
126.554,191.196961,123.113328,1.500000,156.706726,340.785815
126.569,176.055228,127.621768,1.500000,172.093774,340.999132
126.600,175.214976,131.789730,1.500000,173.453475,341.450827
126.626,168.713486,127.895901,1.500000,180.407912,341.844694
126.660,158.007849,126.077051,1.500000,191.673298,342.331432
126.693,154.218039,139.855484,1.500000,196.019245,342.815030
126.721,150.561075,124.748735,1.500000,200.153643,343.230189
126.751,145.581860,122.604348,1.500000,205.619662,343.653498
126.783,152.413941,125.805962,1.500000,199.311939,344.109461
126.817,144.741572,120.742084,1.500000,207.552283,344.603352
126.849,142.518403,114.099621,1.500000,210.293784,345.054075
126.882,152.969661,115.328917,1.500000,200.382084,345.523256
126.917,152.840365,114.907457,1.500000,201.077092,346.015179
126.952,154.425694,111.546191,1.500000,200.061883,346.510936
126.981,171.318343,111.286451,1.500000,183.635450,346.916342
127.012,163.992620,96.934262,1.500000,191.458094,347.348447
127.063,174.629275,85.780596,1.500000,181.629264,348.050903
127.105,173.205275,76.446027,1.500000,183.705326,348.617913
127.133,182.419640,80.083349,1.500000,174.926404,348.996560
127.160,182.840856,62.761299,1.500000,174.934091,349.369520
127.189,196.167890,86.062040,1.500000,162.055623,349.759577
127.219,199.192821,67.950917,1.500000,159.487887,350.157137
127.314,206.209808,75.846318,1.500000,153.920504,351.417662
127.339,211.603810,91.476368,1.500000,148.902041,351.744219
127.367,228.845389,76.531145,1.500000,132.084213,352.112697
127.396,231.248316,86.038432,1.500000,130.109653,352.485190
127.421,231.003544,71.047554,1.500000,130.718359,352.801655
127.449,234.227098,84.283509,1.500000,127.907717,353.160709
127.477,243.353344,63.842756,1.500000,119.203945,353.528077
127.522,244.732618,84.474323,1.500000,118.477859,354.096067
127.628,258.700067,69.271742,1.500000,106.032451,355.419581
127.649,265.393791,73.291804,1.500000,99.630090,355.672940
127.680,276.974117,84.395164,1.500000,88.494003,356.059235
127.708,290.819267,64.066174,1.500000,75.030547,356.391143
127.739,295.942253,78.833920,1.500000,70.343436,356.770165
127.768,314.005098,97.760403,1.500000,52.675395,357.113472
127.790,317.585961,76.419039,1.500000,49.401734,357.380605
127.819,328.697149,86.425787,1.500000,38.687492,357.725775
127.849,338.234662,66.572161,1.500000,29.549015,358.072763
127.881,339.059823,80.504655,1.500000,29.158949,358.451106
127.917,338.163787,67.627714,1.500000,30.536963,358.870218
127.951,357.139453,68.198090,1.500000,12.005484,359.256467
127.988,369.226552,87.834528,1.500000,0.410931,359.684768
128.016,369.719759,66.991437,1.500000,0.274191,359.994740
128.050,389.138886,78.082468,-1.500000,-18.700088,360.381563
128.081,404.934802,68.951246,-1.500000,-34.106866,360.719945
128.111,421.473102,63.907557,-1.500000,-50.262501,361.052697
128.142,430.024621,68.352415,-1.500000,-58.426805,361.389406
128.179,452.104546,58.021013,-1.500000,-80.038426,361.796626
128.205,436.119649,66.950033,-1.500000,-63.736194,362.072569
128.244,459.109777,55.924821,-1.500000,-86.248012,362.488492
128.277,492.637896,68.955552,-1.500000,-119.365962,362.845160
128.311,539.894113,68.212001,-1.500000,-166.216983,363.197504
128.347,542.785720,68.578784,-1.500000,-168.683902,363.566798
128.381,594.375444,69.600504,-1.500000,-219.871232,363.916706
128.414,605.831188,63.873466,-1.500000,-230.940413,364.252848
128.447,606.206608,71.755980,-1.500000,-230.930749,364.587703
128.479,595.598923,65.729890,-1.500000,-219.960734,364.902774
128.507,602.951421,71.445026,-1.500000,-226.988651,365.185018
128.540,627.511501,66.122808,-1.500000,-251.177910,365.507471
128.573,587.701164,65.375082,-1.500000,-211.000592,365.826584
128.611,575.540403,63.171241,-1.500000,-198.427050,366.185524
128.639,578.159513,64.421774,-1.500000,-200.744608,366.447743
128.673,561.938569,67.979746,-1.500000,-184.147427,366.774906
128.707,545.528086,63.080710,-1.500000,-167.382490,367.083128
128.743,472.354324,65.872731,-1.500000,-93.829481,367.412907
128.780,480.092994,63.721312,-1.500000,-101.178652,367.751601
128.809,438.006415,66.928052,-1.500000,-58.799038,368.006415
128.864,378.804497,67.754422,-0.333756,0.965117,368.495316
128.899,402.655270,62.409725,-1.500000,-22.540347,368.795585
128.930,338.619352,64.946116,1.500000,41.803423,369.063282
128.964,343.042322,72.117516,1.500000,37.712800,369.352281
128.995,342.558312,67.041439,1.500000,38.491460,369.608497
129.022,347.985959,68.263840,1.500000,33.323191,369.834043
129.052,327.490925,69.157619,1.500000,54.097507,370.076897
129.081,339.502791,66.363390,1.500000,42.355881,370.311889
129.111,339.764138,66.430855,1.500000,42.367573,370.549314
129.149,344.329591,66.291536,1.500000,38.148035,370.850110
129.181,355.042379,62.013980,1.500000,27.717681,371.095704
129.213,341.818219,67.442305,1.500000,41.223476,371.340604
129.251,359.846052,67.496425,1.500000,23.519847,371.622520
129.282,371.334400,66.907108,1.500000,12.299848,371.855868
129.313,365.508431,67.915047,1.500000,18.384449,372.080766
129.345,371.357702,64.945747,1.500000,12.804019,372.314540
129.378,381.068565,69.945439,1.500000,3.357332,372.544258
129.412,381.349506,65.566991,1.500000,3.348244,372.780652
129.447,403.723126,67.549264,-1.500000,-18.747907,373.021930
129.482,407.124840,69.767521,-1.500000,-21.876364,373.259544
129.512,413.949474,63.087595,-1.500000,-28.473060,373.457752
129.554,402.370030,66.834133,-1.500000,-16.579094,373.731249
129.575,378.398597,60.240591,1.500000,7.550127,373.868456
129.720,424.938642,68.043790,-1.500000,-37.966359,374.758508
129.745,402.220403,69.649721,-1.500000,-15.076636,374.907624
129.781,412.681053,68.640830,-1.500000,-25.305277,375.109371
129.813,402.683474,69.319288,-1.500000,-15.100221,375.289785
129.841,401.853292,70.760539,-1.500000,-14.089917,375.446413
129.869,403.512851,63.542342,-1.500000,-15.574260,375.598775
129.894,402.764665,68.456441,-1.500000,-14.673468,375.731476
129.922,381.105299,64.282030,1.500000,7.157448,375.880649
129.953,395.424891,61.390351,-1.500000,-6.977946,376.040821
129.990,391.159107,72.566225,-1.500000,-2.502940,376.222754
130.019,369.253821,64.948401,1.500000,19.567484,376.366353
130.053,364.748649,65.713919,1.500000,24.261174,376.530281
130.088,397.136725,67.580149,-1.500000,-7.936018,376.696267
130.125,338.407055,70.024605,1.500000,50.985018,376.862671
130.154,363.873000,60.320630,1.500000,25.669946,376.993866
130.201,363.978828,65.420500,1.500000,25.796533,377.195966
130.234,381.530338,62.621321,1.500000,8.405770,377.335746
130.262,367.832594,64.218474,1.500000,22.234512,377.449658
130.299,376.314841,73.999725,1.500000,13.920018,377.595530
130.322,387.486009,70.312675,1.500000,2.852691,377.685827
130.348,391.050979,68.598835,0.772487,-0.602029,377.781695
130.377,376.298122,71.848359,1.500000,14.274736,377.889441
130.406,394.368378,65.120340,-1.500000,-3.675231,377.994041
130.440,388.963693,68.692029,0.388393,1.865007,378.111913
130.472,425.317369,71.521046,-1.500000,-34.366387,378.218245
130.512,429.406511,67.580933,-1.500000,-38.305822,378.348425
130.544,412.694574,65.810533,-1.500000,-21.481669,378.446005
130.674,401.355216,70.475366,-1.500000,-9.718817,378.814259
130.701,409.030414,68.027968,-1.500000,-17.315493,378.882540
130.736,374.301044,71.571622,1.500000,17.511328,378.967280
130.782,401.590924,64.913481,-1.500000,-9.655401,379.074368
130.808,393.439754,65.126102,-1.500000,-1.439735,379.130450
130.837,384.207200,65.701975,1.500000,7.860861,379.189619
130.867,396.206009,69.931872,-1.500000,-4.070224,379.248509
130.892,398.598680,71.192540,-1.500000,-6.406973,379.297136
130.921,381.691305,67.454082,1.500000,10.558693,379.347825
130.953,399.252446,70.441251,-1.500000,-6.940722,379.401499
130.984,382.599782,70.685493,1.500000,9.769228,379.451313
131.021,390.897631,70.911139,1.500000,1.532334,379.504317
131.049,365.230090,68.523023,1.500000,27.242817,379.541659
131.084,374.744856,68.263518,1.500000,17.778481,379.585510
131.119,390.601145,68.851412,1.500000,1.966460,379.624004
131.153,405.446967,64.372946,-1.500000,-12.840632,379.657683
131.182,388.559396,65.842089,1.500000,4.076443,379.683339
131.210,386.405462,64.351136,1.500000,6.256003,379.705621
131.241,391.182036,66.176966,1.500000,1.503562,379.726607
131.272,406.260499,66.196575,-1.500000,-13.554566,379.744290
131.305,407.255534,68.334499,-1.500000,-14.532156,379.759460
131.346,400.484371,68.972651,-1.500000,-7.744920,379.773436
131.380,400.496058,64.509241,-1.500000,-7.748439,379.780538
131.412,426.038633,66.146999,-1.500000,-33.287556,379.783546
131.444,399.441698,66.517357,-1.500000,-6.691202,379.783040
131.476,392.606276,60.216186,-1.331227,0.139624,379.779043
131.507,401.708290,62.646119,-1.500000,-8.970627,379.771881
131.591,384.905905,70.695294,1.500000,7.790464,379.735973
131.629,390.444113,68.550940,1.500000,2.224821,379.712116
131.653,369.721915,65.921909,1.500000,22.926520,379.694291
131.681,383.797679,59.959568,1.500000,8.823648,379.670719
131.710,366.154559,66.516146,1.500000,26.436524,379.644420
131.742,404.114877,71.420920,-1.500000,-11.561608,379.611538
131.767,382.043275,63.118694,1.500000,10.477198,379.583020
131.803,394.404044,71.639889,-0.472519,-1.934628,379.538623
131.830,394.218240,71.006967,-1.500000,-1.789735,379.503047
131.860,391.496755,73.047545,-0.559864,0.881511,379.459362
131.892,384.246475,69.906349,1.500000,8.076523,379.411302
131.925,380.523417,64.919098,1.500000,11.737882,379.357651
131.962,399.741627,65.701393,-1.500000,-7.555265,379.292489
131.997,387.893203,69.229869,1.500000,4.216997,379.226262
132.037,390.328863,71.562963,1.500000,1.689110,379.146064
132.088,404.720008,68.925314,-1.500000,-12.829216,379.035471
132.125,385.705636,67.653246,1.500000,6.089961,378.952693
132.154,413.318214,61.041350,-1.500000,-21.602688,378.883066
132.186,420.888496,67.725929,-1.500000,-29.267519,378.800849
132.215,410.237112,67.248876,-1.500000,-18.700710,378.727307
132.248,396.227505,65.336056,-1.500000,-4.795901,378.636177
132.291,407.663717,76.845957,-1.500000,-16.371052,378.515361
132.329,366.468705,65.675389,1.500000,24.696064,378.404147
132.354,383.506025,68.842771,1.500000,7.568688,378.325838
132.389,390.697530,63.247855,1.500000,0.249885,378.215144
132.418,410.782851,66.233553,-1.500000,-19.943245,378.121397
132.448,394.712415,64.494339,-1.500000,-3.986496,378.022538
132.483,396.338572,66.174391,-1.500000,-5.751996,377.901370
132.508,377.395756,73.161331,1.500000,13.085308,377.809621
132.541,379.507805,70.283011,1.500000,10.838060,377.692057
132.573,377.555318,67.825911,1.500000,12.652187,377.571744
132.607,385.793335,69.630317,1.500000,4.261835,377.439278
132.645,390.932666,67.407378,0.229395,-1.051485,377.287983
132.677,396.371167,67.178091,-1.500000,-6.636747,377.160365
132.711,392.994789,63.805756,-1.500000,-3.426360,377.016025
132.742,367.320807,63.124094,1.500000,22.098022,376.885938
132.772,377.961991,70.229692,1.500000,11.305981,376.754758
132.804,390.530903,63.187976,-0.227144,-1.429310,376.610081
132.832,375.370242,65.998805,1.500000,13.585616,376.483355
132.863,406.461314,67.151556,-1.500000,-17.673839,376.336935
132.897,374.261148,62.935364,1.500000,14.342334,376.176941
132.930,426.184538,64.816859,-1.500000,-37.765503,376.016552
132.967,390.653020,65.335734,-1.500000,-2.441767,375.835872
133.001,407.206611,70.650107,-1.500000,-19.192768,375.664211
133.034,388.435801,73.486772,-1.500000,-0.620170,375.491853
133.065,402.466456,62.425173,-1.500000,-14.839256,375.328000
133.095,364.042962,69.219795,1.500000,23.400552,375.168274
133.125,372.796177,59.179066,1.500000,14.458647,375.004195
133.155,393.242076,69.939519,-1.500000,-6.173802,374.841977
133.189,387.004141,67.522084,-1.500000,-0.153980,374.652314
133.220,403.456216,66.738036,-1.500000,-16.814716,374.470869
133.259,368.601172,69.446067,1.500000,17.782450,374.246628
133.294,359.881336,66.950135,1.500000,26.265593,374.040807
133.326,396.850583,60.729625,-1.500000,-10.923722,373.849444
133.358,357.037942,74.044837,1.500000,28.658360,373.648959
133.387,373.273190,65.370596,1.500000,12.217725,373.470361
133.420,374.292339,69.836069,1.500000,10.964574,373.266882
133.453,377.291021,70.230079,1.500000,7.722727,373.055433
133.482,374.772587,75.030569,1.500000,10.023514,372.866175
133.512,395.273871,65.944564,-1.500000,-10.702678,372.670603
133.545,383.784704,64.731751,-1.220557,0.533462,372.450579
133.577,393.228552,68.521560,-1.500000,-9.155000,372.237871
133.692,388.613110,63.889066,-1.500000,-5.452455,371.444048
133.724,384.601530,70.997409,-1.500000,-1.708307,371.211498
133.763,373.621602,71.440324,1.500000,8.951353,370.933004
133.793,364.176833,67.067884,1.500000,18.149456,370.718512
133.822,371.980445,65.727072,1.500000,10.095670,370.500970
133.852,369.030775,68.863275,1.500000,12.787170,370.276474
133.880,379.981027,68.504998,1.500000,1.595536,370.066576
133.911,406.510374,66.964350,-1.500000,-25.202284,369.833121
133.940,381.387804,72.705121,-1.500000,-0.336663,369.609687
133.971,381.107387,75.036418,-1.500000,-0.333275,369.368794
134.008,392.538893,68.263596,-1.500000,-12.096900,369.079994
134.039,397.107200,67.766932,-1.500000,-16.952537,368.830142
134.072,365.871826,65.262502,1.500000,13.985752,368.571807
134.103,389.326110,60.100457,-1.500000,-9.758286,368.319847
134.141,358.012847,63.273587,1.500000,21.198690,368.010033
134.171,380.768192,76.089295,-0.361850,-1.843040,367.761002
134.200,358.542300,66.865023,1.500000,20.105386,367.519727
134.229,368.378342,66.319654,1.500000,9.984615,367.272136
134.264,363.358605,65.804082,1.500000,14.672134,366.983251
134.295,372.377558,67.943970,1.500000,5.346265,366.716367
134.328,373.892808,64.352385,1.500000,3.497601,366.426442
134.361,405.794142,67.788559,-1.500000,-28.734755,366.138598
134.393,402.884527,63.393393,-1.500000,-26.148202,365.857674
134.424,385.676205,65.426302,-1.500000,-9.251300,365.586873
134.457,382.456710,67.942086,-1.500000,-6.364628,365.297463
134.489,393.809820,71.172564,-1.500000,-18.051454,365.007275
134.519,394.364310,70.122323,-1.500000,-18.917611,364.736260
134.563,364.569614,64.575762,1.500000,10.407356,364.327799
134.592,392.578047,69.363277,-1.500000,-17.907384,364.061446
134.626,345.801430,69.555197,1.500000,28.506456,363.745988
134.657,361.942327,65.163284,1.500000,12.029626,363.453872
134.682,388.899892,66.044129,-1.500000,-15.196115,363.220676
134.712,359.990391,67.642013,1.500000,13.384109,362.934348
134.741,375.929922,63.235089,-1.500000,-2.868181,362.662384
134.771,364.314983,71.560724,1.500000,8.413450,362.372550
134.803,372.043232,70.622967,1.500000,0.334406,362.067511
134.837,374.611032,70.354882,-1.500000,-2.617670,361.733358
134.870,373.544377,67.960064,-1.500000,-1.919760,361.412710
134.902,371.314836,65.586115,-1.500000,-0.058936,361.092087
134.942,351.738433,59.876813,1.500000,19.058072,360.692613
134.973,340.878351,70.005462,1.500000,29.567917,360.388059
135.004,350.681561,66.429725,1.500000,19.398744,360.069831
135.033,356.630314,61.783297,1.500000,13.115032,359.778562
135.063,375.421532,68.859619,-1.500000,-6.023286,359.476736
135.096,357.086512,68.624953,1.500000,11.915143,359.131874
135.128,360.413305,70.467560,1.500000,8.214047,358.806393
135.167,378.030873,67.456190,-1.500000,-9.872519,358.398568
135.203,383.768772,66.519586,-1.500000,-16.038649,358.026193
135.240,362.977011,63.320188,1.500000,4.307313,357.638542
135.269,375.834104,67.577362,-1.500000,-8.902139,357.332143
135.299,378.066017,61.102888,-1.500000,-11.496068,357.017347
135.330,376.506457,67.686295,-1.500000,-10.323406,356.680914
135.360,364.235310,61.819742,0.412970,1.583097,356.363832
135.393,372.698663,62.765733,-1.500000,-7.286814,356.010304
135.426,350.818172,72.572963,1.500000,14.182932,355.653134
135.458,362.217649,72.190475,1.500000,2.373997,355.297083
135.497,370.983290,66.006501,-1.500000,-6.880407,354.872072
135.526,368.938775,62.687080,-1.500000,-5.201680,354.553996
135.563,358.010765,71.313546,1.500000,5.262308,354.150498
135.590,346.407404,66.845243,1.500000,16.523441,353.852909
135.624,351.626322,66.953963,1.500000,10.866416,353.471946
135.648,364.147316,64.256845,-0.879289,-1.969017,353.198521
135.682,385.667193,66.861798,-1.500000,-23.922228,352.821709
135.715,367.943274,63.609600,-1.500000,-6.628928,352.447258
135.749,355.243345,65.693115,1.500000,5.624146,352.058688
135.781,348.795502,76.331963,1.500000,11.658356,351.699007
135.813,349.145585,61.137774,1.500000,10.894140,351.338892
135.851,368.590313,62.534801,-1.500000,-9.063209,350.893134
135.881,359.621764,67.492254,-1.500000,-0.482407,350.555963
135.915,363.481074,64.176898,-1.500000,-4.792253,350.164193
135.950,345.142485,64.357614,1.500000,13.069358,349.749428
135.980,353.424205,58.500632,1.500000,4.397144,349.409869
136.007,355.490229,69.014909,1.500000,1.966221,349.092566
136.041,356.584829,65.463440,1.500000,0.411748,348.692675
136.073,381.162412,66.224856,-1.500000,-24.606762,348.309261
136.105,376.781116,65.163208,-1.500000,-20.659673,347.931690
136.141,365.394442,71.501796,-1.500000,-9.762701,347.505862
136.176,362.118946,70.218244,-1.500000,-6.958976,347.095626
136.207,362.656348,64.155957,-1.500000,-7.924465,346.723377
136.242,328.938320,70.383386,1.500000,25.313436,346.305874
136.275,346.925437,56.445689,1.500000,6.871821,345.910659
136.304,350.034020,71.614634,1.500000,3.362816,345.562466
136.337,345.325416,67.232093,1.500000,7.611845,345.162835
136.372,359.023147,69.965348,-1.500000,-6.567363,344.744160
136.412,358.025609,67.025539,-1.500000,-6.132007,344.255306
136.444,346.957770,68.460007,1.500000,4.493971,343.871079
136.593,350.823712,74.601027,0.089652,-1.469383,342.047242
136.612,355.121494,64.515145,-1.500000,-6.044062,341.806463
136.637,351.391336,71.004943,-1.500000,-2.659673,341.505794
136.662,334.568875,64.522791,1.500000,13.801398,341.191541
136.690,342.413508,63.225659,1.500000,5.559596,340.846177
136.714,353.348211,65.074050,-1.500000,-5.708693,340.556103
136.741,334.415418,69.424119,1.500000,12.835200,340.217928
136.769,351.486772,66.264268,-1.500000,-4.643500,339.863714
136.801,338.891927,70.909412,1.500000,7.501594,339.472627
136.839,347.717605,73.961250,-0.392351,-1.868282,338.999411
136.868,350.459383,71.427550,-1.500000,-5.033077,338.631571
136.901,341.697727,64.694902,1.500000,3.247628,338.213352
136.930,342.090380,67.133952,1.500000,2.446450,337.858113
136.961,352.629375,69.516395,-1.500000,-8.548973,337.461219
136.999,333.138314,70.879502,1.500000,10.401869,336.991463
137.029,343.167127,65.403748,1.500000,-0.068040,336.607902
137.061,351.738911,64.110193,-1.500000,-9.105703,336.202789
137.098,362.002356,70.700907,-1.500000,-19.902788,335.738754
137.123,345.549652,65.559941,-1.500000,-3.810054,335.425737
137.157,345.570816,66.789053,-1.500000,-4.337364,334.985610
137.194,336.512546,64.023434,1.500000,4.183717,334.518489
137.226,354.547440,64.202047,-1.500000,-14.312877,334.117011
137.256,330.974156,72.177767,1.500000,8.827531,333.740598
137.289,336.614216,62.892798,1.500000,2.699565,333.316331
137.321,351.351342,63.761145,-1.500000,-12.508594,332.906737
137.353,340.009469,67.752555,-1.500000,-1.635054,332.499492
137.389,340.342091,68.909459,-1.500000,-2.491322,332.044147
137.420,298.514882,75.039524,1.500000,38.874444,331.642891
137.457,325.042927,57.466447,1.500000,11.812614,331.178731
137.484,322.035546,69.103333,1.500000,14.419643,330.830599
137.582,329.492743,69.356960,1.500000,5.524924,329.580580
137.615,324.701436,69.169153,1.500000,9.820331,329.149363
137.649,334.573136,70.459035,0.835086,-0.550223,328.715576
137.689,344.289029,67.493831,-1.500000,-10.851193,328.206814
137.711,345.177110,68.528433,-1.500000,-12.060939,327.927106
137.745,342.782486,69.234151,-1.500000,-10.175049,327.484728
137.783,348.218917,67.677014,-1.500000,-16.168048,327.000755
137.814,325.136628,66.475262,1.500000,6.462430,326.607877
137.845,332.749247,68.997674,-0.078746,-1.608747,326.209130
137.873,352.833368,67.082417,-1.500000,-22.104901,325.850841
137.900,333.308287,64.370472,-1.500000,-2.985030,325.498484
137.931,300.919142,70.001636,1.500000,28.960790,325.112984
137.956,323.430850,64.401647,1.500000,6.068241,324.781819
137.989,334.929639,69.195871,-1.500000,-5.908757,324.365984
138.025,323.653833,67.176430,1.500000,4.829889,323.898889
138.058,317.613817,68.367387,1.500000,10.396309,323.487066
138.096,317.163864,66.230987,1.500000,10.279421,322.994161
138.125,341.953169,65.936479,-1.500000,-14.931021,322.627955
138.158,322.025843,70.148105,1.500000,4.514479,322.208976
138.190,323.707006,67.388382,1.500000,2.364986,321.801732
138.216,336.100780,69.712200,-1.500000,-10.418934,321.462475
138.268,350.776874,64.647738,-1.500000,-25.853115,320.803268
138.295,344.558148,66.858084,-1.500000,-20.025751,320.462954
138.323,334.731007,69.730607,-1.500000,-10.615839,320.100146
138.350,324.694416,63.713261,-1.500000,-0.970117,319.760261
138.377,327.647928,68.218629,-1.500000,-4.318711,319.416711
138.403,314.346507,76.500260,1.500000,8.601118,319.084891
138.432,306.182273,68.138903,1.500000,16.342038,318.716793
138.461,317.912427,65.358866,1.500000,4.185967,318.346429
138.501,317.097460,65.289664,1.500000,4.424043,317.844785
138.522,314.641978,64.347438,1.500000,6.575872,317.580739
138.554,333.688450,70.748350,-1.500000,-12.939488,317.173010
138.585,319.131458,70.331110,-0.452259,1.169294,316.783263
138.617,314.593161,63.086594,1.500000,5.244930,316.380949
138.653,324.433266,68.210674,-1.500000,-5.106027,315.936730
138.685,320.032217,68.390705,-1.500000,-1.174944,315.528064
138.742,313.317704,69.349903,1.500000,4.715922,314.811849
138.791,327.126653,71.567617,-1.500000,-9.787584,314.207886
138.818,322.694586,65.091549,-1.500000,-5.748573,313.866098
138.851,316.321776,67.232042,-1.323131,0.146324,313.450521
138.881,294.815084,71.210429,1.500000,21.225711,313.078952
138.908,310.420022,66.320755,1.500000,5.242503,312.750021
138.936,318.918882,63.973786,-1.500000,-3.656730,312.401871
138.966,308.024651,65.349317,1.500000,6.806330,312.026941
138.999,308.972605,66.284684,1.500000,5.392993,311.622259
139.028,323.377158,65.127920,-1.500000,-9.427220,311.260816
139.066,317.238961,70.992774,-1.500000,-3.812053,310.806007
139.101,297.772434,70.126193,1.500000,15.150855,310.368078
139.134,315.086639,61.905704,-1.313553,-2.630656,309.961725
139.167,293.550393,68.192499,1.500000,18.447075,309.563015
139.194,310.665338,60.954016,1.500000,0.956084,309.236020
139.223,305.894352,68.442598,1.500000,5.320061,308.882097
139.254,318.847555,70.665011,-1.500000,-8.056950,308.513570
139.289,311.970124,68.482080,-1.500000,-1.668083,308.088731
139.322,319.026379,68.978909,-1.500000,-9.188990,307.684686
139.360,311.889743,69.495577,-1.500000,-2.570842,307.233826
139.393,298.214246,66.936472,1.500000,10.651254,306.839565
139.427,301.768925,64.943990,1.500000,6.630066,306.433905
139.456,302.184377,67.868984,1.500000,5.818314,306.089296
139.490,310.291419,65.651882,-1.500000,-2.757257,305.681880
139.521,296.242617,73.997199,1.500000,10.871453,305.316583
139.550,305.726060,64.033611,1.500000,0.995169,304.974981
139.581,314.243206,66.957284,-1.500000,-7.942853,304.609002
139.614,310.168199,67.076884,-1.500000,-4.318324,304.217283
139.648,303.473549,68.029379,0.816959,1.917433,303.818246
139.685,311.160264,74.150251,-1.500000,-6.258761,303.392612
139.720,297.212770,58.123416,1.500000,7.214859,302.980547
139.752,308.841087,68.551395,-1.500000,-4.843692,302.606431
139.781,306.356844,70.155172,-1.500000,-2.738720,302.276629
139.817,289.930106,63.371091,1.500000,13.206365,301.857801
139.842,298.348192,69.946447,1.500000,4.469910,301.580958
139.872,298.267499,68.085652,1.500000,4.147908,301.230789
139.904,296.123933,68.350354,1.500000,5.873774,300.867571
139.939,305.581884,68.017629,-1.500000,-4.040957,300.470372
139.975,302.623717,62.894185,-1.500000,-1.551021,300.063213
140.010,298.016761,68.437750,1.500000,2.612226,299.677381
140.041,313.706833,70.637823,-1.500000,-13.483785,299.324390
140.073,307.232982,64.672232,-1.500000,-7.414484,298.972607
140.105,305.636723,71.258255,-1.500000,-6.226355,298.617712
140.144,295.956198,64.118176,1.500000,2.948153,298.177697
140.174,296.961089,68.879633,1.500000,1.569738,297.852893
140.260,298.069750,61.941323,0.740442,-0.628550,296.905392
140.280,296.203622,74.884668,1.500000,0.988481,296.688786
140.309,313.921360,67.627723,-1.500000,-17.088878,296.376072
140.337,311.690719,63.581873,-1.500000,-15.197920,296.080694
140.361,302.737204,66.480347,-1.500000,-6.542124,295.821809
140.393,296.869401,67.924743,-1.500000,-1.072652,295.475433
140.413,298.331674,65.763632,-1.500000,-2.774468,295.267135
140.453,287.189849,66.439665,1.500000,7.882434,294.845464
140.484,282.393442,66.514607,1.500000,12.302597,294.518294
140.520,291.147325,59.282020,1.500000,3.110934,294.137616
140.552,284.744288,70.855976,1.500000,9.124348,293.798814
140.581,292.886477,61.953020,1.500000,0.645179,293.505788
140.615,298.302655,66.854621,-1.500000,-5.179553,293.150524
140.637,293.994354,67.074985,-1.500000,-1.132676,292.923198
140.668,298.692192,62.511144,-1.500000,-6.196240,292.605176
140.703,279.488527,65.738539,1.500000,12.603883,292.254269
140.732,290.258309,64.751594,1.500000,1.496932,291.961080
140.766,292.102253,68.649999,0.595669,-0.748362,291.612080
140.795,295.889207,74.681159,-1.500000,-4.863525,291.326680
140.825,289.223812,66.531225,-0.005173,1.448186,291.019128
140.859,282.220071,70.452776,1.500000,8.064042,290.681837
140.898,292.243369,68.513240,-1.207021,-2.391888,290.305635
140.934,284.908918,65.530892,1.500000,4.531888,289.948527
140.966,295.883276,60.950720,-1.500000,-6.799167,289.638355
141.005,293.292271,69.695160,-1.500000,-4.645990,289.257636
141.033,292.998648,70.839011,-1.500000,-4.656264,288.993377
141.066,275.025431,65.601224,1.500000,12.950079,288.674357
141.098,280.929972,71.431502,1.500000,6.704475,288.377780
141.129,286.742663,66.841649,1.500000,0.548954,288.079667
141.161,287.336430,67.485901,1.033047,-0.386394,287.782640
141.193,286.796622,67.700626,0.749525,-0.187643,287.486068
141.225,292.684834,69.043745,-1.500000,-6.414237,287.191824
141.258,284.547276,64.738379,-0.120325,1.368388,286.883186
141.294,293.492052,69.098528,-1.500000,-7.949101,286.559088
141.333,294.631862,71.592717,-1.500000,-9.496434,286.204720
141.367,283.875543,63.998522,-0.407173,0.904358,285.895566
141.402,281.771631,64.522462,1.500000,2.659098,285.591938
141.433,286.826565,68.525244,-1.500000,-2.712785,285.316331
141.463,281.319422,70.287460,1.139451,2.486572,285.048690
141.492,280.927748,64.088575,1.500000,2.587480,284.795850
141.523,287.618164,72.801514,-1.500000,-4.407589,284.530935
141.554,280.825527,67.163453,0.642519,2.075317,284.261604
141.760,285.131793,67.827859,-1.500000,-4.207416,282.542936
141.776,272.825065,69.243035,1.500000,7.944722,282.408511
141.804,284.644746,66.153030,-1.500000,-4.137482,282.180229
141.837,276.138309,67.570411,1.500000,4.067668,281.918241
141.864,278.604805,65.857380,1.500000,1.358878,281.707551
141.893,279.645895,65.559775,1.500000,0.048052,281.472997
141.926,280.630569,65.851521,0.011818,-1.231548,281.216540
141.956,293.101792,70.020226,-1.500000,-13.970767,280.983500
141.991,282.924062,63.244053,-1.500000,-4.102262,280.714609
142.023,285.375827,61.014912,-1.500000,-6.838309,280.467407
142.059,282.152759,69.186500,-1.500000,-3.924028,280.198896
142.094,278.627820,64.927489,-1.500000,-0.696684,279.940118
142.122,267.613423,71.577517,1.500000,10.075296,279.729321
142.152,266.347373,68.075828,1.500000,11.086063,279.507335
142.185,275.606492,61.411950,1.500000,1.556019,279.271748
142.218,282.890606,67.702968,-1.500000,-6.002423,279.033203
142.250,269.665563,61.303399,1.500000,6.953985,278.799607
142.343,278.417472,67.571782,-1.205385,-2.541138,278.153334
142.366,277.938328,69.695556,-1.500000,-2.247372,277.992136
142.402,266.539669,67.922998,1.500000,8.872599,277.749798
142.428,264.887480,64.872060,1.500000,10.320125,277.571830
142.455,270.208825,69.995070,1.500000,4.797574,277.396868
142.484,274.399119,68.790377,1.500000,0.381675,277.200690
142.515,287.455889,68.755547,-1.500000,-12.902792,277.002694
142.556,283.222225,65.916976,-1.500000,-8.978317,276.733833
142.606,278.727831,73.490338,-1.500000,-4.849746,276.415726
142.636,274.306592,65.564374,-1.500000,-0.641201,276.230775
142.665,270.199621,66.204423,1.500000,3.260497,276.052277
142.693,271.748438,64.396912,1.500000,1.511851,275.878512
142.724,276.613986,66.293070,-1.500000,-3.572290,275.688431
142.750,282.236283,66.146400,-1.500000,-9.369235,275.536564
142.777,267.690379,69.409842,1.500000,4.993250,275.377069
142.807,263.380072,69.360498,1.500000,9.099230,275.199393
142.841,270.104200,68.440458,1.500000,2.146308,275.000442
142.872,277.683481,70.812294,-1.500000,-5.639134,274.821171
142.904,274.249877,68.550891,-1.500000,-2.413774,274.640090
142.951,269.189389,69.927755,1.342349,2.352238,274.384024
142.986,275.242974,64.515893,-1.500000,-3.925428,274.189171
143.022,263.922569,69.226257,1.500000,7.172307,273.995545
143.053,271.915696,67.339790,0.642845,-1.011568,273.829676
143.081,271.465475,65.850817,-0.343408,-0.729902,273.683107
143.111,268.130142,66.206527,1.500000,2.429926,273.530494
143.144,279.299502,69.812407,-1.500000,-8.933823,273.361460
143.177,273.361280,66.898293,-1.500000,-3.183447,273.198116
143.217,268.511656,62.584853,0.236481,1.437037,272.998864
143.253,275.157775,63.450060,-1.500000,-5.409004,272.825019
143.288,269.314270,65.763663,-1.414629,0.245551,272.660714
143.316,263.247174,66.121623,1.500000,6.159605,272.527634
143.349,266.024631,70.195915,1.500000,3.207593,272.375847
143.383,274.233242,67.960918,-1.500000,-5.179352,272.220774
143.408,260.562979,63.526798,1.500000,8.360884,272.107707
143.437,274.301712,64.892437,-1.500000,-5.521875,271.982467
143.469,261.809561,67.644818,1.500000,6.811551,271.844445
143.501,266.037739,61.524128,1.500000,2.426667,271.708179
143.534,272.418803,69.820146,-1.500000,-4.112128,271.571022
143.632,269.610318,63.775960,-1.500000,-1.759202,271.174884
143.655,263.835326,70.963981,1.500000,3.912676,271.085219
143.692,264.765255,64.141849,1.500000,2.820020,270.943717
143.724,266.407927,67.293292,1.500000,1.041782,270.825833
143.762,275.925276,68.383474,-1.500000,-8.634738,270.687425
143.795,268.022392,65.242637,-1.500000,-0.864708,270.571900
143.825,265.002057,66.109865,0.957699,2.033907,270.466056
143.853,266.224982,65.984280,1.500000,0.702470,270.371698
143.882,273.489394,67.564401,-1.500000,-6.673495,270.274694
143.910,261.212303,68.119263,1.500000,5.494821,270.180108
143.943,266.389649,70.012222,1.500000,0.195678,270.074198
143.978,279.127876,71.900403,-1.500000,-12.668031,269.965083
144.008,272.159982,72.676577,-1.500000,-5.805654,269.873329
144.037,270.477523,65.582317,-1.500000,-4.223062,269.786488
144.070,276.676916,71.067338,-1.500000,-10.531528,269.691641
144.107,270.158193,64.216494,-1.500000,-4.133000,269.587124
144.139,259.360940,69.246078,1.500000,6.563799,269.499774
144.173,267.058714,61.008438,0.367368,-1.239549,269.407969
144.206,259.767968,63.864458,1.500000,5.953476,269.322995
144.240,263.914280,66.877382,1.500000,1.708296,269.237022
144.266,268.691751,71.416653,-1.500000,-3.142401,269.173348
144.309,259.605033,66.117699,1.500000,5.828259,269.072429
144.341,262.841634,64.982809,1.500000,2.508626,269.000226
144.370,268.839326,69.365491,-1.500000,-3.561471,268.937265
144.400,270.177804,64.241699,-1.500000,-4.974723,268.872244
144.429,262.141144,72.279504,1.500000,2.993635,268.812852
144.458,270.255710,65.096779,-1.500000,-5.186871,268.755513
144.495,261.903898,66.007283,1.500000,3.083614,268.684792
144.524,260.601999,68.891739,1.500000,4.322264,268.629794
144.556,267.014151,62.460138,-1.103039,-2.154188,268.573880
144.595,265.097553,66.003225,-1.500000,-0.312495,268.508746
144.626,265.033787,69.089875,-1.500000,-0.306807,268.458243
144.656,252.915176,66.802581,1.500000,11.758294,268.411713
144.689,260.697132,69.709062,1.500000,3.921801,268.364289
144.719,268.928595,68.950569,-1.500000,-4.357685,268.322530
144.753,268.332499,67.104627,-1.500000,-3.814159,268.276817
144.786,258.858081,67.110534,1.500000,5.612907,268.235642
144.822,261.364340,66.062962,1.500000,3.058499,268.193772
144.849,262.612775,70.792344,1.500000,1.776339,268.164447
144.876,267.927162,69.570460,-1.500000,-3.569481,268.137114
144.909,267.716474,69.406858,-1.500000,-3.395259,268.105405
144.938,263.080937,66.916534,-0.037819,1.210030,268.079102
144.964,264.144791,66.474516,0.287404,0.121886,268.057980
144.992,273.630206,67.184510,-1.500000,-9.388381,268.036370
145.025,258.870086,67.520970,1.500000,5.345453,268.013512
145.057,260.446414,65.375202,1.500000,3.745663,267.993111
145.092,268.515118,72.260326,-1.500000,-4.345112,267.973918
145.127,262.116534,64.631915,0.592826,2.034193,267.957153
145.162,268.373217,63.362750,-1.500000,-4.238216,267.943479
145.198,264.366807,60.354249,-1.500000,-0.244961,267.932040
145.226,265.281169,72.569848,-1.500000,-1.167236,267.925159
145.259,259.929404,61.814614,1.500000,4.177684,267.919207
145.292,256.428437,67.504413,1.500000,7.674556,267.915646
145.320,267.475565,68.544778,-1.500000,-3.373858,267.914527
145.353,255.294059,64.121847,1.500000,8.808714,267.915455
145.390,255.298032,74.447218,1.500000,8.809119,267.919261
145.422,257.693356,61.287656,1.500000,6.420373,267.924982
145.454,262.023843,60.036058,1.500000,2.099086,267.932982
145.485,269.974599,65.068541,-1.500000,-5.840370,267.942808
145.515,271.252200,61.006134,-1.500000,-7.104787,267.954272
145.549,263.172792,67.950334,-0.301265,0.992006,267.969389
145.583,259.968015,65.512718,1.500000,4.217278,267.987211
145.615,263.092941,64.967940,1.500000,1.114105,268.006127
145.649,278.559285,65.102429,-1.500000,-14.326184,268.028783
145.682,272.114852,66.941163,-1.500000,-7.854044,268.052877
145.715,267.291374,64.286284,-1.500000,-3.000619,268.078918
145.747,258.983338,63.725234,1.500000,5.339949,268.107207
145.776,258.157890,63.530925,1.500000,6.197050,268.134730
145.814,267.618900,65.837253,-1.500000,-3.220578,268.172453
145.846,258.311805,65.066495,1.500000,6.126483,268.207207
145.874,270.103525,65.079912,-1.500000,-5.628570,268.239091
145.909,266.342565,64.069454,-1.500000,-1.819131,268.281247
145.941,259.022531,61.558341,1.500000,5.547767,268.321998
145.972,264.189163,72.506846,1.500000,0.428582,268.363257
146.003,263.860395,69.368584,1.500000,0.806871,268.406318
146.033,273.521879,69.737678,-1.500000,-8.804865,268.449577
146.065,267.180072,70.279193,-1.500000,-2.407669,268.497741
146.097,257.716299,63.767204,1.500000,7.115121,268.549061
146.128,269.674343,64.336298,-1.500000,-4.784566,268.599806
146.166,269.085457,74.371573,-1.500000,-4.119994,268.665620
146.204,266.444176,66.731427,-1.500000,-1.401274,268.732958
146.239,257.334193,64.766763,1.500000,7.784432,268.798804
146.269,264.407214,63.719965,1.500000,0.776891,268.855743
146.301,267.481740,66.826737,-1.188119,-2.224600,268.919252
146.333,253.877399,64.634401,1.500000,11.456620,268.986104
146.363,262.709821,67.644743,1.500000,2.695931,269.048480
146.394,269.383327,66.483797,-1.500000,-3.901849,269.114329
146.424,264.274491,63.120060,-0.313459,1.284163,269.181438
146.456,262.179609,63.950251,1.500000,3.464202,269.255488
146.488,270.319007,70.621760,-1.500000,-4.589083,269.330368
146.522,271.225728,70.352913,-1.500000,-5.401503,269.412369
146.559,261.449262,68.711068,1.500000,4.477076,269.501163
146.590,262.809491,62.359089,1.500000,3.207173,269.579707
146.620,260.897798,64.486186,1.500000,5.210043,269.658993
146.653,280.050539,65.878084,-1.500000,-13.844083,269.744744
146.685,267.398495,63.084245,-1.500000,-1.092865,269.830983
146.719,265.928913,63.758307,-0.912516,0.486144,269.926136
146.751,262.024005,68.627845,1.500000,4.494583,270.016163
146.783,271.998724,69.427496,-1.500000,-5.375771,270.106916
146.815,272.591099,70.058820,-1.500000,-5.858190,270.202530
146.840,266.293586,67.586622,-0.866930,0.523870,270.276049
146.880,261.179861,68.151911,1.500000,5.775525,270.395987
146.909,262.493831,63.514612,1.500000,4.566999,270.487678
146.941,265.993831,71.456373,1.500000,1.182776,270.588353
146.974,263.564492,69.650260,1.500000,3.733586,270.693981
147.007,273.542974,67.120360,-1.500000,-6.122626,270.800303
147.040,264.813844,67.898766,1.437808,2.733488,270.910723
147.072,278.609450,69.445982,-1.500000,-10.938674,271.018066
147.108,269.107419,69.986659,-1.500000,-1.295112,271.141137
147.142,262.196658,61.405553,1.500000,5.751149,271.258963
147.174,269.473528,70.125495,0.178096,-1.396188,271.371600
147.205,273.950465,66.400311,-1.500000,-5.744818,271.483171
147.237,266.752050,67.327730,0.215128,1.588433,271.600420
147.266,266.468113,65.361773,1.500000,1.992803,271.705144
147.297,268.219129,58.573248,1.500000,0.373257,271.819466
147.333,275.981348,64.467118,-1.500000,-7.230049,271.957651
147.365,279.728753,63.275556,-1.500000,-10.839050,272.078003
147.403,268.798575,66.153932,-1.184565,0.260999,272.225716
147.434,266.687893,63.706061,1.500000,2.516378,272.351540
147.467,267.850471,65.801143,1.500000,1.501188,272.479703
147.503,275.320383,65.506960,-1.500000,-5.801102,272.625462
147.533,263.897752,71.088707,1.500000,5.765157,272.750356
147.562,273.469553,69.819990,-1.500000,-3.671708,272.867692
147.593,278.045428,69.014178,-1.500000,-8.096246,272.999288
147.625,263.706698,72.348018,1.500000,6.396087,273.132856
147.657,273.673850,64.584835,-1.500000,-3.412297,273.270916
147.690,264.476506,64.794754,1.500000,5.946227,273.411073
147.721,265.958782,65.726372,1.500000,4.620864,273.547519
147.755,279.060244,66.571686,-1.500000,-8.309182,273.696576
147.792,272.767052,68.859947,-1.500000,-1.829031,273.859148
147.821,269.550240,66.462133,0.360335,1.539538,273.991111
147.857,263.040664,65.302056,1.500000,8.233661,274.151587
147.887,273.775288,69.161226,-1.190937,-2.341753,274.290031
147.916,266.180013,66.475127,1.500000,5.409221,274.425421
147.949,271.748164,72.232878,1.500000,0.014803,274.576493
147.981,278.787891,62.403203,-1.500000,-6.852282,274.726617
148.014,273.283062,72.995735,-1.500000,-1.166840,274.883671
148.048,270.619473,67.015042,0.537487,1.686146,275.048365
148.081,265.047148,64.158591,1.500000,7.440937,275.207031
148.113,274.889240,64.195248,-1.071322,-2.224913,275.360285
148.152,273.826658,66.759144,-1.500000,-0.939085,275.554412
148.177,265.558535,67.644837,1.500000,7.468390,275.675587
148.210,275.825086,70.400325,-1.286979,-2.608663,275.840367
148.241,265.734178,66.595059,1.500000,7.662919,275.997475
148.275,276.227615,66.845148,-1.343404,-2.633898,276.168449
148.310,268.921021,69.308140,1.500000,4.876448,276.345626
148.342,275.646311,66.047167,-0.162240,-1.662068,276.508037
148.373,274.284308,73.612005,-0.503803,-0.115254,276.668743
148.404,271.908390,67.991636,1.500000,2.443301,276.827557
148.440,277.388395,65.583289,-1.500000,-2.818707,277.017120
148.473,272.536269,58.729234,0.832512,2.232553,277.190280
148.503,274.847212,67.181020,1.246899,0.107992,277.352351
148.540,279.158626,60.643056,-1.500000,-3.980650,277.546066
148.569,277.507127,67.012059,-1.500000,-2.145755,277.705541
148.603,276.020353,66.326252,-1.500000,-0.450739,277.886620
148.636,268.325226,68.561770,1.500000,7.450677,278.066003
148.666,271.275915,67.601065,1.500000,4.688090,278.229569
148.698,277.541754,67.129081,-0.159442,-1.373281,278.407368
148.728,281.454042,64.729359,-1.500000,-5.094761,278.573288
148.761,271.791611,68.005460,1.500000,4.778811,278.756889
148.801,274.864373,72.910015,1.500000,1.961655,278.979155
148.837,276.973665,67.625107,1.500000,0.084442,279.180963
148.867,282.868538,61.493589,-1.500000,-5.615755,279.350246
148.897,287.836118,70.594743,-1.500000,-10.391225,279.517298
148.930,273.396694,66.809059,1.500000,4.267563,279.708050
148.962,289.555428,67.608008,-1.500000,-11.682540,279.889467
148.992,282.926851,65.368795,-1.500000,-4.856119,280.061506
149.025,273.604291,70.975962,1.500000,4.682511,280.249393
149.057,281.505610,61.391842,-1.500000,-3.002429,280.437549
149.100,279.030973,67.171297,-1.500000,-0.240578,280.687299
149.124,276.664647,61.582446,1.267596,2.290374,280.830453
149.164,270.736197,70.652442,1.500000,8.485734,281.062549
149.190,279.111445,65.267865,1.500000,0.290985,281.219505
149.218,282.787798,73.116905,-1.500000,-3.195091,281.384963
149.254,277.095151,64.317683,1.442415,2.737301,281.593436
149.285,286.295299,67.105345,-1.500000,-6.247812,281.780424
149.317,281.849570,60.479091,-1.500000,-1.579438,281.974028
149.353,283.631278,63.922047,-1.500000,-3.117531,282.185867
149.388,273.748957,67.081883,1.500000,7.011137,282.400082
149.425,271.758802,61.501099,1.500000,9.257438,282.622817
149.454,278.004585,64.783049,1.500000,3.210108,282.795385
149.486,280.546633,70.939845,1.500000,0.897411,282.994821
149.520,287.526797,64.128557,-1.500000,-5.845795,283.200872
149.549,284.672066,71.649171,-1.500000,-2.789841,283.375848
149.580,285.933668,66.856600,-1.500000,-3.828639,283.569590
149.609,278.069364,69.718077,1.500000,4.236534,283.744259
149.636,277.560629,77.406785,1.500000,4.937819,283.911693
149.666,292.037860,69.666292,-1.500000,-9.326866,284.096517
149.696,287.384593,66.008972,-1.500000,-4.457941,284.284045
149.732,280.468172,71.037273,1.500000,2.716083,284.508048
149.764,285.088554,69.849330,-0.162792,-1.678302,284.704567
149.802,283.282871,71.891589,0.120985,0.402325,284.943648
149.829,290.180286,67.021863,-1.500000,-6.299513,285.113716
149.860,278.186484,70.024143,1.500000,5.915960,285.306473
149.893,287.185591,68.662795,-1.500000,-2.844441,285.514043
149.923,275.187849,69.932517,1.500000,9.366825,285.699717
149.952,280.444616,67.960371,1.500000,4.323118,285.884986
149.987,291.048886,75.007069,-1.500000,-6.024764,286.107932
150.016,284.210711,69.686802,-0.627768,1.024046,286.291093
150.052,284.169758,64.456428,1.074515,1.320859,286.513580
150.090,284.678934,67.967989,1.500000,1.091069,286.756524
150.122,296.239954,62.574439,-1.500000,-10.233854,286.961827
150.154,290.518994,68.574763,-1.500000,-4.283997,287.160867
150.184,283.472663,71.003276,1.500000,2.984451,287.354012
150.215,290.911122,67.889671,-1.500000,-4.229691,287.549070
150.250,284.280117,68.922812,1.349738,2.660602,287.774539
150.282,284.643679,69.598979,1.500000,2.534159,287.980728
150.315,288.670421,67.007853,0.006008,-1.251496,288.190369
150.349,293.062560,67.167632,-1.500000,-5.391559,288.409566
150.382,284.496814,61.935865,1.500000,3.412748,288.617010
150.418,291.222200,71.307420,-1.500000,-3.044195,288.850439
150.450,285.495291,65.146857,1.500000,2.913883,289.051456
150.477,290.977863,68.528465,-0.991451,-2.364089,289.229369
150.507,293.777931,63.458062,-1.500000,-4.945094,289.419859
150.540,288.349042,60.539928,-0.681242,0.728779,289.632888
150.573,285.037435,67.745675,1.500000,4.282104,289.843077
150.607,289.354502,61.081795,1.500000,0.214800,290.060263
150.641,291.772917,63.758867,-0.856565,-1.950211,290.280614
150.672,304.653510,65.325855,-1.500000,-14.600463,290.480911
150.705,291.729599,65.352186,-1.500000,-1.436384,290.689752
150.743,288.103943,74.124314,1.483206,2.468810,290.932829
150.773,290.662716,72.154969,1.500000,0.135341,291.128745
150.798,305.139517,66.793326,-1.500000,-14.161230,291.285467
150.828,290.652043,67.199915,-1.196464,0.553400,291.482994
150.860,290.971680,59.605665,-0.593234,0.468694,291.687282
150.891,280.357677,67.821924,1.500000,11.313593,291.888060
150.925,287.576003,65.250577,1.500000,4.340189,292.101036
150.961,290.097761,67.325829,1.500000,2.085655,292.333405
150.998,304.089352,68.874333,-1.500000,-11.633045,292.570702
151.033,287.120681,66.778522,1.500000,5.591155,292.792901
151.064,292.470822,70.467728,1.500000,0.469644,292.991710
151.105,310.460213,64.360599,-1.500000,-17.214223,293.257383
151.139,306.471171,68.660376,-1.500000,-12.977184,293.473032
151.168,309.571072,67.852799,-1.500000,-15.861660,293.660358
151.200,297.266948,65.165002,-1.500000,-3.323946,293.863480
151.229,300.857662,68.731359,-1.500000,-6.706935,294.044110
151.259,283.894940,65.660818,1.500000,10.478780,294.238017
151.293,281.536256,65.205266,1.500000,13.085730,294.453901
151.333,284.259662,56.775944,1.500000,10.652691,294.706394
151.358,291.049732,64.507353,1.500000,4.042508,294.862817
151.397,302.087576,71.045653,-1.500000,-6.708095,295.112592
151.430,291.928009,66.691731,1.500000,3.685227,295.315858
151.466,303.266190,69.223592,-1.500000,-7.392180,295.542617
151.496,304.860346,71.556671,-1.500000,-8.763980,295.735970
151.529,291.794243,73.375597,1.500000,4.535671,295.939056
151.559,303.473809,70.766764,-1.500000,-6.925952,296.128571
151.589,290.482623,72.582778,1.500000,6.280258,296.315549
151.619,297.057722,67.891136,1.500000,-0.077407,296.504622
151.649,293.815055,62.757267,1.500000,3.380006,296.691357
151.682,309.477846,62.854924,-1.500000,-12.049300,296.894389
151.714,309.558375,65.743156,-1.500000,-11.902025,297.092478
151.745,315.375221,63.929553,-1.500000,-17.492496,297.289326
151.783,305.251525,67.331765,-1.500000,-7.103282,297.520211
151.813,280.773460,72.091666,1.500000,17.593020,297.709983
151.849,307.038567,67.902564,-1.500000,-8.424519,297.925259
151.881,297.789218,64.760675,-0.595174,1.051020,298.121946
151.911,295.481716,68.178895,1.500000,3.568960,298.304936
151.944,289.476597,64.818948,1.500000,9.810700,298.510693
151.976,295.597866,69.287447,1.500000,3.910289,298.702743
152.012,307.859459,66.116220,-1.500000,-8.100704,298.920657
152.042,292.882956,68.519996,1.500000,7.084802,299.102398
152.073,304.237502,64.122118,-1.500000,-4.053503,299.290434
152.105,298.808010,65.377375,0.063920,1.596477,299.482163
152.137,305.145984,70.471655,-1.500000,-4.519333,299.675349
152.166,293.978590,62.210409,1.500000,6.848387,299.849545
152.200,296.349923,75.387048,1.500000,4.706700,300.049238
152.232,295.804854,67.187459,1.500000,5.474420,300.242847
152.265,319.540337,65.014103,-1.500000,-18.036998,300.437686
152.308,306.971382,68.935847,-1.500000,-5.179761,300.688366
152.343,298.213443,67.791721,1.500000,3.816070,300.895229
152.370,309.049901,69.078075,-1.500000,-6.837175,301.054545
152.404,300.133493,67.322116,0.916381,2.301962,301.248222
152.437,308.586758,60.819210,-1.500000,-5.927006,301.443262
152.464,303.191581,66.507716,-1.500000,-0.352177,301.599482
152.496,285.881667,62.644210,1.500000,17.169670,301.783771
152.623,307.433017,64.203101,-1.500000,-3.548461,302.508310
152.656,298.235289,70.363925,1.500000,5.861930,302.693234
152.688,305.372160,66.680022,0.572911,-1.069444,302.871927
152.716,308.387896,71.610583,-1.500000,-3.900131,303.032839
152.746,302.189637,73.398098,1.251052,2.485528,303.195795
152.774,313.655604,66.030280,-1.500000,-8.796775,303.355504
152.804,305.140810,65.681287,-1.500000,-0.096110,303.517131
152.837,287.163150,70.435107,1.500000,18.091187,303.699423
152.869,288.381018,57.726982,1.500000,17.076644,303.876228
152.901,294.194807,65.521491,1.500000,11.461611,304.049060
152.939,295.275173,61.839880,1.500000,10.619148,304.255931
152.971,306.797566,69.186173,0.649385,-0.703907,304.429268
153.006,312.048051,73.102222,-1.500000,-5.740332,304.615407
153.041,306.287696,75.631819,-1.473246,0.238641,304.805510
153.071,302.441515,65.004067,1.500000,4.264253,304.961537
153.100,298.513149,63.178226,1.500000,8.369930,305.115720
153.133,317.745921,66.585573,-1.500000,-10.662432,305.289991
153.163,314.630334,67.925521,-1.500000,-7.367096,305.446294
153.197,307.461874,70.196867,-1.493761,0.005113,305.623466
153.231,311.758648,63.026941,-1.500000,-4.090523,305.798370
153.264,309.431205,69.665500,-1.500000,-1.569007,305.967129
153.305,295.114169,72.067555,1.500000,12.989373,306.176993
153.333,300.054365,65.932876,1.500000,8.212607,306.319106
153.362,301.430324,61.940923,1.500000,7.005280,306.465743
153.396,309.829277,64.339053,0.056137,-1.194871,306.638614
153.422,309.058430,60.579212,-0.453486,-0.276338,306.767037
153.453,312.135542,67.274105,-1.500000,-3.177488,306.920047
153.486,293.958308,62.385240,1.500000,15.186268,307.082241
153.517,307.336807,69.793785,1.500000,1.984079,307.235553
153.548,310.344767,74.263828,0.474312,-0.848795,307.387802
153.589,309.956006,61.932503,0.067064,-0.233746,307.584574
153.623,300.845691,69.694125,1.500000,9.061029,307.744974
153.659,331.506598,70.604881,-1.500000,-21.402692,307.916440
153.691,313.946127,67.753283,-1.500000,-3.668981,308.067083
153.722,323.463654,72.021842,-1.500000,-13.018147,308.213484
153.754,309.701135,60.754874,-0.395389,0.914110,308.361083
153.785,307.306955,65.701870,1.500000,3.476662,308.507493
153.814,311.165329,60.960728,1.452825,-0.229951,308.639460
153.846,319.084367,66.262008,-1.500000,-7.979186,308.787114
153.877,317.627338,67.894681,-1.500000,-6.363545,308.925038
153.909,310.806638,63.139322,-0.749784,0.620818,309.067352
153.944,304.054386,71.165024,1.500000,7.553266,309.224045
153.976,312.301808,68.423818,1.131673,-0.531437,309.365540
154.009,309.062290,66.665128,1.500000,2.878473,309.513708
154.043,316.198006,68.415940,-1.500000,-4.087316,309.661470
154.074,315.579157,67.832341,-1.500000,-3.316990,309.793188
154.106,310.157989,71.236028,1.234801,2.263233,309.931497
154.136,318.397228,61.856546,-1.500000,-5.830841,310.057728
154.169,313.304086,67.291363,-1.500000,-0.580087,310.194781
154.200,306.348740,59.805206,1.500000,6.527778,310.327407
154.232,308.633047,68.404548,1.500000,4.395546,310.459646
154.272,305.721598,68.142850,1.500000,7.492484,310.620940
154.306,313.352745,64.830412,1.500000,0.020273,310.759147
154.342,325.273476,69.192376,-1.500000,-11.733746,310.904113
154.372,327.074673,65.737139,-1.500000,-13.398500,311.022758
154.403,323.237965,67.360450,-1.500000,-9.420711,311.145438
154.437,304.493776,66.857896,1.500000,9.476034,311.278096
154.466,310.678817,68.112008,1.500000,3.423910,311.393676
154.501,322.561917,65.528665,-1.500000,-8.306877,311.526122
154.538,315.596615,66.619295,-1.500000,-1.181973,311.664905
154.569,311.957985,65.831258,1.500000,2.594447,311.784724
154.600,328.929156,67.953812,-1.500000,-14.244248,311.899920
154.634,306.013531,61.055183,1.500000,8.813748,312.023721
154.667,310.926356,68.347455,1.500000,4.036621,312.141720
154.698,317.825422,71.292394,-1.500000,-2.733311,312.254010
154.729,323.207347,66.473084,-1.500000,-7.988356,312.364340
154.761,318.903180,60.737367,-1.500000,-3.552050,312.479243
154.793,301.514571,62.906961,1.500000,13.963838,312.589921
154.823,308.532122,69.020288,1.500000,7.067712,312.695508
154.856,319.716268,70.119495,-1.500000,-3.989584,312.805812
154.890,309.125522,66.071148,1.500000,6.734554,312.921805
154.928,308.137242,71.815073,1.500000,7.870161,313.049916
154.956,321.147321,64.152964,-1.500000,-5.037391,313.139069
154.993,314.134207,69.531900,0.691582,2.115921,313.260981
155.021,316.005366,62.607627,1.379224,0.348332,313.351042
155.052,324.587272,65.263763,-1.500000,-8.120635,313.449250
155.085,322.208449,67.761213,-1.500000,-5.623166,313.552420
155.114,313.394746,70.835388,1.500000,3.295549,313.643735
155.145,323.025769,66.966551,-1.500000,-6.227211,313.737876
155.182,316.395780,65.850018,-1.222878,0.531541,313.849845
155.216,308.961724,67.141646,1.500000,8.082657,313.951635
155.254,307.543735,66.514338,1.500000,9.628077,314.062445
155.286,323.275021,69.215953,-1.500000,-5.995955,314.155710
155.325,312.106565,61.473396,1.500000,5.302841,314.269048
155.355,325.564176,74.491807,-1.500000,-8.058243,314.352986
155.385,311.018619,66.379680,1.500000,6.583256,314.436413
155.414,322.599281,63.563971,-1.500000,-4.907950,314.514200
155.440,314.167428,67.415313,1.500000,3.607025,314.586481
155.470,323.760001,65.844896,-1.500000,-5.894379,314.665759
155.502,317.664779,68.373276,-1.500000,0.298204,314.750420
155.535,311.428389,65.154999,1.500000,6.631340,314.834547
155.569,317.047148,64.236079,1.500000,1.114728,314.923370
155.596,330.326034,68.183378,-1.500000,-12.087562,314.989976
155.633,321.652448,65.990538,-1.500000,-3.306785,315.083186
155.662,320.216252,69.379743,-1.500000,-1.789572,315.153635
155.698,291.943163,67.326180,1.500000,26.580480,315.237951
155.732,315.146851,67.051385,1.500000,3.470710,315.319618
155.766,308.969345,61.750083,1.500000,9.737958,315.397655
155.805,304.340539,67.416945,1.500000,14.468229,315.485885
155.836,330.475201,73.008877,-1.500000,-11.585433,315.556321
155.872,320.705886,70.826629,-1.500000,-1.726514,315.634236
155.900,335.231649,63.740952,-1.500000,-16.182629,315.694799
155.933,311.461153,68.934931,1.500000,7.668195,315.764651
155.963,320.750220,61.462527,-0.007917,-1.550130,315.826165
155.996,314.791925,68.359633,1.500000,4.484124,315.892216
156.024,314.314356,68.185955,1.500000,5.026133,315.948252
156.056,332.000833,68.190040,-1.500000,-12.586770,316.012229
156.092,329.315264,70.207142,-1.500000,-9.821951,316.081141
156.124,328.457102,59.107073,-1.500000,-8.894104,316.141737
156.160,314.647161,71.670686,1.500000,4.990155,316.206362
156.192,323.485641,71.271150,-1.500000,-3.780714,316.265154
156.219,315.000125,63.593788,1.500000,4.758635,316.311965
156.258,315.707983,67.940978,1.500000,4.128049,316.379158
156.290,327.290219,65.913011,-1.500000,-7.391628,316.433557
156.323,322.488031,69.372002,-1.500000,-2.528721,316.486356
156.352,313.885364,68.725457,1.500000,6.127763,316.533154
156.384,319.398949,65.334649,1.500000,0.672534,316.583898
156.414,320.018930,62.689055,1.500000,0.105621,316.630044
156.445,323.398588,73.059773,-1.500000,-3.221195,316.675994
156.476,320.689492,64.614923,-1.500000,-0.459868,316.721412
156.508,324.830402,69.681376,-1.500000,-4.548307,316.767039
156.541,322.783443,68.065348,-1.500000,-2.449091,316.812479
156.575,302.190069,74.764722,1.500000,18.197002,316.858323
156.614,306.813198,65.570172,1.500000,13.631410,316.908355
156.641,309.956570,70.190200,1.500000,10.528006,316.943110
156.672,321.604471,68.258120,0.199563,-1.076173,316.981129
156.704,325.795184,70.641535,-1.500000,-5.223147,317.019163
156.736,317.457617,65.431832,1.500000,3.157223,317.056382
156.768,324.435818,70.126527,-1.500000,-3.780455,317.091620
156.802,314.275429,66.342521,1.500000,6.421829,317.128050
156.836,339.662212,65.945701,-1.500000,-18.923483,317.164113
156.874,319.211088,71.439751,0.033634,1.571413,317.202175
156.913,327.342123,68.252040,-1.500000,-6.516982,317.239253
156.949,336.831380,70.562025,-1.500000,-15.968069,317.272444
156.979,310.824198,72.860941,1.500000,10.068823,317.298278
157.003,334.467260,68.619574,-1.500000,-13.550344,317.319057
157.035,316.138113,69.683175,1.500000,4.808662,317.345022
157.065,314.247060,68.719546,1.500000,6.726860,317.368626
157.096,317.306720,70.328876,1.500000,3.693336,317.391352
157.128,334.566676,67.688976,-1.500000,-13.539644,317.414811
157.161,323.240034,66.712288,-1.500000,-2.187972,317.436575
157.197,313.890442,67.469805,1.500000,7.188317,317.459791
157.234,329.632781,71.330375,-1.500000,-8.528414,317.482058
157.266,304.516569,70.906737,1.500000,16.608964,317.500464
157.297,318.294031,66.940276,1.500000,2.850453,317.516943
157.327,314.984977,67.972281,1.500000,6.176409,317.531640
157.358,312.469646,67.429015,1.500000,8.708123,317.545886
157.392,334.416027,72.196022,-1.500000,-13.221244,317.560681
157.425,317.526158,75.757399,1.500000,3.683788,317.573865
157.464,332.921273,70.004938,-1.500000,-11.695345,317.587764
157.496,338.423748,73.627293,-1.500000,-17.185718,317.598287
157.537,324.029148,72.545634,-1.500000,-2.777879,317.609799
157.562,343.488788,65.294089,-1.500000,-22.230231,317.616137
157.592,336.343355,64.694762,-1.500000,-15.077096,317.622834
157.623,315.884766,66.882458,1.500000,5.388175,317.628644
157.652,316.378233,71.752679,1.500000,4.900126,317.633356
157.685,325.230713,68.243382,-1.500000,-3.947279,317.637769
157.716,318.158872,64.741298,1.500000,3.128087,317.640834
157.749,329.219812,69.039625,-1.500000,-7.930290,317.643062
157.787,329.861369,66.894232,-1.500000,-8.570418,317.644305
157.819,314.847234,65.055141,1.500000,6.443663,317.644258
157.854,317.813798,71.982914,1.500000,3.475780,317.643111
157.886,315.492931,61.671555,1.500000,5.794188,317.640972
157.913,319.304954,69.389043,1.500000,1.979270,317.638455
157.948,329.814612,67.692624,-1.500000,-8.535254,317.634225
157.977,327.348380,68.240964,-1.500000,-6.074166,317.629751
158.010,321.498683,70.397045,-1.500000,-0.231251,317.623853
158.041,311.379952,60.014727,1.500000,9.879794,317.617171
158.074,320.496371,65.210877,1.500000,0.754425,317.609387
158.107,325.679096,63.384203,-1.500000,-4.438781,317.600274
158.140,326.931736,62.721617,-1.500000,-5.702739,317.590432
158.177,309.019758,72.459068,1.500000,12.195194,317.578219
158.209,317.751491,67.358790,1.500000,3.450438,317.566895
158.242,323.186423,65.469316,-0.915890,-1.999307,317.554014
158.270,333.401936,67.456125,-1.500000,-12.228488,317.542129
158.302,317.597225,64.637493,1.500000,3.560053,317.528068
158.337,325.221013,62.091873,-1.500000,-4.082412,317.511828
158.368,335.526778,65.583436,-1.500000,-14.406337,317.496035
158.399,323.965860,66.946978,-1.500000,-2.864089,317.479801
158.438,303.385635,64.641677,1.500000,17.691257,317.458168
158.472,308.972063,69.418222,1.500000,12.082602,317.438839
158.501,320.253086,70.150338,1.500000,0.780755,317.420731
158.541,317.595099,65.448136,1.500000,3.410162,317.395879
158.568,331.907911,67.439326,-1.500000,-10.923637,317.377630
158.602,316.837187,67.172415,1.500000,4.120696,317.354681
158.632,330.557591,69.458044,-1.500000,-9.624595,317.333040
158.663,332.264786,65.629685,-1.500000,-11.357538,317.310651
158.696,326.307691,64.373453,-1.500000,-5.429432,317.285442
158.731,309.695654,66.067342,1.500000,11.150786,317.257774
158.764,309.428702,62.413605,1.500000,11.387756,317.231702
158.801,327.187096,71.286731,-1.500000,-6.406663,317.200376
158.829,309.265704,67.072641,1.500000,11.487106,317.176356
158.861,320.648756,67.600343,1.500000,0.071523,317.148069
158.898,322.525130,66.435282,-0.727141,-1.843101,317.114808
158.927,331.082097,65.436061,-1.500000,-10.430226,317.088583
158.957,323.337116,66.203597,-1.500000,-2.718058,317.060051
158.988,304.085112,69.227942,1.500000,16.499320,317.029941
159.020,317.817261,68.936456,1.500000,2.730626,316.998162
159.054,314.797294,69.759303,1.500000,5.711097,316.963818
159.208,330.304443,60.380013,-1.500000,-9.985136,316.799398
159.238,319.808085,62.691573,-1.292891,0.473599,316.766682
159.268,325.518448,66.485771,-1.500000,-5.277148,316.731565
159.300,310.865579,65.863066,1.500000,9.333549,316.694894
159.332,316.399675,69.023312,1.500000,3.756283,316.657354
159.368,319.418874,66.655682,1.500000,0.686768,316.613602
159.395,343.195219,73.330456,-1.500000,-23.126946,316.581107
159.433,319.065221,70.802605,-0.717867,0.949481,316.534523
159.465,327.060919,69.799334,-1.500000,-7.091447,316.495193
159.501,319.824096,67.094784,-1.484018,0.091976,316.448758
159.532,318.552544,66.378427,0.111037,1.318384,316.409503
159.560,309.239920,70.770512,1.500000,10.588966,316.372944
159.591,302.129155,69.124857,1.500000,17.652898,316.332220
159.622,331.251717,66.071269,-1.500000,-11.517200,316.290884
159.654,327.531509,69.165978,-1.500000,-7.845676,316.248550
159.688,314.338546,65.046763,1.500000,5.293754,316.201999
159.726,321.244602,67.641104,-0.156278,-1.672911,316.149296
159.759,307.021994,67.191143,1.500000,12.496927,316.103409
159.788,311.539249,62.880092,1.500000,7.932987,316.062814
159.826,321.971673,67.650262,-1.500000,-2.560577,316.009648
159.851,316.574391,63.689138,1.500000,2.794784,315.973196
159.884,329.991087,68.734975,-1.500000,-10.676385,315.925828
159.911,334.732204,66.237613,-1.500000,-15.461485,315.887582
159.945,323.990322,73.843377,-1.500000,-4.777493,315.837243
159.977,320.838352,66.959036,-1.500000,-1.679973,315.789895
160.011,305.595091,71.330488,1.500000,13.504563,315.738829
160.057,320.174674,64.916575,0.470405,-1.154277,315.669910
160.092,323.475251,69.273710,-1.500000,-4.515147,315.617481
160.129,296.416977,64.631460,1.500000,22.477967,315.560820
160.161,312.032061,67.508299,1.500000,6.806459,315.511756
160.186,305.369573,68.202401,1.500000,13.423763,315.472466
160.214,319.014415,67.498993,1.174209,-0.269570,315.430299
160.244,328.181813,73.015053,-1.500000,-9.491428,315.382943
160.276,327.668169,67.167519,-1.500000,-9.034895,315.333282
160.313,312.409325,68.678765,1.500000,6.156600,315.274717
160.350,320.101462,67.696682,-0.071789,-1.602990,315.216063
160.383,322.064283,70.557289,-1.500000,-3.626488,315.163300
160.419,311.500135,63.566764,1.500000,6.871340,315.105630
160.441,318.419740,65.728789,1.500000,-0.088719,315.070453
160.470,323.747787,66.630876,-1.500000,-5.471307,315.023026
160.505,320.149088,71.734800,-1.500000,-1.937007,314.967027
160.535,302.431860,63.614697,1.500000,15.724025,314.918161
160.568,327.230090,67.028884,-1.500000,-9.136986,314.863569
160.602,328.011581,67.211988,-1.500000,-9.981751,314.808548
160.636,313.548547,64.871194,1.500000,4.416785,314.752463
160.676,317.203514,69.970138,1.500000,0.687233,314.687606
160.701,320.014966,67.491805,-1.125014,-2.172375,314.645732
160.737,324.094458,69.155805,-1.500000,-6.319139,314.587234
160.762,309.046737,63.151150,1.500000,8.680786,314.545673
160.798,315.661778,66.527531,1.500000,1.996096,314.485107
160.829,326.504158,67.341153,-1.500000,-8.905777,314.433375
160.858,327.788462,65.563086,-1.500000,-10.244065,314.386432
160.892,305.660362,62.514993,1.500000,11.818416,314.329373
160.925,319.966568,67.780853,-1.218012,-2.551587,314.273896
160.957,318.790362,64.972455,-1.500000,-1.435394,314.221712
160.990,303.050013,67.430986,1.500000,14.241038,314.166132
161.021,320.616142,68.145933,-1.500000,-3.385099,314.113951
161.052,297.907680,70.474420,1.500000,19.263703,314.062072
161.094,303.277576,74.072715,1.500000,13.814137,313.992794
161.129,314.992189,62.518215,1.500000,2.031247,313.933423
161.160,318.990303,68.291932,-0.947786,-2.025704,313.882260
161.193,306.355577,66.020011,1.500000,10.546057,313.827507
161.223,319.645821,67.420765,-1.500000,-2.801975,313.777258
161.253,318.811002,64.452573,-1.500000,-2.025057,313.726909
161.285,312.080841,67.515084,1.500000,4.644740,313.674418
161.314,318.901945,70.766438,-0.831393,-2.231627,313.626363
161.347,319.229722,61.063876,-1.500000,-2.622296,313.571675
161.381,314.011528,67.230738,1.477191,2.531194,313.515411
161.411,327.851730,67.498954,-1.500000,-11.365419,313.466357
161.449,305.686137,68.743877,1.500000,10.728331,313.403885
161.483,311.708347,71.870029,1.500000,4.641573,313.347757
161.513,310.334757,71.333465,1.500000,5.958557,313.298534
161.544,318.145931,65.308661,-0.806676,-1.908923,313.249573
161.576,327.406255,63.835434,-1.500000,-11.230690,313.196143
161.609,312.766546,77.004993,1.500000,3.349323,313.144234
161.642,324.415176,73.198518,-1.500000,-8.360510,313.091014
161.677,328.530067,72.692477,-1.500000,-12.540609,313.034312
161.712,308.373705,65.716181,1.500000,7.551891,312.978779
161.748,313.421011,66.407041,1.500000,2.439051,312.921793
161.775,327.346744,70.228541,-1.500000,-11.537201,312.877863
161.805,324.116177,59.708851,-1.500000,-8.359419,312.831964
161.836,318.239088,60.489868,-1.500000,-2.539473,312.782274
161.869,298.155604,70.077824,1.500000,17.485673,312.731545
161.903,304.768033,65.359247,1.500000,10.812670,312.678872
161.937,335.383478,66.933576,-1.500000,-19.863487,312.626079
161.971,308.923066,57.960639,1.500000,6.537530,312.574431
162.004,320.336008,63.170048,-1.500000,-4.932689,312.524626
162.034,311.696577,69.697983,1.500000,3.653469,312.478301
162.062,309.936815,72.758593,1.500000,5.365240,312.436569
162.096,318.567915,66.176591,-1.500000,-3.324034,312.385983
162.129,316.402681,72.773937,-1.500000,-1.214613,312.337450
162.160,314.632652,63.662223,-0.892907,0.502371,312.291325
162.196,311.112995,71.925385,1.500000,3.962366,312.239444
162.228,321.125754,65.940196,-1.500000,-6.103682,312.193106
162.260,305.977007,65.869943,1.500000,8.993182,312.147991
162.298,308.665990,68.799760,1.500000,6.242214,312.094091
162.328,315.714612,64.466993,0.466889,-0.854938,312.051891
162.365,313.942127,64.375270,1.378279,0.858289,312.000362
162.397,327.019273,61.820435,-1.500000,-12.268564,311.957138
162.428,310.013115,63.906275,1.500000,4.688647,311.914575
162.455,325.787166,69.061491,-1.500000,-11.126623,311.878734
162.485,328.437062,65.270486,-1.500000,-13.822837,311.838457
162.514,321.389621,65.994815,-1.500000,-6.819208,311.800359
162.543,307.355655,68.700041,1.500000,7.170132,311.761554
162.574,311.523856,62.803017,1.500000,2.955868,311.721499
162.605,328.672889,64.424642,-1.500000,-14.238202,311.682336
162.644,314.230598,64.715247,-1.500000,0.147397,311.633039
162.680,310.277638,64.075901,1.500000,4.049484,311.588802
162.711,320.068175,67.269802,-1.500000,-5.785492,311.550159
162.741,319.178329,70.131666,-1.500000,-4.937462,311.513798
162.772,302.226808,67.820871,1.500000,11.972604,311.477749
162.802,297.772689,71.387614,1.500000,16.385893,311.442245
162.836,321.167254,70.372006,-1.500000,-7.054232,311.402628
162.868,313.309095,70.337196,-0.944440,0.761972,311.366146
162.900,301.690176,66.811160,1.500000,12.339995,311.330584
162.938,304.657540,69.292332,1.500000,9.324133,311.288411
162.970,320.793801,71.941650,-1.500000,-6.851675,311.254023
163.005,304.166325,63.014070,1.500000,9.733834,311.217530
163.041,307.248129,64.733393,1.500000,6.608570,311.179738
163.067,316.579241,67.377827,-1.500000,-2.752828,311.153402
163.096,313.225990,65.718850,-1.180811,0.566355,311.123778
163.126,306.607676,67.750688,1.500000,7.151280,311.094744
163.157,308.025159,64.082024,1.500000,5.699415,311.064847
163.189,315.253584,70.814486,-0.390071,-1.564146,311.034293
163.220,321.247234,67.096360,-1.500000,-7.590647,311.005727
163.253,317.639296,64.681045,-1.500000,-4.016446,310.976391
163.300,309.804886,68.613658,1.500000,3.770486,310.935106
163.329,322.432155,64.914900,-1.500000,-8.884722,310.910811
163.366,297.328125,73.583771,1.500000,16.183330,310.879526
163.401,309.871799,69.714028,1.500000,3.607415,310.851491
163.432,318.217244,61.542922,-1.500000,-4.765233,310.827836
163.461,317.464542,60.997352,-1.500000,-4.037692,310.805956
163.488,310.661195,65.133285,1.500000,2.742613,310.785920
163.517,316.565975,68.379131,-1.500000,-3.186542,310.764725
163.548,310.396413,68.716928,1.500000,2.958592,310.743483
163.580,323.807926,66.761428,-1.500000,-10.477277,310.722303
163.616,307.406838,62.200281,1.500000,5.896475,310.698533
163.649,315.499844,61.427123,-0.817360,-2.220013,310.678113
163.684,315.800772,73.157872,-1.500000,-2.544523,310.657608
163.715,311.978584,71.117488,-0.063892,1.257228,310.639837
163.744,304.732405,60.090693,1.500000,8.485268,310.624064
163.776,307.300200,60.882530,1.500000,5.898226,310.607327
163.812,306.245891,67.784043,1.500000,6.932216,310.589659
163.841,323.270242,69.778682,-1.500000,-10.107852,310.575991
163.877,315.646589,70.734968,-1.500000,-2.502591,310.559999
163.912,304.898270,69.158258,1.500000,8.229038,310.545485
163.950,315.706871,73.000569,-1.272248,-2.596472,310.530781
163.976,317.705073,65.770445,-1.500000,-4.605454,310.521408
164.012,314.296845,69.839041,-1.500000,-1.210994,310.509436
164.053,307.763763,63.948330,1.500000,5.307876,310.497077
164.083,305.370129,70.723850,1.500000,7.692099,310.488894
164.113,314.156350,69.937638,0.167752,-1.102500,310.481609
164.140,308.378063,69.829966,1.500000,4.668947,310.475660
164.167,320.840552,65.329096,-1.500000,-7.799844,310.470181
164.196,304.439382,63.368339,1.500000,8.595517,310.465130
164.226,313.059492,64.690545,1.500000,-0.029695,310.460693
164.256,326.203002,68.618749,-1.500000,-13.177446,310.457006
164.288,319.496238,72.084364,-1.500000,-6.474157,310.453983
164.325,317.991786,66.331961,-1.500000,-4.972461,310.451588
164.352,306.032918,68.022535,1.500000,6.985266,310.450596
164.385,315.040110,65.746973,-0.578436,-2.022283,310.450284
164.418,315.795736,66.361648,-1.500000,-2.777133,310.450959
164.454,297.517008,70.592553,1.500000,15.503745,310.452829
164.489,305.044465,66.231963,1.500000,7.979662,310.455763
164.522,306.574518,69.700588,1.500000,6.453959,310.459545
164.555,321.880388,69.726308,-1.500000,-8.846542,310.464214
164.592,315.172164,65.616909,-1.500000,-2.130606,310.470920
164.622,314.831743,67.654138,-1.500000,-1.783097,310.477084
164.656,298.720846,68.570592,1.500000,14.337067,310.485142
164.685,307.280133,66.803000,1.500000,5.786781,310.492969
164.716,312.419405,65.640985,1.500000,0.657941,310.502041
164.753,317.340257,67.814389,-1.500000,-4.248747,310.514356
164.788,310.570356,68.461230,1.198918,2.535786,310.527080
164.820,325.390506,70.674738,-1.500000,-12.269942,310.539621
164.853,321.518093,67.105852,-1.500000,-8.381386,310.553659
164.886,307.468494,69.179313,1.500000,5.685731,310.568891
164.916,311.241187,63.354154,1.500000,1.929684,310.583366
164.949,325.657543,65.705266,-1.500000,-12.466982,310.600488
164.982,328.894575,70.264484,-1.500000,-15.683475,310.618347
165.017,312.380075,67.929879,-0.467121,0.854746,310.638975
165.048,313.207900,73.703940,-0.282405,0.048857,310.658050
165.080,305.635688,76.869716,1.500000,7.645046,310.678898
165.111,314.381315,67.168322,0.415905,-1.076709,310.699658
165.144,313.725495,66.273986,-0.192202,-0.394089,310.722962
165.174,314.595598,67.577365,-1.500000,-1.238558,310.745251
165.212,304.416330,70.141425,1.500000,8.974203,310.774377
165.245,308.241620,70.992959,1.500000,5.179713,310.801159
165.279,322.994823,62.945870,-1.500000,-9.540537,310.829814
165.312,314.041739,70.983569,-1.500000,-0.553818,310.859062
165.342,307.140825,62.391173,1.500000,6.377855,310.885809
165.372,311.391499,66.047197,1.500000,2.160076,310.914412
165.401,321.953529,68.920967,-1.500000,-8.369639,310.942513
165.433,314.960443,68.129225,-1.500000,-1.340382,310.973966
165.465,304.567258,69.100208,1.500000,9.090572,311.006808
165.502,311.214533,65.700870,1.500000,2.489715,311.047172
165.534,314.785263,66.045719,0.242150,-1.040929,311.082029
165.568,318.638027,73.473801,-1.500000,-4.850116,311.119923
165.607,316.856062,73.187053,-1.500000,-3.014970,311.166168
165.644,305.420258,67.328888,1.500000,8.471980,311.210642
165.669,312.794364,64.348943,1.500000,1.134346,311.242356
165.700,324.528726,71.097931,-1.500000,-10.555759,311.280841
165.732,318.642946,68.108045,-1.500000,-4.620986,311.323443
165.760,310.727776,68.201776,1.500000,3.336779,311.360483
165.792,321.991057,66.595936,-1.500000,-7.876297,311.404139
165.827,312.674453,72.489092,-0.057276,1.496177,311.452721
165.865,310.554278,68.373610,1.500000,3.679728,311.507831
165.888,320.786718,62.691091,-1.500000,-6.515379,311.540295
165.930,308.311830,65.091889,1.500000,6.033130,311.604313
165.955,311.278793,63.064578,1.500000,3.110165,311.642572
166.006,324.410282,66.417848,-1.500000,-9.929633,311.722304
166.032,308.162388,67.394220,1.500000,6.366847,311.764552
166.066,321.989999,69.494149,-1.500000,-7.396554,311.820387
166.096,307.888963,67.524657,1.500000,6.762197,311.870574
166.132,311.094858,63.805203,1.500000,3.626527,311.931639
166.157,319.247048,66.291423,-1.500000,-4.474811,311.975858
166.193,320.130528,65.359483,-1.500000,-5.284418,312.040096
166.221,321.272364,61.632237,-1.500000,-6.368093,312.090671
166.256,311.006504,70.060435,1.500000,3.970261,312.153709
166.293,308.358684,74.906280,1.500000,6.699403,312.224424
166.324,325.255222,65.022825,-1.500000,-10.130226,312.282605
166.354,318.653357,60.227234,-1.500000,-3.461332,312.340891
166.386,314.143097,58.921444,-0.146163,1.120366,312.403012
166.414,301.577251,69.035681,1.500000,13.752627,312.460764
166.446,315.074499,70.824183,1.500000,0.329515,312.525229
166.479,319.366821,68.916476,-1.500000,-3.885264,312.592659
166.511,316.668020,71.869383,-1.500000,-1.107863,312.661006
166.545,309.878255,67.655662,1.500000,5.763822,312.732241
166.580,313.545304,66.183297,1.500000,2.183563,312.807710
166.619,324.230472,70.555136,-1.500000,-8.401006,312.895188
166.650,333.986179,65.463187,-1.500000,-18.079059,312.962713
166.680,325.626184,66.018420,-1.500000,-9.639337,313.032041
166.710,312.395287,63.154414,1.500000,3.671474,313.101531
166.740,304.991910,70.057996,1.500000,11.154372,313.170680
166.770,316.467818,70.070641,1.208254,-0.241394,313.240368
166.800,320.863488,62.888500,-1.500000,-4.555127,313.311618
166.832,309.935694,65.298616,1.500000,6.463869,313.390924
166.864,309.018842,71.842428,1.500000,7.471277,313.469669
166.904,320.422269,64.562129,-1.500000,-3.817875,313.569039
166.944,315.000768,70.446753,0.211466,1.718584,313.669001
166.973,334.406122,66.315984,-1.500000,-17.600273,313.744216
167.002,313.461623,65.836521,1.500000,3.430073,313.818866
167.036,317.340393,65.471003,1.445604,-0.347216,313.907111
167.065,318.439384,69.782449,-0.200914,-1.357105,313.984591
167.096,327.738424,73.193807,-1.500000,-10.562578,314.065954
167.127,336.404416,70.401213,-1.500000,-19.129920,314.151736
167.160,324.408245,63.429740,-1.500000,-7.031112,314.240985
167.195,314.323406,68.030856,1.500000,3.164350,314.337179
167.232,321.798210,70.397420,-1.500000,-4.190039,314.441888
167.262,316.701995,64.060381,-0.652193,1.003832,314.526806
167.294,306.790657,65.653904,1.500000,11.020844,314.618697
167.325,310.639813,68.621562,1.500000,7.272189,314.706089
167.353,307.971417,67.663252,1.500000,10.037101,314.790015
167.384,320.067009,63.640396,-0.863620,-1.956049,314.879096
167.417,317.003831,76.064454,0.323804,1.220780,314.977922
167.448,323.026633,69.803325,-1.500000,-4.694427,315.071483
167.484,319.520697,68.129630,-1.500000,-1.064268,315.179504
167.520,311.980468,71.800692,1.500000,6.603927,315.290779
167.555,321.472391,66.868018,-1.474815,-2.764114,315.398502
167.582,320.183239,67.902316,-1.500000,-1.376592,315.484041
167.613,312.989548,58.041133,1.500000,5.931293,315.583341
167.644,317.346320,68.493965,1.500000,1.686848,315.681016
167.676,318.536601,65.961594,1.500000,0.613554,315.782743
167.707,309.279384,71.015435,1.500000,9.988458,315.885080
167.745,324.697081,66.192198,-1.500000,-5.289971,316.006183
167.776,320.332900,64.326338,-1.500000,-0.804909,316.111296
167.814,323.954511,69.129149,-1.500000,-4.281742,316.237191
167.845,314.995475,69.005485,1.500000,4.796375,316.340739
167.875,326.573217,69.491639,-1.500000,-6.665232,316.441726
167.909,322.703782,70.647154,-1.500000,-2.663500,316.556767
167.937,318.481959,67.269882,0.515641,1.668066,316.652196
167.969,300.639182,66.402181,1.500000,19.639438,316.764018
168.003,316.349930,68.459703,1.500000,4.066319,316.883695
168.037,312.019090,68.151288,1.500000,8.531324,317.000360
168.067,320.716397,64.804406,1.449925,-0.041391,317.108701
168.108,331.777014,70.432285,-1.500000,-10.935712,317.253306
168.136,318.609028,69.332300,0.978197,2.348075,317.354003
168.171,327.694840,74.848291,-1.500000,-6.593832,317.479138
168.198,326.459703,65.738502,-1.500000,-5.242343,317.580313
168.231,332.312215,70.466455,-1.500000,-10.957036,317.700156
168.264,313.408909,66.585664,1.500000,8.086000,317.821660
168.296,326.499760,66.269837,-1.500000,-4.870127,317.938812
168.328,313.643558,68.005389,1.500000,8.127416,318.061716
168.361,327.753222,67.118633,-1.500000,-5.842169,318.183524
168.396,319.065446,67.815611,1.500000,2.998183,318.316199
168.429,317.041093,66.040848,1.500000,5.166324,318.441232
168.454,324.267133,68.244901,-0.856362,-1.950042,318.536601
168.486,322.398799,67.000453,-1.069981,0.060564,318.660315
168.516,312.906417,64.714308,1.500000,9.687571,318.777380
168.547,334.497370,68.718764,-1.500000,-11.762902,318.899538
168.581,326.118964,66.616968,-1.500000,-3.233626,319.030729
168.614,308.934704,64.046912,1.500000,14.099061,319.159796
168.648,319.996878,65.094830,1.500000,3.194298,319.296675
168.685,325.227051,61.951951,-0.758668,-1.869192,319.441617
168.722,318.056381,69.125327,1.500000,5.472903,319.590681
168.755,323.313278,66.312811,1.500000,0.369464,319.724123
168.787,325.568676,68.945095,-0.600176,-1.738026,319.852739
168.822,335.518070,62.573074,-1.500000,-11.525076,319.993908
168.846,331.648249,62.885418,-1.500000,-7.538244,320.095656
168.875,322.025202,71.701718,1.180418,2.218227,320.211677
168.911,327.925937,70.597084,-1.500000,-3.512671,320.359362
168.944,326.987068,69.407032,-1.500000,-2.413597,320.498670
168.977,313.563357,70.069812,1.500000,11.167508,320.635535
169.008,330.499731,68.728434,-1.500000,-5.620771,320.764313
169.040,315.090826,69.012516,1.500000,9.942647,320.898672
169.070,323.901189,69.077524,1.500000,1.277943,321.025332
169.099,321.346219,64.338013,1.500000,3.973260,321.147374
169.132,335.934458,70.951084,-1.500000,-10.454397,321.287010
169.170,317.192635,65.999438,1.500000,8.476272,321.451224
169.197,322.437810,74.648845,1.500000,3.360945,321.564135
169.234,331.654952,71.824482,-1.500000,-5.674030,321.722541
169.265,334.188888,65.757726,-1.500000,-8.054887,321.855653
169.296,325.812228,67.497380,-0.919731,0.480172,321.993392
169.328,328.947777,68.092983,-1.500000,-2.496852,322.131239
169.358,325.894850,70.257604,-0.715818,0.707389,322.262817
169.392,326.228442,64.487328,0.034769,0.542220,322.409271
169.424,322.070492,77.136292,1.500000,4.863369,322.551183
169.470,322.906919,64.035160,1.500000,4.260472,322.754254
169.508,334.069668,66.962324,-1.500000,-6.709895,322.921542
169.540,319.104344,68.211037,1.500000,8.419153,323.063911
169.570,333.908579,69.883990,-1.500000,-6.233446,323.195768
169.599,317.470278,75.175888,1.500000,10.352079,323.323788
169.628,347.089165,64.997786,-1.500000,-19.117680,323.453465
169.657,323.368445,69.414119,1.500000,4.753055,323.583914
169.692,323.944926,68.982806,1.500000,4.356440,323.740318
169.721,328.138214,67.938195,1.500000,0.313589,323.871133
169.760,334.956478,66.122655,-1.500000,-6.303374,324.046177
169.792,338.525710,68.058117,-1.500000,-9.705775,324.191248
169.822,347.217512,69.213176,-1.500000,-18.241636,324.326848
169.853,348.517854,65.559566,-1.500000,-19.378979,324.468586
169.884,332.776553,67.699043,-1.500000,-3.476156,324.609041
169.916,316.150619,65.034641,1.500000,13.315143,324.752836
169.949,326.825316,71.322021,1.500000,2.812625,324.902557
169.981,322.728867,72.291809,1.500000,7.081359,325.052370
170.013,339.756853,66.858939,-1.500000,-9.779202,325.197957
170.048,317.323649,67.227864,1.500000,12.837600,325.357608
170.086,346.647275,61.938577,-1.500000,-16.288315,325.529530
170.116,335.101603,67.606997,-1.500000,-4.582686,325.668623
170.149,317.929083,67.592581,1.500000,12.764313,325.820345
170.180,330.809118,67.468373,1.500000,0.050592,325.964965
170.208,331.505883,64.848481,0.897672,-0.498428,326.093439
170.240,330.946361,65.716942,1.101662,0.229453,326.239838
170.274,340.554955,73.312774,-1.500000,-9.196318,326.398815
170.307,334.815733,67.931822,-1.500000,-3.281014,326.551929
170.340,336.900222,66.795409,-1.500000,-5.192215,326.702615
170.378,327.801569,66.028944,1.500000,4.108652,326.878454
170.409,319.639180,68.292753,1.500000,12.435168,327.021172
170.440,329.404434,70.726261,1.500000,2.836428,327.165967
170.472,335.018415,63.752489,-1.500000,-2.608363,327.313089
170.502,350.114187,64.761728,-1.500000,-17.540357,327.455504
170.536,320.303727,64.255335,1.500000,12.449501,327.611502
170.567,329.537183,66.441160,1.500000,3.379435,327.753580
170.600,349.336026,64.366627,-1.500000,-16.240494,327.909159
170.631,343.293322,64.395641,-1.500000,-10.030994,328.054198
170.669,342.474283,72.774504,-1.500000,-9.011681,328.228349
170.701,326.369013,56.444218,1.500000,7.267260,328.379368
170.732,329.951640,63.369158,1.500000,3.847752,328.521210
170.767,340.446604,60.225390,-1.500000,-6.461197,328.682963
170.796,336.450047,65.073443,-1.500000,-2.310599,328.816912
170.829,328.380116,65.916861,1.500000,5.937818,328.972116
170.858,327.511581,61.638937,1.500000,6.958718,329.104608
170.892,332.903175,70.373451,1.500000,1.749171,329.262910
170.924,343.796083,69.627645,-1.500000,-8.975056,329.409589
170.956,331.159278,62.353714,1.500000,3.828957,329.554987
170.988,335.889591,59.379133,0.984667,-0.728681,329.705139
171.022,360.704157,70.649444,-1.500000,-25.363744,329.861228
171.055,350.860659,63.217086,-1.500000,-15.343845,330.014621
171.094,347.989053,69.581636,-1.500000,-12.266822,330.193244
171.127,342.961892,69.794671,-1.500000,-7.066681,330.343661
171.155,340.835513,64.109129,-1.500000,-4.794385,330.470546
171.187,332.127815,67.959264,1.500000,4.084046,330.619010
171.217,331.907760,65.731806,1.500000,4.461904,330.756230
171.252,336.935052,63.038117,1.036576,-0.383473,330.914417
171.293,326.997179,66.715685,1.500000,9.767530,331.099747
171.317,345.329216,67.242874,-1.500000,-8.440914,331.207219
171.350,349.760478,69.884595,-1.500000,-12.697235,331.359342
171.387,341.439073,62.759297,-1.500000,-4.186421,331.524045
171.413,329.677939,65.329391,1.500000,7.712342,331.643722
171.447,333.113592,61.529432,1.500000,4.450248,331.794644
171.484,339.069262,71.700412,-0.089231,-1.315175,331.960076
171.513,335.992576,69.923780,1.500000,1.910286,332.089445
171.544,349.556337,66.249639,-1.500000,-11.492596,332.229340
171.576,328.835818,70.011815,1.500000,9.391560,332.371633
171.606,336.310176,61.412223,1.500000,2.072189,332.506405
171.640,341.309078,62.352435,-1.500000,-2.756038,332.654818
171.674,348.398169,72.812901,-1.500000,-9.673399,332.804148
171.707,344.101532,65.598815,-1.500000,-5.207437,332.951387
171.746,331.026402,68.514885,1.500000,8.061060,333.119533
171.779,336.330014,67.936463,1.500000,2.923009,333.263499
171.810,348.487327,67.193523,-1.500000,-9.077441,333.399901
171.839,343.335547,71.956158,-1.500000,-3.782469,333.524415
171.870,346.825527,68.195683,-1.500000,-7.119020,333.657832
171.900,336.479039,67.199914,1.500000,3.376554,333.787472
171.932,325.635884,62.821649,1.500000,14.375623,333.923050
171.963,330.737119,62.542378,1.500000,9.429827,334.058214
171.996,343.476489,74.616586,-1.500000,-3.149322,334.197537
172.032,347.313173,68.780842,-1.500000,-6.810869,334.349830
172.067,330.705405,66.107756,1.500000,9.962542,334.493867
172.102,340.377302,65.594777,1.500000,0.458844,334.640127
172.128,339.895563,66.545204,1.500000,1.067737,334.750696
172.159,334.703420,59.484270,1.500000,6.408885,334.880266
172.192,350.066739,55.492146,-1.500000,-8.800698,335.013949
172.223,368.249442,69.067431,-1.500000,-26.834910,335.143071
172.256,345.967270,63.188278,-1.500000,-4.398998,335.276758
172.293,362.701031,68.701470,-1.500000,-20.960854,335.426241
172.326,346.282150,67.589831,-1.500000,-4.389379,335.558932
172.361,342.351889,66.581177,-1.500000,-0.297831,335.699181
172.388,332.941901,61.790370,1.500000,9.234836,335.805859
172.419,339.812178,62.038106,1.500000,2.507471,335.930129
172.452,331.815403,68.230600,1.500000,10.651764,336.058407
172.484,332.129662,76.612359,1.500000,10.483797,336.185616
172.515,345.458421,64.915516,-1.500000,-2.707594,336.305067
172.553,339.064190,67.765781,1.500000,3.857423,336.453577
172.585,344.068809,64.625200,0.646058,-1.008909,336.573826
172.617,352.543079,68.715654,-1.500000,-9.342452,336.696197
172.653,336.455424,67.892760,1.500000,6.902949,336.833368
172.692,342.534329,58.632169,1.500000,0.990115,336.977778
172.724,363.217504,70.011241,-1.500000,-19.557164,337.095948
172.754,356.450115,66.130467,-1.500000,-12.659930,337.208856
172.784,355.758171,66.688137,-1.500000,-11.843159,337.317402
172.815,348.268496,64.499480,-1.500000,-4.224741,337.429353
172.844,346.034009,59.644441,-1.500000,-1.870094,337.533839
172.873,336.010238,70.213003,1.500000,8.275745,337.639985
172.905,332.029789,75.971218,1.500000,12.385412,337.752349
172.940,350.894193,67.553262,-1.500000,-6.336522,337.876236
172.972,335.158593,71.696355,1.500000,9.527969,337.988315
173.011,340.381466,70.587506,1.500000,4.457825,338.121123
173.045,343.448602,71.249197,1.500000,1.524986,338.237903
173.076,341.674679,69.736573,1.500000,3.418934,338.342272
173.105,342.439576,61.932155,1.500000,2.765498,338.439194
173.136,356.294909,64.330375,-1.500000,-10.971150,338.542400
173.165,355.424459,68.001867,-1.500000,-9.991739,338.637149
173.195,363.547942,65.447816,-1.500000,-18.000819,338.736629
173.230,357.537990,74.809816,-1.500000,-11.861486,338.849133
173.263,349.958317,63.759096,-1.500000,-4.159987,338.955070
173.301,352.221018,59.958126,-1.500000,-6.287143,339.072935
173.333,342.674541,68.533110,1.500000,3.373252,339.171994
173.361,344.382083,64.353229,1.500000,1.766143,339.259327
173.400,356.274315,64.361971,-1.500000,-9.990454,339.377270
173.428,337.379406,68.498804,1.500000,9.001527,339.461681
173.457,347.789534,68.492922,0.281338,-1.310746,339.546772
173.488,345.936685,70.740458,0.913599,0.645980,339.637100
173.519,347.855575,69.631662,-0.420854,-1.168024,339.728305
173.552,352.280204,69.804297,-1.500000,-5.485866,339.821164
173.584,329.427735,66.941063,1.500000,17.470850,339.911813
173.620,344.265422,66.353609,1.500000,2.746918,340.010730
173.656,346.496773,66.826677,1.500000,0.628952,340.109325
173.687,357.505046,73.260597,-1.500000,-10.282652,340.193386
173.715,344.079067,68.749168,1.500000,3.227070,340.266207
173.747,358.157007,60.087420,-1.500000,-10.754737,340.349801
173.780,355.336536,66.453858,-1.500000,-7.836182,340.435090
173.815,344.460875,63.476757,1.500000,3.141047,340.523411
173.849,345.804061,69.376978,1.500000,1.893513,340.606586
173.881,349.968141,65.719403,-1.134069,-2.179869,340.685454
173.919,373.882000,66.543093,-1.500000,-25.989538,340.776054
173.952,366.603067,64.602514,-1.500000,-18.622560,340.852615
173.979,376.008251,65.798233,-1.500000,-27.955672,340.915286
174.007,345.802202,61.561394,1.307320,2.323249,340.978653
174.041,350.210013,69.603629,-0.765162,-1.997944,341.053973
174.071,363.096494,65.340322,-1.500000,-14.808381,341.120098
174.105,344.937671,68.369217,1.500000,3.433441,341.192271
174.141,339.545557,67.178112,1.500000,8.910646,341.266263
174.171,354.228340,63.994160,-1.500000,-5.699831,341.329138
174.208,328.146101,66.099295,1.500000,20.465042,341.400994
174.239,364.070923,69.387021,-1.500000,-15.388939,341.462595
174.269,335.070742,66.466462,1.500000,13.675718,341.518661
174.300,352.199342,71.410115,-1.500000,-3.387593,341.575434
174.339,349.935710,65.176066,-1.500000,-1.042404,341.646352
174.365,334.929441,65.410110,1.500000,14.015788,341.691503
174.399,333.846054,66.505242,1.500000,15.165033,341.748771
174.431,339.873174,72.592403,1.500000,9.200232,341.802962
174.464,350.578119,64.535231,-0.246374,-1.445225,341.854690
174.498,338.586945,66.713757,1.500000,10.607910,341.908570
174.531,347.169385,69.737566,1.500000,2.082231,341.957926
174.567,357.977869,68.440317,-1.500000,-8.666226,342.010124
174.597,356.462633,69.575137,-1.500000,-7.102198,342.052552
174.629,355.915667,68.988919,-1.500000,-6.506936,342.094549
174.664,348.479013,67.878511,-0.312609,0.982618,342.140549
174.696,354.169605,69.492561,-1.500000,-4.661538,342.180928
174.727,319.835318,68.027983,1.500000,29.714168,342.216944
174.757,343.971504,69.836768,1.500000,5.618535,342.252207
174.788,348.690875,69.689706,1.500000,0.937148,342.285237
174.819,357.716981,67.596330,-1.500000,-8.051316,342.317970
174.855,362.503183,63.448451,-1.500000,-12.796150,342.353942
174.892,344.692367,72.834186,1.500000,5.053480,342.387693
174.919,360.208339,80.263013,-1.500000,-10.435165,342.411455
174.956,348.045742,90.141542,0.264453,1.762436,342.441894
174.995,313.967254,97.878153,1.500000,35.875286,342.471774
175.020,302.988442,106.385511,1.500000,46.874725,342.489711
175.051,288.994688,104.429212,1.500000,60.891479,342.509710
175.084,275.302836,113.418216,1.500000,74.606265,342.529653
175.114,234.467110,109.639230,1.500000,115.461346,342.546483
175.155,226.400401,116.544079,1.500000,123.550916,342.566363
175.182,225.487006,113.688749,1.500000,124.478030,342.578293
175.218,219.347073,122.554299,1.500000,130.633316,342.591642
175.255,212.753687,129.147558,1.500000,137.240003,342.603208
175.284,186.848193,140.039622,1.500000,163.154094,342.610684
175.317,175.169728,131.682509,1.500000,174.840253,342.617374
175.344,175.648502,132.614280,1.500000,174.366036,342.621338
175.373,167.976484,122.290846,1.500000,182.041361,342.624214
175.403,162.638040,121.452049,1.500000,187.381403,342.625603
175.436,150.753897,136.090319,1.500000,199.265180,342.625284
175.474,151.017349,128.682713,1.500000,198.998492,342.622471
175.504,152.050140,126.413438,1.500000,197.961026,342.618405
175.537,142.473299,129.806617,1.500000,207.530723,342.612193
175.572,146.555695,126.266504,1.500000,203.438096,342.603297
175.602,139.061181,112.808064,1.500000,210.921615,342.593735
175.638,152.487399,110.479134,1.500000,197.480296,342.580605
175.669,152.952022,110.638049,1.500000,196.999954,342.566936
175.699,165.264610,106.277426,1.500000,184.670226,342.552032
175.734,171.572146,111.418845,1.500000,178.340809,342.533004
175.761,168.570514,102.177395,1.500000,181.323604,342.516625
175.787,178.664767,81.969732,1.500000,171.209401,342.499277
175.823,176.056124,83.046644,1.500000,173.788711,342.473770
175.851,184.579509,69.808210,1.500000,165.240308,342.452015
175.889,189.404215,67.342777,1.500000,160.379351,342.420492
175.918,195.015093,88.201467,1.500000,154.737866,342.393878
175.952,201.070463,60.627489,1.500000,148.645112,342.361370
175.986,202.818123,80.565037,1.500000,146.857605,342.326720
176.019,213.416417,62.259924,1.500000,136.217561,342.290416
176.052,219.895141,78.405586,1.500000,129.695462,342.252698
176.086,231.783330,94.230489,1.500000,117.759761,342.211383
176.114,234.061926,73.559475,1.500000,115.440225,342.175784
176.150,243.652914,87.838331,1.500000,105.794174,342.127903
176.184,233.923733,68.861073,1.500000,115.468033,342.079796
176.212,253.081673,81.795401,1.500000,96.262446,342.038365
176.252,260.812489,65.015699,1.500000,88.461560,341.977434
176.281,280.236824,77.133635,1.500000,68.984714,341.931772
176.310,287.506726,86.140714,1.500000,61.659219,341.883431
176.344,293.446362,71.174190,1.500000,55.653790,341.826219
176.379,301.849251,90.570724,1.500000,47.179310,341.763965
176.406,311.817009,69.167405,1.500000,37.154255,341.714143
176.447,314.405155,72.154749,1.500000,34.475880,341.635683
176.468,332.520101,86.782187,1.500000,16.313615,341.594536
176.506,335.910331,67.660394,1.500000,12.833559,341.516426
176.535,343.765380,84.451494,1.500000,4.910461,341.457253
176.570,348.928036,68.957424,1.089371,-0.339781,341.381092
176.601,344.264088,68.555193,1.500000,4.244109,341.311476
176.632,366.204097,80.297226,-1.500000,-17.776689,341.241224
176.663,376.181408,67.370570,-1.500000,-27.837796,341.168358
176.700,394.824158,66.290637,-1.500000,-46.583695,341.078664
176.727,401.710735,67.412050,-1.500000,-53.546707,341.012199
176.764,419.213199,65.509894,-1.500000,-71.157552,340.917954
176.800,448.834302,66.223369,-1.500000,-100.884707,340.825735
176.826,450.634789,67.002215,-1.500000,-102.765705,340.755725
176.863,451.398677,70.999268,-1.500000,-103.647118,340.653529
176.896,453.396530,68.680681,-1.500000,-105.752849,340.559722
176.928,458.284204,70.010162,-1.500000,-110.743986,340.469755
176.958,462.390278,69.514259,-1.500000,-114.951023,340.381960
176.992,488.147512,71.016155,-1.500000,-140.827058,340.278656
177.022,494.520047,67.991945,-1.500000,-147.304466,340.187462
177.053,521.932864,59.126641,-1.500000,-174.828786,340.090502
177.094,503.469247,62.197966,-1.500000,-156.514327,339.960800
177.119,490.897315,62.487412,-1.500000,-144.038970,339.876822
177.157,488.996551,63.970166,-1.500000,-142.282300,339.751523
177.186,489.943831,62.984398,-1.500000,-143.342524,339.653310
177.218,482.234089,68.514341,-1.500000,-135.760388,339.542349
177.246,461.473638,68.163951,-1.500000,-115.113693,339.443431
177.275,419.155135,66.458082,-1.500000,-72.915282,339.339002
177.308,383.781585,64.789407,-1.500000,-37.679236,339.219434
177.348,376.249773,63.801566,-1.500000,-30.318112,339.071010
177.384,358.312933,60.082013,-1.500000,-12.535642,338.936774
177.418,334.135675,65.383117,1.500000,11.491249,338.806021
177.449,335.138967,64.103892,1.500000,10.346698,338.683188
177.477,320.562138,66.736568,1.500000,24.795108,338.571519
177.513,340.438890,67.497117,1.500000,4.752839,338.427590
177.546,345.398290,69.001449,1.062632,-0.361909,338.292505
177.574,328.674392,66.742747,1.500000,16.227648,338.175687
177.604,336.911392,70.535814,1.500000,7.842637,338.046982
177.640,331.279299,70.964877,1.500000,13.297135,337.892552
177.675,340.975170,62.483530,1.500000,3.423135,337.737656
177.708,348.304706,61.578606,-1.500000,-4.073282,337.592542
177.740,343.435266,63.145125,-1.103214,0.630573,337.448555
177.769,334.605322,69.710321,1.500000,9.307569,337.315557
177.804,336.402544,62.077951,1.500000,7.327373,337.156450
177.839,351.583787,65.608383,-1.500000,-8.045941,336.989431
177.867,329.965927,62.576511,1.500000,13.418707,336.856203
177.902,356.569480,59.974619,-1.500000,-13.378509,336.687801
177.933,355.191711,71.395571,-1.500000,-12.173096,336.537925
177.964,330.730095,67.598094,1.500000,12.110188,336.382855
177.995,355.332155,73.049714,-1.500000,-12.668784,336.229019
178.033,339.976202,67.410231,1.108501,2.460958,336.032313
178.066,335.591787,68.446738,1.500000,6.654584,335.866409
178.102,357.567424,72.115130,-1.500000,-15.536792,335.678811
178.132,337.831475,64.923095,1.500000,4.013090,335.517013
178.165,342.881372,75.203437,0.369374,-1.237889,335.342159
178.197,339.215880,63.438902,1.500000,2.226633,335.167403
178.225,345.192059,69.498002,-1.500000,-3.923483,335.016153
178.254,347.038470,66.409571,-1.500000,-5.954612,334.855529
178.287,324.610080,63.050058,1.500000,16.261570,334.671000
178.325,339.339108,64.506666,1.500000,1.286224,334.456811
178.359,342.940779,65.627418,-1.500000,-2.541432,334.260302
178.393,347.082122,67.280521,-1.500000,-6.910439,334.062334
178.425,338.886123,64.990177,-0.203966,1.072530,333.877090
178.460,336.216598,71.078937,1.500000,3.502548,333.668823
178.494,345.986130,69.416965,-1.500000,-6.496364,333.469362
178.520,340.858297,66.202463,-1.500000,-1.554658,333.307512
178.549,332.016628,68.179837,1.500000,7.086576,333.133220
178.580,343.345295,69.071531,-1.500000,-4.459019,332.944587
178.612,331.014999,71.682301,1.500000,7.637526,332.741326
178.650,333.618067,73.641009,1.500000,4.760667,332.503247
178.680,324.912574,66.193632,1.500000,13.251863,332.316901
178.716,341.206961,69.632291,-1.500000,-3.311119,332.083341
178.751,343.804511,66.684147,-1.500000,-6.167721,331.858079
178.783,335.757092,68.524349,0.479940,1.638521,331.648359
178.809,337.335687,65.673647,0.554032,-0.138110,331.476153
178.848,331.497751,59.075806,1.500000,5.401314,331.216578
178.874,335.622749,63.279584,1.500000,1.075741,331.042165
178.904,335.396497,70.031152,1.500000,1.066159,330.837092
178.939,352.991731,65.929009,-1.500000,-16.804204,330.597850
178.974,348.889538,67.318182,-1.500000,-12.971484,330.363526
179.009,344.665067,63.204008,-1.500000,-9.033601,330.114318
179.044,336.181442,58.940242,-1.500000,-0.833109,329.868116
179.078,340.876140,62.163965,-1.500000,-5.799723,329.631667
179.104,333.965027,68.483244,-0.411130,0.901084,329.448792
179.138,319.218136,62.725505,1.500000,15.360289,329.198630
179.169,334.548837,72.517369,1.456710,-0.228322,328.974361
179.200,333.459458,57.716140,1.500000,0.600108,328.747448
179.236,345.456876,68.661506,-1.500000,-11.696641,328.487161
179.267,321.797445,66.998921,1.500000,11.696659,328.255742
179.303,320.082791,61.043082,1.500000,13.105043,327.989421
179.342,337.097173,66.872132,-1.500000,-4.250783,327.692512
179.372,341.652191,58.623428,-1.500000,-9.064623,327.467451
179.413,328.660370,64.990153,1.500000,3.563678,327.151346
179.444,337.741348,73.340316,-1.500000,-5.797059,326.908078
179.485,324.472564,66.449410,1.500000,7.111312,326.594675
179.511,329.596834,68.854415,1.500000,1.747097,326.386027
179.539,334.055008,66.354481,-1.500000,-2.963374,326.166638
179.566,341.339546,71.856116,-1.500000,-10.495825,325.951062
179.595,324.686561,71.474618,1.500000,5.891649,325.720183
179.631,348.243415,67.632726,-1.500000,-17.998503,325.430358
179.664,342.763838,64.576971,-1.500000,-12.818600,325.169772
179.694,339.545136,64.021044,-1.500000,-9.884078,324.922659
179.729,315.132463,69.438587,1.500000,14.194442,324.632092
179.765,322.084544,69.319281,1.500000,6.907704,324.341085
179.794,318.095331,66.060792,1.500000,10.614053,324.095117
179.829,324.564328,70.231677,1.500000,3.808509,323.802467
179.858,332.204245,66.389615,-1.500000,-4.111135,323.559226
179.891,336.528062,70.230964,-1.500000,-8.757826,323.278466
179.923,331.488758,67.104986,-1.500000,-4.031290,323.006493
179.964,313.882449,64.735492,1.500000,13.175050,322.658695
180.005,327.427481,67.004769,0.924905,-0.778139,322.303776
180.035,326.983109,67.902135,0.094582,-0.629274,322.046813
180.069,327.693488,62.306461,-1.500000,-1.680424,321.750491
180.094,313.182263,59.349742,1.500000,12.575302,321.528318
180.118,308.467389,64.440822,1.500000,17.044287,321.314501
180.149,342.026502,63.669841,-1.500000,-16.828652,321.041609
180.180,328.243844,74.516654,-1.500000,-3.356791,320.771351
180.210,314.701575,68.976821,1.500000,9.870592,320.497537
180.251,329.462398,66.213109,-1.500000,-5.316228,320.127105
180.276,330.128748,71.702716,-1.500000,-6.242144,319.901395
180.314,315.107889,62.869985,1.500000,8.382048,319.556467
180.350,320.964803,63.419233,1.500000,2.149482,319.229813
180.382,329.099797,68.261932,-1.500000,-6.325828,318.933886
180.416,307.705843,69.613089,1.500000,14.705986,318.618982
180.447,322.762607,66.650877,1.048662,-0.675720,318.336424
180.475,333.655858,61.279374,-1.500000,-11.868016,318.076384
180.504,316.694528,67.560196,1.500000,4.781108,317.804901
180.536,330.835072,62.790744,-1.500000,-9.702600,317.506497
180.569,312.860742,67.297480,1.500000,7.906536,317.188937
180.612,320.192303,69.966777,1.500000,0.103923,316.779327
180.645,337.738111,66.963671,-1.500000,-17.799653,316.468225
180.678,335.072400,67.337600,-1.500000,-15.492230,316.156669
180.710,320.557515,72.330163,-1.500000,-1.333483,315.846984
180.743,320.907699,61.630478,-1.500000,-2.047906,315.530255
180.768,307.008290,66.788869,1.500000,11.565666,315.281701
180.796,315.040293,58.035149,1.500000,3.223929,315.012367
180.827,318.078739,69.971325,1.308695,-0.158271,314.713450
180.859,318.628795,66.597231,-0.015358,-1.076443,314.393350
180.891,326.758243,67.717316,-1.500000,-9.564192,314.081783
180.930,313.603336,67.065369,1.500000,3.147166,313.696089
180.964,320.220976,64.879342,-1.500000,-3.852416,313.363965
180.996,315.992356,71.605530,-1.500000,0.003117,313.039541
181.033,315.343808,66.959736,-1.230070,0.223340,312.667085
181.065,304.227300,65.232012,1.500000,10.978835,312.353161
181.098,313.094691,66.039603,1.500000,1.730397,312.021816
181.122,314.991931,72.487232,0.956302,-0.449907,311.775673
181.151,318.236582,70.897307,-1.500000,-4.025445,311.487946
181.183,298.874312,66.529710,1.500000,14.953311,311.154455
181.215,328.048035,67.374920,-1.500000,-14.591726,310.831573
181.252,323.763284,72.135950,-1.500000,-10.736858,310.457761
181.291,305.741458,62.591266,1.500000,6.820336,310.053734
181.321,307.235118,65.125874,1.500000,4.972759,309.745980
181.359,319.803919,67.512787,-1.500000,-8.050956,309.350402
181.386,302.493803,69.190052,1.500000,8.940718,309.073496
181.417,311.152673,68.405092,1.500000,-0.085990,308.753638
181.449,314.484131,71.503078,-1.500000,-3.798147,308.422595
181.479,310.726346,68.293292,-1.500000,-0.398987,308.110747
181.516,312.944979,67.670339,-1.500000,-3.068041,307.719077
181.550,301.970416,64.980481,1.500000,7.490053,307.356930
181.584,310.789981,66.680867,-0.225976,-1.730592,307.008164
181.614,307.483400,70.558961,1.022969,1.207451,306.687697
181.648,315.588957,69.852006,-1.500000,-7.315694,306.324577
181.677,306.019173,66.842710,0.495460,1.905553,306.021501
181.709,296.730722,63.822923,1.500000,10.804424,305.682736
181.741,309.865008,69.021763,-1.500000,-2.718922,305.344423
181.771,307.655537,66.514814,-1.500000,-0.880296,305.021948
181.801,299.864864,69.627422,1.500000,6.540013,304.699894
181.835,311.599905,64.914654,-1.500000,-5.621066,304.329425
181.869,298.876726,73.366477,1.500000,6.685668,303.967300
181.906,290.598757,67.275162,1.500000,14.513354,303.575748
181.942,308.441119,68.522308,-1.500000,-3.775727,303.187297
181.968,298.320541,62.021780,1.500000,6.011894,302.897770
182.009,309.860320,65.548868,-1.500000,-6.033193,302.458371
182.033,299.909985,64.189793,1.500000,3.623293,302.202850
182.061,306.480127,69.634399,-1.500000,-3.301544,301.894420
182.092,303.927897,65.077281,-1.500000,-1.140828,301.553973
182.121,292.588483,69.656666,1.500000,9.842486,301.244321
182.154,303.533458,71.106164,0.034067,-1.515385,300.885281
182.191,301.613919,72.210745,-0.227830,-0.069100,300.473755
182.224,293.725601,73.953748,1.500000,7.411127,300.118894
182.258,297.816007,66.932559,1.500000,2.894069,299.747893
182.293,303.389140,62.315045,-1.500000,-3.122995,299.361865
182.323,298.038421,67.404364,0.364416,1.845164,299.029204
182.354,308.648882,73.250655,-1.500000,-9.158303,298.687460
182.388,295.353177,63.827324,1.500000,3.711067,298.316735
182.416,294.594137,65.569506,1.500000,4.108031,298.001886
182.443,299.622822,65.731766,-0.024261,-1.261407,297.705578
182.476,301.349800,66.451462,-1.500000,-3.402678,297.345323
182.513,305.354029,70.160583,-1.500000,-7.880989,296.933078
182.549,300.122442,74.217269,-1.500000,-3.109648,296.532864
182.579,294.809793,70.386088,0.704273,1.824176,296.203451
182.610,296.298567,68.054412,0.895307,-0.063933,295.856204
182.644,291.086995,66.945537,1.500000,4.721538,295.485681
182.670,298.741855,68.815829,-1.500000,-3.261666,295.200164
182.705,291.863174,69.407290,1.500000,3.169435,294.810964
182.741,296.812918,67.254884,-0.847901,-2.245289,294.406634
182.768,284.337306,62.176424,1.500000,9.892651,294.113006
182.801,300.132492,64.270474,-1.500000,-6.334503,293.737381
182.842,299.107771,66.695691,-1.500000,-5.829012,293.285877
182.872,299.894647,70.196833,-1.500000,-6.997662,292.953900
182.902,286.229450,64.163254,1.500000,6.275450,292.612957
182.933,286.789450,70.193877,1.500000,5.325404,292.273786
182.963,285.407723,65.058581,1.500000,6.321139,291.938141
182.994,291.090786,65.694619,1.500000,0.243120,291.594700
183.027,311.553735,63.463458,-1.500000,-20.643014,291.226714
183.056,299.895129,58.782807,-1.500000,-9.358779,290.901174
183.090,298.460587,65.055974,-1.500000,-8.350085,290.530871
183.125,288.441894,63.590451,-0.035498,1.211951,290.133778
183.160,300.845072,64.615201,-1.500000,-11.637071,289.746088
183.198,285.745576,63.987480,1.500000,2.979085,289.325793
183.230,292.168040,65.075802,-1.500000,-3.850042,288.972172
183.262,291.613032,67.318831,-1.500000,-3.709535,288.611737
183.291,272.964642,65.249033,1.500000,14.568776,288.289929
183.320,283.551860,63.784167,1.500000,3.612428,287.968946
183.351,273.681672,67.649957,1.500000,13.083227,287.621651
183.382,278.916910,69.360423,1.500000,7.455113,287.280021
183.414,283.635296,69.049460,1.500000,2.326684,286.923461
183.447,292.543607,67.562396,-1.500000,-6.999641,286.559970
183.480,290.378151,71.093700,-1.500000,-5.250748,286.197742
183.510,284.395077,61.732074,-1.075870,0.350953,285.866113
183.543,280.949299,66.733584,1.500000,3.381264,285.504838
183.581,291.465346,62.684251,-1.500000,-7.617637,285.084965
183.616,276.933839,65.779358,1.500000,6.462222,284.692227
183.648,291.402479,66.324183,-1.500000,-8.402486,284.347820
183.681,279.594591,58.632865,1.500000,2.986928,283.983930
183.708,291.651410,65.785788,-1.500000,-9.417689,283.681496
183.740,285.876347,68.589497,-1.500000,-4.035994,283.339438
183.770,274.642746,70.749399,1.500000,6.821426,283.012323
183.804,280.972236,66.008971,1.500000,0.063749,282.639987
183.836,276.199826,60.967456,1.500000,4.429674,282.286522
183.868,286.618910,68.143664,-1.500000,-6.391311,281.937043
183.906,284.897666,63.690731,-1.500000,-5.150454,281.519315
183.945,279.425776,71.008887,-1.500000,-0.158137,281.102294
183.972,278.103926,63.591405,-0.500733,0.826929,280.809440
184.004,279.975146,60.579513,-1.500000,-1.445237,280.460790
184.033,282.345583,68.486753,-1.500000,-4.167584,280.154782
184.062,265.080556,69.492706,1.500000,12.737789,279.842039
184.094,255.658066,66.214902,1.500000,21.754013,279.488764
184.130,263.985361,69.982974,1.500000,12.987657,279.106972
184.162,270.738801,72.664104,1.500000,5.841077,278.765111
184.197,266.951242,64.809099,1.500000,9.190825,278.384406
184.229,275.388728,61.381779,1.500000,0.371090,278.052016
184.266,279.594107,64.197201,-1.500000,-4.295469,277.650990
184.293,275.948371,71.565931,-1.500000,-0.972140,277.370636
184.328,273.315734,70.491536,-0.007986,1.234720,277.000395
184.354,264.027501,65.576329,1.500000,10.205567,276.724407
184.387,281.774578,68.315887,-1.500000,-7.937069,276.380443
184.420,277.257168,68.971273,-1.500000,-3.819436,276.032810
184.459,262.905041,64.928184,1.500000,10.056889,275.619070
184.492,266.906788,69.682670,1.500000,5.661157,275.276474
184.524,277.821682,70.613719,-1.500000,-5.629829,274.949437
184.556,266.039585,74.241130,1.500000,5.770935,274.617843
184.590,275.830324,64.538472,-1.500000,-4.426365,274.264313
184.619,270.316590,69.397933,-0.968516,0.742048,273.964033
184.643,268.021135,71.478444,1.500000,2.747971,273.712266
184.675,274.266791,68.637372,-1.500000,-3.871620,273.387105
184.706,272.141700,66.187229,-1.500000,-2.107671,273.073068
184.740,264.809387,70.802037,1.500000,4.824936,272.725498
184.774,267.485567,70.336885,1.500000,1.755640,272.383658
184.812,275.475100,65.308535,-1.500000,-6.681300,271.994609
184.845,259.279669,70.396269,1.500000,9.129301,271.659975
184.876,263.994605,70.775124,1.500000,4.059062,271.351015
184.908,273.823301,73.605286,-1.500000,-6.132803,271.035215
184.943,267.236505,64.306349,-1.500000,0.054900,270.688178
184.977,266.453500,63.147259,-0.958450,0.448129,270.349243
185.002,261.923725,69.950165,1.500000,4.697282,270.105223
185.035,271.591797,61.243351,-1.500000,-5.346504,269.778516
185.067,257.828492,66.897284,1.500000,8.057860,269.466393
185.104,269.105449,70.496595,-1.500000,-3.638195,269.101960
185.132,267.407686,65.066820,-1.500000,-2.251207,268.831720
185.171,261.124475,70.778631,1.500000,3.602185,268.457966
185.201,268.343510,65.518061,-1.500000,-3.949638,268.168585
185.238,255.347088,68.965674,1.500000,8.644646,267.818900
185.263,263.294510,65.583321,1.500000,0.420445,267.578222
185.293,261.973405,67.473006,1.500000,1.413798,267.293220
185.323,273.323561,65.861744,-1.500000,-10.263206,267.009004
185.354,267.492288,64.766402,-1.500000,-4.767052,266.717597
185.389,263.098173,69.185941,-1.500000,-0.742451,266.396280
185.421,254.352098,68.459299,1.500000,7.657325,266.095150
185.454,255.448399,63.808607,1.500000,6.209623,265.789585
185.489,260.461977,67.631865,1.500000,0.834404,265.475114
185.521,265.099055,64.849063,-1.500000,-4.139412,265.182298
185.559,267.135715,62.209347,-1.500000,-6.575073,264.835342
185.591,257.014223,66.603764,1.500000,3.211067,264.543731
185.617,260.702430,65.692452,0.966203,-0.743961,264.311712
185.649,260.963620,61.674196,-0.705799,-1.329896,264.029325
185.680,264.040186,68.045063,-1.500000,-4.722203,263.754768
185.712,254.232718,66.100001,1.500000,4.755220,263.467772
185.755,257.889875,68.639407,1.500000,0.672423,263.097650
185.788,265.521427,67.407719,-1.500000,-7.289343,262.810507
185.813,261.061096,71.696243,-1.500000,-3.082956,262.589687
185.850,258.455286,71.770481,-1.500000,-0.842177,262.272269
185.882,251.518081,69.092430,1.500000,5.781853,261.999943
185.911,261.111022,63.195202,-1.500000,-4.092281,261.755427
185.943,257.199314,71.843982,-1.500000,-0.484225,261.491382
185.973,246.551509,64.631823,1.500000,9.868435,261.234734
186.006,253.436589,63.614711,1.500000,2.674821,260.966443
186.044,253.409162,63.462463,1.500000,2.340631,260.651994
186.077,251.404985,69.697842,1.500000,4.037694,260.384938
186.110,253.967985,70.776369,1.500000,1.159818,260.111133
186.146,254.499898,63.052072,1.500000,0.300958,259.826831
186.177,266.854085,65.416564,-1.500000,-12.342275,259.575486
186.213,262.993741,63.852065,-1.500000,-8.805848,259.293820
186.242,258.704829,70.247480,-1.500000,-4.773825,259.070438
186.273,261.167218,66.719569,-1.500000,-7.519548,258.824060
186.300,254.995592,70.560882,-1.500000,-1.585046,258.617865
186.331,252.045811,68.688463,-0.183355,1.089587,258.378607
186.364,248.291022,71.548726,1.500000,4.561870,258.132950
186.406,253.782619,67.062081,0.144952,-1.290966,257.818829
186.433,257.712989,69.734191,-1.500000,-5.453187,257.617219
186.472,249.921829,68.075259,0.723426,2.005755,257.328333
186.497,251.607621,70.538927,1.127898,0.110777,257.146433
186.533,248.251321,65.033795,1.500000,3.165352,256.884064
186.558,245.336018,68.197299,1.500000,5.874078,256.704431
186.597,244.761971,69.845704,1.500000,6.136015,256.433031
186.624,256.094617,64.230708,-1.500000,-5.417276,256.241167
186.655,256.879255,69.314051,-1.500000,-6.447738,256.027406
186.692,251.246843,67.064731,-1.500000,-1.114164,255.767548
186.731,252.745599,63.785006,-1.500000,-2.914937,255.504924
186.765,244.956219,70.695417,1.500000,4.615524,255.279776
186.802,255.206441,74.402486,-1.500000,-5.918350,255.033122
186.830,253.638953,66.950461,-1.500000,-4.567188,254.845012
186.861,240.706740,59.010383,1.500000,8.137488,254.647155
186.894,244.699461,69.035259,1.500000,3.901891,254.435959
186.921,242.425466,66.210483,1.500000,5.977747,254.263663
186.953,250.163590,66.726804,-0.908002,-1.992779,254.061575
186.984,252.109965,68.021564,-1.500000,-4.156487,253.872589
187.016,247.383013,65.340997,-1.161277,0.339915,253.672111
187.049,239.500919,65.955670,1.500000,7.997379,253.476781
187.087,242.704948,70.252183,1.500000,4.532760,253.250181
187.126,243.265879,64.677424,1.500000,3.709800,253.022330
187.159,252.756991,68.529102,-1.500000,-6.000810,252.831462
187.193,246.388020,67.100299,-1.500000,0.146127,252.638388
187.230,252.877477,70.286522,-1.500000,-6.581377,252.431391
187.253,243.507687,64.169345,1.500000,2.638450,252.300988
187.285,247.373145,70.721694,0.139737,-1.427933,252.126271
187.316,238.365304,67.722446,1.500000,7.386905,251.958442
187.349,242.851207,71.692438,1.500000,2.703244,251.786479
187.380,246.255507,66.024661,0.423219,-0.891078,251.621242
187.413,246.187607,60.031739,-0.934640,-1.015210,251.454258
187.453,246.783261,66.689827,-1.500000,-1.842718,251.252646
187.486,242.132647,67.523191,1.500000,2.618390,251.087858
187.517,251.229411,72.572520,-1.500000,-6.648286,250.940108
187.549,246.090313,63.189918,-1.500000,-1.685533,250.786765
187.580,244.287605,66.050670,-1.500000,-0.051561,250.640039
187.609,238.804294,72.992223,1.500000,5.277609,250.506003
187.644,234.169568,63.403537,1.500000,9.732903,250.349975
187.681,235.725021,65.973841,1.500000,7.985829,250.183348
187.716,255.581396,66.411694,-1.500000,-12.043674,250.032801
187.749,249.066730,64.142075,-1.500000,-5.692170,249.890922
187.781,243.738791,65.129697,-1.500000,-0.517653,249.757511
187.805,239.655937,69.529901,1.500000,3.452511,249.659520
187.845,237.363721,64.577966,1.500000,5.560908,249.499677
187.878,239.220130,67.337749,1.500000,3.557926,249.372222
187.908,237.725198,66.234010,1.500000,4.921617,249.258099
187.936,248.402096,65.327080,-1.500000,-5.874160,249.154727
187.969,242.954710,67.020092,-1.500000,-0.563414,249.035909
188.005,231.603366,65.168224,1.500000,10.638785,248.906218
188.035,241.843023,64.954038,1.500000,0.281633,248.804048
188.071,249.878883,69.986060,-1.500000,-7.891822,248.684401
188.105,246.434474,60.867795,-1.500000,-4.575726,248.572824
188.137,243.917922,63.912246,-1.500000,-2.174645,248.472414
188.161,230.770782,60.505731,1.500000,10.886340,248.397497
188.195,242.857373,68.859362,0.272718,-1.317880,248.295212
188.226,237.771510,69.510403,1.500000,3.666134,248.206647
188.255,243.763591,64.333227,-1.277029,-2.421829,248.123271
188.292,239.201808,67.175229,0.834271,2.027017,248.025065
188.329,244.897271,66.123472,-1.500000,-3.780260,247.927836
188.358,242.087853,63.862813,-1.500000,-1.056822,247.853071
188.388,233.071426,70.727385,1.500000,7.877644,247.781799
188.422,234.391700,69.766418,1.500000,6.466053,247.702393
188.455,247.850963,65.728314,-1.500000,-7.078157,247.628527
188.487,237.671705,70.318665,1.500000,3.022768,247.560412
188.520,241.027504,69.615111,1.366965,-0.412297,247.491485
188.553,250.147478,68.115414,-1.500000,-9.605451,247.427850
188.582,238.955411,69.261939,-0.007350,1.524092,247.373481
188.614,240.013357,63.867390,0.659540,0.401575,247.317332
188.653,251.899594,70.242576,-1.500000,-11.557817,247.253719
188.686,235.103338,70.561800,1.500000,5.179001,247.202034
188.717,243.901342,67.959733,-1.500000,-3.670519,247.157237
188.745,239.840982,64.967975,-1.447309,0.345805,247.118945
188.785,233.128960,69.891082,1.500000,7.000316,247.068935
188.812,238.735398,61.878763,1.500000,1.358094,247.037819
188.848,239.557310,63.830342,1.500000,0.492405,246.999752
188.878,243.363382,68.685590,-1.500000,-3.346697,246.971030
188.905,244.220559,67.827214,-1.500000,-4.230795,246.947621
188.941,238.275157,63.956602,0.533157,1.682562,246.919756
188.972,241.723669,63.915790,-1.381921,-1.789681,246.899120
189.007,239.887219,70.606661,-1.500000,0.024086,246.879395
189.041,232.929156,71.745375,1.500000,6.964217,246.863802
189.072,234.332032,67.223393,1.500000,5.548428,246.852574
189.112,238.291591,67.818376,1.500000,1.577370,246.842575
189.137,239.913682,71.322857,1.440870,-0.048885,246.838954
189.170,252.402454,71.487105,-1.500000,-12.539911,246.836994
189.200,237.795927,62.837597,0.640913,2.068031,246.838225
189.230,238.760436,67.378837,1.500000,1.108191,246.842285
189.262,240.080659,64.722381,1.358661,-0.203472,246.849728
189.299,248.677612,70.034871,-1.500000,-8.786242,246.862060
189.337,252.796689,62.930094,-1.500000,-12.885266,246.879498
189.372,245.881981,65.861381,-1.500000,-5.947536,246.899517
189.401,239.492696,67.839973,-0.939032,0.464199,246.919039
189.432,241.104752,67.288003,-1.500000,-1.120365,246.942945
189.467,238.740567,69.858367,-0.022932,1.278868,246.973422
189.497,236.754420,64.419083,1.500000,3.298488,247.002529
189.531,234.474538,68.994762,1.500000,5.620622,247.039269
189.556,237.502545,62.917828,1.500000,2.626799,247.068994
189.591,242.882746,65.817143,-1.500000,-2.702777,247.113017
189.623,245.379758,65.698901,-1.500000,-5.149280,247.156937
189.661,243.180961,71.396930,-1.500000,-2.885712,247.213260
189.696,233.037651,64.772632,1.500000,7.322443,247.269647
189.732,245.795968,65.333312,-1.500000,-5.366545,247.329933
189.764,237.649178,66.459382,1.500000,2.847642,247.388539
189.797,245.586345,67.218491,-1.500000,-5.015330,247.453056
189.824,241.032871,60.402771,-1.500000,-0.399436,247.507335
189.853,231.489940,70.587211,1.500000,9.213890,247.568548
189.884,235.111656,63.437150,1.500000,5.669442,247.635737
189.921,238.411845,66.030654,1.500000,2.469376,247.722801
189.953,242.531276,61.640466,-0.388104,-1.562518,247.798920
189.991,239.205996,67.999508,1.500000,1.873663,247.895356
190.015,241.012593,66.478777,1.500000,0.141274,247.959885
190.066,241.633827,66.604024,1.114811,-0.318727,248.100088
190.101,245.532038,64.519667,-1.500000,-4.099591,248.202128
190.128,247.129221,68.245738,-1.500000,-5.603876,248.282909
190.158,242.527527,65.457130,-1.500000,-0.897546,248.373897
190.187,244.266699,64.184851,-1.500000,-2.527267,248.469071
190.216,239.782146,70.215879,0.996516,2.066032,248.563633
190.247,236.496141,65.417574,1.500000,5.470395,248.666553
190.283,246.152653,65.659442,-1.500000,-4.040206,248.793433
190.316,245.496227,70.634054,-1.500000,-3.248578,248.910998
190.358,243.208355,67.308778,-1.500000,-0.781479,249.066849
190.393,239.526337,71.905362,1.500000,3.052692,249.199156
190.425,230.227785,66.997228,1.500000,12.499428,249.328011
190.453,241.796436,63.271222,1.500000,1.058335,249.438931
190.485,244.057575,71.713330,0.231303,-1.049906,249.571886
190.518,240.363857,62.672356,1.500000,2.804683,249.711775
190.550,246.145613,72.026476,-1.500000,-2.816539,249.851369
190.583,244.257188,66.290983,-1.500000,-0.760651,249.996989
190.613,241.026553,68.267432,1.500000,2.624984,250.131771
190.648,247.238861,65.581481,-1.500000,-3.399552,250.295051
190.679,245.967373,67.247036,-1.500000,-1.959574,250.441564
190.715,236.928550,65.735543,1.500000,7.281192,250.617167
190.748,246.488949,60.677754,-0.661688,-2.091182,250.780667
190.776,240.612567,66.226278,1.500000,3.946461,250.920894
190.806,242.989622,64.787364,1.500000,1.751493,251.079230
190.843,243.510916,62.089813,1.500000,1.453208,251.273152
190.885,242.112873,66.954080,1.500000,3.109051,251.497326
190.916,256.692929,74.487661,-1.500000,-11.271408,251.670889
190.950,250.632897,64.774674,-1.500000,-4.993914,251.859986
190.981,248.211238,68.515850,-1.500000,-2.367936,252.037654
191.005,245.025729,67.797049,-0.317300,0.978736,252.177796
191.043,249.310818,63.647783,-1.500000,-3.048066,252.402393
191.079,246.613560,67.112452,-1.500000,-0.102452,252.618355
191.111,244.949959,66.202167,0.654568,1.783040,252.811304
191.142,245.025935,70.665956,1.500000,1.928580,253.003926
191.173,241.283017,66.628193,1.500000,5.895065,253.198332
191.204,251.427479,71.483432,-1.500000,-4.015893,253.401379
191.237,250.935708,71.796949,-1.500000,-3.280575,253.613159
191.268,243.841105,66.616663,1.500000,4.048067,253.816671
191.300,246.417567,64.058624,1.500000,1.720169,254.032814
191.335,246.436368,69.485178,1.500000,1.976492,254.272053
191.364,249.537479,70.711960,0.415165,-0.897744,254.469335
191.402,248.721448,63.254151,0.555350,0.225261,254.736269
191.430,248.363200,62.998476,1.500000,0.812961,254.935792
191.459,257.339339,67.835210,-1.500000,-7.923710,255.144026
191.493,250.252801,59.285122,-1.500000,-0.551318,255.392594
191.525,254.100986,62.668262,-1.500000,-4.130468,255.626537
191.555,257.758942,64.303389,-1.500000,-7.529396,255.851779
191.587,248.266740,65.497840,1.212072,2.244423,256.096663
191.619,249.441494,65.808186,1.500000,1.353557,256.343523
191.653,257.743225,67.993017,-1.500000,-6.643692,256.608290
191.693,250.559075,69.065863,-0.780087,0.897989,256.919186
191.724,246.937858,65.436311,1.500000,4.810648,257.172614
191.753,253.995506,66.874191,-0.620768,-1.984786,257.400626
191.783,253.924010,67.158935,-1.500000,-1.627413,257.649215
191.815,246.601662,61.299169,1.500000,5.999926,257.914424
191.851,251.523117,66.906129,1.500000,1.419063,258.210591
191.884,249.191784,66.597235,1.500000,4.077428,258.494967
191.912,256.459689,69.499544,-1.500000,-2.919952,258.730206
191.951,257.228773,74.243411,-1.500000,-3.295658,259.072273
191.990,253.632058,65.840952,-0.666034,0.690129,259.410597
192.013,255.422774,63.462894,-1.500000,-0.864663,259.615749
192.067,244.456002,61.316050,1.500000,10.655831,260.097246
192.101,251.119494,67.751336,1.500000,4.351018,260.409140
192.271,255.235039,66.584146,1.500000,2.064941,261.999982
192.294,257.215307,68.184028,1.500000,0.344232,262.225687
192.321,270.198696,64.298156,-1.500000,-12.339421,262.486326
192.357,264.210856,68.546418,-1.500000,-5.945837,262.839147
192.382,250.887938,64.330914,1.500000,7.664467,263.089048
192.406,264.202296,64.679693,-1.500000,-5.372081,263.330622
192.434,256.746606,63.914769,1.036597,2.401451,263.607006
192.463,260.420631,61.451976,0.216840,-0.933930,263.901478
192.496,257.685306,65.883824,1.500000,2.189722,264.239155
192.528,266.061977,71.897743,-1.500000,-5.811997,264.565200
192.564,261.272184,67.327620,-1.500000,-0.588864,264.942017
192.599,261.916136,61.477593,-1.500000,-0.816945,265.303645
192.632,252.140835,68.381731,1.500000,9.362027,265.654663
192.666,256.020481,70.023067,1.500000,5.901707,266.019295
192.702,262.087682,62.831196,1.500000,0.278106,266.405033
192.728,272.901841,63.505760,-1.500000,-10.210674,266.687971
192.757,267.215820,68.994312,-1.500000,-4.164662,267.001007
192.787,266.196892,71.635711,-1.500000,-2.760516,267.335979
192.822,267.611840,64.279286,-1.500000,-3.734579,267.719358
192.854,250.894698,70.427831,1.500000,13.396169,268.079014
192.888,264.870287,72.157770,1.500000,-0.145181,268.456614
192.923,262.951813,63.583938,1.500000,2.226912,268.851065
192.955,266.231880,68.553984,0.744112,-0.625512,269.222929
192.991,270.974693,66.907103,-1.500000,-4.902698,269.627822
193.015,257.568892,71.149856,1.500000,8.828874,269.911101
193.069,271.761064,72.690852,-1.500000,-4.635016,270.544390
193.102,266.906891,68.669181,-1.076949,0.652310,270.921044
193.131,259.613250,67.783255,1.500000,8.342264,271.265665
193.161,269.842472,70.865389,0.036355,-1.470869,271.627481
193.187,274.548730,65.883901,-1.500000,-5.819030,271.938869
193.220,267.015691,64.130977,0.928790,2.164770,272.330836
193.243,262.549398,65.803866,1.500000,6.963013,272.619488
193.278,276.091933,67.476149,-1.500000,-6.089255,273.045806
193.313,271.479915,70.089444,-1.500000,-0.990437,273.469112
193.342,267.269344,72.973973,1.500000,3.639753,273.833997
193.377,268.320557,65.744227,1.500000,3.081591,274.262737
193.405,279.778903,70.739998,-1.500000,-7.969077,274.617241
193.439,272.174999,67.223596,-1.500000,0.126737,275.044988
193.472,276.393331,68.419302,-1.500000,-3.623960,275.451627
193.509,270.305918,63.304863,1.500000,3.003865,275.921550
193.538,270.568547,65.682340,1.500000,3.179493,276.302643
193.571,274.411873,67.573815,1.275878,-0.185430,276.718646
193.606,276.837760,69.602918,-1.268327,-2.082919,277.178123
193.637,279.557461,65.543783,-1.500000,-4.345891,277.575278
193.668,264.739642,66.955000,1.500000,10.945117,277.986747
193.696,284.187513,68.785955,-1.500000,-8.078926,278.355293
193.731,279.488125,70.702024,-1.500000,-2.861251,278.805977
193.764,269.248559,61.270367,1.500000,7.893137,279.253648
193.798,267.614303,67.476598,1.500000,10.041339,279.700558
193.834,275.017029,69.849622,1.500000,3.191409,280.181250
193.868,280.298474,72.536081,-0.382900,-1.558212,280.643706
193.903,286.485724,67.219812,-1.500000,-7.195250,281.122151
193.926,286.458865,63.888272,-1.500000,-6.820407,281.424746
193.965,271.575895,66.202023,1.500000,8.672205,281.954869
193.991,283.479092,71.609662,-1.500000,-2.808578,282.322186
194.033,278.962476,69.751705,1.002089,2.372893,282.900321
194.063,275.968766,68.173486,1.500000,5.833849,283.306621
194.094,284.787440,70.573131,-1.446140,-2.488298,283.738384
194.122,284.963968,66.444939,-1.500000,-2.213097,284.131193
194.157,274.361477,65.418704,1.500000,8.954876,284.622916
194.187,280.298947,69.727737,1.500000,3.499763,285.042357
194.219,283.689362,62.798333,1.500000,0.642713,285.506152
194.254,289.487538,72.465824,-1.500000,-4.591353,285.996683
194.284,287.655499,66.249209,-1.500000,-2.264675,286.426803
194.314,287.831285,64.773524,-1.500000,-1.950329,286.853005
194.350,277.390774,65.359504,1.500000,9.085657,287.370810
194.379,294.467095,69.569444,-1.500000,-7.504365,287.793678
194.411,276.766366,70.654993,1.500000,10.721049,288.249926
194.444,292.166508,66.463194,-1.500000,-4.129496,288.727837
194.475,280.972814,69.115437,1.500000,7.590120,289.185160
194.505,285.835485,69.189127,1.500000,3.228819,289.621133
194.540,298.809466,67.460783,-1.500000,-9.161361,290.128787
194.572,290.143197,66.265375,-1.500000,0.048864,290.601792
194.606,282.063421,63.237907,1.500000,8.705726,291.103606
194.639,282.717808,66.679471,1.500000,8.620719,291.598719
194.668,287.073263,61.787901,1.500000,4.760330,292.029212
194.699,303.381508,71.719755,-1.500000,-11.014529,292.493025
194.731,293.216320,63.931673,-1.500000,-0.306838,292.964768
194.763,299.456746,60.605800,-1.500000,-5.990823,293.448629
194.800,298.626861,68.359765,-1.500000,-4.516582,294.008938
194.829,274.981215,61.689145,1.500000,19.627032,294.441953
194.865,287.006565,65.752695,1.500000,8.231471,294.989597
194.900,289.027453,71.549991,1.500000,6.826838,295.525471
194.931,298.739504,73.153490,-1.325869,-2.338600,296.000787
194.968,299.313021,68.617948,-1.500000,-2.275727,296.554169
194.997,290.515662,71.436285,1.500000,7.032575,296.998466
195.026,297.422126,65.318089,1.500000,0.650017,297.454038
195.056,297.218923,72.883043,1.500000,1.386533,297.917788
195.091,312.673080,67.058942,-1.500000,-13.445556,298.458717
195.123,305.986422,69.169184,-1.500000,-6.189772,298.953608
195.158,305.630862,64.713810,-1.500000,-5.210195,299.496232
195.194,300.010393,64.487050,-0.244664,1.038848,300.042819
195.225,283.713833,71.571897,1.500000,17.898952,300.532857
195.257,298.253420,66.509209,1.500000,3.926455,301.025978
195.284,314.872562,65.917491,-1.500000,-12.197689,301.456411
195.316,303.257963,65.938296,-1.500000,-0.014835,301.950546
195.344,299.981553,68.576255,1.500000,3.780686,302.401947
195.376,296.235338,72.758368,1.500000,8.100021,302.900312
195.408,313.664117,66.389865,-1.500000,-8.743512,303.409222
195.441,302.195493,65.596666,1.500000,3.323236,303.929329
195.475,316.361369,63.341694,-1.500000,-10.226458,304.465140
195.512,306.356848,71.894513,-1.328710,0.443956,305.044178
195.543,304.161904,63.853248,1.500000,3.215684,305.545728
195.584,309.875696,68.587210,-0.273763,-1.752883,306.193750
195.617,317.445196,70.178405,-1.500000,-8.725075,306.713148
195.649,305.338052,66.985929,1.500000,3.980651,307.233654
195.675,305.827116,67.238776,1.500000,3.959180,307.640257
195.708,317.524908,72.147865,-1.500000,-7.136227,308.164071
195.742,300.536386,67.911910,1.500000,10.479326,308.709315
195.770,321.173515,64.749256,-1.500000,-9.624337,309.173198
195.803,314.382266,69.968908,-1.500000,-2.226627,309.700556
195.845,303.162265,63.620031,1.500000,9.756815,310.364418
195.875,311.638764,68.414856,1.500000,1.834327,310.846166
195.906,324.393917,71.311760,-1.500000,-10.344047,311.347713
195.941,307.689146,70.978320,1.500000,7.011590,311.913683
195.972,316.206122,65.646093,0.751012,-0.922050,312.420932
196.000,315.342414,74.795862,1.217819,0.461732,312.873171
196.035,321.974191,69.299579,-1.500000,-5.527214,313.432154
196.066,323.081592,69.729234,-1.500000,-6.042135,313.947354
196.104,325.309987,68.833320,-1.500000,-7.573390,314.553562
196.133,326.952458,67.895269,-1.500000,-8.675999,315.023007
196.157,306.147135,70.866010,1.500000,12.576877,315.412185
196.196,319.300251,67.296624,1.500000,0.161023,316.053282
196.225,324.530096,68.544930,-1.500000,-4.539242,316.513786
196.259,314.807800,70.896483,1.500000,5.821195,317.068691
196.289,331.883538,70.645349,-1.500000,-10.688956,317.560506
196.321,326.502161,76.830461,-1.500000,-4.718027,318.073160
196.352,319.401680,67.938325,1.500000,2.977517,318.590607
196.388,324.712786,65.022312,-0.152585,-1.669855,319.167766
196.422,317.750887,61.961312,1.500000,5.932768,319.724918
196.458,318.796976,69.871121,1.500000,5.557395,320.308148
196.484,329.682455,71.150251,-1.500000,-4.835246,320.736703
196.513,324.373634,67.788530,-0.640553,1.013465,321.206172
196.552,329.991292,68.838767,-1.500000,-3.878823,321.836929
196.575,315.873667,65.466419,1.500000,10.671985,322.213611
196.609,325.798253,65.557012,1.500000,1.379962,322.763665
196.639,324.674898,64.646799,1.500000,3.072859,323.258919
196.673,325.113200,67.306625,1.500000,3.267853,323.809611
196.705,347.213450,64.194870,-1.500000,-18.229746,324.333656
196.745,351.274268,71.753255,-1.500000,-21.547583,324.979726
196.776,344.269584,67.133749,-1.500000,-13.963469,325.483578
196.810,334.534603,71.741152,-1.500000,-3.592693,326.036444
196.841,334.257044,62.179476,-1.500000,-2.723733,326.550705
196.871,325.912578,69.660053,1.500000,6.177695,327.035020
196.903,326.843544,71.970493,1.500000,5.843677,327.554105
196.932,336.940615,66.387662,-1.500000,-3.708641,328.027804
196.963,327.432421,68.639328,1.500000,6.370950,328.524670
197.000,320.544895,68.429665,1.500000,13.937089,329.114769
197.030,331.872905,69.928830,1.500000,3.183621,329.614370
197.063,334.502217,68.512638,1.500000,1.152897,330.134882
197.095,353.605001,64.884912,-1.500000,-17.356245,330.651092
197.133,347.558660,69.245424,-1.500000,-10.591578,331.275723
197.164,337.704097,68.343519,-1.500000,-0.162561,331.775248
197.196,340.697418,67.049029,-1.500000,-2.564052,332.289883
197.228,340.946880,64.799130,-1.500000,-2.218728,332.807089
197.257,338.148612,72.964759,-0.150959,1.116397,333.273921
197.288,325.074934,69.922360,1.500000,14.753609,333.763951
197.321,323.298478,66.160150,1.500000,17.137963,334.292557
197.358,318.662929,63.014849,1.500000,22.447921,334.879000
197.412,328.779479,67.389508,1.500000,13.337989,335.754320
197.437,326.984817,65.649290,1.500000,15.586208,336.148717
197.469,353.018312,72.838508,-1.500000,-9.872432,336.648591
197.501,362.482032,66.463684,-1.500000,-18.746432,337.161391
197.545,336.512140,67.724233,1.500000,8.035838,337.867807
197.577,346.604975,61.101837,0.067120,-1.488030,338.362561
197.601,357.692291,69.553027,-1.500000,-12.129003,338.750685
197.632,352.608350,70.670779,-1.500000,-6.479154,339.242779
197.659,348.183612,69.512742,-1.500000,-1.572844,339.661537
197.689,344.999842,67.106935,1.107585,2.157951,340.137211
197.722,342.759184,67.458094,1.500000,4.991472,340.652745
197.752,351.523781,63.931675,-1.500000,-3.237144,341.118815
197.789,355.818518,69.821534,-1.500000,-6.854182,341.708118
197.815,343.187485,68.321229,1.500000,6.226208,342.098864
197.852,335.064682,70.264066,1.500000,15.018283,342.680839
197.886,349.448962,69.899537,1.500000,1.237725,343.205815
197.916,348.122462,66.972065,1.500000,3.105777,343.676730
197.947,358.228230,63.390339,-1.500000,-6.458143,344.147902
197.979,364.138577,66.273466,-1.500000,-11.797287,344.644600
198.015,353.896116,64.483960,-1.500000,-0.924609,345.192615
198.043,360.637237,64.883721,-1.500000,-7.155130,345.636615
198.076,337.491229,65.973430,1.500000,16.567749,346.138241
198.107,350.438631,67.792503,1.500000,4.161818,346.609087
198.140,363.172619,68.008877,-1.500000,-8.003350,347.103712
198.172,357.263406,66.037470,-1.500000,-1.538673,347.586724
198.206,343.664908,60.223847,1.500000,12.665522,348.113418
198.239,368.632056,67.844056,-1.500000,-11.742136,348.599930
198.271,351.650030,72.358820,1.500000,5.800500,349.087417
198.303,352.134010,60.459624,1.500000,5.869310,349.568105
198.337,357.572178,68.946933,1.500000,1.019450,350.079677
198.374,368.908446,65.303743,-1.500000,-9.694186,350.621096
198.406,350.723965,62.707255,1.500000,9.045621,351.103988
198.440,366.451118,64.742313,-1.500000,-6.120082,351.592205
198.473,364.827721,73.707998,-1.500000,-3.932732,352.082599
198.502,350.540274,70.638910,1.500000,10.842641,352.506882
198.531,357.784247,67.110166,1.500000,4.082696,352.927776
198.565,355.303775,69.214852,1.500000,7.144279,353.433091
198.595,370.189658,61.582553,-1.500000,-7.244126,353.865680
198.633,370.639783,69.218077,-1.500000,-7.056934,354.419869
198.665,381.623106,64.989713,-1.500000,-17.522561,354.870039
198.700,371.845294,72.442693,-1.500000,-7.158887,355.379484
198.731,349.322345,67.641944,1.500000,15.870755,355.820087
198.759,373.658603,62.156008,-1.500000,-8.003421,356.221897
198.795,362.256628,64.013725,1.500000,3.979320,356.726912
198.824,355.148919,69.988510,1.500000,11.559866,357.138074
198.852,362.708375,69.278772,1.500000,4.442383,357.522398
198.883,373.670791,60.810795,-1.500000,-6.014934,357.961614
198.915,365.081746,69.554883,1.500000,3.081443,358.402773
198.953,377.643423,67.927889,-1.500000,-8.861696,358.940632
198.991,392.298926,70.263487,-1.500000,-22.918444,359.461289
199.018,377.128803,68.792140,-1.500000,-7.330123,359.824940
199.054,370.558103,69.405279,-1.500000,-0.183768,360.325508
199.088,359.319301,66.729992,1.500000,11.579851,360.781871
199.116,360.815248,65.544419,1.500000,10.525427,361.165805
199.145,354.995350,70.345363,1.500000,16.790116,361.552579
199.175,375.226216,61.925119,-1.500000,-2.986001,361.948013
199.209,360.696346,66.366560,1.500000,12.069143,362.404773
199.249,378.557462,66.668537,-1.500000,-5.188054,362.929920
199.275,358.850144,67.792257,1.500000,14.922825,363.280843
199.313,373.733043,67.478395,1.500000,0.600284,363.768111
199.340,353.199624,65.999299,1.500000,21.547309,364.127768
199.375,368.431123,65.248297,1.500000,6.834973,364.579214
199.410,405.479758,64.520841,-1.500000,-29.697610,365.027955
199.436,383.129500,72.144867,-1.500000,-6.956483,365.367841
199.468,385.672905,63.848550,-1.500000,-9.040609,365.767215
199.501,388.720594,70.050279,-1.500000,-11.605782,366.186793
199.536,389.876335,69.670129,-1.500000,-12.255861,366.626499
199.568,367.200454,68.763695,1.500000,10.885810,367.031534
199.605,384.939689,68.610724,-1.500000,-6.326624,367.489622
199.641,368.718861,68.928791,1.500000,10.397444,367.927221
199.673,390.318998,67.545303,-1.500000,-10.749160,368.321598
199.701,397.961785,68.281065,-1.500000,-18.005462,368.657672
199.731,360.431546,63.475181,1.500000,19.940098,369.018821
199.767,379.965096,66.309743,1.500000,0.902193,369.449817
199.797,389.427335,73.499395,-1.500000,-8.140178,369.814920
199.829,372.514958,71.838368,1.500000,9.200866,370.187674
199.861,389.546765,69.383500,-1.500000,-7.390895,370.570322
199.896,376.247326,62.848844,1.500000,6.373520,370.974649
199.928,365.765739,70.172314,1.500000,17.280609,371.344650
199.964,385.172059,73.642125,-0.499355,-1.654589,371.754322
199.993,378.157312,68.440414,1.500000,5.741469,372.085896
200.021,399.295395,70.834138,-1.500000,-15.026081,372.408099
200.058,383.003819,62.922349,0.230165,1.734059,372.815546
200.094,388.936432,67.688811,-1.500000,-3.737417,373.216534
200.121,380.967311,68.159363,1.500000,4.571830,373.512296
200.152,374.732140,69.945853,1.500000,11.199071,373.853227
200.187,387.839877,64.062377,-0.265717,-1.461232,374.242300
200.225,378.287346,72.462009,1.500000,8.551024,374.642061
200.257,409.804132,63.265855,-1.500000,-22.568167,374.987796
200.293,364.793490,64.384372,1.500000,22.877866,375.366396
200.317,398.961456,63.853018,-1.500000,-10.997186,375.621105
200.354,412.960260,68.774604,-1.500000,-24.555825,376.003857
200.389,394.344322,68.373212,-1.500000,-5.533656,376.357100
200.420,386.486489,62.961463,1.500000,2.685672,376.671444
200.450,411.083981,64.819552,-1.500000,-21.562230,376.975436
200.480,392.880221,62.827796,-1.500000,-3.014006,377.274970
200.514,382.627803,61.124149,1.500000,7.625372,377.611456
200.553,369.829777,59.316149,1.500000,20.861441,377.992363
200.579,396.040131,63.492192,-1.500000,-5.053821,378.248966
200.622,404.685316,68.740028,-1.500000,-13.229526,378.657209
200.644,377.034686,70.584939,1.500000,14.660680,378.865535
200.680,385.722659,66.998102,1.500000,6.362640,379.204607
200.705,399.677733,67.746663,-1.500000,-7.321401,379.440289
200.744,394.186725,67.818877,-1.500000,-1.422268,379.795180
200.773,380.333338,67.071661,1.500000,12.738784,380.062715
200.805,404.777033,64.920980,-1.500000,-11.380864,380.344495
200.839,386.415208,75.602471,1.500000,7.332317,380.650021
200.875,376.001124,66.769747,1.500000,18.106811,380.963422
200.919,385.981324,65.952481,1.500000,8.559966,381.340252
200.946,364.772141,64.874442,1.500000,30.032813,381.569525
200.992,401.014644,72.507295,-1.500000,-5.763501,381.957516
201.016,398.732318,65.197451,-1.500000,-3.254826,382.154341
201.055,404.023867,65.921603,-1.500000,-8.179462,382.473396
201.085,398.678864,66.846451,-1.500000,-2.557366,382.714346
201.108,366.026027,67.382687,1.500000,30.310238,382.901099
201.135,383.073819,67.849518,1.500000,13.504950,383.111973
201.162,393.243560,73.424022,1.500000,3.582961,383.327410
201.191,393.369961,64.485424,1.500000,3.712248,383.549747
201.225,389.370121,66.126748,1.500000,8.007970,383.807035
201.257,405.459536,69.657641,-1.500000,-7.805717,384.046799
201.288,390.164897,64.746052,1.500000,7.745943,384.270295
201.320,446.598137,68.699101,-1.500000,-48.420260,384.502502
201.354,395.298400,66.969570,1.500000,3.162985,384.749031
201.392,423.086951,66.179289,-1.500000,-24.318128,385.016368
201.417,430.840025,64.368219,-1.500000,-31.871334,385.190166
201.448,439.385277,63.986851,-1.500000,-40.173232,385.401778
201.480,419.126251,69.391326,-1.500000,-19.672426,385.612022
201.510,440.302242,70.201041,-1.500000,-40.615860,385.814245
201.543,428.110783,68.266460,-1.500000,-28.181279,386.025656
201.579,413.427964,69.874642,-1.500000,-13.231818,386.257518
201.616,401.621981,66.790331,-1.500000,-1.162158,386.486802
201.650,378.703508,67.232775,1.500000,21.989148,386.689266
201.685,415.365149,65.388759,-1.500000,-14.430723,386.899501
201.717,394.291438,75.478752,1.500000,6.861740,387.089720
201.746,375.193878,74.854953,1.500000,26.149152,387.254809
201.773,362.676684,77.999160,1.500000,38.842362,387.407866
201.805,379.064892,65.356984,1.500000,22.657283,387.584499
201.839,371.118437,65.580707,1.500000,30.815812,387.768911
201.871,395.506378,69.901958,1.500000,6.619932,387.935921
201.903,390.310085,63.327043,1.500000,12.008646,388.103245
201.935,393.736113,70.014213,1.500000,8.771655,388.267625
201.967,419.603266,64.049356,-1.500000,-16.918029,388.421945
202.002,404.548677,67.340282,-1.500000,-1.668230,388.591693
202.041,411.971039,72.016876,-1.500000,-8.877741,388.776781
202.069,398.598711,64.945195,1.500000,4.637156,388.900753
202.101,406.274399,62.120772,-1.500000,-2.874718,389.043201
202.131,410.667866,65.653898,-1.500000,-7.117367,389.174347
202.163,399.086444,67.779533,1.500000,4.620494,389.310381
202.332,389.059251,62.671707,1.500000,15.387479,389.953678
202.351,407.150628,72.142796,-1.500000,-2.627894,390.019768
202.380,413.330987,72.845259,-1.500000,-8.694154,390.118985
202.406,389.804456,67.095631,1.500000,14.928611,390.202667
202.434,409.654167,69.239337,-1.500000,-4.816799,390.293364
202.463,377.278077,66.241520,1.500000,27.659495,390.380497
202.491,401.879482,60.826646,1.500000,3.153642,390.463587
202.526,412.586951,64.469693,-1.500000,-7.438815,390.563596
202.554,399.925035,65.840915,1.500000,5.309907,390.639080
202.586,399.261519,69.302247,1.500000,6.067963,390.721289
202.629,416.656116,65.498583,-1.500000,-11.205465,390.826653
202.659,430.789862,65.010593,-1.500000,-25.260411,390.895175
202.692,426.842428,72.648869,-1.500000,-21.229508,390.967756
202.721,428.428914,64.418098,-1.500000,-22.749077,391.025945
202.752,430.270154,67.072740,-1.500000,-24.520051,391.087046
202.789,406.477619,68.699590,-1.500000,-0.651495,391.153151
202.818,385.014767,67.621100,1.500000,20.868082,391.202478
202.850,377.846138,66.523726,1.500000,28.094108,391.252388
202.884,416.133092,68.486598,-1.500000,-10.136206,391.301640
202.916,372.676231,65.124440,1.500000,33.367930,391.342749
202.950,391.937281,65.370981,1.500000,14.153071,391.382915
202.984,398.359178,64.958271,1.500000,7.771372,391.417869
203.015,389.413550,57.504213,1.500000,16.749439,391.446077
203.047,416.438725,65.128751,-1.500000,-10.247030,391.471039
203.079,378.388870,66.136354,1.500000,27.826908,391.491980
203.114,400.751097,69.402826,1.500000,5.485681,391.510242
203.145,401.036019,61.731311,1.500000,5.214837,391.522484
203.173,423.430445,70.014074,-1.500000,-17.170494,391.530392
203.206,417.525909,62.929302,-1.500000,-11.260003,391.535571
203.244,413.094250,70.437972,-1.500000,-6.827585,391.536231
203.279,412.113291,68.676574,-1.500000,-5.851686,391.531831
203.309,400.098058,70.093909,1.500000,6.154465,391.523933
203.340,439.312414,64.975461,-1.500000,-33.073368,391.512215
203.371,410.019343,68.173459,-1.500000,-3.797901,391.496907
203.402,412.748612,69.623046,-1.500000,-6.549673,391.477338
203.434,380.368312,66.667815,1.500000,25.802947,391.453269
203.472,419.801485,65.634192,-1.500000,-13.669461,391.419151
203.504,380.777806,66.509495,1.500000,25.316775,391.386593
203.539,402.512982,65.596796,1.500000,3.534951,391.346029
203.574,414.179157,65.944099,-1.500000,-8.183034,391.300977
203.613,399.532935,67.594283,1.500000,6.398502,391.244728
203.635,395.312746,70.451628,1.500000,10.577480,391.208891
203.664,395.407533,65.085789,1.500000,10.428065,391.161389
203.699,414.921269,64.938642,-1.500000,-9.159078,391.097558
203.732,404.208490,64.311417,-0.075351,1.481219,391.034529
203.763,399.996984,67.186962,1.500000,5.620272,390.971526
203.801,397.691987,67.637796,1.500000,7.827370,390.886397
203.831,400.496229,62.748036,1.500000,4.943976,390.817569
203.865,453.891608,62.967051,-1.500000,-48.547122,390.734336
203.898,427.760692,70.794777,-1.500000,-22.514556,390.648815
203.924,431.062092,67.432086,-1.500000,-25.896793,390.578521
203.957,424.763995,69.817699,-1.500000,-19.707969,390.483501
203.988,422.644821,69.508146,-1.500000,-17.692378,390.393429
204.021,410.365951,68.512250,-1.500000,-5.532881,390.289626
204.055,411.680192,65.868693,-1.500000,-6.970448,390.182387
204.087,394.158814,63.733779,1.500000,10.425795,390.073573
204.125,385.206751,66.408559,1.500000,19.227711,389.943010
204.154,397.872827,64.649837,1.500000,6.439344,389.836670
204.185,386.412583,67.868297,1.500000,17.766846,389.721242
204.216,396.023526,68.221763,1.500000,8.018932,389.602138
204.249,411.987680,69.875230,-1.500000,-8.093530,389.473174
204.284,406.406917,62.072434,-1.500000,-2.680108,389.327660
204.314,389.413107,76.991336,1.500000,14.167061,389.200146
204.347,401.145073,67.284047,1.500000,2.268620,389.055385
204.380,412.542642,69.187137,-1.500000,-9.297847,388.908518
204.416,405.572149,60.131595,-1.500000,-2.521422,388.739763
204.442,399.908961,62.137943,1.500000,2.999705,388.616231
204.483,411.231247,62.282063,-1.500000,-8.552478,388.416321
204.506,425.632134,72.066310,-1.500000,-23.084539,388.302256
204.555,403.337603,67.695998,-1.500000,-1.078435,388.051450
204.575,369.361688,65.417263,1.500000,32.777089,387.946763
204.608,385.885467,68.035412,1.500000,16.049085,387.769175
204.639,413.511786,69.783470,-1.500000,-11.776120,387.596232
204.674,397.250683,72.031806,1.500000,4.259299,387.399984
204.708,407.455052,64.538515,-1.500000,-6.169232,387.205061
204.735,379.532468,69.647803,1.500000,21.571605,387.047020
204.771,389.467533,69.119556,1.500000,11.385583,386.828797
204.804,389.531587,61.413999,1.500000,11.091112,386.628434
204.840,389.330950,63.682907,1.500000,11.028632,386.399637
204.874,419.668618,71.650046,-1.500000,-19.555293,386.185500
204.902,411.584745,65.465461,-1.500000,-11.680634,386.003574
204.930,398.555352,66.725264,-0.132643,1.131556,385.814702
204.962,412.693683,74.051249,-1.500000,-13.251342,385.602035
204.995,401.664782,69.720510,-1.500000,-2.488529,385.370654
205.031,407.598646,70.391228,-1.500000,-8.712478,385.118407
205.066,392.200040,67.906922,1.500000,6.407059,384.875739
205.100,394.742824,65.409442,1.500000,3.580984,384.629398
205.131,385.483941,63.513138,1.500000,12.577093,384.400899
205.162,388.857380,66.530934,1.500000,8.930025,384.162961
205.196,391.964922,66.639132,1.500000,5.528848,383.907626
205.223,415.484052,65.151329,-1.500000,-18.233722,383.695939
205.253,406.983946,73.842499,-1.500000,-9.997002,383.466908
205.287,409.456825,62.727280,-1.500000,-12.781654,383.195801
205.324,395.262074,64.828562,-0.205515,1.071248,382.898541
205.353,396.120132,62.235288,-0.130254,-0.068084,382.653955
205.394,409.716224,66.354409,-1.500000,-14.048812,382.319488
205.422,380.171181,68.171247,1.500000,15.218651,382.078115
205.455,393.552546,68.547723,1.500000,1.510583,381.794025
205.490,394.940972,64.620501,1.226406,-0.226373,381.490956
205.514,417.878586,61.188862,-1.500000,-23.401288,381.284607
205.549,414.705932,63.000649,-1.500000,-20.584506,380.975153
205.579,399.689243,68.692105,-1.500000,-5.881566,380.702328
205.617,377.477789,70.207857,1.500000,15.930868,380.355354
205.653,397.742213,68.108522,-1.500000,-4.724040,380.015802
205.685,393.577006,66.091954,-1.500000,-0.900812,379.718430
205.717,374.828527,66.776007,1.500000,17.502268,379.418083
205.744,380.699701,66.092317,1.500000,11.326104,379.152874
205.775,373.558349,67.237347,1.500000,18.122580,378.852981
205.807,368.827682,72.092274,1.500000,22.496238,378.542539
205.839,388.893866,69.444308,1.500000,2.060612,378.221285
205.872,390.669518,66.367977,1.394016,-0.087660,377.897268
205.902,413.062119,62.306810,-1.500000,-22.836981,377.587077
205.939,380.019220,69.483185,1.500000,9.774210,377.211678
205.972,412.622003,70.904921,-1.500000,-23.224913,376.867035
206.004,399.769094,68.490441,-1.500000,-10.761967,376.527936
206.035,380.197639,68.694691,1.500000,8.435317,376.202570
206.067,408.180172,72.969455,-1.500000,-19.943968,375.857569
206.098,404.605076,66.469671,-1.500000,-16.753177,375.523391
206.137,397.702309,70.067012,-1.500000,-10.329546,375.106751
206.167,422.302217,72.535671,-1.500000,-35.314390,374.772023
206.199,393.615568,67.345154,-1.500000,-7.043182,374.410770
206.231,389.818524,66.003634,-1.500000,-3.649775,374.059782
206.263,388.530096,71.276680,-1.500000,-2.781888,373.694094
206.295,356.286617,61.318253,1.500000,29.035583,373.323652
206.327,377.209942,66.461783,1.500000,7.687208,372.954043
206.362,355.466630,61.256213,1.500000,28.965658,372.549816
206.397,351.719872,62.832143,1.500000,32.242521,372.141211
206.424,360.822048,66.319482,1.500000,22.765607,371.815352
206.457,394.479294,65.033316,-1.500000,-11.343152,371.422732
206.499,348.648682,67.439346,1.500000,33.907736,370.918624
206.532,375.388446,72.758960,1.500000,6.706255,370.517131
206.565,389.428881,68.999301,-1.500000,-7.805232,370.107521
206.601,378.524576,68.890654,1.253094,2.580621,369.656693
206.625,371.065580,65.843651,1.500000,9.701207,369.362423
206.662,362.480382,65.148149,1.500000,17.749717,368.895739
206.688,387.038822,67.073623,-1.500000,-7.181335,368.571728
206.726,387.617153,69.603886,-1.500000,-8.328527,368.077066
206.756,386.070599,63.565923,-1.500000,-7.216943,367.698831
206.788,396.515701,63.073351,-1.500000,-18.136184,367.286536
206.818,358.701031,62.479130,1.500000,19.228620,366.895349
206.853,379.399787,65.189343,-0.556919,-2.004477,366.430705
206.887,372.844711,63.988745,1.500000,4.033443,365.981004
206.919,367.150751,65.212556,1.500000,9.230761,365.549141
206.955,374.414331,62.136711,1.500000,1.412327,365.066659
206.986,392.239637,68.884509,-1.500000,-16.893863,364.648499
207.022,381.541068,61.560002,-1.500000,-6.757175,364.159907
207.048,358.201477,68.167095,1.500000,16.174710,363.805380
207.084,377.953977,72.035964,-1.500000,-4.143541,363.313422
207.117,382.272537,67.535799,-1.500000,-8.996016,362.849148
207.155,392.076668,64.021608,-1.500000,-19.408486,362.320158
207.180,380.094750,70.972208,-1.500000,-7.837584,361.962753
207.212,360.912569,65.497775,1.500000,10.833040,361.517921
207.244,368.174327,64.069385,1.500000,3.047854,361.062766
207.275,377.824161,66.798268,-1.500000,-7.126648,360.606533
207.306,362.850396,66.244189,1.500000,7.335457,360.161611
207.338,362.334233,64.659173,1.500000,7.321580,359.700707
207.370,384.061789,61.844766,-1.500000,-14.937403,359.238597
207.401,359.082630,69.360949,1.500000,9.520339,358.785191
207.439,379.658645,67.529693,-1.500000,-11.701627,358.223494
207.471,367.188486,65.673227,-1.500000,0.223085,357.749192
207.503,379.115202,67.750870,-1.500000,-12.253065,357.271424
207.535,367.324922,69.293604,-1.500000,-1.012389,356.793507
207.567,332.344286,69.653501,1.500000,33.411697,356.309550
207.599,360.340396,70.583925,1.500000,4.871027,355.836020
207.630,360.620601,68.423190,1.500000,4.042891,355.359559
207.668,368.693637,70.643574,-1.500000,-4.698603,354.778291
207.701,350.217075,69.270090,1.500000,13.186701,354.264153
207.731,357.755515,66.243903,1.500000,5.120943,353.805616
207.764,342.901867,65.879881,1.500000,19.381618,353.289986
207.802,360.434706,67.290786,1.500000,1.173680,352.702944
207.831,370.427727,63.218197,-1.500000,-9.337385,352.252472
207.858,362.092714,64.969545,-1.500000,-1.498331,351.821202
207.889,336.001714,65.404914,1.500000,24.031509,351.333237
207.920,370.228913,66.372081,-1.500000,-10.764225,350.838859
207.951,359.997625,63.479577,-1.500000,-1.089763,350.354662
207.988,361.277054,70.117931,-1.500000,-3.044061,349.767819
208.021,357.797702,70.247549,-1.500000,-0.182747,349.230396
208.052,344.089187,65.285934,1.500000,12.944014,348.724522
208.088,359.624713,67.417810,-1.500000,-3.256421,348.146341
208.124,363.736448,68.613058,-1.500000,-8.040180,347.561972
208.154,346.981586,64.882507,1.500000,8.161463,347.080913
208.183,346.490454,72.099401,1.500000,8.097729,346.598420
208.213,350.295181,59.001377,1.500000,3.719236,346.099492
208.244,338.467093,58.625410,1.500000,14.963203,345.591562
208.274,347.055197,60.673250,1.500000,5.801286,345.092594
208.307,363.083968,63.154379,-1.500000,-10.853944,344.547847
208.339,365.473507,65.166895,-1.500000,-13.857755,344.013698
208.377,348.088535,62.081934,1.500000,2.804876,343.385575
208.414,345.628489,61.382403,1.500000,4.544283,342.758932
208.449,340.742139,61.231389,1.500000,8.759126,342.175013
208.475,360.505491,64.095183,-1.500000,-11.517303,341.728859
208.506,361.921790,70.540227,-1.500000,-13.548373,341.194275
208.540,347.272937,69.121990,-0.952688,0.452897,340.631160
208.569,362.373066,67.150818,-1.500000,-15.221442,340.131847
208.602,346.165143,62.221676,-1.165328,0.332061,339.562786
208.639,339.754280,66.295210,1.500000,6.019573,338.933785
208.672,351.447281,59.731181,-1.500000,-6.335154,338.358371
208.704,346.463264,61.061732,-1.500000,-1.984494,337.807626
208.740,335.291411,62.947106,1.500000,8.471919,337.185504
208.772,339.349496,67.610214,1.500000,3.770730,336.626284
208.800,330.193050,64.617719,1.500000,12.366616,336.138840
208.830,336.780366,64.859114,1.500000,5.181613,335.619113
208.860,351.996948,64.419230,-1.500000,-10.647489,335.086486
208.900,337.508743,68.209568,1.500000,3.037460,334.388003
208.932,328.604579,65.126886,1.500000,11.304874,333.834306
208.965,353.994661,68.667025,-1.500000,-14.753986,333.252761
209.000,358.172816,67.332239,-1.500000,-19.644934,332.632941
209.032,331.636867,62.766868,1.500000,6.237268,332.064465
209.056,364.133010,65.416553,-1.500000,-26.751654,331.635963
209.092,365.181118,60.114752,-1.500000,-28.538056,330.993968
209.119,330.819550,71.484427,1.500000,5.263695,330.507169
209.153,353.623632,69.926679,-1.500000,-18.227963,329.909278
209.187,339.899579,69.495199,-1.500000,-5.202549,329.301765
209.232,332.794696,69.871521,-0.324913,0.972436,328.493158
209.261,335.330251,65.269165,-1.500000,-2.154189,327.979184
209.305,324.520075,63.633919,1.500000,7.735284,327.178573
209.332,305.006461,66.731635,1.500000,26.682290,326.685871
209.359,322.648754,70.216203,1.500000,8.480274,326.199155
209.392,338.173199,70.212324,-1.500000,-7.724906,325.607212
209.425,332.449268,69.875070,-1.500000,-2.681761,325.015223
209.456,318.133526,68.110858,1.500000,10.983209,324.449335
209.491,328.091957,66.772648,1.500000,0.293983,323.813861
209.522,328.329866,66.522983,0.786958,-0.590054,323.252011
209.558,328.844950,65.287635,-1.500000,-1.857870,322.597461
209.590,332.540105,68.208794,-1.500000,-6.229803,322.008958
209.622,325.688756,65.686333,-1.500000,-0.038453,321.435046
209.656,308.055364,71.029201,1.500000,16.865282,320.800562
209.687,308.574100,68.695309,1.500000,15.706088,320.243641
209.720,323.162229,71.381550,1.500000,0.420731,319.637357
209.750,313.151238,67.958726,1.500000,9.795929,319.084493
209.779,334.706932,66.282857,-1.500000,-12.382703,318.542808
209.813,327.092750,61.646888,-1.500000,-5.474428,317.928976
209.849,320.588117,61.582255,-1.180399,0.264447,317.263099
209.885,314.469094,72.615716,1.500000,5.618278,316.597714
209.920,328.339506,62.763808,-1.500000,-8.979354,315.965350
209.953,312.475401,69.897232,1.500000,6.171137,315.344815
209.982,314.253693,65.071444,1.500000,3.775316,314.807834
210.015,320.800897,69.120205,-1.500000,-3.457776,314.211410
210.042,309.610821,67.958670,1.500000,7.145805,313.701414
210.076,331.179472,61.396503,-1.500000,-15.129395,313.087023
210.106,320.644372,65.867901,-1.500000,-5.240294,312.525285
210.145,309.489629,69.713495,1.500000,5.075926,311.796135
210.179,309.452095,70.395942,1.500000,4.397967,311.173967
210.212,314.796116,63.800295,-0.477936,-1.636862,310.573264
210.243,320.131256,70.936752,-1.500000,-7.649659,309.983997
210.275,319.814210,67.428131,-1.500000,-8.011228,309.393897
210.301,304.772548,60.451691,1.500000,6.485142,308.919730
210.340,308.911374,65.664745,1.500000,1.505320,308.188430
210.370,322.238196,67.023917,-1.500000,-12.457360,307.635510
210.405,307.612454,67.273975,-0.137428,1.429844,306.993303
210.436,316.640703,66.243657,-1.500000,-8.251825,306.425112
210.466,300.797860,65.756073,1.500000,6.945329,305.863642
210.500,299.010548,68.348552,1.500000,8.010174,305.235411
210.530,308.424918,66.624956,-0.972084,-2.045813,304.677483
210.561,301.795121,64.079579,1.500000,3.939457,304.117024
210.595,320.039899,68.884083,-1.500000,-15.026153,303.490214
210.630,303.721022,70.705303,-1.209206,0.542856,302.838154
210.665,302.548892,69.281266,-0.012502,0.961028,302.182539
210.700,302.907215,71.503778,-0.036260,-0.140179,301.536554
210.728,301.471149,68.675968,0.820476,0.711366,301.028274
210.760,302.798451,71.195904,-0.633394,-1.289468,300.442594
210.791,288.087787,70.794613,1.500000,12.751407,299.860169
210.821,301.453639,64.573974,0.268271,-1.234250,299.321208
210.852,308.325989,65.046249,-1.500000,-8.767207,298.746767
210.884,291.081865,66.811323,1.500000,7.794287,298.153176
210.916,296.600533,64.506665,1.500000,1.614810,297.578560
210.948,298.243705,65.944835,0.653837,-0.700222,296.994332
210.988,310.146495,65.441972,-1.500000,-13.458039,296.250831
211.021,305.920876,66.293662,-1.500000,-9.919590,295.653292
211.052,286.806765,71.486756,1.500000,8.543685,295.087348
211.083,296.789300,69.628936,-0.658043,-2.088165,294.522726
211.116,306.824000,65.580031,-1.500000,-12.819383,293.917058
211.150,293.533513,67.208598,-1.500000,-0.229874,293.307512
211.183,293.891620,71.793175,-1.500000,-1.285063,292.701353
211.217,280.990024,72.077758,1.500000,10.911181,292.088004
211.253,292.913564,63.790916,-0.274527,-1.770773,291.428514
211.285,283.458210,60.826509,1.500000,7.014973,290.846246
211.309,282.073542,65.403710,1.500000,7.903876,290.415147
211.345,291.105018,71.045847,-0.746491,-1.859114,289.779047
211.370,290.056850,63.992878,-1.500000,-1.337179,289.321453
211.401,277.525847,70.119222,1.500000,10.542338,288.754943
211.435,290.338071,71.169737,-1.500000,-2.955361,288.158878
211.472,281.117441,66.268821,1.500000,5.490657,287.485303
211.505,270.637011,67.609277,1.500000,15.305694,286.906700
211.546,286.299794,66.967515,0.033642,-1.213487,286.162006
211.570,288.914104,67.846137,-1.500000,-4.310761,285.742037
211.601,284.074895,68.858409,-1.500000,-0.102418,285.193458
211.634,283.651480,69.035610,-1.500000,-0.354730,284.605869
211.665,268.965115,68.119733,1.500000,13.705383,284.061303
211.696,275.182493,68.928739,1.500000,6.854643,283.510553
211.726,275.475472,68.634808,1.500000,5.958479,282.986045
211.758,282.462573,69.389153,-0.523450,-1.674529,282.424387
211.799,278.751363,67.309691,0.694103,1.211441,281.706786
211.836,288.009845,69.862898,-1.500000,-8.785060,281.065030
211.867,275.803053,67.392701,1.500000,2.796366,280.521234
211.899,275.716774,69.788468,1.500000,2.247142,279.968622
211.930,286.148742,70.289109,-1.500000,-8.816361,279.419461
211.963,280.957005,65.283891,-1.500000,-4.272517,278.856076
211.996,272.568288,68.854424,1.500000,3.458523,278.284184
212.026,273.934647,71.814063,1.500000,1.503076,277.771933
212.055,284.891856,67.791256,-1.500000,-10.031634,277.269758
212.088,274.671724,78.100461,-1.500000,-0.452063,276.712749
212.121,275.787928,64.043753,-1.500000,-2.209556,276.155106
212.159,275.275430,65.109449,-1.500000,-2.451379,275.499175
212.191,265.974871,71.240981,1.500000,6.237898,274.967625
212.229,265.958627,68.736804,1.500000,5.507750,274.318589
212.260,266.812208,72.166349,1.500000,4.058378,273.800509
212.292,280.478699,68.438506,-1.500000,-10.225215,273.263899
212.323,265.749960,67.042154,1.500000,3.906941,272.745131
212.353,276.911428,64.963410,-1.500000,-7.828602,272.245936
212.383,270.502242,70.111360,-1.500000,-1.991942,271.748087
212.417,264.587580,68.875653,1.500000,3.286281,271.194662
212.456,267.276988,65.743285,1.500000,-0.152599,270.542947
212.487,270.879694,65.729502,-1.500000,-4.333118,270.040501
212.515,263.652875,73.886911,0.993289,2.365610,269.581291
212.552,276.716783,68.406923,-1.500000,-11.392210,268.977890
212.582,267.768928,69.239807,-1.500000,-3.006340,268.489207
212.614,259.140183,62.228171,1.500000,5.029513,267.973648
212.648,265.907039,67.647192,-0.994784,-2.366848,267.426253
212.678,263.473017,64.329243,-1.500000,-0.475292,266.954543
212.707,262.169682,65.916031,-1.203912,0.295889,266.491800
212.742,249.845771,65.936800,1.500000,11.972859,265.929243
212.775,255.641432,63.215053,1.500000,5.584921,265.414220
212.807,265.795655,61.196981,-1.500000,-5.138377,264.919372
212.838,258.418984,67.095082,0.145052,1.663621,264.419656
212.870,255.271052,60.714072,1.500000,4.242529,263.924853
212.906,263.282296,61.851581,-1.500000,-4.406204,263.370515
212.935,251.244415,64.824515,1.500000,7.111829,262.918473
212.972,262.628592,62.808186,-1.500000,-4.916061,262.358722
213.007,257.711534,62.598543,-1.500000,-0.619714,261.818973
213.034,250.751354,72.100266,1.500000,5.872544,261.412086
213.067,251.092437,63.368282,1.500000,4.956840,260.912415
213.104,255.124140,69.751887,1.500000,0.283238,260.354242
213.134,257.876504,68.017586,-1.500000,-2.990375,259.900982
213.171,248.865195,69.072987,1.500000,5.386837,259.349592
213.201,255.365321,64.749764,-0.094984,-1.622185,258.907075
213.228,257.370387,67.712788,-1.500000,-4.075014,258.517716
213.260,254.240916,65.549621,-1.500000,-1.488003,258.046011
213.294,249.088854,67.548448,1.500000,3.086314,257.543625
213.323,246.383570,68.747897,1.500000,5.318439,257.132182
213.352,250.979684,67.803388,1.500000,0.235288,256.708671
213.388,250.879361,64.892913,1.191767,-0.255039,256.195062
213.419,253.649011,69.198911,-1.500000,-3.535768,255.750646
213.451,255.741133,64.450207,-1.500000,-6.146474,255.299703
213.483,254.077927,65.249275,-1.500000,-5.001827,254.848783
213.514,256.887370,66.318664,-1.500000,-8.299351,254.424365
213.554,245.409088,65.818275,1.500000,2.531533,253.861409
213.587,244.362276,64.905231,1.500000,3.063156,253.413419
213.621,236.623323,68.354293,1.500000,10.264514,252.945945
213.647,249.913071,67.537681,-1.500000,-3.440688,252.584680
213.674,246.294856,63.167661,-1.500000,-0.239703,252.221872
213.705,245.679482,66.784530,-1.500000,-0.095348,251.812290
213.741,244.858808,60.837845,-1.294811,0.169761,251.329190
213.776,236.133219,66.467491,1.500000,8.366394,250.869228
213.810,244.209623,65.955015,1.500000,-0.236467,250.411440
213.844,239.860579,63.046098,1.500000,3.614957,249.978727
213.874,248.506406,67.643014,-1.500000,-5.489418,249.579990
213.908,239.496622,68.859223,1.500000,3.028383,249.152178
213.935,242.521083,69.957354,1.378153,-0.403037,248.798301
213.968,253.591286,71.562682,-1.500000,-11.954582,248.379743
213.999,245.253947,75.111522,-1.500000,-4.062075,247.992932
214.035,243.202917,62.020836,-1.500000,-2.521232,247.549291
214.066,236.266928,70.100299,1.500000,3.964580,247.157833
214.098,237.926443,68.214771,1.500000,1.854338,246.765897
214.136,244.210184,67.392991,-1.500000,-4.955725,246.308225
214.166,236.091160,71.811840,1.454324,2.747156,245.946361
214.200,241.192207,66.005540,-1.500000,-2.819444,245.541533
214.233,230.189603,66.055074,1.500000,7.726455,245.144398
214.260,241.126926,66.657917,-1.500000,-3.578686,244.824557
214.298,243.150263,64.579350,-1.500000,-6.102993,244.388931
214.327,229.051372,66.209956,1.500000,7.610119,244.053471
214.359,239.623990,68.493632,-1.500000,-3.388870,243.682713
214.390,239.674352,65.212222,-1.500000,-3.846202,243.328827
214.420,225.077052,66.859069,1.500000,10.366676,242.994546
214.451,231.424513,71.525055,1.500000,3.624330,242.651168
214.491,228.072895,68.879135,1.500000,6.467680,242.209195
214.514,235.964109,70.786302,-0.566680,-1.710305,241.959829
214.552,234.510045,69.516536,-1.500000,-0.729984,241.547879
214.591,229.111901,69.316163,1.500000,4.185846,241.128475
214.624,233.712123,61.142908,0.887612,-0.809002,240.785323
214.655,230.670845,68.379083,1.500000,1.856807,240.458828
214.687,236.239543,67.786577,-1.500000,-4.095689,240.125090
214.719,231.221810,67.765643,-1.207060,0.544632,239.796906
214.756,226.611969,71.272032,1.500000,4.730052,239.427845
214.787,229.860950,65.651056,1.500000,1.119692,239.113601
214.819,224.858751,70.446955,1.500000,5.760684,238.799509
214.851,233.108268,73.915129,-1.500000,-2.847853,238.487318
214.883,231.755758,72.177103,-1.500000,-1.857705,238.172220
214.920,237.182593,64.433668,-1.500000,-7.686728,237.822491
214.953,232.876564,71.839539,-1.500000,-3.735635,237.513852
214.983,230.059020,67.182802,-1.500000,-1.237525,237.236082
215.015,219.669782,70.473994,1.500000,8.808383,236.937535
215.051,229.759074,69.775012,-0.141700,-1.660847,236.607154
215.094,223.793545,68.012105,1.500000,3.864617,236.224489
215.121,218.823281,71.080315,1.500000,8.564156,235.989076
215.154,227.424397,67.620557,1.060358,-0.363791,235.704874
215.188,220.944188,67.413406,1.500000,5.777699,235.410337
215.221,227.988787,69.831110,-0.360002,-1.583555,235.134984
215.244,231.733211,66.721638,-1.500000,-5.552778,234.939507
215.273,233.603832,64.295123,-1.500000,-7.692941,234.705123
215.305,220.903734,68.620932,1.500000,4.702707,234.440384
215.339,234.698914,67.602376,-1.500000,-9.409747,234.164493
215.371,227.441983,64.611011,-1.500000,-2.438601,233.915984
215.407,231.439991,67.148439,-1.500000,-6.756753,233.637598
215.440,214.389902,67.756836,1.500000,10.002085,233.384336
215.472,224.484980,68.054060,1.416084,-0.371646,233.142029
215.504,221.539467,67.397955,1.500000,2.302862,232.906373
215.539,232.011050,66.577294,-1.500000,-8.456214,232.656379
215.565,227.896632,65.372632,-1.500000,-4.559318,232.467229
215.594,212.682792,73.579956,1.500000,10.418386,232.261894
215.627,220.973503,68.333790,1.500000,1.867624,232.035763
215.659,221.328469,64.391990,1.500000,1.264847,231.820275
215.700,225.456107,69.380462,-1.500000,-3.180892,231.543665
215.732,222.688070,67.523808,-1.500000,-0.650784,231.336770
215.764,213.747072,63.883655,1.500000,8.054442,231.131751
215.795,227.174579,71.671357,-1.500000,-5.598598,230.935636
215.826,222.377332,74.505604,-1.500000,-1.020442,230.745122
215.855,218.720904,66.110898,1.444772,2.437002,230.572093
215.884,227.045949,70.424083,-1.500000,-6.085032,230.400797
215.915,217.365395,72.171395,1.500000,3.387035,230.219504
215.951,213.913461,66.788523,1.500000,6.604543,230.015656
216.000,218.994359,67.527902,1.500000,1.214333,229.746688
216.029,221.513360,66.192699,-0.294581,-1.485120,229.589774
216.059,221.386058,68.207532,-1.500000,-1.542277,229.429376
216.090,218.713589,64.817214,-0.501861,0.947441,229.270460
216.122,219.943998,69.173880,-0.942907,-0.465515,229.111725
216.149,219.344327,62.865361,-1.013437,-0.013985,228.982906
216.184,220.289742,58.426096,-1.500000,-1.154328,228.813404
216.213,209.218409,64.613699,1.500000,9.765004,228.681229
216.242,215.723309,60.931605,1.500000,3.109788,228.550519
216.276,219.141192,67.632357,0.921653,-0.478581,228.402270
216.309,219.463862,66.644753,-0.315384,-0.965436,228.259501
216.348,218.731699,63.853689,-0.971027,-0.418020,228.098851
216.387,207.599859,65.216046,1.500000,10.539413,227.947193
216.418,217.211340,70.536000,1.500000,0.791202,227.828298
216.449,217.622038,70.951374,1.500000,0.248783,227.713757
216.482,235.604681,65.964907,-1.500000,-17.870235,227.595170
216.511,224.927913,64.272200,-1.500000,-7.307523,227.495991
216.544,219.876731,70.370435,-1.500000,-2.379227,227.389133
216.574,216.593367,70.197695,-0.543202,0.791782,227.291434
216.606,224.259200,68.370521,-1.500000,-6.986712,227.193468
216.649,209.946586,69.409092,1.500000,7.182943,227.069156
216.683,219.716739,69.428994,-1.390162,-2.694057,226.976245
216.715,216.200687,63.349587,-0.864721,0.725980,226.892753
216.750,211.598475,65.619213,1.500000,5.230005,226.807374
216.772,210.117484,66.432971,1.500000,6.649846,226.754200
216.807,217.639076,66.317949,0.336442,-0.962894,226.674941
216.839,208.177450,67.637290,1.500000,8.422058,226.608268
216.868,211.559482,64.946212,1.500000,4.973430,226.550358
216.900,210.626878,64.498530,1.500000,5.837654,226.490898
216.934,225.053816,67.304728,-1.500000,-8.656992,226.432022
216.972,224.548370,60.496062,-1.500000,-8.220788,226.371811
217.009,219.449684,66.718364,-1.500000,-3.182372,226.319402
217.038,222.208524,67.354333,-1.500000,-5.983772,226.282393
217.077,206.393866,63.152552,1.500000,9.779563,226.237764
217.106,214.312707,63.702599,1.500000,1.826116,226.207672
217.134,218.978316,67.044202,-1.500000,-2.868501,226.182448
217.166,211.279574,67.535903,1.500000,4.801584,226.157529
217.196,221.464419,64.011839,-1.500000,-5.405645,226.138065
217.227,217.669164,64.952597,-1.500000,-1.628854,226.122008
217.259,204.223101,68.402772,1.500000,11.802457,226.109181
217.295,207.061002,63.812285,1.500000,8.954039,226.100036
217.327,213.178014,63.318564,1.500000,2.832508,226.096106
217.360,218.434769,66.877075,-1.428834,-2.423812,226.096484
217.395,218.837319,71.984159,-1.500000,-2.820158,226.101879
217.421,210.085082,64.251701,1.500000,5.940199,226.108940
217.457,210.414482,72.016270,1.500000,5.627196,226.123199
217.492,221.157794,65.103312,-1.500000,-5.094100,226.142342
217.519,221.537719,65.864092,-1.500000,-5.452970,226.160651
217.550,214.532056,68.797008,0.410076,1.580702,226.185007
217.587,215.832852,62.953043,1.028791,0.319650,226.219568
217.621,217.898960,71.624431,-0.956446,-1.705240,226.255409
217.660,217.648883,65.421443,-1.500000,-1.399933,226.303435
217.688,213.128404,68.533028,1.500000,3.164007,226.341227
217.726,216.711350,69.135311,1.437800,-0.353674,226.397979
217.751,216.195029,62.092134,1.500000,0.209781,226.438965
217.790,223.007083,64.406207,-1.500000,-6.525359,226.505847
217.818,219.294897,64.845845,-1.500000,-2.751996,226.559044
217.848,214.584254,67.301524,0.951148,2.028486,226.619774
217.879,222.593248,69.350030,-1.500000,-5.906348,226.684261
217.912,213.950944,60.061520,1.500000,2.822558,226.759567
217.948,220.987841,65.629746,-1.500000,-4.116061,226.845026
217.988,207.935189,67.563192,1.500000,9.053999,226.947120
218.015,217.893730,67.440839,0.870978,-0.822769,227.018227
218.047,211.316052,65.132257,1.500000,5.857367,227.107321
218.085,226.562657,63.522158,-1.500000,-9.259465,227.220167
218.113,218.693300,64.552096,-1.500000,-1.293791,227.303921
218.158,217.005760,65.087489,-0.820932,0.561937,227.450171
218.183,219.361290,67.344888,-1.500000,-1.696269,227.534801
218.209,212.488726,68.056417,1.500000,5.279615,227.624644
218.238,213.468109,60.103215,1.500000,4.417708,227.726797
218.271,226.717623,67.957979,-1.500000,-8.692876,227.847606
218.299,215.645248,68.296002,1.156279,2.500498,227.952823
218.325,220.282693,66.447085,-0.958384,-2.017634,228.056572
218.362,210.842464,67.405611,1.500000,7.592890,228.204656
218.391,219.197741,64.402267,1.046585,-0.622871,228.325975
218.424,221.138613,75.002182,-1.500000,-2.403785,228.465067
218.452,213.909516,67.556815,1.500000,4.969064,228.590070
218.500,224.899088,65.489319,-1.500000,-5.771202,228.806857
218.526,223.068394,65.509819,-1.500000,-3.800858,228.928292
218.556,216.895558,63.631082,1.500000,2.542868,229.076893
218.590,217.182436,65.981222,1.500000,2.443996,229.240376
218.621,224.089645,64.515431,-1.500000,-4.280122,229.399586
218.653,220.560334,60.992682,-1.500000,-0.562900,229.562986
218.691,216.443759,69.861064,1.500000,3.785548,229.764615
218.738,215.422499,65.351775,1.500000,5.103687,230.022770
218.758,224.087761,68.491853,-1.500000,-3.432666,230.134865
218.787,219.050224,68.400850,0.301078,1.792746,230.298235
218.820,224.127199,63.317578,-1.500000,-3.060757,230.492558
218.847,211.984002,64.808781,1.500000,9.265410,230.651662
218.878,226.770814,70.877359,-1.500000,-5.304890,230.839934
218.910,218.707377,70.859282,1.500000,2.983225,231.035306
218.943,216.829383,63.510164,1.500000,5.097404,231.240684
218.973,229.868719,67.527878,-1.500000,-7.716106,231.437054
219.013,216.349026,62.934931,1.500000,6.103564,231.697904
219.047,230.214131,63.833948,-1.500000,-7.502141,231.923469
219.291,221.944724,66.588780,1.490617,2.777192,233.671231
219.318,225.498114,69.854273,1.198407,-0.543082,233.873941
219.345,228.113600,64.364742,-1.500000,-2.916397,234.084524
219.379,226.993398,64.834423,-1.500000,-1.482555,234.357255
219.408,223.899499,71.075629,0.769468,1.878130,234.589243
219.437,223.914664,63.523294,1.500000,2.132212,234.823370
219.472,230.325176,68.336715,-1.500000,-3.956540,235.103162
219.507,222.060779,68.938937,1.500000,4.645666,235.396908
219.542,237.997946,61.958976,-1.500000,-10.946126,235.697234
219.575,218.877618,70.631980,1.500000,8.497095,235.978011
219.607,232.096750,62.202564,-1.500000,-4.408704,236.250474
219.636,229.908189,66.943062,-1.500000,-1.928323,236.504231
219.665,221.283345,67.220952,1.500000,7.000247,236.768341
219.703,220.410348,65.955981,1.500000,8.260944,237.105472
219.734,233.152204,66.013533,-1.500000,-4.156535,237.387538
219.771,218.700205,70.042059,1.500000,10.685116,237.726367
219.800,236.803291,72.951098,-1.500000,-7.105465,237.998110
219.832,231.599867,68.670411,-1.500000,-1.549011,238.305092
219.864,219.867753,77.761218,1.500000,10.528410,238.605358
219.898,227.890509,70.540769,1.500000,2.885681,238.935817
219.931,231.161032,71.114359,1.483069,-0.013962,239.258322
219.963,233.066967,64.131573,-0.392066,-1.550080,239.579902
219.990,234.534109,67.190993,-1.500000,-2.710992,239.846188
220.017,229.770938,75.463499,1.219454,2.362156,240.115734
220.055,235.969437,71.312768,-1.500000,-3.396212,240.498456
220.090,233.544980,64.038260,-1.500000,-0.552485,240.863039
220.123,235.563520,68.647482,-1.500000,-2.183881,241.199686
220.149,226.439016,71.128841,1.500000,7.263629,241.480560
220.193,237.488197,61.316031,-1.500000,-3.257612,241.939639
220.220,231.801276,63.999251,1.482390,2.770384,242.236226
220.256,228.621624,64.036820,1.500000,6.393417,242.621774
220.283,235.014135,71.695717,1.500000,0.338467,242.915306
220.311,237.318640,63.901665,-0.448806,-1.612755,243.222509
220.338,232.681668,69.531202,1.500000,3.365669,243.519424
220.368,229.555912,62.717702,1.500000,6.876355,243.854145
220.398,247.806161,67.276653,-1.500000,-10.982761,244.194260
220.433,239.277734,64.110988,-1.500000,-2.001455,244.588069
220.465,241.210623,63.806582,-1.500000,-3.509372,244.957609
220.504,237.273694,66.033050,-0.358237,0.944857,245.407435
220.537,240.381950,65.726211,-1.500000,-1.720663,245.792423
220.566,246.166535,65.075492,-1.500000,-7.116640,246.130343
220.595,240.103540,61.659620,-1.500000,-0.655773,246.476319
220.626,222.191870,70.147490,1.500000,17.679356,246.844545
220.657,233.932620,69.890554,1.500000,6.367974,247.217907
220.690,245.175002,66.754122,-1.500000,-4.412703,247.619391
220.727,230.065330,63.328287,1.500000,11.206853,248.062767
220.758,231.336722,62.423843,1.500000,10.382934,248.451875
220.795,234.336422,68.176590,1.500000,7.912076,248.911737
220.835,235.125075,69.251462,1.500000,7.692339,249.406447
220.865,240.400027,64.459321,1.500000,2.848142,249.781017
220.902,242.719368,69.154567,1.500000,1.070808,250.252327
220.937,249.937241,63.165595,-1.500000,-5.635554,250.697118
220.965,252.058707,68.790344,-1.500000,-7.342839,251.057276
220.995,248.264597,68.265688,-1.500000,-3.097152,251.449952
221.026,245.253122,71.422637,-1.051835,0.370845,251.846928
221.055,244.322713,65.629055,1.106475,1.740984,252.229302
221.085,244.024175,67.226202,1.500000,2.503693,252.632928
221.118,251.120528,74.661306,-1.500000,-4.092874,253.067525
221.153,243.191714,69.626447,1.500000,4.376502,253.537579
221.200,260.483900,70.497109,-1.500000,-12.193381,254.165669
221.235,249.845301,69.643995,-1.500000,-1.009321,254.639983
221.262,254.657491,60.072445,-1.500000,-5.404968,255.002194
221.294,249.241902,67.291281,-0.884264,0.509524,255.436023
221.325,247.912823,65.237827,1.500000,2.343615,255.875164
221.362,251.213085,65.772198,1.342202,-0.370755,256.384636
221.395,249.795983,67.060316,1.500000,1.576297,256.845461
221.426,252.662319,69.659732,0.551188,-0.801071,257.270650
221.461,253.866839,67.992544,-1.307171,-1.442310,257.760460
221.492,250.534658,67.007601,1.359790,2.394319,258.199111
221.519,257.607140,68.187148,-1.500000,-4.228605,258.590031
221.567,253.313246,73.570280,-0.825299,0.846446,259.269297
221.595,257.943713,66.191668,-1.500000,-3.310040,259.681455
221.627,251.015367,66.576004,1.500000,4.144142,260.138703
221.656,255.657421,68.658728,1.500000,-0.007914,260.564789
221.688,259.373412,69.407131,-1.500000,-3.183693,261.034539
221.718,256.205701,66.759549,-1.280937,0.483492,261.468863
221.756,252.063028,67.107341,1.500000,5.259873,262.019915
221.786,258.552345,69.582018,0.984461,-0.706781,262.474404
221.815,257.719695,65.107895,1.500000,0.610510,262.895830
221.850,258.569096,62.433522,1.500000,0.374437,263.429159
221.883,271.976318,64.861751,-1.500000,-12.468201,263.920101
221.915,260.997122,68.056453,-1.500000,-0.941407,264.396274
221.947,268.043973,72.170396,-1.500000,-7.431870,264.880090
221.983,253.816713,66.843545,1.500000,7.425846,265.428312
222.015,271.859916,60.878364,-1.500000,-10.055168,265.917172
222.047,262.274082,63.736362,-1.500000,0.082009,266.396601
222.081,257.986922,68.986118,1.500000,4.981943,266.929447
222.114,263.576884,68.887304,1.500000,-0.030672,267.431489
222.142,268.689173,64.624885,-1.500000,-4.643048,267.866195
222.180,268.552183,69.303151,-1.500000,-3.824373,268.458966
222.212,261.218080,74.162613,1.500000,4.080484,268.955273
222.244,267.809298,65.828720,-0.482915,-1.943232,269.448753
222.273,256.812628,67.160512,1.500000,9.578359,269.905206
222.306,266.800870,70.934680,1.500000,0.189440,270.426356
222.338,268.961103,65.164641,-0.178473,-1.389031,270.932237
222.366,273.744849,69.870355,-1.500000,-5.656111,271.381511
222.401,274.075999,75.599611,-1.500000,-5.353876,271.932280
222.433,262.778616,63.474348,1.500000,6.538508,272.449674
222.463,270.990553,72.180361,0.505150,-1.125523,272.926113
222.503,272.493448,62.830580,-1.500000,-1.895726,273.563236
222.529,263.641216,70.571459,1.500000,7.446510,273.989327
222.563,272.816739,72.678356,0.535085,-1.100749,274.535644
222.594,279.154028,65.049995,-1.500000,-6.869033,275.030430
222.625,273.214007,68.840129,-1.500000,-0.344420,275.538771
222.663,265.963098,66.436976,1.500000,7.616580,276.156242
222.702,268.425350,70.401048,1.500000,5.881352,276.788436
222.737,276.794469,65.652578,-0.703707,-1.823707,277.365880
222.762,272.570184,67.272529,1.500000,2.862214,277.767302
222.797,281.642404,69.145128,-1.500000,-5.543173,278.347157
222.828,274.810826,72.216970,0.401249,1.875646,278.857801
222.859,278.730903,64.185134,-1.137276,-1.464762,279.361862
222.888,274.271189,69.623386,1.500000,3.542590,279.838069
222.918,281.351995,61.958782,-1.500000,-2.961014,280.339984
222.954,280.511674,67.103139,-1.500000,-1.434922,280.936306
222.985,270.444561,68.430276,1.500000,9.235893,281.461264
223.018,282.145233,73.848226,-0.351095,-1.834139,282.009647
223.055,280.137201,80.795151,0.478967,0.873394,282.617909
223.088,270.188860,91.838690,1.500000,11.465412,283.177629
223.122,259.444424,104.204847,1.500000,22.853704,283.737502
223.155,245.503830,102.403884,1.500000,37.440121,284.299087
223.186,239.047219,107.352356,1.500000,44.497261,284.821286
223.214,231.559109,109.283641,1.500000,52.533397,285.297831
223.242,214.294455,118.871128,1.500000,70.338245,285.767565
223.275,213.314763,114.930351,1.500000,71.954798,286.321357
223.307,207.456258,124.098552,1.500000,78.444623,286.870331
223.339,200.364126,122.570805,1.500000,86.150623,287.404130
223.374,197.557640,134.044516,1.500000,89.640076,287.998014
223.415,175.355882,123.756752,1.500000,112.645191,288.696585
223.441,169.739293,133.287628,1.500000,118.762382,289.131891
223.471,175.267948,132.573878,1.500000,113.835579,289.655242
223.502,162.191153,137.898175,1.500000,127.520450,290.184003
223.546,156.223607,140.513793,1.500000,134.339944,290.924828
223.574,149.949847,137.608374,1.500000,141.162375,291.401932
223.604,148.079342,125.624703,1.500000,143.625085,291.916894
223.633,141.284194,145.809126,1.500000,151.002968,292.423619
223.662,148.543657,130.142073,1.500000,144.300359,292.907840
223.694,150.918185,118.623567,1.500000,142.555548,293.455420
223.725,150.194605,119.137721,1.500000,143.899167,293.994584
223.758,158.109450,119.556159,1.500000,136.637160,294.562270
223.795,160.724805,110.727840,1.500000,134.743626,295.189940
223.825,169.744518,116.157116,1.500000,126.316991,295.705661
223.861,170.459762,113.499971,1.500000,126.319386,296.329694
223.892,180.082518,102.852214,1.500000,117.305287,296.858961
223.923,177.424758,100.565797,1.500000,120.588488,297.402823
223.955,180.656986,86.619117,1.500000,117.984552,297.949164
223.986,192.386349,64.270835,1.500000,106.871123,298.484758
224.018,199.937396,83.263236,1.500000,99.954356,299.036306
224.050,205.416825,66.099636,1.500000,95.099725,299.579609
224.088,212.085274,85.889644,1.500000,89.191394,300.240580
224.121,210.648592,64.782451,1.500000,91.293562,300.819265
224.153,225.056093,69.967388,1.500000,77.520875,301.371276
224.183,217.588375,87.155436,1.500000,85.582867,301.888037
224.211,224.215608,67.311219,1.500000,79.510398,302.370440
224.246,246.041089,81.280779,1.500000,58.374183,302.969802
224.277,242.443010,65.184078,1.500000,62.593583,303.510081
224.315,258.893149,72.261132,1.500000,46.884694,304.154646
224.353,267.374617,87.176325,1.500000,39.164564,304.816680
224.387,280.202504,74.689075,1.500000,26.999275,305.392852
224.419,283.651290,80.767615,1.500000,24.196276,305.954405
224.451,290.229623,73.379520,1.500000,18.250673,306.504606
224.483,294.605861,75.355511,1.500000,14.505550,307.053401
224.509,314.494906,88.076845,-1.500000,-4.884291,307.487491
224.542,325.026198,76.179122,-1.500000,-14.758509,308.058860
224.574,325.130297,70.912725,-1.500000,-14.234256,308.605253
224.607,333.116474,68.006567,-1.500000,-21.551713,309.186749
224.647,337.975209,60.848461,-1.500000,-25.629761,309.865607
224.680,335.166185,64.932563,-1.500000,-22.176763,310.425584
224.711,350.125919,65.711772,-1.500000,-36.518964,310.962570
224.742,360.243914,69.650304,-1.500000,-46.037841,311.483541
224.773,361.687991,72.439688,-1.500000,-46.862761,312.021939
224.807,384.526664,72.327525,-1.500000,-69.038063,312.598783
224.835,389.376916,69.502360,-1.500000,-73.335472,313.079516
224.868,391.022302,70.249474,-1.500000,-74.338708,313.637908
224.905,402.375992,69.465331,-1.500000,-84.965681,314.269835
224.941,402.619917,68.018939,-1.500000,-84.512738,314.875808
224.971,422.656301,65.746456,-1.500000,-103.960808,315.387385
225.001,387.081870,64.690451,-1.500000,-67.799376,315.897820
225.031,394.942781,63.016431,-1.500000,-75.073184,316.408345
225.061,396.828281,70.598451,-1.500000,-76.375140,316.915775
225.098,385.235755,58.479213,-1.500000,-64.064386,317.540321
225.134,368.906079,68.006435,-1.500000,-47.037445,318.146638
225.164,371.708923,71.889065,-1.500000,-49.266181,318.645863
225.194,362.958490,63.709290,-1.500000,-39.946690,319.140696
225.226,344.265007,66.945948,-1.500000,-20.629224,319.683289
225.257,342.537950,71.521999,-1.500000,-18.302153,320.205040
225.294,345.689978,61.298615,-1.500000,-20.757032,320.811257
225.329,321.883734,68.820346,1.500000,3.732356,321.405295
225.359,325.546039,72.673876,1.500000,0.638525,321.899621
225.396,321.839176,69.263089,1.500000,5.044661,322.507684
225.424,315.121150,69.079401,1.500000,12.309963,322.983576
225.451,316.686469,71.203957,1.500000,11.254224,323.426689
225.485,324.250459,73.402856,1.500000,4.328699,323.981876
225.515,326.860798,64.842902,1.500000,2.295004,324.483307
225.546,341.745061,64.201459,-1.500000,-12.006966,324.989648
225.578,325.754881,63.675565,1.500000,4.583421,325.511567
225.611,323.143344,65.492871,1.500000,7.822123,326.056928
225.651,344.882614,65.636328,-1.500000,-13.179973,326.697949
225.693,338.416180,73.379043,-1.500000,-5.924466,327.384098
225.734,326.391426,64.736302,1.500000,6.861619,328.046126
225.760,327.308592,64.977608,1.500000,6.421029,328.460540
225.792,340.402626,74.896258,-1.500000,-6.076271,328.979439
225.820,340.747020,65.921437,-1.500000,-5.901931,329.430512
225.851,332.695695,68.899457,1.500000,2.718299,329.925212
225.883,338.619786,69.296802,-1.292700,-2.613399,330.440337
225.921,324.308096,65.087221,1.500000,12.386682,331.038938
225.956,317.607656,75.084950,1.500000,19.742969,331.609239
225.985,344.431835,68.523419,-1.500000,-6.562986,332.059868
226.015,336.024023,67.416805,1.033068,2.398530,332.541351
226.049,336.365943,68.554936,1.500000,2.656240,333.062768
226.081,345.444469,66.249853,-1.500000,-5.847260,333.562790
226.111,330.633756,66.096911,1.500000,9.502821,334.031807
226.141,343.212368,62.699838,-1.191836,-2.529925,334.506472
226.174,352.062506,67.153692,-1.500000,-10.790318,335.019293
226.215,358.512352,63.234853,-1.500000,-16.516984,335.648147
226.252,340.864633,71.623765,0.653890,1.782480,336.214881
226.282,349.723302,63.819072,-1.500000,-6.547618,336.674508
226.316,338.707564,68.197262,1.500000,5.074634,337.201911
226.349,349.840642,66.295794,-1.500000,-5.483963,337.701460
226.373,327.891575,67.169624,1.500000,16.888199,338.069369
226.405,353.108285,61.652117,-1.500000,-7.769602,338.555377
226.440,339.247237,64.893803,1.500000,6.685214,339.071697
226.471,324.917160,69.793314,1.500000,21.549245,339.536004
226.505,340.045259,67.165279,1.500000,7.013969,340.051503
226.537,343.276586,67.777924,1.500000,4.335581,340.532319
226.575,353.095373,64.388156,-1.500000,-4.850990,341.082072
226.606,349.470196,69.367686,-1.500000,-0.696733,341.542142
226.640,344.272625,68.505437,1.500000,5.071717,342.038558
226.664,350.532876,68.055113,0.928925,-0.774813,342.398316
226.703,363.100354,74.717203,-1.500000,-12.685447,342.969484
226.734,357.760510,67.089583,-1.500000,-6.843558,343.406045
226.762,369.367554,67.114345,-1.500000,-17.973087,343.821276
226.794,348.882620,66.142734,1.500000,3.032006,344.273588
226.825,358.046847,67.119482,-1.500000,-5.620189,344.718833
226.858,350.466120,71.540333,1.148183,2.493798,345.182537
226.901,338.329244,66.106272,1.500000,15.336077,345.795931
226.936,360.424140,66.446465,-1.500000,-6.198835,346.282874
226.980,340.383153,68.101567,1.500000,14.547764,346.896450
227.016,365.018145,67.220164,-1.500000,-9.506096,347.401781
227.046,348.015790,64.668461,1.500000,7.972656,347.816041
227.072,361.926694,71.004682,-1.500000,-5.530111,348.170941
227.100,347.020263,70.293797,1.500000,9.813063,348.550718
227.129,352.715507,67.973643,1.500000,4.578025,348.950897
227.162,356.608321,66.868815,1.500000,1.193275,349.392692
227.199,362.060600,74.419374,-1.500000,-3.692815,349.885031
227.234,365.976267,62.798551,-1.500000,-7.058162,350.363570
227.267,360.484869,72.415301,-1.500000,-1.069310,350.796138
227.297,343.075713,70.424072,1.500000,16.794601,351.191577
227.326,363.623063,62.547556,-1.500000,-3.305189,351.580760
227.365,356.847424,69.160255,1.500000,4.051846,352.086322
227.391,364.245043,69.891453,-1.500000,-2.959128,352.422535
227.424,368.597055,65.607617,-1.500000,-6.824068,352.846076
227.457,351.234354,62.118844,1.500000,11.028174,353.271763
227.490,359.160990,66.389452,1.500000,3.584562,353.691784
227.528,374.854551,69.061445,-1.500000,-11.554773,354.173719
227.554,359.223781,70.207541,1.500000,4.448432,354.497576
227.591,360.872658,64.289896,1.500000,3.326476,354.955769
227.622,366.268361,64.233263,-0.470558,-1.630756,355.337047
227.654,367.701663,64.844719,-1.500000,-2.601748,355.739057
227.687,362.828298,68.850357,1.500000,2.736747,356.143518
227.724,363.075820,62.966845,1.500000,2.995311,356.583593
227.750,384.960132,72.264098,-1.500000,-18.522450,356.902333
227.787,392.064824,62.603705,-1.500000,-25.118713,357.344445
227.819,380.508966,69.789424,-1.500000,-13.127170,357.723301
227.858,370.589741,71.241828,-1.500000,-2.686697,358.176560
227.883,370.755731,62.139903,-1.500000,-2.517595,358.467945
227.916,378.706482,71.373464,-1.500000,-10.020316,358.857536
227.947,346.438613,69.930035,1.500000,22.651402,359.208708
227.978,351.616232,67.692670,1.500000,17.889088,359.569844
228.011,362.728096,66.652101,1.500000,7.199999,359.937474
228.039,356.893181,72.993958,1.500000,13.396289,360.251713
228.071,352.640219,68.461194,1.500000,18.066180,360.614259
228.109,381.036549,65.984908,-1.500000,-9.853514,361.028726
228.146,375.963322,72.679729,-1.500000,-4.307546,361.439805
228.176,357.857551,66.565283,1.500000,14.172994,361.765692
228.212,374.535543,69.976368,-0.629898,-2.064873,362.148409
228.242,367.592833,72.240702,1.500000,5.252094,362.473850
228.267,375.387417,74.376386,-0.954403,-2.245766,362.731871
228.304,373.804833,65.182774,-1.500000,-0.214766,363.121797
228.333,383.331266,69.712932,-1.500000,-9.387709,363.429180
228.363,354.706090,65.389720,1.500000,19.587528,363.733581
228.398,375.284439,64.247159,1.163560,-0.580632,364.090267
228.429,358.200291,66.869052,1.500000,16.871286,364.410067
228.462,364.680633,69.679954,1.500000,10.766480,364.736620
228.497,375.187881,67.941128,1.500000,0.658848,365.084112
228.530,384.859139,63.526597,-1.500000,-8.638431,365.409311
228.563,387.084572,66.192569,-1.500000,-10.497298,365.728064
228.589,378.366158,71.822849,-1.500000,-1.487309,365.981608
228.626,370.158447,64.588670,1.500000,7.123331,366.331981
228.660,376.812496,68.174181,1.500000,0.834707,366.649742
228.692,395.397505,73.797991,-1.500000,-17.407150,366.948134
228.722,394.707148,66.409427,-1.500000,-16.399629,367.223930
228.756,382.601643,69.841722,-1.500000,-3.942884,367.529355
228.789,378.763909,68.960295,-1.202835,0.245879,367.834599
228.821,368.039876,62.971574,1.500000,11.293087,368.115621
228.858,374.627527,65.333595,1.500000,5.074835,368.436837
228.891,383.710160,63.845438,-1.500000,-3.678112,368.723520
228.920,382.680496,66.852899,-1.500000,-2.358394,368.975741
228.955,364.735258,67.386996,1.500000,15.926836,369.271387
228.989,362.304636,65.622725,1.500000,18.687238,369.558151
229.013,377.210045,68.072075,1.500000,4.006954,369.753912
229.045,367.748491,65.240668,1.500000,13.773703,370.019299
229.077,408.834292,65.872609,-1.500000,-27.011765,370.280458
229.124,391.445050,70.637602,-1.500000,-9.195918,370.651419
229.165,380.739453,65.794990,0.768855,1.877623,370.971370
229.194,381.486114,70.132134,1.500000,1.384238,371.191610
229.234,382.725147,65.198585,1.500000,0.496362,371.496964
229.272,386.189138,64.511292,-1.500000,-2.643956,371.778420
229.294,388.480076,71.240487,-1.500000,-4.743118,371.945181
229.321,409.253807,66.776073,-1.500000,-25.292500,372.140267
229.350,389.615039,67.909749,-1.500000,-5.416547,372.346515
229.382,389.659141,63.874610,-1.500000,-5.200466,372.572761
229.413,372.500259,68.384517,1.500000,12.209027,372.790683
229.457,371.871573,67.314469,1.500000,13.181232,373.089395
229.478,392.170080,68.925994,-1.500000,-6.948085,373.236518
229.515,385.056135,65.157867,-1.330550,0.442433,373.477016
229.544,397.682722,65.200450,-1.500000,-11.966325,373.666432
229.578,380.071557,68.862414,1.500000,5.898181,373.886729
229.614,354.070177,70.862349,1.500000,32.165402,374.117895
229.643,370.469702,74.184532,1.500000,15.970764,374.296058
229.674,383.333963,72.425516,1.500000,3.320314,374.481980
229.710,386.872554,66.207067,1.500000,0.034602,374.701875
229.743,391.370730,67.509798,-1.500000,-4.243999,374.892810
229.773,401.571127,69.633293,-1.500000,-14.247497,375.064026
229.806,380.707947,65.298504,1.500000,6.833100,375.253084
229.836,386.817961,68.776971,1.500000,0.911153,375.416620
229.874,389.994787,62.486259,-0.950375,-2.027847,375.623426
229.902,384.959413,65.596897,1.500000,3.180496,375.773835
229.937,404.442649,63.090941,-1.500000,-16.089827,375.958976
229.967,388.299947,66.641326,-1.500000,0.226038,376.109552
229.996,391.589554,67.106554,-1.500000,-2.893903,376.257088
230.034,396.534898,69.695567,-1.500000,-7.627507,376.441210
230.065,378.379410,72.450477,1.500000,10.695931,376.587253
230.097,402.242551,69.696149,-1.500000,-12.997490,376.734835
230.134,393.054866,73.353650,-1.500000,-3.615402,376.903882
230.167,377.257303,67.349717,1.500000,12.350302,377.050091
230.196,364.655798,67.467926,1.500000,25.096058,377.175527
230.229,396.434207,69.316167,-1.500000,-6.525497,377.311922
230.263,355.330740,67.818219,1.500000,34.740524,377.453273
230.290,381.995788,72.305670,1.500000,8.200026,377.561578
230.320,390.756677,66.683684,0.979770,-0.430485,377.674950
230.357,374.239627,71.926749,1.500000,16.249819,377.816909
230.394,397.265891,68.598512,-1.500000,-6.623601,377.949818
230.423,395.475023,67.418662,-1.500000,-4.715749,378.051543
230.457,397.527807,71.030866,-1.500000,-6.635261,378.167432
230.505,371.916669,65.987804,1.500000,19.157246,378.325143
230.527,388.255440,67.921514,1.500000,2.899461,378.395565
230.557,384.764298,69.750011,1.500000,6.494812,378.486183
230.582,395.133047,58.380923,-1.500000,-3.789399,378.559693
230.611,400.181157,73.004137,-1.500000,-8.740941,378.643666
230.641,397.729850,66.523258,-1.500000,-6.194284,378.726579
230.674,380.246362,73.026997,1.500000,11.389252,378.813577
230.709,413.538301,67.965561,-1.500000,-21.799576,378.903239
230.742,393.335554,63.692375,-1.500000,-1.505986,378.982233
230.770,381.222246,70.300282,1.500000,10.681434,379.046678
230.806,379.461458,68.324280,1.500000,12.532076,379.124813
230.845,390.642768,63.628741,1.500000,1.444159,379.206023
230.874,392.456237,66.790628,1.132878,-0.303775,379.263010
230.905,391.163003,69.864477,1.500000,1.054325,379.319416
230.936,400.688981,67.077368,-1.500000,-8.408511,379.374321
230.964,404.506035,67.549107,-1.500000,-12.173616,379.419495
230.998,409.253117,71.429719,-1.500000,-16.860243,379.472064
231.030,384.968036,74.475745,1.500000,7.476406,379.516906
231.068,397.652550,66.440522,-1.500000,-5.151889,379.565792
231.101,377.124557,64.686080,1.500000,15.420631,379.604511
231.136,398.388614,64.352556,-1.500000,-5.801521,379.640951
231.165,388.929767,67.564770,1.500000,3.688958,379.668457
231.190,402.082125,69.202652,-1.500000,-9.438635,379.689991
231.230,418.806800,66.784451,-1.500000,-26.129851,379.719086
231.254,374.677587,70.496343,1.500000,18.017109,379.734518
231.285,414.890329,69.918391,-1.500000,-22.176775,379.750916
231.321,391.532631,65.949439,-0.417495,1.198064,379.765822
231.357,403.609039,69.688087,-1.500000,-10.866393,379.776214
231.395,385.569331,65.631458,1.500000,7.180376,379.782354
231.425,395.496187,65.195090,-1.451547,-2.744858,379.783764
231.460,385.657816,70.847212,1.500000,7.090918,379.781508
231.485,387.879431,68.095649,1.500000,4.864434,379.777274
231.517,390.032845,63.335872,1.500000,2.701422,379.768928
231.554,382.381819,68.476571,1.500000,10.336062,379.754679
231.584,395.620176,63.712895,-1.500000,-2.919064,379.740098
231.616,388.079798,68.196310,1.500000,4.598702,379.720435
231.655,417.588155,61.236067,-1.500000,-24.941808,379.692476
231.685,399.646937,68.106731,-1.500000,-7.029733,379.667135
231.720,381.078042,70.802622,1.500000,11.501396,379.634293
231.746,396.266474,67.714721,-1.500000,-3.718941,379.606551
231.782,384.120940,65.757028,1.500000,8.378412,379.564654
231.813,378.371473,72.038245,1.500000,14.083375,379.525955
231.849,396.630629,66.977335,-1.500000,-4.233514,379.475752
231.879,396.292384,72.534759,-1.500000,-3.946048,379.431597
231.911,410.172335,68.363711,-1.500000,-17.884398,379.380815
231.942,383.733670,66.052461,1.500000,8.492553,379.327151
231.975,389.593193,63.881526,1.500000,2.565924,379.268797
232.014,372.602833,67.608222,1.500000,19.469297,379.193156
232.038,401.669815,60.374296,-1.500000,-9.653402,379.144707
232.073,410.112405,63.942643,-1.500000,-18.181715,379.070165
232.099,429.604114,64.016082,-1.500000,-37.739271,379.012907
232.134,408.981202,64.100072,-1.500000,-17.212228,378.929542
232.166,379.167731,65.237529,1.500000,12.511126,378.851180
232.204,388.923282,70.417271,1.500000,2.644732,378.754794
232.233,379.423578,64.620425,1.500000,12.055691,378.677625
232.263,412.799692,67.513305,-1.500000,-21.416320,378.594237
232.296,402.149323,65.256296,-1.500000,-10.872068,378.501961
232.328,386.417089,66.874520,1.500000,4.751164,378.407176
232.358,369.492622,68.471900,1.500000,21.568781,378.314264
232.390,375.498169,66.084650,1.500000,15.447102,378.213279
232.429,394.082624,67.992581,-1.500000,-3.286568,378.083527
232.462,403.616920,69.533555,-1.500000,-12.946188,377.974550
232.496,386.560609,64.797290,1.500000,3.972077,377.854510
232.522,395.126252,71.077661,-1.500000,-4.701986,377.760232
232.552,392.416270,67.844801,-1.500000,-2.118927,377.649863
232.585,379.637855,65.078446,1.500000,10.515261,377.524449
232.622,395.605326,68.761663,-1.500000,-5.615670,377.382310
232.655,394.338548,65.692337,-1.500000,-4.504086,377.247358
232.695,381.703732,70.104909,1.500000,7.942372,377.083569
232.736,382.293714,65.691970,1.500000,7.154559,376.911542
232.766,393.760764,62.604290,-1.500000,-4.462791,376.780847
232.796,379.139856,65.782072,1.500000,10.005248,376.647917
232.835,367.757833,63.860016,1.500000,21.181859,376.469298
232.863,402.453265,68.982626,-1.500000,-13.665584,376.337114
232.891,388.869501,68.754305,-1.500000,-0.232267,376.206290
232.924,385.959066,67.911611,1.500000,2.495608,376.047542
232.955,370.575104,69.469671,1.500000,17.700551,375.891874
232.986,377.453405,65.607466,1.500000,10.648957,375.741185
233.017,372.310278,68.578546,1.500000,15.606935,375.580185
233.051,401.520108,67.670400,-1.500000,-13.809273,375.400726
233.093,388.617070,65.232519,-1.500000,-1.159837,375.180203
233.131,385.827559,63.465479,0.181427,1.391475,374.973073
233.165,390.817448,64.867525,-1.500000,-3.812424,374.786978
233.198,403.765393,68.515348,-1.500000,-16.980482,374.595575
233.226,375.213393,64.116089,1.500000,11.388851,374.436734
233.259,371.966393,67.200575,1.500000,14.416805,374.246259
233.291,385.704184,64.432576,1.500000,0.462817,374.058262
233.323,405.607741,64.382153,-1.500000,-19.660955,373.866771
233.355,381.167546,64.865052,1.500000,4.550648,373.667995
233.390,410.841505,66.411728,-1.500000,-25.368227,373.455025
233.424,410.734202,65.148559,-1.500000,-25.511442,373.237182
233.454,402.366932,65.408771,-1.500000,-17.360914,373.048711
233.489,378.483857,67.553004,1.500000,6.263166,372.823499
233.521,392.657480,73.706879,-1.500000,-8.151821,372.613617
233.552,391.454785,65.411216,-1.500000,-7.184608,372.408849
233.585,373.387913,66.714213,1.500000,10.620931,372.181604
233.616,396.607592,67.637175,-1.500000,-12.841877,371.970187
233.648,404.528004,63.955934,-1.500000,-21.013014,371.752165
233.678,372.098594,63.227036,1.500000,11.173308,371.540784
233.714,379.871563,68.136917,1.500000,3.105559,371.284454
233.748,395.648205,70.049769,-1.500000,-12.951125,371.040939
233.784,377.532019,65.905003,1.500000,4.866254,370.781107
233.815,370.462269,66.848198,1.500000,11.674127,370.553388
233.850,368.157099,65.958517,1.500000,13.679916,370.293057
233.879,371.290627,67.744753,1.500000,10.298796,370.077759
233.909,363.090068,70.160122,1.500000,18.231309,369.844676
233.939,391.254552,65.677652,-1.500000,-10.195260,369.616776
233.970,375.982688,67.429714,1.500000,4.802445,369.378377
234.000,409.615968,69.157766,-1.500000,-29.100181,369.144163
234.033,386.375036,64.293744,-1.500000,-6.163870,368.879275
234.066,397.353968,73.645860,-1.500000,-17.445542,368.616022
234.106,408.034192,68.936281,-1.500000,-28.497846,368.292474
234.139,384.909552,61.386667,-1.500000,-5.683812,368.022383
234.167,375.797536,67.632755,1.500000,3.162727,367.791534
234.198,387.865640,68.914773,-1.500000,-9.204088,367.531785
234.231,381.706360,61.909427,-1.500000,-3.362181,367.255808
234.266,360.067502,60.504514,1.500000,17.938875,366.962067
234.299,365.857426,65.710602,1.500000,11.824645,366.680062
234.331,375.001343,64.171475,1.500000,2.361005,366.402042
234.362,379.794126,65.244314,-1.500000,-2.737573,366.136133
234.396,358.419527,67.538014,1.500000,18.292168,365.836256
234.437,379.075716,61.303331,-1.496205,-2.781816,365.472956
234.464,355.664251,70.439082,1.500000,20.353805,365.233092
234.497,362.549885,71.987623,1.500000,13.118732,364.929232
234.525,376.718812,76.241121,-0.121207,-1.341638,364.675803
234.556,380.653031,68.751180,-1.500000,-5.597631,364.396000
234.586,370.510036,70.170775,1.500000,4.227283,364.119408
234.617,376.583621,64.144324,-0.766254,-2.177719,363.831219
234.650,376.348997,69.380330,-1.500000,-2.298092,363.522526
234.686,375.570492,72.441243,-1.500000,-1.908489,363.184351
234.721,371.204591,67.094125,1.002828,2.071256,362.848563
234.757,385.406588,64.778385,-1.500000,-12.523554,362.506986
234.793,367.775527,68.068432,1.500000,4.707478,362.159134
234.822,362.362446,65.099366,1.500000,9.804002,361.883868
234.854,373.041150,67.349011,0.008490,-1.234303,361.571171
234.883,369.337711,71.648220,1.500000,2.135362,361.280933
234.912,370.347033,67.208511,1.500000,0.792845,360.991198
234.942,383.259718,65.934849,-1.500000,-12.463189,360.692634
234.975,388.257026,65.396047,-1.500000,-17.840608,360.362103
235.007,395.931710,63.880109,-1.500000,-25.881248,360.043880
235.039,370.864297,63.154019,-1.500000,-1.186386,359.719923
235.071,365.412265,65.670902,1.500000,3.884572,359.388554
235.112,363.183468,66.307415,1.500000,5.635158,358.972719
235.143,365.805514,67.730916,1.500000,2.645325,358.652903
235.174,389.516246,69.249140,-1.500000,-21.435499,358.331084
235.210,367.805294,62.585583,-1.500000,-0.160185,357.952269
235.245,387.158256,70.312432,-1.500000,-19.935916,357.584643
235.273,364.898204,70.468382,0.893787,1.981014,357.286277
235.304,379.482654,66.244440,-1.500000,-12.978232,356.960367
235.334,344.041280,61.707627,1.500000,22.094464,356.639777
235.369,355.731840,66.703847,1.500000,9.973247,356.265293
235.404,369.763455,68.947371,-1.500000,-4.493672,355.886767
235.436,352.168685,74.415745,1.500000,12.698822,355.536962
235.468,368.297577,63.731098,-1.500000,-3.825394,355.193202
235.498,334.557294,66.733383,1.500000,29.530632,354.859066
235.530,366.199860,66.582572,-1.161351,-2.504696,354.517534
235.560,363.369008,70.706284,-1.500000,-0.062285,354.179759
235.595,341.485397,65.974093,1.500000,21.379899,353.795909
235.626,331.327626,71.212013,1.500000,31.134518,353.445342
235.657,355.290173,64.996745,1.500000,6.775603,353.100675
235.691,363.662861,68.866530,-0.961584,-2.037122,352.718033
235.725,350.928701,67.674503,1.500000,10.249475,352.328849
235.760,369.990892,68.631503,-1.500000,-9.261289,351.938785
235.791,353.574575,67.767333,1.500000,6.748670,351.585431
235.822,350.322223,68.362833,1.500000,9.596989,351.234097
235.858,359.207758,69.254873,1.500000,0.233901,350.818834
235.890,360.483838,69.829388,-0.276337,-1.470021,350.446797
235.922,377.327885,68.203819,-1.500000,-18.732193,350.083210
235.957,385.110169,64.860351,-1.500000,-26.984639,349.674373
235.990,368.878134,65.601419,-1.500000,-11.196678,349.288223
236.016,360.740233,67.065985,-1.500000,-3.408087,348.984475
236.051,360.077827,65.970663,-1.500000,-3.220906,348.571235
236.086,356.592784,71.155708,-1.500000,-0.208798,348.159988
236.118,342.356677,64.318581,1.500000,13.598330,347.786962
236.150,371.393248,63.543815,-1.500000,-15.871083,347.410578
236.199,348.122195,74.477844,1.500000,6.727572,346.825884
236.224,353.427811,64.614629,1.500000,1.079896,346.528440
236.256,338.627941,65.379669,1.500000,15.437285,346.143675
236.297,340.763716,67.959713,1.500000,12.736076,345.651994
236.330,354.730320,69.579158,-0.549166,-1.695811,345.247399
236.356,353.470223,72.772452,-1.500000,-0.795911,344.934184
236.382,335.953935,62.861700,1.500000,16.357489,344.618630
236.413,355.266467,67.918719,-1.500000,-3.387892,344.242239
236.439,362.652113,71.171341,-1.500000,-11.130515,343.931825
236.466,336.526066,65.680660,1.500000,14.621770,343.606814
236.493,343.873210,69.062084,1.500000,6.883889,343.267043
236.526,362.535999,72.238871,-1.500000,-12.231473,342.873501
236.563,355.688764,67.570621,-1.500000,-5.917656,342.409659
236.596,351.534078,67.747558,-1.500000,-2.220146,342.012115
236.628,344.071559,67.389115,1.500000,4.786781,341.615948
236.663,351.442002,61.064294,-1.500000,-3.089486,341.176101
236.695,331.526244,66.992659,1.500000,16.384763,340.792180
236.727,349.238440,74.356806,-0.291726,-1.785006,340.394290
236.755,343.878644,61.013084,1.500000,3.164054,340.037129
236.786,337.883553,69.206563,1.500000,8.713523,339.649632
236.817,340.774492,69.881277,1.500000,5.381456,339.266042
236.856,364.380666,68.484630,-1.500000,-18.776350,338.786361
236.889,331.754985,72.778530,1.500000,13.375672,338.374484
236.920,355.219752,72.772007,-1.500000,-10.536219,337.985681
236.951,360.002519,65.639924,-1.500000,-15.765470,337.597434
236.986,345.093904,70.495619,-1.500000,-1.375380,337.146543
237.021,341.512243,64.242730,0.562589,1.706920,336.712316
237.052,331.960848,68.368431,1.500000,10.806823,336.319714
237.082,339.081710,63.903393,1.500000,3.243785,335.935213
237.111,343.279387,68.868288,-0.149403,-1.364973,335.577751
237.146,348.612648,66.739726,-1.500000,-7.215839,335.127660
237.178,340.803970,57.998120,-1.500000,0.135438,334.729920
237.212,334.793404,64.391424,1.500000,5.645833,334.294989
237.249,338.740319,60.882344,1.500000,1.161962,333.828070
237.278,346.611895,67.160685,-1.500000,-7.139361,333.454378
237.315,346.447850,65.017666,-1.500000,-7.516127,332.984107
237.347,334.450043,67.310907,1.500000,4.010851,332.574691
237.374,322.214115,68.184791,1.500000,15.856962,332.235720
237.407,337.200451,70.731522,1.500000,0.386895,331.815084
237.440,335.796882,60.725891,1.500000,1.295918,331.385044
237.471,345.878090,68.813218,-1.500000,-9.234017,330.994846
237.504,337.478247,67.567497,-1.500000,-1.313294,330.578219
237.537,353.140144,62.224909,-1.500000,-17.467722,330.149932
237.570,338.247622,71.740500,-1.500000,-3.057745,329.730328
237.604,328.015978,63.614090,1.500000,6.668216,329.290603
237.633,338.303092,69.610590,-1.500000,-4.044145,328.920824
237.669,328.385141,62.463112,1.500000,5.342349,328.458687
237.703,329.599388,66.658327,1.500000,3.631677,328.027014
237.731,334.400098,72.079139,-0.409342,-1.580095,327.669567
237.762,340.933267,65.229685,-1.500000,-8.571399,327.271190
237.798,338.025264,71.361620,-1.500000,-6.190687,326.812676
237.834,335.311830,66.747121,-1.500000,-4.013392,326.346468
237.866,333.777026,63.090986,-1.500000,-2.942849,325.942762
237.897,316.822306,68.541482,1.500000,13.558518,325.548543
237.931,316.451964,64.176438,1.500000,13.423745,325.109312
237.958,315.956283,71.439894,1.500000,13.524482,324.765882
237.992,321.875097,63.260119,1.500000,7.106185,324.331549
238.021,323.361109,68.511039,1.500000,5.184480,323.952686
238.051,327.542841,67.352966,1.500000,0.565669,323.572618
238.081,331.045533,66.356831,-1.500000,-3.377142,323.189905
238.114,338.927785,67.023436,-1.500000,-11.740928,322.771180
238.153,327.961628,64.348913,-1.500000,-1.353988,322.267514
238.186,333.777224,71.782300,-1.500000,-7.649048,321.850588
238.221,318.614599,65.737948,1.500000,6.994272,321.399018
238.256,324.919071,63.996474,1.500000,0.177389,320.953444
238.284,318.830528,65.094127,1.500000,5.859792,320.600279
238.315,330.149394,68.378705,-1.500000,-5.907688,320.210179
238.352,322.632609,66.592599,-0.576324,1.066620,319.738460
238.382,327.719982,59.930491,-1.500000,-4.464315,319.352754
238.411,317.627911,67.397803,1.500000,5.205729,318.985774
238.443,331.412317,66.035069,-1.500000,-9.046333,318.579116
238.479,320.409303,76.209914,-0.125515,1.439703,318.129571
238.511,309.712981,66.378169,1.500000,11.665290,317.720235
238.543,329.815774,63.270406,-1.500000,-8.896452,317.321150
238.574,324.391841,67.491365,-1.500000,-3.928906,316.924292
238.610,310.488115,64.464005,1.500000,9.449201,316.467232
238.642,315.112536,67.534795,1.500000,4.370216,316.071958
238.675,316.808754,69.850075,1.500000,2.186684,315.648207
238.705,325.984517,65.199796,-1.500000,-7.412936,315.279635
238.738,319.479736,65.594079,-1.500000,-1.389583,314.861003
238.768,312.797792,66.569349,1.500000,4.865393,314.489726
238.798,307.068022,65.756763,1.500000,10.170759,314.120679
238.834,318.486544,69.759740,-0.642853,-1.773345,313.663651
238.868,309.710010,70.843215,1.500000,6.518509,313.242190
238.903,312.993112,69.781750,1.500000,2.741080,312.812340
238.931,326.580841,68.800398,-1.500000,-11.249046,312.462430
238.965,336.759670,68.810514,-1.500000,-21.905891,312.046764
238.990,330.935664,68.146188,-1.500000,-16.440519,311.734908
239.024,320.101768,65.371969,-1.500000,-6.083855,311.319925
239.056,316.219467,68.874199,-1.500000,-2.658704,310.922403
239.089,294.194308,62.581278,1.500000,18.895664,310.513019
239.127,318.798818,74.242388,-1.500000,-6.235164,310.055351
239.161,305.810242,67.019572,1.500000,6.279995,309.643684
239.195,304.058584,65.716062,1.500000,7.551179,309.225881
239.226,311.348438,71.093332,1.296735,-0.168169,308.852408
239.251,318.070467,63.475566,-1.500000,-7.250173,308.539386
239.291,309.263072,73.062020,-0.630552,1.001263,308.055943
239.322,310.978639,57.732295,-1.500000,-1.141735,307.684264
239.352,304.672303,68.090071,1.500000,4.749174,307.323024
239.386,303.318344,66.446134,1.500000,5.644669,306.924359
239.416,309.295401,63.298459,0.592218,-0.751217,306.560160
239.451,308.086451,65.454322,0.456913,-0.020569,306.144246
239.489,318.534485,65.960508,-1.500000,-10.990488,305.690432
239.515,309.919985,68.337476,-1.500000,-2.724742,305.387167
239.548,304.971397,67.479665,0.638483,1.769729,304.992284
239.582,304.191864,62.539973,1.500000,2.091986,304.594652
239.616,311.399640,66.758018,-1.500000,-5.573184,304.196918
239.648,304.007697,64.600790,-0.190145,1.386216,303.820794
239.677,303.904178,62.918704,1.294094,1.096419,303.478780
239.708,296.597928,65.559636,1.500000,7.993983,303.123401
239.739,306.097277,70.812468,-0.794590,-1.919665,302.763140
239.775,307.768733,64.222959,-1.500000,-4.065100,302.350985
239.798,300.154001,67.412013,1.500000,3.239674,302.081457
239.830,307.781720,74.273038,-1.500000,-4.814565,301.710570
239.870,313.300564,71.457817,-1.500000,-10.852977,301.258771
239.898,299.201826,66.380207,1.500000,2.878224,300.939174
239.942,291.236746,64.285947,1.500000,10.262858,300.434439
239.972,292.276173,63.840214,1.500000,8.837214,300.098598
240.001,311.751557,69.778949,-1.500000,-11.015577,299.770417
240.034,305.094135,67.517638,-1.500000,-4.786614,299.397844
240.064,302.070913,67.971021,-1.500000,-2.136780,299.073159
240.097,301.273457,67.688507,-1.500000,-1.767865,298.700514
240.133,290.865660,69.358019,1.500000,8.183470,298.303591
240.160,288.365710,66.410043,1.500000,10.344247,298.008658
240.198,290.265014,67.236985,1.500000,7.953947,297.581705
240.229,301.918768,67.671102,-1.500000,-4.085075,297.246689
240.263,288.536254,71.557703,1.500000,8.872429,296.877115
240.295,298.376477,62.353198,0.221716,-1.360089,296.535990
240.325,295.450325,64.390107,1.497821,1.184823,296.204477
240.358,298.149017,70.579337,-0.661530,-1.915566,295.855175
240.389,297.352667,64.812555,-1.500000,-1.508061,295.517049
240.425,297.004615,63.483349,-1.500000,-1.598559,295.135700
240.458,286.655128,64.768462,1.500000,8.349957,294.787030
240.496,289.440620,67.711881,1.500000,5.105212,294.387680
240.527,305.654577,71.504021,-1.500000,-11.477747,294.066809
240.553,300.234937,70.211839,-1.500000,-6.369974,293.795620
240.582,286.102152,63.148160,1.500000,7.417612,293.495447
240.615,293.391629,65.573827,1.500000,-0.272245,293.147290
240.645,298.296918,72.352315,-1.500000,-5.531862,292.839179
240.677,301.097601,65.420640,-1.500000,-8.701637,292.518229
240.715,293.321795,61.682699,-1.500000,-1.371198,292.130954
240.746,285.645216,68.476624,1.500000,5.940755,291.813889
240.782,282.515187,71.047637,1.500000,8.661440,291.457937
240.820,293.053334,64.917586,-1.306252,-2.322365,291.070408
240.850,285.539186,62.418587,1.500000,4.848580,290.771971
240.882,287.877472,68.424374,1.500000,2.145571,290.454820
240.908,295.230993,65.829372,-1.500000,-5.501522,290.199540
240.939,292.341167,67.621589,-1.500000,-2.949688,289.905635
240.969,282.890695,71.515954,1.500000,6.164316,289.613053
241.001,279.956167,67.295217,1.500000,8.744100,289.304581
241.034,291.988527,66.001190,-1.500000,-3.652394,288.987942
241.065,302.495077,71.239648,-1.500000,-14.503329,288.688477
241.099,289.301142,66.117151,-1.500000,-1.678881,288.367184
241.131,270.749365,68.645422,1.500000,16.528410,288.067631
241.166,283.058897,71.363060,1.500000,3.836790,287.735380
241.200,283.315033,67.281902,1.500000,3.220916,287.422565
241.231,292.660030,64.822953,-1.500000,-6.451486,287.137864
241.262,281.743602,67.939502,1.500000,4.135363,286.851274
241.295,290.117223,68.300583,-1.500000,-4.584004,286.550625
241.325,277.562805,62.616251,1.500000,7.654469,286.275890
241.359,286.381768,68.044778,0.036965,-1.512986,285.972854
241.396,302.893928,70.620444,-1.500000,-18.406432,285.641301
241.427,289.329132,69.236258,-1.500000,-5.152528,285.370961
241.461,293.183102,63.402989,-1.500000,-9.357525,285.065719
241.493,275.085295,64.114949,1.500000,8.418396,284.785819
241.531,281.886197,63.724378,1.500000,1.245099,284.461996
241.556,285.784214,66.957345,-1.500000,-2.905151,284.242664
241.588,280.465182,69.082973,0.670691,2.098633,283.968534
241.619,280.549992,66.119501,1.500000,1.717773,283.711100
241.654,282.599242,65.186732,0.785502,-0.674811,283.412549
241.688,287.996015,67.569490,-1.500000,-6.390278,283.135424
241.720,289.675414,63.680831,-1.500000,-8.381898,282.863926
241.755,295.045378,67.807106,-1.500000,-14.076499,282.581634
241.781,280.813273,64.945058,-1.500000,-0.088424,282.369434
241.818,272.159752,67.727132,1.500000,8.218893,282.068387
241.846,283.981375,66.535087,-1.500000,-3.854084,281.849818
241.880,270.649165,70.793614,1.500000,9.168660,281.580717
241.912,271.789456,66.250843,1.500000,7.734790,281.325431
241.946,272.158818,69.915988,1.500000,7.059411,281.059330
241.982,272.967373,62.562726,1.500000,5.937486,280.786834
242.019,276.045988,65.008524,1.500000,2.526185,280.497542
242.055,283.684143,71.880109,-1.500000,-5.421322,280.228540
242.082,277.743369,66.462810,-1.500000,0.285353,280.024975
242.119,277.855224,68.212670,-1.500000,-0.143184,279.749600
242.151,276.726613,65.134231,-0.631380,0.718808,279.517757
242.179,269.530058,68.377318,1.500000,7.681150,279.314094
242.207,268.310214,61.494954,1.500000,8.662395,279.106616
242.244,280.079969,64.582094,-1.500000,-3.411199,278.842409
242.274,276.452292,70.873186,-1.500000,-0.021852,278.635165
242.313,264.564701,67.705562,1.500000,11.547604,278.358526
242.346,272.026017,69.321530,1.500000,3.826520,278.132640
242.379,266.462250,64.780440,1.500000,9.130618,277.906841
242.410,283.809338,71.042809,-1.500000,-8.460792,277.694388
242.442,285.000825,65.832198,-1.500000,-9.896554,277.481975
242.471,273.606761,66.308647,0.043074,1.276976,277.290206
242.506,271.728491,66.414159,1.500000,2.888903,277.058604
242.533,274.040682,69.093412,1.500000,0.376668,276.884652
242.567,279.814432,63.649875,-1.500000,-5.649013,276.665581
242.598,286.557713,63.679764,-1.500000,-12.618650,276.468750
242.639,271.337997,66.851501,1.282461,2.302676,276.209281
242.672,282.084758,71.585090,-1.500000,-8.674038,276.009322
242.704,272.901873,61.201203,-1.497395,0.282437,275.812444
242.744,276.542561,64.728299,-1.500000,-3.639091,275.568235
242.778,271.111915,65.672415,0.389067,1.563578,275.369994
242.805,265.241514,75.232644,1.500000,7.252171,275.211900
242.833,270.185765,71.643182,1.500000,2.115389,275.044482
242.863,269.788883,69.152605,1.500000,2.318122,274.875657
242.893,276.137971,68.015311,-1.500000,-4.230833,274.701859
242.928,269.514000,63.080874,0.756100,2.169315,274.507231
242.957,275.033072,68.235370,-1.500000,-3.531511,274.349184
242.991,266.375650,63.393345,1.500000,4.911082,274.162376
243.024,280.085494,68.413771,-1.500000,-9.000378,273.987058
243.056,261.741990,71.265658,1.500000,9.148396,273.817727
243.096,277.301985,71.622687,-1.500000,-6.651041,273.609517
243.122,269.676506,65.137712,-0.875386,0.819120,273.474457
243.152,256.600265,71.500631,1.500000,13.718947,273.321054
243.186,270.890464,64.236175,0.865937,-0.764011,273.153437
243.224,270.593526,67.743288,-0.039430,-0.685437,272.963555
243.249,268.551370,70.478764,1.321500,1.217452,272.842453
243.287,282.904687,71.612199,-1.500000,-13.342881,272.662440
243.321,269.358526,64.015120,-1.500000,0.023708,272.506291
243.355,262.847839,65.663824,1.500000,6.353169,272.348703
243.387,273.697528,65.368407,-1.500000,-4.664027,272.203044
243.417,268.582446,68.216503,-1.500000,0.295738,272.067986
243.444,258.269129,66.441970,1.500000,10.476206,271.952465
243.472,266.735321,69.549743,1.500000,1.871191,271.831749
243.505,267.220684,75.175413,1.500000,1.224788,271.691715
243.537,276.381564,69.423174,-1.500000,-8.091413,271.556653
243.568,274.444424,71.121522,-1.500000,-6.301051,271.429020
243.603,271.391500,71.074960,-1.500000,-3.409728,271.288498
243.642,258.776983,65.865722,1.500000,9.032337,271.138538
243.676,267.724017,72.105833,1.500000,-0.067133,271.005986
243.704,273.543421,72.089001,-1.500000,-6.007933,270.900424
243.737,266.320099,68.433857,-0.565747,1.075373,270.778672
243.765,265.240296,75.065673,1.500000,2.038880,270.677544
243.794,266.846252,70.637283,1.500000,0.312594,270.572909
243.826,273.177485,65.998180,-1.500000,-6.146331,270.461873
243.859,266.643763,63.113005,-1.500000,0.259791,270.350917
243.894,268.662340,69.509545,-1.500000,-1.891930,270.235139
243.931,261.208179,73.184861,1.500000,5.424251,270.115156
243.959,268.511960,66.031341,-0.532983,-1.984667,270.023733
243.998,260.610093,62.458526,1.500000,5.779861,269.904308
244.026,257.668794,70.515248,1.500000,8.624982,269.820675
244.060,268.632879,70.218396,-1.465919,-2.454503,269.720326
244.086,259.983341,61.252684,1.500000,6.110433,269.646760
244.116,262.398630,71.832321,1.500000,3.599253,269.563377
244.150,276.332180,65.732150,-1.500000,-10.440810,269.470757
244.182,267.628379,67.261224,-1.500000,-1.835660,269.384972
244.220,273.043564,64.135751,-1.500000,-7.362251,269.288098
244.255,260.839539,68.461452,1.500000,4.742732,269.201975
244.287,265.004996,67.786722,1.500000,0.488451,269.124737
244.320,271.995979,68.903559,-1.500000,-6.589826,269.048828
244.352,263.228128,65.762450,0.666066,2.094805,268.976464
244.383,264.011621,68.060619,1.500000,1.232592,268.908011
244.414,267.765570,72.809204,-1.500000,-2.595461,268.843573
244.443,261.477288,68.582077,1.500000,3.624830,268.784451
244.478,270.089165,69.343198,-1.500000,-5.066028,268.715772
244.511,266.995247,63.724737,-1.500000,-2.042762,268.654334
244.541,265.513535,70.251117,-1.500000,-0.623497,268.600033
244.573,264.211439,65.807343,-0.756846,0.614974,268.544706
244.610,255.120537,65.379387,1.500000,9.636491,268.484372
244.644,256.508996,66.365378,1.500000,8.186673,268.431017
244.676,264.220768,64.483844,1.500000,0.418387,268.381874
244.710,264.087452,71.838087,1.500000,0.496720,268.334063
244.741,269.866199,73.568916,-1.500000,-5.329379,268.292887
244.768,264.188633,69.236738,-1.492674,0.308262,268.258169
244.799,264.330605,65.712198,-1.343629,0.122659,268.220230
244.834,261.464158,64.462269,1.500000,2.944089,268.181084
244.865,262.657461,66.554176,1.500000,1.712879,268.148122
244.900,265.534830,64.928182,0.044875,-1.204191,268.113599
244.937,262.954437,64.946009,1.483828,1.337411,268.079868
244.963,266.428811,74.432188,-0.953170,-2.161750,268.058314
244.999,264.675921,68.575455,-1.500000,-0.440068,268.031177
245.030,259.317775,59.481201,1.500000,4.893363,268.009686
245.063,262.254959,64.791652,1.500000,1.933318,267.989806
245.093,273.008038,71.359396,-1.500000,-8.838769,267.973277
245.125,266.697269,67.371308,-1.500000,-2.545459,267.958095
245.159,269.114541,71.534626,-1.500000,-4.978256,267.944596
245.195,259.332312,65.573771,1.500000,4.790415,267.932807
245.225,265.402411,68.425821,0.308254,-1.288471,267.925166
245.262,263.270680,71.356014,1.173198,0.835833,267.918707
245.289,264.221301,63.865655,1.135770,-0.118067,267.915856
245.320,271.959882,66.631515,-1.500000,-7.858172,267.914530
245.358,268.767184,62.105385,-1.500000,-4.664064,267.915756
245.385,268.735331,64.252511,-1.500000,-4.629000,267.918548
245.416,259.403444,63.438494,1.500000,4.708813,267.923702
245.450,256.151301,64.522199,1.500000,7.970272,267.931803
245.482,267.423953,63.566210,-1.500000,-3.290949,267.941743
245.513,264.335431,66.896224,-1.500000,-0.188969,267.953445
245.546,258.183488,63.698007,1.500000,5.979633,267.967931
245.580,257.850098,68.247187,1.500000,6.333065,267.985359
245.611,265.859562,63.514500,-0.500185,-1.655275,268.003728
245.647,267.945633,64.778560,-1.500000,-3.713902,268.027593
245.678,265.380158,63.734456,-1.500000,-1.122985,268.049715
245.710,263.629061,65.921016,-0.705601,0.657383,268.075169
245.741,257.203300,64.295137,1.500000,7.114198,268.102172
245.774,259.726678,65.445033,1.500000,4.624989,268.131885
245.805,264.918594,69.472353,0.857732,-0.531481,268.162706
245.839,261.657193,63.376701,1.500000,2.771271,268.198664
245.871,270.321695,70.675682,-1.500000,-5.851717,268.234763
245.902,256.734660,74.763997,1.500000,7.778439,268.272260
245.937,267.500312,69.496410,-1.500000,-2.937271,268.315688
245.967,263.804913,64.861160,-0.893547,0.804091,268.355655
245.999,259.451333,67.479138,1.500000,5.209400,268.400638
246.035,265.993830,71.336386,0.252129,-1.273820,268.452183
246.067,267.581431,68.693685,-1.500000,-2.803800,268.502288
246.105,270.062537,70.021419,-1.500000,-5.216948,268.561382
246.138,260.850772,66.930554,1.500000,4.058351,268.616629
246.167,262.963365,67.938643,1.500000,2.003616,268.666940
246.202,263.392875,65.971272,1.500000,1.646277,268.729698
246.235,271.011440,61.247306,-1.500000,-5.902153,268.790684
246.267,267.126677,66.958017,-1.500000,-1.946377,268.852435
246.304,269.950579,66.252144,-1.500000,-4.685962,268.925753
246.336,265.754042,68.507173,-1.500000,-0.415110,268.990376
246.366,253.190792,66.240932,1.500000,12.221387,269.054068
246.397,257.734451,66.505541,1.500000,7.756398,269.122478
246.430,258.892699,65.792344,1.500000,6.681939,269.195337
246.462,266.021826,65.946013,1.061947,-0.362476,269.269000
246.495,266.659217,67.548020,-0.091470,-0.910368,269.346825
246.523,273.914876,66.061133,-1.500000,-8.088472,269.414264
246.552,269.748172,63.804189,-1.500000,-3.839434,269.485858
246.589,267.880564,66.936765,-1.500000,-1.864711,269.579003
246.628,257.202407,60.067695,1.500000,8.928142,269.678738
246.655,257.826083,65.208901,1.500000,8.387355,269.750815
246.685,269.054765,60.220122,-1.500000,-2.748203,269.831793
246.715,266.495472,64.038072,-1.500000,-0.094110,269.914228
246.760,260.868512,70.779659,1.500000,5.678677,270.041034
246.798,264.941106,66.597785,1.500000,1.733256,270.151619
246.843,262.276677,70.334371,1.500000,4.549483,270.283617
246.870,266.935836,70.620979,1.483026,-0.013997,270.366816
246.899,277.484290,71.057204,-1.500000,-10.460873,270.455145
246.930,279.598809,68.631905,-1.500000,-12.462703,270.553136
246.956,267.577373,66.961898,-1.500000,-0.346867,270.635222
246.983,264.223624,68.581089,1.500000,3.107745,270.722929
247.013,273.666749,64.521734,-1.500000,-6.222811,270.820816
247.041,269.999400,65.171114,-1.500000,-2.448687,270.913663
247.073,266.644682,69.655247,-0.255545,1.029843,271.021326
247.109,261.241788,72.532278,1.500000,6.572346,271.142725
247.143,259.420671,67.068590,1.500000,8.530451,271.261845
247.178,267.117596,63.491825,1.500000,0.978109,271.387569
247.211,272.823567,69.842520,-1.500000,-4.591384,271.506246
247.242,258.401753,63.956394,1.500000,9.959676,271.618633
247.272,273.700197,66.390893,-1.500000,-5.213350,271.727692
247.300,268.304177,72.430915,-1.499434,0.302667,271.832039
247.333,273.585715,70.679461,-1.500000,-4.832972,271.958907
247.366,257.294657,70.567524,1.500000,11.601769,272.083849
247.398,265.288408,68.358315,1.500000,3.750529,272.207772
247.441,269.154292,70.940291,1.500000,0.080230,272.377845
247.469,275.104966,72.390459,-1.500000,-5.740818,272.490564
247.502,270.360615,72.480140,-1.500000,-0.844986,272.622286
247.540,263.620873,69.250578,1.500000,6.072615,272.776946
247.570,265.694128,71.367334,1.500000,4.143526,272.902308
247.601,275.422649,63.964252,-1.500000,-5.438457,273.029733
247.630,268.979502,66.675783,-0.480053,1.146292,273.152864
247.659,267.628463,71.007712,1.500000,2.639581,273.276560
247.690,270.297023,72.488451,1.500000,0.124029,273.409610
247.721,278.078696,71.404826,-1.500000,-7.499669,273.546980
247.754,271.197049,71.696367,-1.500000,-0.452328,273.691062
247.795,268.112870,64.755682,1.500000,2.839931,273.872001
247.829,278.203060,67.178090,-1.500000,-7.071456,274.027482
247.860,272.535318,64.951251,-1.500000,-1.244034,274.166334
247.891,265.408977,62.708557,1.500000,6.044907,274.307725
247.922,263.150022,63.607460,1.500000,8.472689,274.454531
247.951,279.393476,69.974731,-1.500000,-7.616474,274.588697
247.982,269.357195,71.079274,1.259110,2.585600,274.732866
248.014,274.050387,66.746528,-0.738638,-1.931238,274.886216
248.054,269.291002,71.342045,1.500000,3.044153,275.074048
248.089,275.378032,72.758405,-1.500000,-2.845556,275.245631
248.117,274.475888,63.507437,-1.500000,-1.789124,275.379795
248.158,270.641680,70.518928,1.250430,2.276167,275.580737
248.188,268.943644,61.376540,1.500000,4.144523,275.728841
248.213,285.401752,67.652793,-1.500000,-12.168880,275.854671
248.243,274.482791,70.532956,-1.500000,-1.075306,276.006509
248.274,269.195136,63.772666,1.500000,4.391474,276.162270
248.304,277.503187,67.423417,-1.500000,-3.738622,276.317013
248.342,277.299412,68.533996,-1.500000,-3.311214,276.511477
248.377,273.603053,65.596255,-0.784126,0.592397,276.691696
248.412,262.853621,71.880266,1.500000,11.546378,276.869565
248.450,267.703309,72.200200,1.500000,6.927900,277.070616
248.483,268.308859,63.546419,1.500000,6.523323,277.245375
248.516,269.500901,62.165266,1.500000,5.529825,277.418023
248.545,268.389216,67.259066,1.500000,6.821091,277.574180
248.574,278.447730,63.741343,-1.500000,-3.058986,277.729342
248.605,282.067711,67.720909,-1.500000,-6.487727,277.895639
248.633,281.278597,68.429991,-1.500000,-5.519474,278.051411
248.668,269.918941,74.305958,1.500000,6.060109,278.242652
248.697,275.185970,70.900816,1.500000,0.977308,278.402850
248.735,283.512832,64.119739,-1.500000,-7.110732,278.610522
248.767,280.806450,68.567812,-1.500000,-4.198883,278.789189
248.800,282.453567,65.189837,-1.500000,-5.634540,278.973067
248.837,265.566200,63.406232,1.500000,11.492277,279.181285
248.868,270.701244,67.329114,1.500000,6.553503,279.351954
248.898,273.027222,66.950764,1.500000,4.425489,279.524097
248.929,280.874197,70.763491,-1.500000,-3.220657,279.698730
248.960,278.482879,65.582624,-1.500000,-0.625022,279.876397
248.999,268.861699,62.996254,1.500000,9.253993,280.100602
249.025,276.330845,68.103881,1.500000,1.957559,280.250786
249.076,280.606204,74.664122,-0.891337,-1.978987,280.545406
249.104,281.942795,65.681499,-1.500000,-3.123630,280.712317
249.133,273.451927,65.461118,1.500000,5.561138,280.880926
249.169,278.963704,64.758947,1.500000,0.291812,281.091754
249.195,290.531209,59.987410,-1.500000,-11.094748,281.249097
249.227,289.000494,73.287957,-1.500000,-9.350701,281.434603
249.258,276.129543,72.367018,1.500000,3.732931,281.619543
249.291,291.585385,66.159390,-1.500000,-11.499502,281.813812
249.328,287.555465,60.679297,-1.500000,-7.213323,282.036645
249.363,279.289770,65.075080,0.062443,1.293006,282.245892
249.394,282.541548,71.521790,-1.500000,-1.739677,282.436409
249.424,269.854152,63.582757,1.500000,11.158152,282.619395
249.456,283.117659,69.033827,-0.415326,-1.887296,282.809011
249.491,273.413485,70.304761,1.500000,8.061485,283.021713
249.518,280.087984,60.613330,1.500000,1.579556,283.189165
249.549,276.293024,67.881008,1.500000,5.592061,283.378335
249.589,285.955743,65.597801,-1.500000,-3.786553,283.625382
249.624,284.762153,70.221345,-1.500000,-2.345215,283.840815
249.656,285.502257,67.271366,-1.500000,-2.858298,284.038225
249.690,277.025944,62.683129,1.500000,5.860923,284.249449
249.716,282.058965,73.742738,1.500000,1.011379,284.408995
249.750,287.407096,66.844293,-1.500000,-4.096736,284.617705
249.786,288.856839,62.635723,-1.500000,-5.283952,284.845988
249.816,275.744639,67.932848,1.500000,8.038904,285.029168
249.850,273.371879,74.065148,1.500000,10.657897,285.243283
249.882,286.270086,67.779857,-0.929817,-2.010832,285.442829
249.914,282.288234,69.923889,1.438380,2.204640,285.645977
249.946,288.883050,64.879109,-1.500000,-4.158759,285.847209
249.979,273.569336,66.644201,1.500000,11.394670,286.055657
250.010,292.241413,63.488898,-1.500000,-7.053518,286.250343
250.041,280.892163,63.146723,1.500000,4.520719,286.445985
250.079,292.882157,69.450482,-1.500000,-7.192989,286.686232
250.107,290.554573,69.816833,-1.500000,-4.657184,286.867295
250.147,281.709021,65.855052,1.500000,4.476396,287.117754
250.173,286.318180,68.687529,1.500000,0.057666,287.283344
250.202,283.954802,72.601422,1.500000,2.636453,287.470656
250.233,297.476610,60.561631,-1.500000,-10.663866,287.663256
250.263,289.085931,66.437914,-1.500000,-2.047803,287.859242
250.297,285.691893,72.712713,0.428499,1.595949,288.076384
250.334,286.426947,64.940152,1.500000,1.132029,288.312153
250.379,302.719552,70.500728,-1.500000,-14.831952,288.597913
250.424,289.203450,71.157436,-1.500000,-0.985174,288.885457
250.454,287.556240,71.560255,-0.430404,0.885133,289.079454
250.483,283.005082,70.669874,1.500000,5.653929,289.268705
250.513,299.433439,66.803697,-1.500000,-10.557456,289.457377
250.541,289.677000,68.753460,-1.500000,-0.594868,289.636636
250.572,284.064427,68.633736,1.500000,5.244397,289.833760
250.604,285.209025,65.544223,1.500000,4.337582,290.040527
250.637,300.437849,71.333687,-1.500000,-10.643286,290.256142
250.674,284.962529,62.870909,1.500000,5.102625,290.491439
250.709,280.368132,65.884716,1.500000,9.958606,290.718903
250.738,303.544200,65.726551,-1.500000,-13.007481,290.901495
250.773,293.208798,70.733218,-1.500000,-2.409484,291.129838
250.806,281.413031,63.895369,1.500000,9.629522,291.341350
250.834,288.666275,68.681945,1.500000,2.582488,291.520664
250.864,292.105799,72.007039,0.733452,-0.634334,291.714318
250.898,295.773243,66.050399,-1.500000,-4.051001,291.932385
250.930,286.429547,71.102155,1.500000,5.526019,292.135274
250.967,293.170826,72.166199,0.723515,-0.944806,292.370452
251.005,307.244565,69.529906,-1.500000,-14.736644,292.615584
251.031,296.219831,64.427372,-1.500000,-3.518223,292.784007
251.066,304.763360,66.742576,-1.500000,-11.803440,293.008626
251.099,291.285870,66.641193,0.808681,1.910582,293.214306
251.126,297.644594,64.879987,-1.500000,-4.243287,293.392441
251.155,284.144638,64.949074,1.500000,9.468115,293.576307
251.189,297.979733,71.731726,-1.500000,-4.116440,293.794168
251.221,284.603679,65.615996,1.500000,9.492802,293.996940
251.261,301.594070,67.601298,-1.500000,-7.211218,294.245958
251.295,292.477913,69.381824,0.741037,2.156850,294.465011
251.328,289.010956,62.645639,1.500000,5.866597,294.676133
251.354,296.106300,66.874330,0.330090,-1.044616,294.836247
251.396,299.753946,66.558173,-1.500000,-4.387481,295.101274
251.422,299.757753,62.162739,-1.500000,-4.198454,295.268956
251.452,285.191082,61.074441,1.500000,10.583589,295.456235
251.483,298.200286,72.278956,-0.794982,-2.201494,295.651124
251.512,280.801109,70.120737,1.500000,15.409271,295.835113
251.543,292.225947,71.104117,1.500000,4.207475,296.029063
251.573,290.710087,72.894969,1.500000,5.941857,296.219082
251.609,297.502238,67.575266,0.778759,-0.596839,296.439477
251.646,295.894568,59.125046,1.500000,1.281501,296.674843
251.684,300.118537,66.224185,-1.500000,-2.671648,296.910338
251.718,300.920468,66.123596,-1.500000,-3.235896,297.117019
251.753,307.664966,66.511193,-1.500000,-9.725723,297.338472
251.784,305.998685,70.423429,-1.500000,-7.844235,297.525609
251.812,298.671570,65.988417,-1.500000,-0.314405,297.701882
251.842,295.684371,67.163164,1.500000,2.882041,297.883837
251.874,291.829546,65.287324,1.500000,6.964939,298.082161
251.906,303.663447,64.445599,-1.500000,-4.643416,298.278288
251.938,306.445363,68.308989,-1.500000,-7.200447,298.473840
251.971,296.168766,66.656946,1.500000,3.308527,298.675908
252.005,293.409420,67.811283,1.500000,6.304233,298.881437
252.245,297.438804,68.407933,1.500000,3.927829,300.318811
252.274,308.389955,69.432831,-1.500000,-6.828963,300.487819
252.305,304.730525,64.009093,-1.500000,-2.956414,300.673140
252.337,295.505502,68.810439,1.500000,6.485243,300.861517
252.369,306.822364,69.740384,-1.500000,-4.619064,301.046348
252.400,293.575196,65.973736,1.500000,8.838583,301.229373
252.438,307.944402,67.608669,-1.500000,-5.281282,301.446192
252.475,298.821270,70.845917,1.500000,4.090098,301.662059
252.507,298.100079,65.528495,1.500000,5.020656,301.844118
252.533,308.977306,68.387703,-1.500000,-5.682003,301.995916
252.569,308.735553,68.049123,-1.500000,-5.201586,302.203449
252.598,299.415500,74.284808,1.500000,4.307070,302.367452
252.629,302.296547,60.886712,1.500000,1.628389,302.543422
252.661,307.253853,58.997682,-1.500000,-3.122646,302.722789
252.701,312.296051,69.849212,-1.500000,-7.904345,302.949310
252.735,294.063111,69.835721,1.500000,10.546481,303.138775
252.766,315.687055,63.989954,-1.500000,-10.880661,303.309908
252.799,300.179069,66.602286,1.500000,4.839250,303.494191
252.827,303.816743,67.294794,1.500000,1.377820,303.647446
252.859,306.832042,68.956984,-0.239689,-1.439692,303.819435
252.896,311.832322,68.731341,-1.500000,-6.204060,304.024576
252.922,311.855878,60.680981,-1.500000,-6.064073,304.166787
252.954,300.955268,63.820061,1.500000,5.031838,304.336614
252.990,303.842836,60.578952,1.500000,2.369615,304.532566
253.023,310.336824,65.733141,-1.500000,-3.922455,304.708147
253.060,309.318634,68.556786,-1.500000,-2.675766,304.906842
253.093,307.719655,62.579855,-1.500000,-0.878491,305.079274
253.125,314.246962,66.940810,-1.500000,-7.211436,305.248284
253.159,301.938288,67.560913,1.500000,5.305065,305.429002
253.186,295.988222,64.574026,1.500000,11.414617,305.567686
253.223,301.568026,60.271800,1.500000,6.052709,305.757161
253.252,297.152845,61.801471,1.500000,10.638681,305.905675
253.285,313.884217,68.444957,-1.500000,-5.894130,306.078337
253.318,303.338334,69.580620,1.500000,4.840630,306.242577
253.351,319.032890,66.036152,-1.500000,-10.656730,306.414052
253.389,310.652652,70.216802,-1.500000,-2.062526,306.600109
253.418,295.073665,70.302839,1.500000,13.685977,306.747515
253.456,315.474259,68.499564,-1.500000,-6.500761,306.933476
253.480,304.602231,65.666900,1.500000,4.511388,307.055320
253.509,302.062262,66.656333,1.500000,7.212058,307.195060
253.544,306.564202,69.179753,1.500000,2.904689,307.364253
253.568,317.213142,70.236250,-1.500000,-7.609531,307.481401
253.598,315.208828,69.111481,-1.500000,-5.437328,307.627391
253.635,308.509832,69.600323,0.269277,1.464179,307.803487
253.674,305.316327,71.095738,1.500000,4.869067,307.987300
253.703,308.914626,60.522856,1.500000,1.429124,308.125000
253.742,331.410874,65.462154,-1.500000,-20.857850,308.306978
253.782,312.169580,67.710539,-1.500000,-1.403276,308.492439
253.813,312.734856,64.282738,-1.500000,-1.806821,308.633074
253.853,308.559618,68.653951,1.500000,2.578640,308.815876
253.872,319.889305,58.334938,-1.500000,-8.649684,308.904018
253.897,306.921761,64.566580,1.500000,4.445109,309.014669
253.926,322.788394,68.856964,-1.500000,-11.269572,309.146802
253.955,307.995008,65.385946,1.500000,3.672346,309.275960
253.989,322.719972,66.002360,-1.500000,-10.883490,309.423028
254.025,309.485127,71.779845,1.197998,2.535025,309.582741
254.058,304.890505,71.307632,1.500000,7.291332,309.723337
254.081,331.709053,74.116831,-1.500000,-19.412666,309.822946
254.120,309.157505,67.819434,1.500000,3.332449,309.991264
254.156,320.105085,69.231258,-1.500000,-7.440492,310.143125
254.183,315.896436,71.250677,-1.500000,-3.103938,310.254347
254.214,303.299742,66.225875,1.500000,9.639918,310.382313
254.245,314.501263,69.479768,0.158838,-1.412126,310.512293
254.280,325.831666,65.796963,-1.500000,-12.577114,310.656132
254.311,311.632744,71.112684,0.430686,1.764886,310.780548
254.344,307.225163,74.489135,1.500000,6.325534,310.913650
254.385,323.987784,65.250015,-1.500000,-10.249126,311.077094
254.413,318.152405,68.790392,-1.500000,-4.289294,311.185314
254.444,308.019822,69.561451,1.500000,5.982943,311.306752
254.478,317.894630,70.639349,-1.500000,-3.738861,311.439799
254.505,316.057892,65.803632,-1.500000,-1.785103,311.541555
254.533,306.037108,77.381435,1.500000,8.357708,311.647667
254.565,309.608616,67.430649,1.500000,4.924855,311.768236
254.598,302.156492,69.600392,1.500000,12.516971,311.889968
254.638,306.471669,73.892571,1.500000,8.370031,312.036260
254.672,315.442431,71.068932,0.949969,-0.455148,312.162855
254.705,326.008998,66.572663,-1.500000,-10.887927,312.279192
254.732,309.730109,71.915985,1.500000,5.503398,312.376962
254.762,316.170307,68.278088,0.877933,-0.817013,312.481125
254.796,329.254383,72.443267,-1.500000,-13.762236,312.601866
254.825,334.326839,66.593627,-1.500000,-18.719886,312.701699
254.859,329.624821,68.915831,-1.500000,-13.884337,312.817813
254.899,328.925395,63.490639,-1.500000,-13.031475,312.951235
254.935,310.037244,62.897043,1.500000,5.995018,313.071532
254.970,321.206044,64.300719,-1.500000,-5.039872,313.187976
255.004,317.206742,69.644287,-1.500000,-0.913978,313.298055
255.029,309.818265,65.221047,1.500000,6.564881,313.376649
255.066,319.323175,71.402405,-1.500000,-2.804912,313.494142
255.099,304.631278,72.849164,1.500000,12.005044,313.596803
255.128,312.254874,70.496989,1.500000,4.486413,313.688075
255.157,314.966870,66.711309,1.500000,1.874597,313.775189
255.193,317.802532,65.529422,0.488802,-0.836803,313.883242
255.225,306.926720,65.535349,1.500000,10.149266,313.979118
255.263,326.156047,63.330544,-1.500000,-8.952080,314.090406
255.295,324.753882,66.417115,-1.500000,-7.445727,314.181004
255.329,322.683547,65.729430,-1.500000,-5.262837,314.278878
255.354,322.719819,70.924152,-1.500000,-5.218254,314.349187
255.389,308.668559,63.205464,1.500000,8.945348,314.446876
255.426,314.620481,67.527717,1.500000,3.108841,314.547237
255.456,311.206537,68.753018,1.500000,6.614704,314.627166
255.484,322.027118,66.809038,-1.500000,-4.119966,314.701871
255.517,311.039934,65.299917,1.500000,6.968282,314.789753
255.548,328.340510,69.358237,-1.500000,-10.240545,314.869535
255.586,313.097406,69.338813,1.500000,5.113447,314.965960
255.622,313.863319,70.329868,1.500000,4.449087,315.054267
255.653,327.222127,66.367211,-1.500000,-8.822226,315.130349
255.691,322.094830,69.698174,-1.500000,-3.588962,315.222494
255.720,322.663583,63.901950,-1.500000,-4.078151,315.291681
255.748,320.831119,69.159000,-1.500000,-2.172074,315.355691
255.778,308.978380,60.559320,1.500000,9.760726,315.425309
255.811,308.219524,66.225592,1.500000,10.604954,315.499546
255.841,317.813447,70.081252,1.500000,1.087525,315.566063
255.878,316.602871,67.033498,1.500000,2.391819,315.647556
255.911,328.701635,64.349087,-1.500000,-9.625683,315.718220
255.946,326.569326,72.723523,-1.500000,-7.409842,315.790856
255.977,327.494101,70.654892,-1.500000,-8.261828,315.854150
256.008,312.113535,71.555102,1.500000,7.192074,315.917921
256.039,321.396940,69.910325,-0.577376,-2.021407,315.978725
256.071,325.475847,66.469460,-1.500000,-6.028911,316.040813
256.100,320.076421,64.003287,-1.500000,-0.565808,316.096186
256.132,311.248045,69.524178,1.500000,8.331386,316.156027
256.167,321.652951,60.538421,-0.552636,-2.000931,316.219147
256.200,306.692949,71.946641,1.500000,13.026861,316.278095
256.233,325.966635,67.866957,-1.500000,-6.180396,316.335861
256.267,305.838471,69.479608,1.500000,14.015472,316.394733
256.302,314.216185,66.853121,1.500000,5.703800,316.452161
256.334,316.938658,62.169842,1.500000,3.041853,316.504792
256.367,306.121488,66.513430,1.500000,13.919612,316.557478
256.396,328.940021,72.361095,-1.500000,-8.846891,316.602722
256.430,329.324512,63.501566,-1.500000,-9.173143,316.653364
256.462,314.178444,60.784341,1.500000,6.027769,316.701055
256.493,325.457783,64.943414,-1.500000,-5.200089,316.745820
256.526,315.587127,67.641055,1.500000,4.722606,316.791072
256.559,334.516698,68.275180,-1.500000,-14.154212,316.836944
256.593,326.200469,66.953490,-1.500000,-5.786170,316.882000
256.626,318.778786,64.665130,0.534096,1.683340,316.923588
256.659,322.059131,67.344751,-1.090762,-1.549594,316.964814
256.691,315.680379,69.493915,1.500000,4.873034,317.002968
256.736,319.949846,73.466518,1.500000,0.663764,317.055313
256.766,324.750701,66.766555,-1.500000,-4.097983,317.089320
256.797,334.076231,70.014562,-1.500000,-13.385288,317.122560
256.831,316.247080,70.675318,1.500000,4.485888,317.159103
256.862,317.639498,67.724859,1.500000,3.128678,317.189718
256.893,330.175179,70.456584,-1.500000,-9.371767,317.220358
256.925,318.279388,69.687819,1.226886,2.558932,317.250713
256.960,324.928372,62.604055,-1.500000,-4.054727,317.281431
256.994,318.655344,64.508074,0.889405,2.252121,317.310839
257.030,321.160329,71.755620,0.916804,-0.218007,317.341149
257.056,334.035214,64.754077,-1.500000,-13.069306,317.361660
257.090,327.014917,64.126812,-1.500000,-6.019225,317.387558
257.120,324.169033,68.422918,-1.500000,-3.149171,317.408576
257.151,304.471164,65.776781,1.500000,16.573763,317.430371
257.196,323.405237,62.913077,-0.946434,-2.326833,317.459482
257.224,327.090371,68.819781,-1.500000,-5.992259,317.476619
257.255,305.339500,64.401748,1.500000,15.778723,317.494107
257.281,315.546934,63.636456,1.500000,5.587826,317.508486
257.320,318.158165,65.606788,1.500000,2.999569,317.528464
257.356,315.727702,62.507204,1.500000,5.449417,317.545321
257.387,318.736179,66.655344,1.500000,2.456130,317.558530
257.415,332.433172,64.725804,-1.500000,-11.227620,317.570045
257.446,325.013916,69.769478,-1.500000,-3.795258,317.581442
257.479,326.275223,66.960794,-1.500000,-5.043642,317.592680
257.516,317.475210,63.231327,1.500000,3.769377,317.603988
257.550,325.270517,65.990083,-1.500000,-4.015366,317.613174
257.585,328.576398,68.179439,-1.500000,-7.312015,317.621203
257.617,308.993970,67.696402,1.500000,12.277860,317.627678
257.650,322.462868,71.423648,0.433470,-1.184844,317.633064
257.675,321.484377,64.098042,0.059190,-0.202346,317.636549
257.703,316.948439,75.041123,1.500000,4.337144,317.639637
257.733,323.587321,65.186263,-1.102524,-2.298924,317.642085
257.765,315.199592,68.889387,1.500000,6.090711,317.643742
257.797,335.021673,60.244089,-1.500000,-13.730622,317.644393
257.834,320.033456,66.777580,-0.346255,1.257022,317.643894
257.866,323.560482,71.014658,-1.500000,-2.271690,317.642428
257.901,319.263158,68.285805,0.803468,2.022507,317.639709
257.935,321.740999,72.852640,0.528329,-0.459724,317.635891
257.965,320.850462,69.682862,1.009607,0.425968,317.631678
257.993,321.530500,70.882415,0.754605,-0.259474,317.626979
258.026,326.829135,68.475376,-1.500000,-5.565467,317.620581
258.057,313.661591,71.830264,1.500000,7.593861,317.613436
258.098,323.162017,64.578672,-0.453234,-1.918668,317.602912
258.132,329.460423,71.675143,-1.500000,-8.228504,317.592973
258.159,318.090801,67.247352,1.500000,3.131358,317.584486
258.197,322.362022,65.749442,0.469246,-1.155236,317.571118
258.221,337.057406,68.143376,-1.500000,-15.860922,317.562160
258.262,328.596239,73.002071,-1.500000,-7.418718,317.545670
258.288,316.538937,68.589797,1.500000,4.625849,317.534597
258.322,326.552610,71.451372,-1.500000,-5.406041,317.518756
258.350,318.901254,69.147416,0.829159,2.229778,317.505245
258.384,318.819397,69.408149,1.500000,2.291568,317.487796
258.417,322.502564,65.513369,-0.124411,-1.411877,317.470162
258.455,326.140138,65.586800,-1.500000,-5.074014,317.448803
258.487,320.728476,64.214520,-1.285733,0.315864,317.429861
258.520,321.308498,68.969884,-1.500000,-0.288075,317.409064
258.551,307.282526,63.574269,1.500000,13.715098,317.389238
258.578,312.445690,62.498733,1.500000,8.530990,317.371027
258.615,305.578369,64.543271,1.500000,15.368429,317.345042
258.641,318.281515,63.260974,1.500000,2.643711,317.326284
258.679,326.126686,69.705960,-1.500000,-5.233501,317.298422
258.709,323.528488,66.191032,-1.500000,-2.661994,317.275212
258.746,318.963421,67.182551,0.758857,1.869348,317.245886
258.778,307.374296,66.895039,1.500000,13.428702,317.219998
258.807,328.522328,66.321421,-1.500000,-7.747477,317.195523
258.843,312.205454,64.184762,1.500000,8.533137,317.163992
258.871,319.509089,67.231935,1.500000,1.201732,317.139845
258.906,332.745448,66.851635,-1.500000,-12.071583,317.107708
258.942,314.745255,68.530588,1.500000,5.889865,317.074018
258.972,336.067942,66.890019,-1.500000,-15.466098,317.045082
259.002,331.599260,65.553811,-1.500000,-11.031093,317.015797
259.037,330.464416,64.623898,-1.500000,-9.935866,316.981348
259.073,321.081719,71.160862,-1.500000,-0.595015,316.944961
259.102,317.801015,64.015622,1.500000,2.650693,316.914528
259.139,316.904209,71.290288,1.500000,3.502458,316.875363
259.168,327.058035,62.454014,-1.500000,-6.687340,316.844083
259.204,318.774942,68.376245,0.008381,1.550513,316.804743
259.239,325.023645,64.653544,-1.500000,-4.744110,316.764813
259.270,297.951092,68.334784,1.500000,22.287591,316.729290
259.298,314.524449,68.376353,1.500000,5.677359,316.697225
259.325,330.423238,64.350724,-1.500000,-10.257389,316.665956
259.356,314.210188,67.309087,1.500000,5.912935,316.628803
259.389,315.231190,69.711935,1.500000,4.845515,316.588439
259.428,312.755267,69.352780,1.500000,7.266466,316.540638
259.461,333.368612,65.125521,-1.500000,-13.393885,316.499762
259.493,328.654804,72.560451,-1.500000,-8.726492,316.459402
259.522,321.216537,68.224903,-1.500000,-1.331856,316.421462
259.555,311.713138,64.629016,1.500000,8.123041,316.379286
259.588,321.317423,74.155366,0.015502,-1.530749,316.336238
259.618,318.808278,60.801214,0.961606,0.932495,316.296324
259.650,326.934101,71.572875,-1.500000,-7.242801,316.253305
259.686,329.355407,70.211940,-1.500000,-9.719417,316.205209
259.723,307.945175,66.298808,1.500000,11.631169,316.153343
259.757,317.087011,70.620187,1.500000,2.435799,316.106791
259.790,318.452293,66.197286,1.500000,1.017774,316.060928
259.816,327.908831,69.183542,-1.500000,-8.482473,316.022920
259.856,326.091019,68.906677,-1.500000,-6.729215,315.966786
259.892,321.660857,70.249345,-1.500000,-2.359400,315.914310
259.918,313.241961,66.879988,1.500000,6.015514,315.876065
259.950,318.045591,64.934163,1.500000,1.158797,315.829903
259.982,322.126511,68.543252,-1.500000,-2.976649,315.782489
260.012,315.904094,65.932209,1.500000,3.194392,315.737814
260.043,324.372992,70.633302,-1.500000,-5.327615,315.691632
260.074,328.301804,69.059255,-1.500000,-9.309705,315.645303
260.104,309.228734,66.378269,1.500000,9.709553,315.598510
260.137,317.301545,63.929859,1.500000,1.579070,315.548361
260.176,311.444530,59.545317,1.500000,7.368199,315.489329
260.210,336.627153,63.144234,-1.500000,-17.875758,315.435996
260.243,325.841160,65.915344,-1.500000,-7.149691,315.383886
260.273,319.254211,64.866364,-1.500000,-0.616119,315.337471
260.302,327.860648,66.678471,-1.500000,-9.274701,315.292127
260.332,307.589986,65.878353,1.500000,10.940398,315.243812
260.366,318.845900,64.218554,1.409256,-0.377297,315.190090
260.403,315.636618,71.267230,1.500000,2.764824,315.131689
260.438,331.202129,66.643076,-1.500000,-12.866236,315.074690
260.468,320.770313,72.004893,-1.500000,-2.488992,315.027236
260.498,316.116048,73.283799,1.047702,2.108393,314.977775
260.536,306.617231,67.175765,1.500000,11.536330,314.916140
260.564,307.849356,63.374854,1.500000,10.252669,314.871325
260.592,318.168306,61.217211,1.354685,-0.120210,314.824431
260.628,324.928983,61.157805,-1.500000,-6.947933,314.766130
260.660,315.453311,62.570487,1.133365,2.466895,314.713222
260.692,327.580727,67.198255,-1.500000,-9.721616,314.660097
260.732,326.848981,68.168582,-1.500000,-9.064188,314.595473
260.763,312.638918,76.118662,1.500000,5.086720,314.544034
260.790,328.920837,67.541350,-1.500000,-11.246332,314.499570
260.829,321.019492,66.360382,-1.500000,-3.420620,314.433802
260.857,320.115528,64.149186,-1.500000,-2.570376,314.387088
260.886,324.309652,68.779570,-1.500000,-6.819746,314.339049
260.913,307.763021,62.897579,1.500000,9.675581,314.294437
260.945,305.573158,69.586764,1.500000,11.804618,314.241544
260.977,302.630971,71.418199,1.500000,14.684437,314.187311
261.010,316.997098,66.668769,1.500000,0.255371,314.132582
261.045,314.176738,69.030249,1.500000,3.009070,314.074616
261.083,320.519414,68.698586,-1.500000,-3.406686,314.011068
261.107,327.521113,72.167940,-1.500000,-10.455083,313.970461
261.149,318.969489,67.408420,-1.500000,-1.983693,313.900692
261.182,302.639254,68.291149,1.500000,14.283830,313.846159
261.210,323.445270,67.831170,-1.500000,-6.576518,313.798915
261.241,310.685056,70.554575,1.500000,6.124671,313.747588
261.273,306.362427,63.285285,1.500000,10.386112,313.694382
261.308,321.826563,69.378177,-1.500000,-5.144372,313.636688
261.341,317.477309,67.798970,-1.500000,-0.858412,313.581649
261.460,312.970145,63.288636,1.500000,3.423582,313.385849
261.497,320.222788,64.024166,-1.500000,-3.898398,313.325556
261.527,316.383665,58.586256,-1.500000,-0.116670,313.275648
261.554,315.612733,65.606984,-0.769587,0.604429,313.232315
261.585,303.282520,67.712194,1.500000,12.876925,313.182126
261.615,310.448437,69.640515,1.500000,5.655989,313.134283
261.651,311.899905,72.594112,1.500000,4.138234,313.076643
261.682,309.409470,70.308779,1.500000,6.570485,313.026047
261.716,305.504210,63.254916,1.500000,10.413238,312.971694
261.745,324.018949,66.310660,-1.500000,-8.154426,312.925672
261.781,313.005103,66.758244,1.500000,2.794540,312.869255
261.812,326.133448,66.579139,-1.500000,-10.391028,312.819495
261.847,330.737128,68.726847,-1.500000,-15.056314,312.765926
261.874,317.183527,65.871771,-1.500000,-1.551653,312.723368
261.902,312.926215,67.874206,1.500000,2.655442,312.679702
261.932,328.319416,66.773069,-1.500000,-12.791163,312.633263
261.970,315.018142,70.850862,-1.328518,0.444114,312.575875
262.004,306.356543,66.635452,1.500000,9.046038,312.523984
262.035,318.037966,73.282974,-1.405330,-2.689333,312.477072
262.073,314.736125,62.639625,-1.096829,0.547972,312.420954
262.101,291.272442,64.570286,1.500000,23.962556,312.378259
262.143,306.878121,67.896083,1.500000,8.286556,312.317110
262.165,317.666647,64.814906,-1.500000,-2.539545,312.284437
262.198,309.587900,66.702003,1.500000,5.484035,312.236465
262.229,317.010411,67.087952,-0.538734,-1.989427,312.192160
262.388,311.812285,69.420207,1.500000,2.951515,311.968522
262.419,313.317006,66.635541,1.500000,1.398474,311.926504
262.457,316.141704,66.024764,-0.295350,-1.485756,311.874737
262.532,315.005707,67.094198,-1.072922,-0.462678,311.776547
262.556,302.608553,63.994234,1.500000,11.898127,311.744939
262.584,318.404591,66.832373,-1.500000,-3.939651,311.708644
262.610,311.527272,70.798215,1.500000,2.899320,311.675297
262.640,334.052307,66.145856,-1.500000,-19.668267,311.638296
262.670,318.679542,63.244111,-1.500000,-4.339245,311.600258
262.693,306.433597,70.152891,1.500000,7.874432,311.572199
262.727,325.154473,72.453508,-1.500000,-10.893558,311.531231
262.760,319.588721,68.343720,-1.500000,-5.373788,311.491246
262.793,311.878870,64.724937,1.268454,2.291084,311.452134
262.821,307.823031,67.454537,1.500000,6.310381,311.420359
262.853,327.290398,68.656130,-1.500000,-13.199599,311.383304
262.899,310.882184,61.842585,1.500000,3.149678,311.332054
262.924,322.335144,70.203937,-1.500000,-8.335543,311.304001
262.961,325.624814,63.294790,-1.500000,-11.671590,311.263673
262.991,316.440128,68.657687,-1.500000,-2.523708,311.231669
263.022,301.439547,68.972728,1.500000,12.440281,311.199850
263.059,298.814799,66.419994,1.500000,15.020776,311.161369
263.102,322.838901,62.287064,-1.500000,-9.052682,311.118451
263.131,295.539416,69.666862,1.500000,18.213880,311.089823
263.157,288.280937,67.351661,1.500000,25.443430,311.064667
263.185,310.181650,66.394958,1.500000,3.512316,311.038232
263.218,305.440671,69.171158,1.500000,8.218737,311.008181
263.248,305.606513,71.600779,1.500000,8.021279,310.980689
263.277,322.353864,65.395603,-1.500000,-8.755184,310.955374
263.308,322.017042,56.855334,-1.500000,-8.449943,310.927912
263.343,334.709377,64.289099,-1.500000,-21.175495,310.899028
263.376,322.438674,69.868331,-1.500000,-8.935804,310.872060
263.407,314.473677,64.506809,-1.500000,-0.999237,310.847339
263.438,305.346998,65.928365,1.500000,8.099856,310.823351
263.469,304.992277,64.698768,1.500000,8.427615,310.799907
263.506,317.540702,64.026705,-1.500000,-4.151670,310.773071
263.539,306.584617,68.398325,1.500000,6.777453,310.749626
263.569,317.672809,68.019830,-1.500000,-4.333935,310.729456
263.603,306.017835,63.747035,1.500000,7.294910,310.706734
263.629,320.003125,65.250629,-1.500000,-6.708649,310.690849
263.667,291.258735,68.388937,1.500000,22.009017,310.667611
263.703,322.540654,67.419285,-1.500000,-9.296904,310.646739
263.738,321.181400,71.919371,-1.500000,-7.960277,310.627063
263.769,310.880672,64.357250,1.305898,2.322072,310.611082
263.796,317.043953,66.437135,-1.500000,-3.857405,310.596999
263.828,307.045455,66.535855,1.500000,6.123713,310.581885
263.858,313.540607,73.770398,1.397010,-0.387432,310.567979
263.897,314.575294,64.698937,-0.357024,-1.441188,310.551397
263.925,315.577454,67.811580,-1.500000,-2.456400,310.540048
263.965,309.799922,63.132331,1.500000,3.304228,310.525348
264.000,311.728639,76.076036,1.500000,1.361465,310.513134
264.033,310.845577,74.759093,1.500000,2.232736,310.502881
264.062,315.311495,71.832723,-1.209929,-2.242649,310.494648
264.090,320.894292,67.495985,-1.500000,-7.834004,310.487207
264.119,312.771542,68.103278,-1.196220,0.280578,310.480104
264.151,311.513980,67.670192,0.689939,1.530303,310.473290
264.191,311.052027,65.166789,1.500000,1.983908,310.466030
264.225,321.660389,68.093277,-1.500000,-8.630410,310.460852
264.257,310.512064,65.854427,1.171913,2.513437,310.456957
264.295,317.846035,71.612563,-1.500000,-4.824578,310.453441
264.339,313.355610,62.659530,-1.500000,-0.336969,310.450992
264.360,303.209358,66.923688,1.500000,9.808640,310.450433
264.392,313.943135,68.846623,0.747168,-0.925232,310.450351
264.419,318.862047,68.885785,-1.500000,-5.843417,310.450983
264.445,307.002361,63.712134,1.500000,6.017675,310.452206
264.476,317.634994,71.219589,-1.500000,-4.612280,310.454534
264.508,313.380859,66.290503,-1.500000,-0.354353,310.457831
264.540,296.687418,67.057429,1.500000,16.343856,310.461977
264.577,305.707859,68.184123,1.500000,7.330352,310.468009
264.607,311.424395,64.021362,1.500000,1.620538,310.473854
264.647,313.452419,65.047219,1.020183,-0.397040,310.482938
264.678,313.011776,74.628800,1.025899,0.053022,310.491129
264.708,334.309167,65.017312,-1.500000,-21.234614,310.499611
264.733,319.368704,62.074138,-1.500000,-6.284970,310.507595
264.763,319.117173,66.173217,-1.500000,-6.021739,310.517768
264.796,301.150121,67.006321,1.500000,11.959568,310.530164
264.834,319.113602,66.463684,-1.500000,-5.986199,310.545568
264.867,310.275079,62.018129,1.500000,2.868914,310.559994
264.909,312.645284,67.667089,1.500000,0.521405,310.579730
264.932,321.049821,67.353186,-1.500000,-7.869651,310.591452
264.964,318.102376,62.701143,-1.500000,-4.902759,310.608362
264.989,323.185775,65.591533,-1.500000,-9.970170,310.622265
265.024,307.244054,64.735525,1.500000,5.995532,310.643118
265.058,319.543271,68.259477,-1.500000,-6.279511,310.664139
265.089,304.992934,67.436920,1.500000,8.294191,310.684457
265.129,315.521342,61.572288,-0.796207,-2.202508,310.712030
265.156,320.427730,66.317074,-1.500000,-7.085666,310.732230
265.197,300.999754,67.744484,1.500000,12.377995,310.763260
265.219,306.283455,64.818675,1.500000,7.113567,310.780019
265.258,316.280977,65.631406,-1.500000,-2.847193,310.811986
265.281,302.485490,65.037226,1.500000,10.970590,310.831374
265.319,312.800640,67.670803,1.500000,0.694581,310.865409
265.351,309.435024,65.878037,1.500000,4.093549,310.894411
265.402,325.260892,69.698882,-1.500000,-11.675914,310.943459
265.420,302.059025,65.635989,1.500000,11.546641,310.961448
265.449,318.335140,69.485176,-1.500000,-4.695739,310.990784
265.482,323.399294,64.749246,-1.500000,-9.720171,311.025325
265.513,325.919183,72.064904,-1.500000,-12.201256,311.059067
265.537,319.915335,68.400461,-1.500000,-6.167922,311.084707
265.572,304.147000,72.837002,1.500000,9.647278,311.125460
265.605,310.869019,63.451580,1.500000,2.968783,311.163306
265.633,316.486271,63.619109,-1.500000,-2.609806,311.196926
265.674,312.904454,69.370994,-0.619300,1.031054,311.248268
265.700,306.979854,69.209864,1.500000,6.993118,311.280845
265.733,306.979437,66.456913,1.500000,7.043125,311.323967
265.769,309.450046,73.465251,1.500000,4.628511,311.372658
265.799,316.722230,63.225944,-1.500000,-2.596037,311.414081
265.834,314.887790,68.322644,-1.500000,-0.705205,311.463117
265.862,305.503997,72.062372,1.500000,8.725163,311.503617
265.892,319.050063,66.335792,-1.500000,-4.770554,311.547400
265.925,305.071288,70.723446,1.500000,9.264970,311.596746
265.963,308.950475,65.550414,1.500000,5.453256,311.655418
265.994,323.860369,67.715433,-1.500000,-9.402284,311.702683
266.035,319.742400,66.440855,-1.500000,-5.207045,311.769874
266.056,319.251538,69.003130,-1.500000,-4.676426,311.804445
266.089,305.700852,69.759752,1.500000,8.936661,311.858707
266.127,312.016330,69.235341,1.500000,2.695629,311.923442
266.156,322.804052,72.631503,-1.500000,-8.033997,311.973960
266.198,318.688251,73.244667,-1.500000,-3.833216,312.047857
266.228,312.699135,67.038224,1.182246,2.219740,312.103369
266.256,314.188399,63.662483,1.500000,0.787950,312.153347
266.294,320.107995,68.038035,-1.500000,-5.048703,312.225472
266.316,309.498330,68.684532,1.500000,5.608308,312.266642
266.346,312.714146,66.982702,1.500000,2.459199,312.324648
266.377,312.476015,70.066218,1.500000,2.768305,312.386365
266.409,326.238530,62.185032,-1.500000,-10.920871,312.450138
266.446,315.933804,66.459869,-1.500000,-0.529235,312.525713
266.488,322.765859,65.280180,-1.500000,-7.262458,312.611652
266.510,317.771585,64.800317,-1.500000,-2.214445,312.658382
266.541,315.076336,64.827718,-0.829037,0.555229,312.723100
266.579,313.256161,66.884336,1.500000,2.471572,312.806724
266.604,301.315282,62.976907,1.500000,14.473732,312.860012
266.638,309.489952,63.184126,1.500000,6.386378,312.935939
266.668,318.599580,73.361404,-1.500000,-2.644529,313.004392
266.701,320.244155,70.890081,-1.500000,-4.203587,313.078754
266.741,298.816221,65.261367,1.500000,17.333095,313.173318
266.774,302.605460,65.904282,1.500000,13.633835,313.251561
266.805,315.563171,65.401220,1.500000,0.759278,313.323868
266.835,319.925536,66.516356,-1.500000,-3.517766,313.398061
267.140,315.261819,70.122776,0.615381,2.052859,314.186676
267.169,343.674556,68.729555,-1.500000,-26.270454,314.264437
267.196,313.218376,69.322489,1.500000,4.273386,314.340662
267.227,315.938836,67.769595,1.500000,1.653145,314.427810
267.252,339.309620,61.382089,-1.500000,-21.637848,314.497193
267.280,328.134507,67.003320,-1.500000,-10.370950,314.577006
267.307,332.830137,62.973210,-1.500000,-14.975434,314.656264
267.336,327.798038,67.342909,-1.500000,-9.846133,314.740787
267.367,312.692191,63.145228,1.500000,5.362656,314.830302
267.398,319.130317,70.811998,0.694055,-0.969187,314.922721
267.432,315.068550,64.562381,1.500000,3.209373,315.024281
267.464,318.218953,65.177870,1.500000,0.170773,315.121501
267.499,331.636086,67.377077,-1.500000,-13.124495,315.227470
267.531,335.698343,66.453583,-1.500000,-17.072346,315.326954
267.565,331.912188,63.478169,-1.500000,-13.166723,315.430839
267.597,317.579838,68.541976,0.047954,1.281015,315.531177
267.628,319.749454,64.783216,-0.701924,-0.776494,315.628661
267.659,310.516436,63.744805,1.500000,8.569744,315.727113
267.692,315.283835,64.271509,1.500000,3.926106,315.834732
267.724,324.395819,64.597506,-1.500000,-5.064853,315.939970
267.758,312.602837,66.140736,1.500000,6.854575,316.049924
267.792,316.396503,66.009505,1.500000,3.191090,316.163124
267.826,328.639455,69.829525,-1.500000,-8.919853,316.277915
267.859,319.986634,66.002582,-1.500000,-0.141032,316.387480
267.890,322.537716,65.118156,-1.500000,-2.570340,316.493371
267.920,308.384854,73.535811,1.500000,11.699213,316.594841
267.967,307.346385,60.493517,1.500000,12.924048,316.756898
267.997,320.692089,68.105831,1.135020,-0.302002,316.860945
268.024,311.027671,73.009571,1.500000,9.471946,316.956188
268.054,330.132979,68.805923,-1.500000,-9.511154,317.062456
268.080,327.998630,66.151638,-1.500000,-7.273045,317.152683
268.107,320.781566,63.071372,-1.432627,0.055706,317.249802
268.137,314.294433,66.239606,1.500000,6.667699,317.358376
268.164,314.122148,71.155112,1.500000,6.951285,317.455159
268.198,326.823909,64.356831,-1.500000,-5.605866,317.580907
268.231,314.663191,75.372897,1.500000,6.692876,317.700928
268.264,333.700859,65.835993,-1.500000,-12.206871,317.820859
268.297,321.410332,65.511849,-1.500000,0.223686,317.942625
268.327,316.591191,65.151319,1.500000,5.175085,318.057631
268.361,322.255195,67.844378,1.447935,-0.345287,318.182529
268.396,326.695425,68.794495,-1.500000,-4.632166,318.315877
268.427,322.064195,68.394024,-1.500000,0.136586,318.435462
268.461,314.393176,67.766859,1.500000,7.954965,318.563601
268.492,317.237576,66.886523,1.500000,5.248915,318.683905
268.522,319.580809,67.299378,1.500000,3.039060,318.799886
268.554,329.860544,73.595269,-1.500000,-7.094552,318.926949
268.587,323.031663,65.588364,-1.500000,-0.118208,319.055178
268.620,322.468585,66.133987,-0.783898,0.592586,319.183626
268.652,322.563852,61.853376,0.083517,0.645663,319.312622
268.684,318.549382,59.674214,1.500000,4.806269,319.439697
268.716,320.065224,77.010469,1.500000,3.437952,319.567979
268.751,328.911386,65.400833,-1.500000,-5.249231,319.706222
268.786,326.377171,64.811506,-1.500000,-2.549530,319.850123
