time,left,front,u,Xi,desired
0.061,366.104610,69.983902,1.500000,4.835198,372.852173
0.091,359.151671,70.805016,1.500000,12.090988,373.188301
0.121,374.625237,64.992305,-1.500000,-3.083557,373.520177
0.151,382.003119,63.746205,-1.500000,-10.170825,373.842723
0.178,378.283699,68.489162,-1.500000,-6.184326,374.139149
0.209,345.562090,63.583875,1.500000,26.839059,374.474083
0.239,356.656515,64.656182,1.500000,16.030034,374.790842
0.271,361.622739,68.806190,1.500000,11.372182,375.133097
0.303,365.722570,67.006924,1.500000,7.573359,375.467180
0.334,365.446361,61.029286,1.500000,8.148834,375.799329
0.367,375.145370,67.686948,-0.011609,-1.250937,376.131446
0.401,376.195851,70.896381,-1.500000,-1.988793,376.478422
0.434,370.254489,62.976970,1.500000,4.259695,376.819294
0.469,381.588087,67.768055,-1.500000,-6.762700,377.164691
0.500,393.055965,68.579758,-1.500000,-17.948033,377.478283
0.534,385.669634,66.734421,-1.500000,-10.261788,377.811150
0.565,388.658313,70.223485,-1.500000,-12.979989,378.111348
0.600,388.708987,63.081826,-1.500000,-12.729539,378.445559
0.631,354.533721,67.036078,1.500000,21.716996,378.746633
0.663,367.007315,66.630592,1.500000,9.512818,379.045652
0.698,375.665536,74.617327,1.500000,1.152916,379.376750
0.731,368.693539,60.854482,1.500000,8.395806,379.677408
0.769,373.188591,75.631238,1.500000,4.208563,380.019039
0.799,382.344311,74.717739,-1.500000,-4.702615,380.290451
0.831,389.464184,62.581231,-1.500000,-11.566085,380.575026
0.859,391.136076,64.710681,-1.500000,-13.012020,380.825811
0.891,398.131684,70.790797,-1.500000,-19.758159,381.102691
0.921,380.356083,69.137237,-1.500000,-1.751213,381.359456
0.953,367.779380,69.748253,1.500000,11.067844,381.628439
0.986,373.889271,69.848811,1.500000,5.213925,381.912538
1.019,374.675315,75.589123,1.500000,4.667706,382.178714
1.051,375.328465,64.985534,1.500000,4.249729,382.439727
1.087,408.674318,65.313575,-1.500000,-28.831195,382.733765
1.118,389.791258,67.788001,-1.500000,-9.728234,382.977829
1.151,393.785051,61.255140,-1.500000,-13.489226,383.236210
1.182,362.398904,68.911054,1.500000,18.118394,383.482017
1.213,373.168510,63.592224,1.500000,7.555516,383.711461
1.246,359.648302,63.236302,1.500000,21.300328,383.960743
1.279,378.862645,64.780148,1.500000,2.307150,384.206210
1.310,378.392016,65.870624,1.500000,2.985278,384.436509
1.349,382.338346,67.113985,0.636072,-0.714924,384.709681
1.378,406.318614,62.788780,-1.500000,-24.508911,384.916429
1.413,407.459987,70.217988,-1.500000,-25.432900,385.157699
1.446,395.525421,67.242525,-1.500000,-13.291046,385.387764
1.479,404.255305,65.290823,-1.500000,-21.824533,385.605740
1.509,378.119269,65.511919,1.500000,4.493215,385.807418
1.539,417.425701,74.647332,-1.500000,-34.639464,386.000262
1.568,395.300916,67.732854,-1.500000,-12.345911,386.187575
1.598,407.548847,69.656078,-1.500000,-24.425466,386.374452
1.631,390.031792,64.794841,-1.500000,-6.725621,386.577326
1.663,379.402982,67.381350,1.500000,4.077115,386.770362
1.695,377.414200,63.885732,1.500000,6.239039,386.962530
1.731,387.731564,66.069052,-1.500000,-3.891959,387.169374
1.762,349.277332,68.417211,1.500000,34.721638,387.346249
1.794,385.482721,76.480172,0.268610,-1.321280,387.526571
1.827,393.398537,68.225031,-1.500000,-9.076904,387.704365
1.857,371.993958,66.372588,1.500000,12.473226,387.865909
1.891,393.538669,61.623086,-1.500000,-8.911135,388.043878
1.922,364.237189,70.100449,1.500000,20.533092,388.202309
1.954,376.723158,67.626524,1.500000,8.187749,388.358387
1.987,371.931726,60.745545,1.500000,13.127169,388.522637
2.021,391.684542,64.297183,-1.500000,-6.481231,388.682921
2.055,392.078619,62.609969,-1.500000,-6.734595,388.839094
2.087,380.514368,66.273197,1.500000,4.960847,388.984701
2.119,362.115383,68.065567,1.500000,23.482243,389.120562
2.151,386.594110,64.418244,0.445005,-0.873049,389.257559
2.182,416.305759,60.997507,-1.500000,-30.467691,389.387423
2.214,400.493427,65.246766,-1.500000,-14.539616,389.515884
2.249,377.503583,70.448248,1.500000,8.570734,389.649630
2.283,376.919851,73.639046,1.500000,9.269751,389.777582
2.318,384.626063,62.549443,1.500000,1.677668,389.904251
2.348,400.701435,69.266607,-1.500000,-14.301440,390.011092
2.382,377.749402,64.502821,1.500000,8.753273,390.125055
2.412,395.777772,70.755480,-1.500000,-9.186184,390.223738
2.443,411.432890,67.546874,-1.500000,-24.754390,390.320200
2.474,411.309614,63.442136,-1.500000,-24.545891,390.414788
2.507,404.369777,70.287695,-1.500000,-17.521581,390.508542
2.538,377.390418,64.076928,1.500000,9.537138,390.596621
2.572,401.470708,67.180759,-1.500000,-14.463666,390.684841
2.605,389.072582,72.149533,-1.500000,-1.990948,390.767629
2.640,370.374171,62.200464,1.500000,16.783112,390.851591
2.671,379.179095,68.752756,1.500000,8.040903,390.921197
2.702,400.957140,66.835083,-1.500000,-13.676149,390.988892
2.734,371.603997,62.016906,1.500000,15.734367,391.052569
2.771,389.682689,69.332526,-0.891621,-2.281471,391.122328
2.802,408.004850,60.559681,-1.500000,-20.554476,391.176885
2.834,377.407013,68.640136,1.500000,10.089416,391.228001
2.862,372.508439,64.406118,1.500000,15.025612,391.269757
2.894,392.081512,65.718380,-1.500000,-4.506832,391.314850
2.927,392.658565,68.164717,-1.500000,-5.047274,391.355484
2.959,384.643545,68.944245,1.500000,3.001167,391.392577
2.991,366.506656,69.662089,1.500000,21.166638,391.424299
3.022,394.267613,70.955090,-1.500000,-6.569524,391.451819
3.056,371.975343,63.040335,1.500000,15.745967,391.477591
3.090,373.800771,70.598800,1.500000,13.939345,391.498464
3.123,395.354370,65.544602,-1.500000,-7.600058,391.514220
3.154,388.011136,69.864736,-1.500000,-0.246806,391.525338
3.186,369.209389,68.861975,1.500000,18.561858,391.533016
3.218,380.105700,67.619614,1.500000,7.668628,391.536435
3.251,368.928212,66.138730,1.500000,18.845499,391.535750
3.284,400.425819,67.524667,-1.500000,-12.656666,391.530691
3.316,398.280354,69.358662,-1.500000,-10.519309,391.521693
3.351,393.562435,64.135941,-1.500000,-5.814257,391.507412
3.383,383.510151,65.360637,1.500000,4.222272,391.489926
3.414,392.746960,63.061051,-1.500000,-5.033460,391.468923
3.446,380.846623,65.541912,1.500000,6.843615,391.443105
3.479,354.508435,68.559598,1.500000,33.154523,391.412829
3.510,387.215364,69.327158,1.500000,0.417977,391.379956
3.543,374.835393,68.593610,1.500000,12.763117,391.341298
3.574,385.377155,64.882726,1.500000,2.184676,391.300589
3.608,401.093028,62.122387,-1.500000,-13.575271,391.251672
3.643,420.127946,66.473927,-1.500000,-32.660053,391.196330
3.679,405.913131,70.252641,-1.500000,-18.500867,391.134589
3.713,403.320535,63.597525,-1.500000,-15.964443,391.072244
3.747,416.761860,67.713102,-1.500000,-29.466974,391.004313
3.779,410.369710,68.937172,-1.500000,-23.135389,390.937093
3.809,382.146737,62.733310,1.500000,5.025695,390.868405
3.839,380.178597,63.200929,1.500000,6.930986,390.798648
3.870,404.339925,68.224720,-1.500000,-17.301604,390.719557
3.904,395.150582,65.785211,-1.500000,-8.191389,390.631735
3.935,383.037182,70.645909,1.500000,3.844308,390.545494
3.966,373.912946,69.558776,1.500000,12.889169,390.457397
4.001,397.008114,64.564391,-1.500000,-10.299567,390.353548
4.034,389.282888,66.786766,-1.500000,-2.667303,390.250372
4.066,368.367266,65.495972,1.500000,18.153673,390.145326
4.098,363.909516,61.758056,1.500000,22.513060,390.036156
4.131,365.128728,64.410455,1.500000,21.188816,389.919582
4.163,389.145094,68.260896,-1.500000,-2.930070,389.805798
4.194,373.902153,71.292626,1.500000,12.207385,389.688721
4.227,408.912739,63.674021,-1.500000,-22.918331,389.560941
4.262,391.424492,65.861787,-1.500000,-5.557109,389.419959
4.294,376.227373,62.912202,1.500000,9.518659,389.285274
4.331,375.751372,66.346559,1.500000,9.852612,389.127618
4.362,402.538473,64.459147,-1.500000,-17.061148,388.987043
4.697,389.865413,59.816542,-1.500000,-5.937194,387.267724
4.731,394.452638,67.396566,-1.500000,-10.705338,387.066926
4.761,394.001457,65.278769,-1.500000,-10.414589,386.888865
4.791,373.624626,69.093621,1.500000,9.800181,386.708998
4.819,383.878156,69.596268,1.125087,-0.612471,386.532392
4.848,376.416429,61.046050,1.500000,6.685487,386.350628
4.878,357.565655,67.227255,1.500000,25.361891,386.157099
4.910,381.211900,68.460304,1.500000,1.529213,385.950181
4.941,382.680464,65.008578,1.343526,-0.129445,385.739200
4.975,392.365114,70.096177,-1.500000,-10.017534,385.513407
5.010,389.398962,68.536213,-1.500000,-7.271730,385.268847
5.045,390.438966,70.399289,-1.500000,-8.535924,385.020025
5.074,379.152533,67.662334,1.500000,2.566253,384.815523
5.107,366.782806,63.744524,1.500000,14.719515,384.575273
5.139,387.761312,66.386410,-1.500000,-6.472653,384.338135
5.170,390.063722,61.146239,-1.500000,-8.986464,384.103505
5.202,363.637059,67.689630,1.500000,17.220761,383.859955
5.234,403.321313,70.017450,-1.500000,-22.686586,383.612350
5.267,390.374686,64.582235,-1.500000,-9.974963,383.351524
5.300,379.827166,66.286166,-1.097571,0.332994,383.085638
5.338,378.584875,67.665548,0.524886,1.302128,382.782467
5.373,385.657807,63.547624,-1.500000,-6.031019,382.493660
5.404,345.814765,64.259232,1.500000,33.578135,382.234073
5.437,374.386806,64.457439,1.500000,4.748742,381.948443
5.470,365.537534,74.967039,1.500000,13.343682,381.666167
5.501,370.123039,65.162432,1.500000,8.512881,381.393918
5.534,373.796336,62.864641,1.500000,4.581015,381.106938
5.565,372.228035,67.990136,1.500000,5.899515,380.829689
5.598,382.569214,66.768891,-1.500000,-4.717661,380.523366
5.631,415.488882,62.913165,-1.500000,-37.906062,380.225105
5.665,380.150736,64.390453,-1.500000,-2.855057,379.906414
5.700,372.713682,67.334365,1.500000,4.288161,379.580292
5.757,379.612031,67.186871,-1.500000,-3.104526,379.031637
5.791,386.811732,64.384758,-1.500000,-10.600122,378.703230
5.821,363.861972,69.614225,1.500000,12.084281,378.408716
5.850,388.790744,70.078643,-1.500000,-13.108286,378.115935
5.878,387.305797,64.058049,-1.500000,-11.880639,377.830364
5.909,381.705599,67.036612,-1.500000,-6.561237,377.518715
5.938,358.774429,67.945698,1.500000,16.103791,377.223330
5.970,381.759205,61.628336,-1.500000,-7.180579,376.890817
6.003,355.273063,61.820515,1.500000,18.990339,376.540956
6.034,369.001101,68.956617,1.500000,4.972422,376.219227
6.067,365.987555,64.914538,1.500000,7.668410,375.866777
6.100,383.946645,68.762066,-1.500000,-10.614905,375.506926
6.134,368.355161,68.795923,1.500000,4.643801,375.137582
6.167,371.554982,64.296597,1.500000,1.116785,374.774437
6.198,380.157704,65.674331,-1.500000,-7.803274,374.422230
6.230,370.843196,68.227581,-0.431083,1.186820,374.062171
6.263,361.778245,67.596691,1.500000,9.921639,373.695764
6.298,371.239951,70.857892,1.500000,0.093363,373.288916
6.332,385.368295,70.793851,-1.500000,-14.388018,372.897089
6.363,372.377663,66.738849,-1.500000,-1.722779,372.535942
6.394,365.893107,67.462122,1.500000,4.437909,372.176489
6.426,392.508728,65.757194,-1.500000,-22.524252,371.791871
6.458,393.855714,70.100226,-1.500000,-24.211137,371.414625
6.491,377.893824,67.771105,-1.500000,-8.605934,371.018746
6.526,363.574238,72.978500,1.500000,5.324610,370.586957
6.557,380.876163,69.297483,-1.500000,-12.323795,370.202406
6.590,372.619380,62.856742,-1.500000,-4.427288,369.802544
6.621,365.926694,70.154492,0.819250,1.919329,369.418450
6.653,351.226996,66.103213,1.500000,16.247167,369.005730
6.686,351.468893,69.414154,1.500000,15.632060,368.591513
6.718,366.130209,62.889134,1.500000,0.602614,368.182933
6.751,365.192590,64.440416,1.500000,1.155514,367.755942
6.787,371.952310,65.657945,-1.500000,-6.013927,367.301202
6.817,378.873905,67.002285,-1.500000,-13.295253,366.901945
6.848,357.345365,68.962703,1.500000,7.864620,366.492768
6.877,354.836685,62.584521,1.500000,10.027360,366.108818
6.908,372.803269,65.551255,-1.500000,-8.311523,365.695611
6.943,366.326883,68.787155,-1.500000,-2.248642,365.236671
6.975,374.709305,67.253770,-1.500000,-11.030106,364.793784
7.008,368.362863,70.022792,-1.500000,-5.079381,364.354586
7.042,323.858629,67.510372,1.500000,38.999122,363.882077
7.074,369.845013,71.568905,-1.500000,-7.383157,363.442682
7.107,355.120495,67.683309,1.500000,6.930975,362.987204
7.138,352.882184,68.365168,1.500000,8.776695,362.551475
7.168,358.406207,73.574160,1.500000,2.880182,362.138056
7.198,353.398774,67.815296,1.500000,7.499060,361.706809
7.230,365.720254,63.542764,-1.500000,-5.221867,361.263471
7.262,354.611760,68.490269,1.500000,5.474156,360.805678
7.295,374.491415,69.364101,-1.500000,-14.842406,360.320764
7.330,372.397729,65.081457,-1.500000,-13.193804,359.826775
7.362,354.910850,63.149035,1.500000,3.863794,359.350326
7.394,360.068675,59.612814,-0.199593,-1.708758,358.890030
7.426,373.740869,62.622837,-1.500000,-15.813930,358.409478
7.456,353.227477,68.804324,1.500000,4.305150,357.971838
7.490,363.324504,57.991302,-1.500000,-6.241747,357.472539
7.522,366.105254,65.194792,-1.500000,-9.455071,356.992434
7.555,371.759758,70.293746,-1.500000,-15.552183,356.501193
7.590,356.638029,67.167863,-1.500000,-0.917335,355.960814
7.624,329.532971,65.446872,1.500000,25.733233,355.456387
7.653,334.765278,60.070399,1.500000,20.096458,355.007477
7.686,347.105030,66.793925,1.500000,7.297141,354.497416
7.715,338.545282,67.535220,1.500000,15.458981,354.055786
7.746,360.219774,66.547322,-1.500000,-6.653350,353.569838
7.778,344.051532,72.197064,1.500000,9.071717,353.077968
7.810,340.728815,71.673452,1.500000,11.946879,352.581237
7.842,373.052103,67.033829,-1.500000,-20.835166,352.072072
7.879,346.184083,70.921504,1.500000,5.516684,351.499187
7.916,351.272419,65.063395,1.500000,-0.098535,350.914411
7.948,363.902350,68.086296,-1.500000,-13.197007,350.394387
7.978,371.376903,69.453604,-1.500000,-21.091824,349.927946
8.007,377.985456,65.095830,-1.500000,-28.131339,349.449631
8.043,333.223301,61.592123,1.500000,16.121771,348.884652
8.074,354.957989,77.231200,-1.500000,-6.078035,348.368428
8.110,362.652949,71.760003,-1.500000,-14.299456,347.784122
8.143,346.389168,66.650444,0.300322,1.489871,347.257535
8.175,349.451768,59.730465,-1.500000,-2.046325,346.731902
8.207,358.137514,66.647694,-1.500000,-11.206885,346.204915
8.238,329.165009,70.467158,1.500000,17.302220,345.690598
8.270,325.697379,66.114062,1.500000,20.299126,345.168151
8.300,342.493709,66.081577,1.500000,3.049208,344.664725
8.334,332.181739,67.663140,1.500000,12.857407,344.105600
8.365,342.868420,71.951347,1.500000,1.697914,343.580836
8.400,357.836309,67.587352,-1.500000,-13.803248,342.988969
8.434,338.506663,66.700898,1.500000,5.019751,342.426653
8.467,351.077343,58.256223,-1.500000,-8.051019,341.871613
8.498,342.446506,68.743717,-1.500000,0.098099,341.336964
8.529,357.569497,68.525238,-1.500000,-15.498980,340.810784
8.563,358.989276,73.725210,-1.500000,-17.439221,340.233135
8.595,336.366456,64.187581,1.500000,4.689351,339.684580
8.626,339.814293,66.197345,1.500000,0.755145,339.144770
8.660,335.530904,66.172636,1.500000,4.521674,338.571118
8.693,333.052453,67.814758,1.500000,6.482124,337.996201
8.727,351.735712,69.472586,-1.500000,-12.726968,337.412590
8.759,355.916248,70.940541,-1.500000,-17.406328,336.858957
8.790,357.120692,63.832370,-1.500000,-19.105627,336.309728
8.821,336.277081,61.483545,0.023204,1.260532,335.779815
8.852,335.664141,67.243200,1.500000,1.376901,335.228681
8.886,335.112746,69.777591,1.500000,1.400467,334.642856
8.919,337.181106,65.351254,0.047370,-1.202126,334.049922
8.952,338.868617,61.208147,-1.500000,-3.399521,333.484013
8.986,330.437074,70.069418,1.500000,4.481323,332.872805
9.017,344.162893,68.873489,-1.500000,-9.740341,332.322477
9.048,339.047972,74.646648,-1.500000,-5.109420,331.785296
9.082,323.140585,67.057624,1.500000,10.250594,331.177779
9.112,346.966794,71.426011,-1.500000,-14.060666,330.639432
9.146,343.606168,59.056114,-1.500000,-11.248362,330.030862
9.177,324.379486,68.933787,1.500000,7.476493,329.473894
9.211,324.730402,63.128000,1.500000,6.580932,328.869405
9.247,338.708800,66.447836,-1.500000,-7.982882,328.219664
9.278,332.379530,66.211929,-1.500000,-2.149531,327.669256
9.310,313.832467,71.588936,1.500000,15.881736,327.096784
9.342,329.198219,68.633466,1.500000,-0.008111,326.515102
9.372,331.588015,67.192684,-1.500000,-2.888578,325.970518
9.402,319.795367,73.556202,1.500000,8.416106,325.428938
9.434,324.186980,67.911165,1.500000,3.505931,324.853397
9.467,337.056118,64.576488,-1.500000,-9.900946,324.256573
9.498,328.349678,69.350441,-1.500000,-1.705884,323.689006
9.534,328.108593,61.275786,-1.500000,-2.052578,323.036643
9.568,309.884127,71.768347,1.500000,15.615478,322.419095
9.601,315.950413,69.753244,1.500000,9.002078,321.811865
9.630,310.390597,68.280502,1.500000,14.083036,321.280392
9.660,327.546573,62.758217,-1.500000,-3.566307,320.732814
9.690,322.384502,68.993856,-0.540374,1.096372,320.178550
9.730,326.807524,63.701981,-1.500000,-3.990925,319.441286
9.762,315.313289,64.224215,1.500000,6.985940,318.867069
9.796,311.389136,69.932257,1.500000,10.351154,318.246716
9.826,318.157820,68.597443,1.500000,3.083071,317.692442
9.855,332.007105,59.519370,-1.500000,-11.254335,317.150688
9.888,326.534939,69.243272,-1.500000,-6.326504,316.546543
9.916,317.848740,73.192113,0.782472,1.888892,316.024009
9.948,328.902277,64.945397,-1.500000,-9.694936,315.435450
9.981,313.063243,64.745273,1.500000,5.594006,314.824915
10.013,322.614533,68.945558,-1.500000,-4.485476,314.238687
10.045,305.897518,63.221022,1.500000,11.696297,313.644635
10.083,321.515408,64.576275,-1.500000,-4.543388,312.954517
10.116,313.663075,64.296330,1.459719,2.751621,312.335956
10.149,316.733859,67.569350,0.780371,-0.860359,311.735295
10.184,312.395817,64.096367,1.500000,2.890887,311.084023
10.216,325.657252,70.402600,-1.500000,-10.901830,310.494364
10.246,321.047594,69.229946,-1.500000,-6.791450,309.940226
10.278,304.948585,65.587883,1.500000,8.774210,309.348274
10.308,329.076814,70.805188,-1.500000,-15.856519,308.790560
10.342,316.841891,67.560986,-1.500000,-4.191238,308.158327
10.374,313.068933,71.164240,-1.500000,-0.952913,307.564950
10.407,306.217240,65.463508,1.500000,5.356790,306.963407
10.442,309.333260,69.574187,1.500000,1.647451,306.304896
10.475,305.525437,68.954066,1.500000,4.915262,305.705549
10.507,315.791547,68.893340,-1.500000,-5.887849,305.109543
10.540,307.820391,67.709693,-0.004730,1.539663,304.506164
10.567,313.970672,70.668376,-1.500000,-5.074933,303.990832
10.598,310.694628,72.042802,-1.500000,-2.305283,303.428796
10.631,296.461221,63.190810,1.500000,11.378575,302.818864
10.663,285.998741,61.592114,1.500000,21.310588,302.230110
10.698,290.643468,65.241534,1.500000,16.088980,301.589843
10.734,304.246418,65.056755,1.500000,1.882259,300.919729
10.768,304.862186,60.650330,1.500000,0.698004,300.288779
10.800,309.536559,70.388565,-1.500000,-4.511036,299.695364
10.834,312.338688,71.034051,-1.500000,-7.877170,299.069388
10.868,314.090912,70.057503,-1.500000,-10.181634,298.456469
10.898,307.788879,64.711927,-1.500000,-4.380344,297.900704
10.929,313.132164,70.240127,-1.500000,-10.240832,297.326673
10.960,290.002334,60.917648,1.500000,12.378923,296.760552
10.994,290.464754,65.587725,1.500000,11.361524,296.144593
11.025,289.944998,72.860683,1.500000,11.364108,295.570595
11.058,303.258103,70.721754,-1.498547,-2.481505,294.979576
11.095,292.702369,73.562377,1.500000,7.470654,294.309681
11.126,303.457226,67.337981,-1.500000,-3.804625,293.732077
11.158,293.795788,66.365817,1.500000,5.333998,293.151816
11.191,306.802654,65.099113,-1.500000,-8.214739,292.550405
11.230,291.182064,61.458348,1.500000,6.764673,291.838776
11.261,291.604391,66.270697,1.500000,5.848623,291.290803
11.291,302.827982,67.602033,-1.500000,-5.864143,290.747879
11.318,307.611288,69.808848,-1.500000,-11.093934,290.252335
11.348,302.144851,65.431880,-1.500000,-6.112402,289.714151
11.378,288.585601,66.334766,1.500000,6.969303,289.184133
11.408,296.385086,71.259456,0.270625,-1.319612,288.640925
11.443,285.700898,64.065797,1.500000,8.801986,288.016519
11.474,294.122926,60.767048,1.494982,-0.127962,287.452791
11.509,307.866807,67.427520,-1.500000,-14.434062,286.828796
11.542,301.342283,59.983553,-1.500000,-8.434883,286.245728
11.573,294.224378,70.355521,-1.500000,-1.817604,285.690093
11.607,286.781171,62.130659,1.500000,5.089338,285.094905
11.638,299.304163,72.685854,-1.500000,-7.937664,284.535516
11.668,279.472685,71.298673,1.500000,11.409641,283.998143
11.700,290.197190,67.682784,1.500000,0.186596,283.444823
11.735,295.591638,64.845818,-1.500000,-5.758847,282.833287
11.767,288.873536,70.000590,-1.333197,0.440242,282.257246
11.800,289.615390,69.575248,-1.500000,-0.822960,281.678613
11.836,270.636797,61.928566,1.500000,17.604084,281.066460
11.867,281.078132,68.101941,1.500000,6.672314,280.522138
11.898,286.013472,71.254499,1.500000,1.248964,279.980507
11.930,286.969935,68.775959,1.250811,-0.206175,279.427036
11.962,291.945585,62.930795,-1.500000,-5.687824,278.865440
11.998,289.067499,63.644857,-1.500000,-3.356886,278.258172
12.030,290.307263,64.910181,-1.500000,-5.092902,277.707393
12.250,290.333471,65.228054,-1.500000,-8.490918,273.965098
12.279,276.099815,62.545184,1.500000,5.305658,273.479991
12.308,278.266186,68.250204,1.500000,2.704202,272.997101
12.340,280.366769,71.781552,1.500000,0.125885,272.466875
12.367,284.186728,63.434238,-1.500000,-4.093794,272.023234
12.398,276.727103,70.159960,1.500000,2.896889,271.502766
12.431,284.005834,66.419463,-1.500000,-4.864850,270.966686
12.463,275.547859,69.549756,1.500000,3.119021,270.440488
12.493,280.865600,71.416891,-1.339363,-2.652016,269.937385
12.526,275.335217,67.529942,1.209687,2.395573,269.401543
12.560,279.124010,64.308444,-0.756562,-1.884006,268.856830
12.595,283.219231,64.373083,-1.500000,-6.499205,268.279718
12.630,270.733691,61.540824,1.500000,5.488550,267.727237
12.661,276.210604,65.047750,1.325816,-0.446351,267.218927
12.694,284.275842,70.264150,-1.500000,-8.986324,266.692029
12.726,276.126131,65.499199,-1.500000,-1.291068,266.187639
12.758,271.905119,74.524019,1.489466,2.473990,265.681587
12.790,267.369874,66.673691,1.500000,6.554821,265.177243
12.821,279.695655,68.079064,-1.500000,-6.207553,264.692678
12.854,274.294459,66.252815,-1.500000,-1.267822,264.180507
12.890,261.314188,64.654605,1.500000,11.211123,263.624097
12.927,269.871283,68.918662,1.500000,2.126486,263.038589
12.958,273.729356,68.418527,-1.096640,-2.148893,262.575430
12.991,275.830970,67.642521,-1.500000,-4.704494,262.071561
13.023,271.230359,66.052659,-1.500000,-0.544740,261.582264
13.052,274.401220,69.428665,-1.500000,-4.119799,261.133653
13.086,263.823129,64.863048,1.500000,5.996462,260.621078
13.118,265.278771,66.272223,1.500000,4.105262,260.137661
13.151,271.621104,68.963396,-1.500000,-2.673028,259.653803
13.186,274.741586,69.092703,-1.500000,-6.265579,259.129864
13.218,258.592836,68.978418,1.500000,9.466504,258.667414
13.251,261.286733,66.521160,1.500000,6.329911,258.176075
13.282,259.480488,67.294432,1.500000,7.726648,257.721572
13.314,268.463825,70.054061,-0.526105,-1.676726,257.255382
13.346,257.819976,64.566981,1.500000,8.559788,256.803290
13.377,267.632398,69.802070,-0.257674,-1.658705,256.352600
13.409,259.944807,66.867291,1.500000,5.612747,255.890737
13.446,272.063711,68.687355,-1.500000,-6.970724,255.375124
13.481,275.420612,66.220073,-1.500000,-10.775290,254.878271
13.513,262.230810,65.682281,0.927292,2.008743,254.427917
13.545,266.159068,63.776043,-1.500000,-2.316640,253.987157
13.579,262.254288,65.617379,-0.381290,1.170328,253.523436
13.608,269.409846,62.398532,-1.500000,-6.347953,253.120858
13.642,257.991735,66.516106,1.500000,4.650177,252.654729
13.674,255.108787,70.050907,1.500000,7.144453,252.223352
13.706,263.845353,58.115018,-0.887577,-1.975875,251.797423
13.743,255.650395,70.364631,1.500000,5.773073,251.302406
13.775,267.442639,67.017519,-1.500000,-6.405922,250.873159
13.806,261.037662,66.267568,-1.500000,-0.370090,250.463453
13.838,258.121341,65.607032,1.125824,2.173045,250.049263
13.868,256.303548,67.237895,1.500000,3.645568,249.666056
13.899,261.568590,64.602474,-0.857218,-1.988449,249.256538
13.929,262.356855,66.805715,-1.500000,-3.119747,248.875814
13.963,259.794308,62.839551,-1.500000,-0.942000,248.448733
13.998,252.838514,73.243985,1.500000,5.619636,248.011266
14.029,253.179234,64.224455,1.500000,4.920795,247.613795
14.064,256.949826,67.764815,1.500000,0.769930,247.191738
14.099,258.690504,65.383766,-0.141669,-1.358572,246.761300
14.130,258.768732,70.364646,-1.500000,-1.779525,246.380917
14.160,259.479663,66.486228,-1.500000,-2.814227,246.021572
14.190,250.223616,70.875574,1.500000,6.112212,245.655747
14.223,260.170943,64.704911,-1.500000,-4.192006,245.259641
14.254,250.380618,66.934782,1.500000,5.272177,244.897663
14.286,257.020329,65.670298,-0.192193,-1.702634,244.525744
14.320,254.936583,65.532148,-0.365433,0.027066,244.132796
14.354,254.316085,59.324132,-0.031972,0.293371,243.739684
14.391,250.681845,58.547157,1.500000,3.553042,243.323960
14.421,260.802710,65.408193,-1.500000,-6.876847,242.980981
14.453,260.093901,73.028414,-1.500000,-6.485590,242.628536
14.487,253.326613,67.201649,-1.500000,-0.053864,242.256103
14.518,245.154756,63.723678,1.500000,7.813235,241.917859
14.549,243.388605,65.143543,1.500000,9.272941,241.577743
14.582,249.976495,65.427590,1.500000,2.367535,241.225339
14.613,258.046987,65.538374,-1.500000,-5.997208,240.898757
14.646,246.267166,70.309741,1.500000,5.471571,240.553537
14.681,251.262147,62.444901,1.500000,0.143107,240.183412
14.715,251.668450,66.634646,0.803692,-0.576205,239.836010
14.748,255.646660,64.528271,-1.500000,-4.850254,239.507665
14.786,260.650888,69.688335,-1.500000,-10.196744,239.127796
14.816,249.855469,65.829685,-1.102582,0.328847,238.828320
14.846,249.490815,67.260894,-0.540437,0.425133,238.530465
14.879,247.959758,72.173535,1.500000,1.668481,238.211142
14.906,251.266729,70.835036,-0.507769,-1.867125,237.957385
14.937,250.744134,67.353334,-1.500000,-1.613581,237.658772
14.967,250.595519,74.444958,-1.500000,-1.716510,237.379588
14.997,234.396504,59.891963,1.500000,14.230416,237.099800
15.029,248.601810,63.277730,1.500000,-0.239054,236.806610
15.063,242.321401,69.270468,1.500000,5.770282,236.505752
15.098,239.089140,61.873202,1.500000,8.721467,236.193793
15.130,249.261914,72.657076,-0.558282,-1.703355,235.914049
15.162,247.714461,72.371230,-1.301710,-0.407930,235.634330
15.195,248.789041,65.957726,-1.500000,-1.735861,235.353141
15.226,248.927223,66.982755,-1.500000,-2.107552,235.093974
15.257,242.502408,68.613569,1.500000,4.083431,234.834449
15.290,239.051414,66.428691,1.500000,7.289775,234.562918
15.322,243.308502,67.159749,1.500000,2.796168,234.300411
15.356,250.315594,70.834431,-1.500000,-4.451095,234.033850
15.390,247.652742,66.168587,-1.500000,-2.026128,233.769826
15.421,243.433750,66.654444,0.888175,1.976370,233.529545
15.454,245.610691,65.203793,0.663168,-0.426770,233.278492
15.486,242.966318,65.662811,1.500000,2.005103,233.042642
15.526,248.095687,65.790547,-1.500000,-3.391461,232.746089
15.552,242.150020,66.703501,1.020463,2.388099,232.561731
15.586,246.192392,69.338684,-0.932309,-1.869973,232.322330
15.618,244.771624,68.368855,-1.500000,-0.651718,232.097565
15.650,240.992958,69.048137,1.500000,2.928111,231.876880
15.682,248.140518,68.870477,-1.500000,-4.411507,231.663719
15.713,241.376946,60.497643,0.753352,2.167042,231.458366
15.746,245.883341,68.181921,-1.500000,-2.529490,231.247337
15.778,238.228890,58.149612,1.500000,4.940739,231.042874
15.811,239.523476,62.394265,1.500000,3.460726,230.837073
15.847,237.162877,72.941985,1.500000,5.623651,230.617678
15.878,246.384202,64.096777,-1.500000,-3.765703,230.431186
15.909,242.778136,66.376670,-1.500000,-0.322290,230.250662
15.941,249.146630,60.079669,-1.500000,-6.852620,230.071044
15.974,246.121646,64.190252,-1.500000,-3.995199,229.885069
16.006,231.196025,65.044456,1.500000,10.776170,229.713868
16.043,243.587767,67.228034,-0.301493,-1.793090,229.516845
16.077,235.127647,71.054782,1.500000,6.504777,229.336763
16.110,236.986048,63.679153,1.500000,4.500231,229.174560
16.142,238.554111,66.433053,1.500000,2.788648,229.015271
16.175,252.620147,65.853559,-1.500000,-11.420851,228.856044
16.204,237.850414,63.428137,1.500000,3.227750,228.721602
16.235,242.662678,72.351950,-0.202065,-1.710804,228.581436
16.266,255.114814,69.536990,-1.500000,-14.285118,228.445834
16.298,247.170264,65.427155,-1.500000,-6.464026,228.308810
16.330,244.266148,65.840448,-1.500000,-3.681829,228.173495
16.364,237.035491,77.072894,1.500000,3.424310,228.035296
16.398,240.668555,70.152461,1.469932,-0.327082,227.903965
16.429,233.397408,62.537728,1.500000,6.837928,227.786167
16.461,245.153172,68.575578,-1.500000,-5.022554,227.669942
16.495,244.874725,64.298985,-1.500000,-4.851253,227.551024
16.526,238.217858,68.664406,0.567125,1.710673,227.445651
16.558,248.369796,64.799238,-1.500000,-8.532466,227.344428
16.589,242.084911,69.195746,-1.500000,-2.335925,227.246377
16.626,233.465437,70.648717,1.500000,6.183668,227.135521
16.660,234.291006,70.252191,1.500000,5.270632,227.038444
16.694,235.320868,67.309595,1.500000,4.159576,226.948329
16.727,237.973481,65.029629,1.500000,1.430991,226.864009
16.759,242.772868,69.362222,-1.500000,-3.438691,226.785990
16.790,243.303320,66.291866,-1.500000,-4.034336,226.713633
16.820,236.150784,69.125109,1.500000,3.058095,226.646925
16.849,247.165066,70.567637,-1.500000,-8.009662,226.587574
16.882,236.546358,68.588543,1.218577,2.552055,226.524320
16.913,241.559213,66.225805,-1.485568,-2.511758,226.467764
16.945,235.321714,62.913714,1.500000,3.677130,226.413811
16.981,246.632165,71.979764,-1.500000,-7.683168,226.358488
17.015,237.131932,63.145283,0.279226,1.774662,226.311425
17.048,237.858305,65.477545,1.500000,1.011582,226.270684
17.082,239.518689,64.990713,0.822059,-0.683997,226.231623
17.114,245.651895,65.190439,-1.500000,-6.845138,226.200618
17.147,243.462507,72.676754,-1.500000,-4.681490,226.172050
17.177,231.610118,69.412255,1.500000,7.151357,226.150360
17.205,235.740358,61.691527,1.500000,3.005439,226.132960
17.237,239.449802,71.121516,0.632391,-0.717971,226.117460
17.270,244.772360,63.748476,-1.500000,-6.050972,226.105869
17.302,240.104652,70.068848,-1.500000,-1.389696,226.098730
17.334,239.780605,64.378005,-1.500000,-1.068263,226.095830
17.368,230.564963,67.047576,1.500000,8.148742,226.097342
17.401,243.246333,70.602074,-1.500000,-4.527389,226.103156
17.433,234.955726,68.297753,1.500000,3.772360,226.113303
17.464,229.987897,66.790440,1.500000,8.752559,226.127032
17.498,235.597072,66.890675,1.500000,3.160835,226.146401
17.529,234.532186,69.255118,1.500000,4.245446,226.168294
17.562,243.280731,68.974263,-1.500000,-4.478071,226.196071
17.598,245.315619,70.507332,-1.500000,-6.481953,226.230484
17.630,245.236754,69.276752,-1.500000,-6.370717,226.266411
17.662,244.929409,66.814642,-1.500000,-6.027326,226.306418
17.694,231.667637,70.166269,1.500000,7.273617,226.349894
17.726,235.139170,72.190276,1.500000,3.845115,226.397652
17.757,246.428702,67.618997,-1.500000,-7.399249,226.447783
17.792,236.423701,68.312911,1.351575,2.662122,226.510347
17.829,245.014184,67.834332,-1.500000,-5.864156,226.581607
17.858,240.615988,65.629140,-1.500000,-1.413662,226.639652
17.890,234.046644,62.833608,1.500000,5.217698,226.708482
17.920,228.203452,76.451142,1.500000,11.122546,226.776912
17.949,230.249173,69.554105,1.500000,9.140145,226.847190
17.982,240.373172,70.040896,0.402541,-0.908191,226.931166
18.013,239.176698,71.852582,0.707521,0.362915,227.013999
18.046,247.169979,66.884058,-1.500000,-7.548301,227.105081
18.082,238.668433,68.522801,-0.502073,1.048227,227.210500
18.115,246.606118,69.503598,-1.500000,-6.797555,227.312501
18.146,237.540688,65.551836,1.224272,2.355060,227.409265
18.178,237.972234,68.962415,1.500000,2.019250,227.515521
18.207,240.830783,70.846107,0.629788,-0.747905,227.616957
18.237,247.678260,66.403864,-1.500000,-7.498734,227.724225
18.270,244.388754,67.725158,-1.500000,-4.101359,227.843945
18.302,241.733217,68.711182,-1.500000,-1.337500,227.964169
18.334,241.844522,72.000813,-1.500000,-1.333535,228.092105
18.368,235.948194,67.910544,1.500000,4.687318,228.230313
18.402,238.349431,66.100883,1.500000,2.412807,228.370964
18.434,239.257995,67.009734,1.500000,1.630111,228.510662
18.466,240.530747,69.717131,1.500000,0.486817,228.654344
18.498,249.746219,72.765186,-1.500000,-8.598206,228.799127
18.529,244.202633,67.965813,-1.500000,-2.921650,228.946707
18.562,240.138029,68.888888,0.051498,1.283948,229.103194
18.598,236.404842,70.848591,1.500000,5.179582,229.283489
18.630,248.682364,71.952021,-1.500000,-6.952267,229.445168
18.662,249.410204,65.483492,-1.500000,-7.528316,229.613638
18.694,243.311172,65.542686,-1.500000,-1.276553,229.783151
18.727,242.038191,68.480881,-1.310615,0.156682,229.961014
18.759,229.149570,64.913789,1.500000,13.204611,230.137825
18.789,233.041951,68.574506,1.500000,9.471181,230.314242
18.821,238.034822,69.817699,1.500000,4.643291,230.497351
18.854,242.003420,68.682619,1.500000,0.850824,230.692834
18.890,237.444648,72.273425,1.500000,5.607145,230.912090
18.925,241.305164,64.202111,1.500000,1.944379,231.131569
18.958,249.687976,71.478308,-1.500000,-6.253467,231.336858
18.990,247.165397,73.156968,-1.500000,-3.545366,231.542764
19.020,246.249208,66.943222,-1.500000,-2.450578,231.740987
19.053,242.586866,64.603525,0.201299,1.407921,231.958698
19.087,242.725326,62.920951,1.500000,1.477995,232.190146
19.117,236.886825,66.042829,1.500000,7.507423,232.402051
19.149,246.731907,63.536449,-1.081021,-2.135967,232.625904
19.186,251.918881,62.702107,-1.500000,-7.086820,232.887971
19.220,244.601006,67.371384,-0.997267,0.458216,233.140091
19.252,242.201965,66.378452,1.500000,3.072568,233.379060
19.286,245.477485,69.791600,1.500000,0.025035,233.632097
19.317,248.020084,68.856086,-1.282309,-2.302550,233.870736
19.348,241.862389,70.145027,1.500000,4.070057,234.109263
19.382,245.360568,64.556092,1.500000,0.812322,234.376127
19.416,256.470560,58.657433,-1.500000,-10.054333,234.646201
19.446,254.202380,65.240615,-1.500000,-7.561405,234.895643
19.482,244.135955,65.485856,1.500000,2.773100,235.193180
19.514,257.922096,66.851646,-1.500000,-10.775018,235.457357
19.546,249.750838,68.301291,-1.500000,-2.363341,235.724192
19.578,246.244034,70.592098,0.179537,1.389911,235.997720
19.607,247.381645,64.877976,0.967906,0.483281,236.254080
19.638,248.758274,63.176975,0.277426,-0.650810,236.523268
19.671,246.919826,59.624363,1.500000,1.450090,236.814557
19.702,257.145050,65.528682,-1.500000,-8.523835,237.093468
19.734,248.704842,71.787816,-1.500000,0.184946,237.391551
19.767,249.506321,66.880643,-1.500000,-0.343817,237.694232
19.802,245.758495,71.967404,1.500000,3.701182,238.024059
19.838,251.480547,65.314317,-0.212240,-1.719224,238.358849
19.871,250.767563,63.573476,-1.288532,-0.718268,238.678463
19.904,251.993568,66.131039,-1.500000,-1.656627,238.997714
19.938,242.535568,68.678533,1.500000,8.096529,239.325301
19.969,237.026272,67.603726,1.500000,13.886768,239.637115
20.001,248.086062,68.589339,1.500000,3.109226,239.950374
20.030,250.217624,66.811929,1.500000,1.246368,240.248604
20.064,256.102607,67.243061,-1.500000,-4.326987,240.594473
20.093,254.414214,67.726694,-1.500000,-2.367067,240.895834
20.126,247.711433,63.064105,1.500000,4.641620,241.235353
20.159,254.831286,74.398441,-0.747081,-2.161852,241.586497
20.194,244.440378,74.682656,1.500000,8.558285,241.951902
20.226,259.372503,66.828525,-1.500000,-6.062918,242.296987
20.259,250.396029,70.492506,1.500000,3.230755,242.649039
20.290,252.141660,61.252620,1.500000,1.797596,242.995845
20.320,264.759353,69.066206,-1.500000,-10.524681,243.323721
20.352,261.612857,67.747096,-1.500000,-7.064263,243.672136
20.387,250.840695,72.991255,1.500000,4.066462,244.070096
20.421,263.715245,68.362550,-1.500000,-8.459995,244.456438
20.454,257.270030,71.075328,-1.500000,-1.679977,244.828027
20.486,243.892386,66.865753,1.500000,12.034952,245.202373
20.516,252.427315,65.503200,1.500000,3.809149,245.545465
20.546,258.903818,63.213087,-1.342342,-2.352233,245.895211
20.578,256.284450,73.954236,-0.948890,0.611931,246.277892
20.609,254.230979,68.431222,1.500000,2.994018,246.642615
20.641,254.628927,66.546965,1.500000,2.942147,247.026719
20.674,261.165574,64.876835,-1.500000,-3.232918,247.428031
20.708,254.249369,74.278532,1.500000,4.055658,247.841317
20.742,262.523365,61.242852,-1.500000,-3.853722,248.245996
20.778,261.976114,72.362293,-1.500000,-2.902992,248.693809
20.812,251.718145,63.620056,1.500000,7.732979,249.113345
20.846,255.370508,63.174727,1.500000,4.474374,249.550369
20.878,258.144010,68.179877,1.500000,2.065491,249.955050
20.909,264.476487,65.320070,-1.500000,-3.913003,250.347929
20.942,267.594925,65.096687,-1.500000,-6.655468,250.765212
20.972,266.241104,65.793737,-1.500000,-4.958491,251.146074
21.003,265.984021,57.370287,-1.500000,-4.336624,251.550940
21.035,257.304065,65.913515,1.500000,4.722256,251.971499
21.065,260.252589,64.258338,1.500000,2.130585,252.367562
21.097,262.549641,67.781153,1.500000,0.206699,252.781731
21.129,264.722512,63.714535,-0.401615,-1.573700,253.217327
21.164,268.851536,70.393382,-1.500000,-5.284938,253.681019
21.197,262.110561,68.212295,0.612586,1.858959,254.128212
21.230,265.436914,68.149342,-0.426329,-1.072584,254.566404
21.262,259.789425,68.214446,1.500000,4.967859,255.002535
21.294,268.840584,71.581118,-1.500000,-3.689658,255.439430
21.325,260.748137,71.831688,1.500000,4.794280,255.873937
21.359,263.185388,68.500222,1.500000,2.782419,256.346068
21.394,280.169737,71.825158,-1.500000,-13.768771,256.826821
21.430,277.401956,71.162030,-1.500000,-10.550801,257.326476
21.463,273.411924,81.838159,-1.500000,-6.144059,257.788974
21.493,266.397982,102.842752,0.027042,1.263709,258.226072
21.526,259.224500,106.055441,1.500000,8.856845,258.691837
21.556,245.204275,107.610658,1.500000,23.261351,259.118341
21.590,228.347564,108.402035,1.500000,40.552732,259.600773
21.622,221.279024,111.885009,1.500000,48.042791,260.068607
21.653,209.816647,119.826959,1.500000,59.913817,260.522157
21.687,198.745440,116.212217,1.500000,71.428066,261.013880
21.719,202.179674,115.775659,1.500000,68.416678,261.483188
21.751,192.331365,124.381664,1.500000,78.692201,261.957343
21.786,179.809037,129.262600,1.500000,91.675812,262.469310
21.817,172.122991,127.486288,1.500000,99.776578,262.929599
21.850,172.929304,132.908028,1.500000,99.412764,263.420719
21.882,172.510042,138.308121,1.500000,100.265951,263.902323
21.914,160.952838,141.569906,1.500000,112.250898,264.377065
21.946,151.931645,134.125673,1.500000,121.711916,264.865218
21.982,152.645851,131.317730,1.500000,121.490122,265.411735
22.016,151.477343,124.610607,1.500000,123.121534,265.925502
22.046,149.167692,137.786781,1.500000,125.841852,266.381292
22.077,148.344142,134.445538,1.500000,127.104452,266.868584
22.108,147.503014,135.516329,1.500000,128.371276,267.341054
22.141,147.890275,128.832910,1.500000,128.449737,267.857948
22.174,157.477993,124.698367,1.500000,119.318188,268.364241
22.205,165.133523,116.115464,1.500000,112.098058,268.847482
22.237,167.587554,112.294064,1.500000,110.092489,269.345220
22.272,172.095171,108.070358,1.500000,106.075457,269.889710
22.308,173.955518,102.402136,1.500000,104.731528,270.462870
22.343,176.026304,103.088868,1.500000,103.149789,271.005652
22.378,187.678405,86.479391,1.500000,92.011245,271.575638
22.411,194.750635,66.711267,1.500000,85.400417,272.087739
22.445,205.614377,79.609820,1.500000,75.035023,272.640843
22.478,199.462468,93.934964,1.500000,81.651492,273.156448
22.507,215.893854,77.863506,1.500000,65.643241,273.626077
22.538,221.663818,88.999574,1.500000,60.330316,274.133335
22.570,229.928258,70.268750,1.500000,52.526518,274.644590
22.602,234.776946,88.791508,1.500000,48.143702,275.161651
22.638,232.399944,73.919848,1.500000,51.043931,275.742370
22.671,243.767101,79.817986,1.500000,40.159457,276.278089
22.702,252.111799,93.082368,1.500000,32.274126,276.787930
22.733,261.282406,73.028871,1.500000,23.551230,277.284835
22.764,271.423422,95.389760,1.500000,13.880859,277.807193
22.797,277.056677,71.047099,1.500000,8.732144,278.344974
22.830,290.264727,81.396258,-1.500000,-3.990342,278.883890
22.863,284.024656,64.081424,1.454248,2.747093,279.435904
22.898,307.918675,81.134286,-1.500000,-20.633590,280.005644
22.930,317.525672,73.273667,-1.500000,-29.763057,280.535645
22.962,313.229758,60.201509,-1.500000,-24.978562,281.077909
22.995,319.211340,63.273900,-1.500000,-30.471908,281.619790
23.026,330.123608,69.657131,-1.500000,-40.925370,282.129011
23.057,336.484236,66.736390,-1.500000,-46.812249,282.654814
23.090,334.039548,67.505087,-1.500000,-43.866739,283.210665
23.121,338.447997,64.655640,-1.500000,-47.806885,283.730425
23.155,343.323203,70.949276,-1.500000,-52.167559,284.301492
23.193,360.464306,64.074181,-1.500000,-68.739653,284.933023
23.226,360.550733,68.487375,-1.500000,-68.319959,285.494754
23.258,383.580424,66.038741,-1.500000,-90.868282,286.029014
23.289,373.387758,64.275330,-1.500000,-80.191524,286.566297
23.321,365.831695,64.892429,-1.500000,-72.149506,287.105648
23.352,365.849792,61.704112,-1.500000,-71.705111,287.618958
23.386,359.774849,65.567423,-1.500000,-65.107586,288.198960
23.417,374.066160,66.201347,-1.500000,-78.919103,288.731472
23.451,367.393635,70.499102,-1.500000,-71.721583,289.314153
23.486,364.544123,64.741953,-1.500000,-68.345216,289.898898
23.518,347.300534,61.221877,-1.500000,-50.603926,290.451286
23.550,343.937438,73.080650,-1.500000,-46.754619,290.990921
23.582,327.143304,68.686951,-1.500000,-29.460713,291.545606
23.612,317.575013,68.026156,-1.500000,-19.430633,292.058136
23.643,294.806793,63.426959,1.500000,3.811954,292.584625
23.673,308.268611,66.524451,-1.500000,-9.176251,293.110278
23.705,300.006201,61.993173,-1.500000,-0.423070,293.654973
23.737,285.304690,58.187649,1.500000,14.772371,294.203176
23.770,299.251180,63.241092,1.500000,1.328605,294.761138
23.804,286.012714,68.360254,1.500000,15.102592,295.355501
23.837,282.531362,65.026256,1.500000,19.093864,295.921449
23.870,287.143819,69.843509,1.500000,14.998132,296.494951
23.904,284.930481,67.803600,1.500000,17.726815,297.066921
23.938,293.395485,68.787888,1.500000,9.797074,297.660998
23.970,296.337555,67.242335,1.500000,7.356804,298.217935
23.999,298.703164,60.593120,1.500000,5.435379,298.710925
24.029,306.715524,65.124016,-1.047275,-2.108039,299.231392
24.062,299.168454,77.706209,1.500000,5.940479,299.787939
24.093,314.981565,64.062076,-1.500000,-9.380439,300.334213
24.129,318.623402,67.806169,-1.500000,-12.463175,300.954747
24.164,309.581587,64.819737,-1.500000,-2.885545,301.549436
24.197,311.880090,62.071339,-1.500000,-4.667557,302.122678
24.229,294.399892,66.487266,1.500000,13.307836,302.672284
24.260,304.545893,66.507998,1.500000,3.649894,303.213970
24.290,308.321558,70.903053,1.500000,0.331515,303.721502
24.319,323.001008,68.086667,-1.500000,-13.900929,304.217624
24.352,310.459500,69.582637,-1.500000,-0.840060,304.794052
24.386,298.690358,72.839613,1.500000,11.453943,305.376583
24.419,311.414783,69.611076,0.951391,-0.756220,305.947351
24.451,306.546287,65.452623,1.500000,4.614381,306.504626
24.485,310.840508,60.641930,1.500000,0.847588,307.090007
24.517,321.894260,69.810983,-1.500000,-9.710165,307.640505
24.547,321.282728,71.320467,-1.500000,-8.642499,308.146758
24.577,315.031004,68.127084,-1.500000,-1.919110,308.670249
24.610,312.463101,67.032426,-0.099889,1.158662,309.236141
24.641,313.477852,64.960098,0.816782,0.617614,309.761894
24.674,317.601876,63.424347,-1.500000,-3.000820,310.323037
24.709,310.960121,63.948414,1.500000,4.189050,310.931378
24.745,314.569049,67.029176,1.500000,1.131066,311.542858
24.776,326.946131,66.882758,-1.500000,-10.765926,312.075700
24.810,310.350028,70.582415,1.500000,6.347985,312.650402
24.841,325.455733,70.245570,-1.500000,-8.279289,313.181402
24.874,319.947702,70.675146,-1.500000,-2.271381,313.736206
24.905,329.561196,67.825449,-1.500000,-11.404896,314.268924
24.938,322.994778,60.516967,-1.500000,-4.334099,314.828723
24.969,313.000390,69.378573,1.500000,6.137032,315.357848
25.003,310.077698,60.652341,1.500000,9.581663,315.937138
25.037,307.028718,63.699730,1.500000,13.148226,316.511591
25.069,310.445913,66.924354,1.500000,10.215889,317.049725
25.101,323.231174,67.515809,-1.022833,-2.087812,317.584197
25.133,316.727744,65.799492,1.500000,4.904905,318.127246
25.165,331.036292,68.396106,-1.500000,-8.916060,318.668403
25.198,321.611414,66.114362,-0.651051,1.004777,319.218859
25.229,320.308396,69.408125,1.500000,2.773992,319.736279
25.262,329.628036,72.257191,-1.500000,-6.050398,320.285946
25.297,321.473376,63.521452,1.307961,2.626028,320.865043
25.328,317.295447,67.005716,1.500000,7.278572,321.391809
25.362,336.497527,66.087714,-1.500000,-11.420096,321.950534
25.393,324.315940,66.747871,-0.383882,1.225882,322.465951
25.424,327.309801,67.380914,-1.500000,-1.300060,322.985283
25.457,318.720279,58.589184,1.500000,7.776674,323.526030
25.489,330.916003,69.742491,-1.500000,-3.943835,324.053460
25.525,324.910401,69.959632,1.269315,2.594046,324.644225
25.558,327.951563,62.529220,1.500000,0.035474,325.179841
25.590,342.138081,62.057408,-1.500000,-13.668860,325.715007
25.621,336.968321,66.310287,-1.500000,-8.054412,326.208556
25.651,326.117101,66.864179,1.500000,3.237241,326.697383
25.681,335.117923,68.489243,-1.500000,-5.315686,327.194492
25.714,324.428665,62.457338,1.500000,5.845401,327.718164
25.746,337.801058,64.122023,-1.500000,-7.056010,328.240897
25.782,331.626665,68.953317,-1.500000,-0.364568,328.814758
25.816,321.457601,66.623536,1.500000,10.306221,329.371612
25.848,326.272302,68.118908,1.500000,5.954736,329.885725
25.882,339.117254,63.566604,-1.500000,-6.398084,330.431931
25.915,330.660274,71.327575,1.188163,2.526885,330.951342
25.945,337.620808,65.892467,-1.500000,-4.005672,331.426343
25.977,316.887750,66.035887,1.500000,17.185935,331.935277
26.009,338.485285,63.906121,-1.500000,-3.960337,332.436125
26.041,336.230347,66.205212,-1.500000,-1.249913,332.941659
26.073,333.362264,72.750293,1.004541,2.072674,333.446102
26.107,314.840206,63.203020,1.500000,21.075580,333.979785
26.142,335.866957,64.556119,1.500000,0.534896,334.519259
26.174,330.465832,68.820249,1.500000,6.381358,335.013530
26.206,342.092992,64.128656,-1.500000,-4.799043,335.509377
26.238,337.083128,67.797435,-1.062298,0.664435,336.012833
26.267,335.487859,69.784999,1.500000,2.651686,336.447885
26.296,347.264456,72.664789,-1.500000,-8.718078,336.899420
26.329,336.660723,71.303942,0.961938,2.339665,337.403316
26.362,343.669506,70.224997,-1.500000,-4.222543,337.898960
26.397,355.442471,68.464234,-1.500000,-15.520798,338.425831
26.434,344.380903,67.937263,-1.500000,-3.959069,338.980948
26.468,333.107673,70.770376,1.500000,7.783249,339.501578
26.501,333.098495,68.638603,1.500000,8.237328,339.995364
26.534,334.869805,64.527062,1.500000,6.900084,340.477124
26.567,334.389104,67.928015,1.500000,7.823940,340.968972
26.598,356.372246,65.170206,-1.500000,-13.749290,341.423924
26.628,344.033801,71.740315,-1.500000,-1.004375,341.875057
26.659,340.393925,68.560090,1.500000,3.040519,342.324577
26.693,338.791126,69.933734,1.500000,5.090137,342.820492
26.726,339.784567,68.703063,1.500000,4.521938,343.292459
26.760,349.660194,68.254037,-1.500000,-4.910209,343.784666
26.793,356.662910,69.635353,-1.500000,-11.481154,344.263880
26.825,354.975952,64.455894,-1.500000,-9.387427,344.715344
26.856,354.727248,59.903879,-1.500000,-8.746133,345.151070
26.890,363.014402,68.937295,-1.500000,-16.590936,345.642026
26.922,329.723418,68.177333,1.500000,17.097276,346.082901
26.953,342.041327,65.929127,1.500000,5.176747,346.523945
26.990,354.749953,70.122128,-1.500000,-7.069217,347.037443
27.025,346.026060,69.198022,0.657907,2.088052,347.518437
27.057,332.220184,64.669896,1.500000,16.293161,347.961537
27.090,352.399310,61.564507,-1.500000,-3.482392,348.409454
27.119,339.675837,71.835156,1.500000,9.607300,348.815912
27.152,351.545875,68.639264,-0.393751,-1.869441,349.252424
27.185,336.982656,67.367546,1.500000,13.105227,349.709082
27.218,352.026720,67.036479,-0.136256,-1.544888,350.146318
27.255,361.625333,68.236544,-1.500000,-10.701288,350.637120
27.298,344.928255,69.397295,1.500000,6.511172,351.209131
27.335,354.328065,70.413745,-1.103921,-2.457168,351.688010
27.368,352.476259,63.075738,-1.500000,-0.218057,352.117871
27.399,355.218227,68.581980,-1.500000,-2.593266,352.524929
27.433,329.510117,63.195227,1.500000,23.506878,352.960039
27.466,350.009098,72.366193,1.500000,3.386871,353.380654
27.500,350.579956,66.748289,1.500000,3.203296,353.810491
27.532,361.979633,65.263472,-1.500000,-7.826382,354.221143
27.556,346.841795,66.384463,1.500000,7.579498,354.518638
27.581,357.449688,69.486026,-1.450414,-2.743921,354.834370
27.609,352.573914,72.945569,1.138051,2.439381,355.175688
27.636,359.341359,65.570678,-1.500000,-4.020147,355.517438
27.665,367.743457,69.302382,-1.500000,-12.110047,355.863940
27.698,355.262429,62.675369,-0.608626,0.737638,356.270884
27.730,334.795867,69.084541,1.500000,21.554709,356.659907
27.763,336.290173,68.301962,1.500000,20.418432,357.057275
27.799,353.570614,69.532779,1.500000,3.521019,357.482390
27.839,361.918847,64.454922,-1.500000,-4.401096,357.955328
27.876,369.140369,66.474431,-1.500000,-11.230009,358.391077
27.905,358.040385,63.886855,-1.293388,0.170939,358.725110
27.938,334.281443,71.488771,1.500000,24.273442,359.106421
27.969,356.631291,69.516067,1.500000,2.250592,359.469348
27.997,361.810525,67.939173,-1.500000,-2.644185,359.785061
28.030,351.361654,63.938585,1.500000,8.137311,360.154234
28.063,352.592412,71.566526,1.500000,7.244320,360.529114
28.104,369.459218,68.269276,-1.500000,-9.216207,360.980035
28.137,368.641168,64.644680,-1.500000,-8.077670,361.335735
28.166,365.625253,70.723102,-1.500000,-4.770131,361.659403
28.198,356.613657,66.038536,1.500000,4.550930,362.002871
28.225,352.839658,63.865269,1.500000,8.583937,362.290339
28.253,371.278993,62.993401,-1.500000,-9.586617,362.588653
28.284,347.585762,62.616330,1.500000,14.399744,362.913991
28.316,355.257682,64.897069,1.500000,7.026765,363.245779
28.347,369.165645,70.842396,-1.500000,-6.592755,363.565916
28.386,365.920887,63.805734,-1.500000,-2.985296,363.968470
28.421,359.026864,65.839661,1.500000,4.233416,364.328835
28.453,372.085339,66.153554,-1.500000,-8.534658,364.651145
28.487,368.103254,68.972048,-1.500000,-4.252496,364.984193
28.519,359.624630,66.244888,1.500000,4.514296,365.304025
28.549,364.532688,66.686566,1.500000,-0.133716,365.592643
28.584,345.084235,64.380070,1.500000,19.620045,365.931498
28.619,361.277465,66.116296,1.500000,3.722499,366.259671
28.645,376.171840,72.085130,-1.500000,-10.948190,366.507936
28.681,370.068979,66.844359,-1.500000,-4.541432,366.845224
28.705,390.098352,65.689532,-1.500000,-24.369039,367.069160
28.732,379.135096,73.945338,-1.500000,-13.182895,367.316538
28.766,356.708731,62.182120,1.500000,9.517715,367.620917
28.797,389.254802,66.601247,-1.500000,-22.777745,367.899064
28.831,356.267278,72.142101,1.500000,10.481319,368.200441
28.864,368.369500,68.581178,0.229574,-1.353586,368.497130
28.897,377.696515,68.942533,-1.500000,-10.425929,368.779785
28.931,366.779595,70.328546,-0.803291,0.750790,369.068130
28.964,357.761238,60.973336,1.500000,10.023286,369.350193
28.998,377.585230,63.188183,-1.500000,-9.548404,369.630217
29.032,361.541203,70.074509,1.500000,6.752797,369.915649
29.057,362.836217,65.555158,1.500000,5.638760,370.116512
29.084,364.066034,67.624712,1.500000,4.606019,370.335242
29.111,377.052530,63.310842,-1.500000,-8.190273,370.546345
29.149,376.352825,67.341244,-1.500000,-7.222348,370.844037
29.183,375.593331,65.395723,-1.500000,-6.224470,371.108614
29.218,359.105883,69.591498,1.500000,10.502741,371.374722
29.247,365.823342,67.798593,1.500000,3.980791,371.591713
29.277,370.546833,68.319554,0.846231,-0.541000,371.815575
29.309,370.039115,64.882081,0.982744,0.178793,372.050952
29.343,381.938187,64.038352,-1.500000,-11.498889,372.296668
29.376,366.306599,66.512028,1.500000,4.344636,372.531892
29.409,379.622417,64.304778,-1.500000,-8.761401,372.764724
29.443,372.434087,67.269625,-1.500000,-1.365457,372.995150
29.479,356.837297,65.458334,1.500000,14.454721,373.243083
29.510,372.545791,72.134745,0.568404,-1.073175,373.443526
29.536,387.020447,72.058215,-1.500000,-15.389214,373.619570
29.568,377.508929,65.929108,-1.500000,-5.691342,373.826401
29.603,378.137450,67.067551,-1.500000,-6.122631,374.045305
29.637,371.705618,68.996132,-0.898019,0.498141,374.255004
29.677,384.718049,67.448528,-1.500000,-12.292687,374.500956
29.710,344.831458,69.233365,1.500000,27.772989,374.699719
29.743,346.322345,68.865435,1.500000,26.457708,374.894620
29.781,340.654108,59.107336,1.500000,32.319129,375.109031
29.807,352.145695,69.867166,1.500000,20.962055,375.258324
29.836,367.414044,60.302473,1.500000,5.840447,375.421188
29.865,368.249851,64.034169,1.500000,5.146193,375.578295
29.898,375.927808,65.178836,-1.368394,-2.373793,375.753624
29.930,361.224536,66.554758,1.500000,12.478966,375.919536
29.962,368.088196,70.450363,1.500000,5.761968,376.082313
29.993,390.740970,70.273341,-1.500000,-16.750555,376.237974
30.026,391.325314,71.347558,-1.500000,-17.189112,376.399780
30.064,365.448043,70.289017,1.500000,8.854996,376.584949
30.103,407.606200,63.411241,-1.500000,-33.143625,376.762014
30.133,384.353942,69.551527,-1.500000,-9.768480,376.898404
30.165,387.679820,67.571521,-1.500000,-12.964170,377.042897
30.197,383.591828,59.848104,-1.500000,-8.751318,377.181476
30.229,378.428979,72.022992,-1.500000,-3.468590,377.314527
30.264,373.985759,63.343160,-0.167038,1.103091,377.457103
30.298,384.067875,66.872473,-1.500000,-8.859014,377.590301
30.330,373.795891,65.928400,0.178444,1.523302,377.712756
30.357,372.705303,66.723040,1.500000,2.707533,377.816688
30.389,364.344712,68.089639,1.500000,11.172042,377.932025
30.421,369.768618,70.206679,1.500000,5.849955,378.045031
30.451,367.546422,69.294427,1.500000,8.164256,378.147256
30.484,381.444886,58.756203,-1.500000,-5.633908,378.258577
30.524,358.451992,68.000719,1.500000,17.472653,378.384733
30.557,391.765407,63.498770,-1.500000,-15.748706,378.486905
30.589,361.053163,66.545579,1.500000,15.047062,378.579605
30.622,388.619284,63.118573,-1.500000,-12.434776,378.673150
30.655,362.157672,67.411839,1.500000,14.107031,378.762157
30.688,365.196178,64.335081,1.500000,11.147582,378.849900
30.722,392.317479,67.372160,-1.500000,-15.898594,378.933280
30.756,386.819258,65.892923,-1.500000,-10.327372,379.014301
30.780,349.795699,71.418549,1.500000,26.744458,379.067876
30.805,375.010103,69.138774,1.500000,1.580117,379.123440
30.834,397.137480,69.730227,-1.500000,-20.492933,379.183737
30.861,389.416691,67.716364,-1.500000,-12.723184,379.238076
30.892,378.221968,66.028987,-1.500000,-1.475831,379.296490
30.925,382.415060,63.699991,-1.500000,-5.616766,379.354377
30.955,372.774656,65.906534,1.500000,4.069895,379.405717
30.989,355.909269,57.899906,1.500000,20.982675,379.458317
31.020,389.115613,69.470823,-1.500000,-12.183134,379.503306
31.053,360.605963,74.807526,1.500000,16.366471,379.547652
31.091,367.000066,63.611566,1.500000,10.013285,379.593064
31.125,375.667131,65.492799,1.500000,1.380228,379.630809
31.157,371.223091,62.591619,1.500000,5.851768,379.661331
31.190,385.879919,69.836652,-1.500000,-8.779454,379.689750
31.221,406.134894,70.496832,-1.500000,-29.013095,379.713428
31.252,384.992613,71.191000,-1.500000,-7.853221,379.732954
31.285,369.456403,66.770902,1.500000,7.698936,379.750653
31.317,393.478107,66.311327,-1.500000,-16.310510,379.764258
31.349,389.006978,74.184665,-1.500000,-11.830487,379.774129
31.382,388.550208,68.524229,-1.500000,-11.367762,379.780739
31.417,363.036644,62.126583,1.500000,14.148448,379.783675
31.449,374.360786,67.708510,1.500000,2.823422,379.782695
31.481,362.086234,64.799684,1.500000,15.093924,379.778199
31.513,364.894711,64.161526,1.500000,12.278063,379.770004
31.545,375.377761,66.648368,1.500000,1.784839,379.758713
31.578,381.694698,70.413770,-1.500000,-4.546008,379.743274
31.609,381.389840,66.694977,-1.500000,-4.257244,379.725412
31.640,380.015813,64.877254,-1.500000,-2.902727,379.703758
31.673,363.384289,67.486826,1.500000,13.705204,379.677573
31.708,380.869398,63.850124,-1.500000,-3.808015,379.646374
31.746,399.298876,69.945437,-1.500000,-22.273476,379.606438
31.781,389.106726,65.884340,-1.500000,-12.117625,379.566150
31.815,369.523392,68.355744,1.500000,7.427357,379.523583
31.847,352.368187,68.290430,1.500000,24.542453,379.479068
31.881,383.984103,69.052370,-1.500000,-7.119288,379.428207
31.913,365.364861,66.190548,1.500000,11.453714,379.376886
31.945,371.588587,74.790084,1.500000,5.180895,379.322399
31.977,374.538633,71.857880,1.500000,2.178576,379.264383
32.009,395.641194,66.268416,-1.500000,-18.979484,379.202786
32.042,389.194473,68.930692,-1.500000,-12.593641,379.135218
32.077,387.901160,63.567699,-1.500000,-11.366711,379.061542
32.109,381.744944,60.797498,-1.500000,-5.276893,378.987848
32.141,372.909769,61.196438,1.500000,3.491151,378.913340
32.174,370.553651,64.175147,1.500000,5.775175,378.833325
32.203,360.865318,73.871998,1.500000,15.396064,378.758470
32.233,389.773300,61.949486,-1.500000,-13.585290,378.677037
32.265,393.578047,62.229208,-1.500000,-17.468590,378.589852
32.297,372.487822,65.756605,1.500000,3.537638,378.496626
32.334,363.623665,69.252634,1.500000,12.304165,378.388269
32.367,398.669741,64.435862,-1.500000,-22.834402,378.285615
32.396,380.474907,62.492640,-1.500000,-4.723508,378.192452
32.429,361.191029,72.265193,1.500000,14.463968,378.085457
32.459,362.427219,69.647744,1.500000,13.136302,377.983930
32.493,380.883473,75.536793,-1.500000,-5.427652,377.864396
32.526,357.912230,67.723688,1.500000,17.438381,377.747625
32.557,382.894620,64.613689,-1.500000,-7.647590,377.632663
32.589,394.634922,63.646120,-1.500000,-19.499201,377.509124
32.622,388.775131,66.911792,-1.500000,-13.753275,377.382748
32.654,350.029143,64.556169,1.500000,24.877667,377.255061
32.690,362.526193,66.255015,1.500000,12.244355,377.103828
32.721,383.176205,69.200928,-1.500000,-8.523490,376.973046
32.752,360.416538,69.387106,1.500000,14.117621,376.841465
32.785,363.244390,65.596361,1.500000,11.158699,376.695993
32.815,371.302444,64.508581,1.500000,2.977254,376.559043
32.846,385.415646,65.132772,-1.500000,-11.264448,376.416424
32.880,395.673590,65.454541,-1.500000,-21.665486,376.257607
32.913,376.850191,67.950124,-1.500000,-2.983782,376.100343
32.946,356.775314,67.316968,1.500000,16.943930,375.937008
32.981,366.567992,62.807649,1.500000,6.997074,375.765889
33.014,356.560138,70.033822,1.500000,16.850109,375.594059
33.045,360.179740,67.636419,1.500000,13.088894,375.436885
33.077,390.754963,65.519624,-1.500000,-17.641762,375.264375
33.107,379.027087,66.628677,-1.500000,-6.056503,375.106087
33.136,382.770349,71.476714,-1.500000,-9.946788,374.942908
33.169,364.710941,63.340399,1.500000,7.948549,374.760811
33.201,405.013866,75.653227,-1.500000,-32.514573,374.583011
33.233,383.290702,68.199555,-1.500000,-10.960723,374.395093
33.267,357.114238,59.928649,1.500000,15.040730,374.200853
33.301,394.317452,68.697456,-1.500000,-22.346205,373.996944
33.338,365.959886,68.766182,1.500000,5.810745,373.774285
33.369,361.789158,65.833559,1.500000,9.808475,373.582278
33.401,355.091569,64.466933,1.500000,16.327458,373.384048
33.433,370.317567,69.126463,1.500000,0.921410,373.184215
33.464,373.879430,67.925596,-1.500000,-2.818518,372.986584
33.497,397.659618,65.709782,-1.500000,-26.793213,372.770705
33.529,373.934626,68.556724,-1.500000,-3.258428,372.559599
33.561,366.628937,66.130289,1.500000,3.854601,372.345769
33.597,373.596283,66.221848,-1.500000,-3.333081,372.101223
33.629,371.221953,74.245339,-1.500000,-1.158520,371.879504
33.663,359.032657,59.052475,1.500000,10.821587,371.647330
33.692,389.077108,63.645619,-1.500000,-19.410085,371.439537
33.725,386.914106,61.811255,-1.500000,-17.454069,371.209808
33.757,373.344688,70.305676,-1.500000,-4.091156,370.980613
33.789,373.160545,65.803943,-1.500000,-4.119487,370.744792
33.822,365.196193,63.475925,1.500000,3.628607,370.504772
33.855,363.948559,63.821566,1.500000,4.652356,370.256288
33.889,350.840174,72.601054,1.500000,17.530216,370.000433
33.920,353.518214,76.787224,1.500000,14.639948,369.764885
33.953,355.479965,67.137655,1.500000,12.446815,369.508080
33.986,376.228417,68.662657,-1.500000,-8.533206,369.251067
34.016,369.476041,70.033229,-1.500000,-1.995890,369.012376
34.051,360.636591,67.315837,1.500000,6.595433,368.736986
34.085,368.926974,70.903652,-0.477060,-1.938386,368.466801
34.116,352.197179,60.855000,1.500000,14.560348,368.210351
34.146,356.144735,62.238894,1.500000,10.395213,367.968865
34.181,388.648583,66.362563,-1.500000,-22.369888,367.678907
34.212,380.275074,68.086754,-1.500000,-14.230493,367.419069
34.245,365.299443,63.748585,-0.906531,0.491097,367.137114
34.281,350.106294,72.203336,1.500000,15.412192,366.835167
34.317,364.659174,68.562119,1.500000,0.581946,366.527326
34.347,370.237191,61.564502,-1.500000,-5.232625,366.264780
34.380,367.749961,66.968704,-1.500000,-3.005898,365.975653
34.411,373.224588,70.037877,-1.500000,-8.729525,365.699293
34.440,352.217753,68.937108,1.500000,12.045092,365.441559
34.473,349.440491,72.211011,1.500000,14.557486,365.147588
34.505,364.651669,71.992588,0.400531,-0.909855,364.863279
34.536,360.698069,65.617932,1.500000,2.784253,364.575274
34.570,371.949621,65.333955,-1.500000,-8.743263,364.268988
34.605,352.559044,63.883084,1.500000,10.352408,363.941679
34.642,361.452404,65.660412,1.500000,1.153163,363.602183
34.673,367.591490,68.247891,-1.500000,-5.250628,363.308393
34.704,359.033727,64.382182,1.500000,3.037825,363.009491
34.737,369.994148,62.908907,-1.500000,-8.201337,362.700124
34.768,377.354827,69.867487,-1.500000,-15.826515,362.406562
34.798,386.792572,65.460421,-1.500000,-25.530658,362.110892
34.834,362.449330,64.076211,-1.500000,-1.498508,361.765619
34.865,366.591621,64.549281,-1.500000,-5.915346,361.460904
34.897,346.764340,70.060505,1.500000,13.627146,361.144824
34.928,355.399164,64.114139,1.500000,4.711095,360.832696
34.963,360.413170,67.010414,0.758263,-0.613801,360.487647
34.998,369.244189,68.246631,-1.500000,-9.759557,360.138326
35.028,355.562982,64.834021,1.500000,3.642208,359.828179
35.061,364.873637,66.716369,-1.500000,-5.967982,359.495732
35.093,334.802206,73.632494,1.500000,23.809615,359.169612
35.125,363.064262,70.042993,-1.500000,-4.754782,358.834051
35.156,346.353473,65.512341,1.500000,11.666643,358.512892
35.189,356.708499,65.737453,1.500000,1.005895,358.173578
35.222,368.716326,68.323555,-1.500000,-11.309445,357.832277
35.254,354.147418,74.440718,1.500000,2.947737,357.486298
35.290,366.784167,69.716173,-1.500000,-10.030187,357.107636
35.321,351.199671,73.746261,1.500000,5.256128,356.776691
35.353,356.103895,67.031630,1.500000,0.044083,356.435048
35.386,372.858221,69.332710,-1.500000,-17.027085,356.083392
35.415,353.520278,69.711256,0.589419,2.031373,355.773197
35.446,371.700836,66.371098,-1.500000,-16.459820,355.428430
35.481,353.888883,64.294371,-0.530214,1.013039,355.052078
35.513,359.733845,65.830640,-1.500000,-5.146451,354.702990
35.546,348.262790,67.141486,1.500000,5.992794,354.334721
35.582,353.905744,69.531233,1.500000,-0.003751,353.942279
35.614,361.390337,70.222896,-1.500000,-7.818563,353.575776
35.645,350.790688,66.014089,1.125293,2.474855,353.235897
35.676,358.085147,66.726254,-1.500000,-5.138266,352.882222
35.705,358.377230,62.530004,-1.500000,-5.715398,352.565851
35.736,346.853632,60.253279,1.500000,5.484327,352.206392
35.766,341.742457,65.017747,1.500000,10.287025,351.864020
35.799,351.913533,65.335240,1.237456,-0.217228,351.494234
35.833,360.251323,70.969301,-1.500000,-8.905951,351.104742
35.867,355.293542,67.822026,-1.500000,-4.300449,350.713754
35.902,349.637509,68.217831,-0.295680,0.996629,350.315358
35.935,347.913084,65.678730,1.500000,2.375529,349.931869
35.964,347.176513,67.095717,1.500000,2.804486,349.590455
35.998,364.298552,69.522011,-1.500000,-14.672598,349.196397
36.029,353.720570,63.301903,-1.500000,-4.423393,348.831495
36.060,350.289742,65.420421,-1.500000,-1.315355,348.473237
36.093,350.397692,72.531114,-1.500000,-1.775625,348.082205
36.125,338.282015,69.902917,1.500000,9.994263,347.698422
36.159,330.061235,63.756405,1.500000,17.849268,347.292457
36.193,338.812413,65.899422,1.500000,8.736990,346.891679
36.225,340.385827,65.235110,1.500000,6.820222,346.510598
36.258,352.428277,62.068049,-1.500000,-5.581723,346.111602
36.289,352.447563,69.955040,-1.500000,-5.933335,345.742761
36.319,354.137349,68.917624,-1.500000,-7.945923,345.384490
36.351,333.068646,67.057317,1.500000,12.779509,345.003501
36.385,326.136095,67.893404,1.500000,19.340270,344.590861
36.417,346.343986,66.440879,0.028577,-1.217679,344.202338
36.451,331.572455,62.628801,1.500000,13.175999,343.782967
36.485,335.865926,68.996265,1.500000,8.509791,343.369275
36.517,350.720777,65.939235,-1.500000,-6.697043,342.978617
36.550,349.068091,66.557534,-1.500000,-5.404205,342.579230
36.583,338.607842,69.992068,1.500000,4.689603,342.172524
36.613,347.351919,61.859550,-1.500000,-4.393325,341.796441
36.644,341.436757,69.941630,-0.444691,1.175558,341.412114
36.677,333.471919,64.997001,1.500000,8.779762,341.011855
36.710,354.191504,70.115499,-1.500000,-12.308600,340.602557
36.745,341.204343,69.398598,-1.500000,0.288807,340.169977
36.782,332.472535,67.874122,1.500000,8.603219,339.706719
36.816,352.692621,67.290493,-1.500000,-11.997506,339.284256
36.849,344.034871,65.006298,-1.500000,-3.710713,338.872540
36.881,332.505548,65.067872,1.500000,7.453136,338.466908
36.913,327.204360,66.824349,1.500000,12.399950,338.073596
36.941,332.957583,69.364936,1.500000,6.321790,337.712955
36.973,329.510306,63.332129,1.500000,9.415328,337.320349
37.005,332.728668,74.323800,1.500000,5.828241,336.911108
37.036,339.693368,66.796592,-0.301058,-1.490481,336.518188
37.069,343.722710,66.301461,-1.500000,-5.895250,336.101510
37.103,355.615561,63.833724,-1.500000,-18.171945,335.675490
37.136,350.312578,68.930756,-1.500000,-13.249820,335.252783
37.169,352.588667,64.976257,-1.500000,-15.899918,334.837679
37.201,337.047816,68.488399,-1.500000,-0.724206,334.432421
37.234,339.641244,67.414929,-1.500000,-3.691001,334.018029
37.265,330.160911,67.825525,1.500000,5.427598,333.616546
37.300,320.507305,65.708798,1.500000,14.685822,333.177721
37.332,325.298552,70.010489,1.500000,9.521258,332.763385
37.366,325.949131,59.952136,1.500000,8.485742,332.336152
37.400,348.796500,59.711888,-1.500000,-14.752273,331.902583
37.433,328.467592,69.869642,1.500000,5.196479,331.480655
37.462,341.018501,63.481572,-1.500000,-7.691931,331.106071
37.493,339.738661,69.460118,-1.500000,-6.769711,330.709157
37.525,332.106037,67.115077,-0.892670,0.502567,330.309216
37.559,310.509651,64.089018,1.500000,21.701622,329.868228
37.592,321.648466,67.884679,1.500000,10.181645,329.445185
37.625,332.192524,73.094508,0.605782,-0.739992,329.026118
37.657,330.818106,67.041851,0.817271,0.265067,328.616174
37.689,350.973321,70.205365,-1.500000,-20.254000,328.212344
37.718,334.633522,72.202709,-1.500000,-4.257922,327.830855
37.751,334.879214,67.257831,-1.500000,-4.884296,327.408344
37.785,318.946048,70.716275,1.500000,10.661377,326.978275
37.819,327.529774,64.613449,1.500000,1.685407,326.542931
37.852,331.690501,70.660418,-1.500000,-2.863078,326.112567
37.887,323.800341,64.836376,1.500000,4.631806,325.673860
37.917,320.969795,68.405374,1.500000,7.112831,325.285934
37.948,338.890697,67.407832,-1.500000,-11.166093,324.888573
37.980,326.606779,71.547824,-0.962832,0.746752,324.476727
38.013,322.079861,64.875017,1.500000,4.901746,324.063937
38.045,330.560883,61.831156,-1.500000,-3.953645,323.648433
38.081,322.416703,70.902766,1.500000,3.776684,323.189110
38.116,328.206728,63.689569,-1.049949,-2.412501,322.746090
38.148,314.660238,66.248591,1.500000,10.761611,322.332796
38.182,327.799147,60.167727,-1.500000,-2.764160,321.903426
38.215,329.605483,70.377652,-1.500000,-4.955078,321.476587
38.245,318.185882,63.080631,1.500000,6.123329,321.097904
38.277,319.230461,65.674885,1.500000,4.712375,320.691271
38.308,330.967652,65.708301,-1.500000,-7.388405,320.287733
38.341,327.085305,69.346203,-1.500000,-3.881649,319.870873
38.373,330.425577,63.715888,-1.500000,-7.589467,319.462941
38.407,321.544928,67.586947,-0.403915,0.907055,319.036607
38.441,305.038934,67.397892,1.500000,17.021847,318.602421
38.477,312.495156,69.273774,1.500000,9.155118,318.146808
38.509,315.162475,62.954497,1.500000,6.126929,317.746287
38.543,322.115971,69.740437,0.035238,-1.212166,317.318319
38.573,327.033963,70.315201,-1.500000,-6.475923,316.934562
38.603,313.887715,65.915815,1.500000,6.328672,316.555368
38.637,320.356290,66.384312,1.239659,-0.517653,316.136112
38.668,313.335987,70.463163,1.500000,6.146690,315.741040
38.702,329.848052,70.061546,-1.500000,-10.744829,315.319893
38.738,329.443533,70.683410,-1.500000,-10.753401,314.861411
38.769,319.229702,65.222937,-1.500000,-0.885085,314.477931
38.801,321.871877,62.974936,-1.500000,-3.890581,314.074691
38.834,303.229312,61.496231,1.500000,14.389641,313.672534
38.865,314.256737,65.811258,1.500000,3.015238,313.287431
38.897,325.332122,73.233682,-1.500000,-8.426801,312.880490
38.929,309.405424,71.001144,1.500000,7.149984,312.492129
38.961,308.434397,65.212197,1.500000,7.763133,312.094929
38.996,326.740142,72.056464,-1.500000,-10.937530,311.656616
39.029,315.524883,64.812988,-1.500000,-0.079467,311.260174
39.061,310.888099,62.061336,1.500000,4.194137,310.857087
39.156,316.455777,63.116863,-1.052445,-2.414567,309.701676
39.187,313.171101,67.176606,-0.722294,0.530336,309.324570
39.214,309.473617,70.079799,1.500000,3.925438,308.988962
39.245,307.020175,64.459899,1.500000,6.048378,308.622145
39.273,323.412077,62.899384,-1.500000,-10.650182,308.281792
39.301,316.824017,65.303152,-1.500000,-4.372192,307.937652
39.333,314.624129,67.365161,-1.500000,-2.517580,307.554438
39.363,299.747895,66.134107,1.500000,12.035087,307.195318
39.397,312.521651,71.837534,0.529661,-1.105237,306.788472
39.429,302.731085,77.028431,1.500000,8.341174,306.406502
39.461,305.020760,67.743716,1.500000,5.711309,306.028934
39.498,326.626404,66.455477,-1.500000,-16.295384,305.583818
39.529,311.856757,61.500620,-1.500000,-1.858035,305.215007
39.561,310.811857,70.121618,-1.500000,-1.147714,304.843665
39.593,295.869945,67.824996,1.500000,13.451835,304.463684
39.625,302.868854,64.597761,1.500000,6.114151,304.087686
39.656,305.366256,61.628952,1.500000,3.288543,303.723417
39.690,316.355595,63.923408,-1.500000,-8.051717,303.333938
39.724,310.015760,66.724373,-1.500000,-2.070209,302.936239
39.756,308.499693,61.443144,-1.500000,-0.892031,302.561224
39.789,304.629545,68.267157,1.500000,2.641801,302.187953
39.819,298.752233,65.890732,1.500000,8.202972,301.837076
39.849,315.842120,67.988630,-1.500000,-9.189778,301.500933
39.881,308.511326,64.977948,-1.500000,-2.191715,301.131643
39.913,295.782948,63.754486,1.500000,10.211298,300.770529
39.947,289.525891,65.086197,1.500000,16.116618,300.380144
39.981,312.449389,63.046294,-1.500000,-7.154598,299.994219
40.015,305.569360,67.025086,-1.500000,-0.613813,299.617700
40.046,303.133905,66.448160,0.320392,1.506481,299.267909
40.080,305.456617,71.316983,-0.860237,-1.160426,298.885895
40.112,307.092247,68.276156,-1.500000,-3.110860,298.536502
40.143,285.210554,62.002216,1.500000,18.461104,298.192740
40.174,272.494007,67.160000,1.500000,30.873737,297.855433
40.205,282.097687,69.309382,1.500000,20.954259,297.504935
40.237,290.958707,74.753466,1.500000,11.781088,297.158485
40.272,299.112394,63.928248,1.500000,3.287874,296.781651
40.305,304.998158,63.724043,-1.500000,-2.923902,296.419817
40.337,306.336199,64.143965,-1.500000,-4.567826,296.080325
40.369,295.178702,62.954765,1.500000,6.278312,295.734755
40.401,300.865570,71.631516,1.500000,0.284420,295.393996
40.434,307.695362,63.976524,-1.500000,-6.858937,295.045977
40.466,307.719882,71.801380,-1.500000,-7.191565,294.704014
40.499,289.159859,70.846562,1.500000,11.055066,294.356188
40.534,300.759394,68.452217,0.811198,-0.872242,293.992400
40.565,307.988123,68.575571,-1.500000,-8.394095,293.667068
40.598,302.765289,66.145364,-1.500000,-3.475977,293.328870
40.629,297.431403,71.605761,0.395612,1.568732,293.007918
40.662,293.758807,70.242028,1.500000,4.935041,292.667978
40.693,307.170846,63.415667,-1.500000,-8.761905,292.351765
40.726,299.480328,67.126095,-1.500000,-1.369029,292.021420
40.759,303.269719,68.048414,-1.500000,-5.465482,291.680619
40.794,293.525335,69.732014,1.500000,3.966326,291.333697
40.825,290.218441,64.034230,1.500000,6.992320,291.021932
40.856,293.268002,63.758536,1.500000,3.666050,290.714818
40.889,294.166746,69.425729,1.500000,2.478888,290.394710
40.922,308.095689,68.187483,-1.500000,-11.741548,290.071189
40.955,303.987202,65.594810,-1.500000,-7.922103,289.750387
40.990,298.264615,68.517365,-1.500000,-2.507578,289.408476
41.025,298.371617,66.893140,-1.500000,-2.923186,289.065961
41.057,291.821377,64.382213,1.500000,3.355466,288.764531
41.090,292.213159,66.857063,1.500000,2.683190,288.453218
41.123,288.865173,66.986883,1.500000,5.751598,288.142920
41.151,303.582397,60.047219,-1.500000,-9.203608,287.878790
41.184,296.439482,64.790792,-1.500000,-2.342799,287.565686
41.216,291.198607,66.060408,1.500000,2.634441,287.273083
41.249,288.397740,64.101069,1.500000,5.156693,286.963854
41.285,304.179814,62.957776,-1.500000,-10.916917,286.640284
41.318,302.902144,62.630549,-1.500000,-9.906584,286.343574
41.349,288.921216,72.703504,1.500000,3.817069,286.058030
41.382,294.097736,68.246086,-0.091058,-1.618936,285.770033
41.412,300.508692,69.341598,-1.500000,-8.270980,285.502455
41.446,288.828924,65.530410,1.500000,3.135270,285.198884
41.476,295.433979,72.455640,-1.500000,-3.709611,284.932706
41.508,272.552915,63.338114,1.500000,18.920910,284.654634
41.541,286.690697,66.824601,1.500000,4.530749,284.374524
41.578,290.438725,68.163813,1.500000,0.499343,284.060009
41.611,289.497550,75.039432,1.500000,1.188504,283.780304
41.645,308.407137,67.018511,-1.500000,-17.982682,283.489961
41.677,300.053709,67.326694,-1.500000,-9.869145,283.223711
41.709,303.196978,68.761750,-1.500000,-13.249416,282.960669
41.741,294.985562,66.855882,-1.500000,-5.275127,282.697486
41.773,297.464294,65.455393,-1.500000,-7.989170,282.436320
41.800,286.775529,71.485503,1.500000,2.502341,282.217391
41.833,288.038674,66.038899,1.500000,0.999156,281.950977
41.865,291.187983,65.982080,-1.377323,-2.381182,281.694562
41.898,285.511178,72.491699,1.500000,3.063403,281.436827
41.934,290.764076,72.738639,-1.103205,-2.444216,281.154118
41.967,283.723702,64.385260,1.500000,4.367114,280.899906
41.999,286.296885,73.046458,1.500000,1.569139,280.650416
42.033,289.621985,67.393512,-0.900706,-1.986741,280.394278
42.064,295.205295,64.009969,-1.500000,-7.781982,280.159059
42.098,295.970825,65.801225,-1.500000,-8.775843,279.905641
42.129,288.234406,71.831625,-1.500000,-1.243962,279.678628
42.161,274.829590,63.757299,1.500000,11.946606,279.440840
42.197,278.343680,72.573564,1.500000,8.200332,279.183143
42.229,276.046198,71.566353,1.500000,10.289856,278.952336
42.261,281.524965,67.212154,1.500000,4.604727,278.723299
42.294,292.041416,70.862297,-1.500000,-6.119037,278.493207
42.326,292.840830,72.059120,-1.500000,-7.116970,278.272875
42.358,286.261666,62.719146,-1.500000,-0.740806,278.047569
42.389,276.847657,65.499786,1.500000,8.483791,277.837345
42.423,273.211184,63.604092,1.500000,11.915519,277.610104
42.455,281.518481,65.709329,1.500000,3.416624,277.397452
42.489,284.320910,68.377376,1.500000,0.410639,277.171531
42.523,288.807372,66.273995,-1.500000,-4.274332,276.951209
42.553,299.304062,75.234057,-1.500000,-14.949588,276.753023
42.587,291.113029,68.259226,-1.500000,-6.949612,276.540974
42.615,295.586240,66.009857,-1.500000,-11.585076,276.360892
42.648,284.008958,67.410226,-1.500000,-0.190753,276.157831
42.681,282.484745,65.906072,-0.111438,1.149105,275.953218
42.713,279.667612,67.468035,1.500000,3.790210,275.757849
42.748,279.312464,71.680407,1.500000,3.955126,275.546714
42.781,284.072401,64.680214,0.311891,-0.983212,275.348712
42.814,281.172694,64.151006,1.500000,1.745784,275.159243
42.845,285.143443,66.873807,-1.238754,-2.386206,274.980285
42.876,273.763434,66.388144,1.500000,8.832370,274.801114
42.907,287.032006,66.493469,-1.500000,-4.592049,274.628143
42.937,278.901974,69.366164,1.500000,3.385843,274.459287
42.969,289.348926,69.775786,-1.500000,-7.220720,274.282137
43.001,279.273350,67.203534,1.396492,2.699295,274.109484
43.036,287.593525,67.297377,-1.500000,-5.792235,273.919300
43.070,277.212235,64.233274,1.500000,4.430561,273.743392
43.101,287.761399,67.175355,-1.500000,-6.264065,273.581946
43.133,283.704255,64.518822,-1.500000,-2.352395,273.420489
43.165,275.912638,69.083760,1.500000,5.292418,273.257553
43.197,276.957042,67.489160,1.500000,4.104984,273.098808
43.229,287.116365,71.459505,-1.500000,-6.195351,272.942301
43.263,278.101511,64.748586,1.362452,2.671125,272.777620
43.296,275.233268,68.468186,1.500000,5.397268,272.619906
43.329,291.467766,66.283288,-1.500000,-10.973515,272.468647
43.359,289.882489,69.175296,-1.500000,-9.514147,272.328904
43.391,289.820255,66.032824,-1.500000,-9.580238,272.186479
43.420,271.588408,66.237092,1.500000,8.534153,272.056116
43.453,284.347847,72.612414,-1.500000,-4.354551,271.912648
43.485,272.983601,69.625779,1.500000,6.884937,271.774181
43.520,276.422842,70.273812,1.500000,3.315515,271.629697
43.554,280.067582,65.332709,0.948721,-0.456181,271.488792
43.586,280.584324,64.530854,-0.435567,-1.090026,271.358821
43.617,285.402878,71.863888,-1.500000,-6.019833,271.235345
43.648,280.605937,77.787420,-1.500000,-1.333200,271.112916
43.680,273.416138,69.388519,1.500000,5.745145,270.989215
43.713,283.812099,65.595935,-1.500000,-4.761021,270.866901
43.745,270.368633,63.870213,1.500000,8.575953,270.748708
43.781,275.028242,63.122267,1.500000,3.798946,270.618411
43.815,282.391703,69.049892,-1.500000,-3.671039,270.500182
43.847,281.535384,66.720484,-1.500000,-2.912166,270.392029
43.881,276.234295,67.015261,1.259863,2.283974,270.275549
43.913,281.271253,64.880750,-1.500000,-2.847607,270.170529
43.945,274.005052,72.056643,1.500000,4.328426,270.070453
43.976,273.901611,63.397823,1.500000,4.341924,269.970627
44.007,287.866096,69.911573,-1.500000,-9.706206,269.877791
44.042,283.465198,73.196300,-1.500000,-5.399793,269.772925
44.146,275.464494,70.611869,1.323140,2.336342,269.479284
44.177,272.587902,66.995504,1.500000,5.140772,269.399194
44.207,287.294104,69.148223,-1.500000,-9.636100,269.320759
44.240,268.991669,67.999036,1.500000,8.590835,269.236963
44.270,283.550611,67.348726,-1.500000,-6.032211,269.165816
44.299,276.534429,64.222901,-0.752332,0.920958,269.095879
44.328,278.042400,66.247820,-1.443821,-0.647543,269.028698
44.360,274.964766,68.983846,1.330961,2.365988,268.957551
44.393,269.691062,66.858087,1.500000,7.575847,268.886691
44.424,284.004068,64.619845,-1.500000,-6.795187,268.822288
44.460,269.434662,59.811535,1.500000,7.710132,268.751159
44.493,267.527131,65.935628,1.500000,9.560156,268.687333
44.524,275.744469,67.217228,1.500000,1.291795,268.630703
44.555,288.441998,70.348219,-1.500000,-11.455707,268.575240
44.585,286.298221,64.783784,-1.500000,-9.356805,268.525434
44.614,279.415262,71.272355,-1.500000,-2.517556,268.476921
44.646,267.145778,63.116898,1.500000,9.706571,268.426580
44.682,279.116522,65.067852,-0.928898,-2.312321,268.373142
44.714,276.553927,64.424074,-0.969919,0.210713,268.329234
44.749,271.770161,69.350244,1.500000,4.952648,268.282807
44.785,275.486521,67.624062,1.500000,1.194852,268.236819
44.819,275.808497,68.189777,1.500000,0.837748,268.197830
44.850,281.767599,69.581262,-1.500000,-5.152348,268.163431
44.881,284.111249,66.030440,-1.500000,-7.524390,268.131919
44.911,269.584654,61.047494,1.500000,6.976663,268.103571
44.946,281.982043,66.671005,-1.500000,-5.448344,268.072918
44.977,277.175504,67.398206,-1.500000,-0.664700,268.047507
45.011,270.994398,71.035403,1.500000,5.494225,268.022888
45.045,280.496436,67.630452,-1.500000,-4.027877,268.000621
45.077,271.345637,68.150737,1.500000,5.105860,267.981684
45.108,268.730735,65.536827,1.500000,7.706481,267.965834
45.141,284.197820,70.785170,-1.500000,-7.773570,267.951443
45.173,277.285077,73.345514,-1.500000,-0.871500,267.939597
45.205,275.043637,65.659683,0.144985,1.361317,267.930027
45.237,269.404952,69.785971,1.500000,6.993525,267.922838
45.268,270.785303,65.258445,1.500000,5.608724,267.917899
45.300,276.998970,67.617388,0.765944,-0.607444,267.915123
45.339,284.751542,66.505791,-1.500000,-8.360357,267.914744
45.371,275.982534,69.005611,-1.279645,0.410605,267.916914
45.403,276.316871,69.611432,-1.155916,0.080246,267.921328
45.436,272.704260,68.015472,1.500000,3.699089,267.928245
45.467,274.520603,70.164392,1.500000,1.890299,267.936628
45.499,281.075216,66.432725,-1.500000,-4.654419,267.947611
45.533,270.876076,65.301590,1.500000,5.557475,267.961765
45.565,282.204065,72.028466,-1.500000,-5.756222,267.977628
45.599,273.117805,66.920342,1.500000,3.346671,267.996090
45.632,288.851502,63.509020,-1.500000,-12.367815,268.017410
45.667,280.048386,66.564904,-1.500000,-3.543152,268.041325
45.696,273.000274,67.015250,1.500000,3.525555,268.064184
45.735,271.921602,63.350838,1.500000,4.633064,268.096189
45.765,282.282969,64.745247,-1.500000,-5.703726,268.123466
45.793,269.712615,63.583910,1.500000,6.891205,268.150743
45.824,280.498972,67.631555,-1.500000,-3.866576,268.182460
45.855,273.832685,66.710621,1.500000,2.830666,268.216816
45.888,284.387572,67.716463,-1.500000,-7.689272,268.255605
45.922,276.821516,54.891774,-1.500000,-0.086413,268.296452
45.952,276.420825,62.528893,-1.076966,0.350047,268.336151
45.986,269.002443,67.940323,1.500000,7.809906,268.382185
46.020,271.737818,73.091342,1.500000,5.118091,268.430532
46.051,271.135875,67.177767,1.500000,5.761635,268.476704
46.086,281.133314,67.478032,-1.500000,-4.186818,268.531071
46.118,281.442710,72.655626,-1.500000,-4.449432,268.582995
46.151,274.976979,64.737762,0.997803,2.067097,268.639374
46.185,275.770977,66.868096,1.500000,1.326886,268.699072
46.215,284.367311,69.229057,-1.500000,-7.220387,268.753523
46.244,269.880727,66.224956,1.500000,7.315874,268.808658
46.277,281.004252,71.049797,-1.500000,-3.750466,268.872126
46.310,277.417809,68.228913,-1.500000,-0.104067,268.938671
46.340,278.968773,63.262683,-1.500000,-1.599365,269.000453
46.372,267.075124,64.177858,1.500000,10.354763,269.067578
46.407,268.532349,71.067730,1.500000,8.966302,269.143896
46.441,265.725843,63.512314,1.500000,11.842168,269.220878
46.477,280.611761,71.916277,-1.500000,-2.969009,269.303832
46.509,268.277534,64.246788,1.500000,9.434125,269.380309
46.541,282.555158,66.887238,-1.500000,-4.773170,269.458367
46.574,270.168574,72.161431,1.500000,7.685968,269.538892
46.603,275.002271,67.267918,1.500000,2.920610,269.614741
46.638,285.524000,65.831586,-1.500000,-7.518897,269.705997
46.668,282.422496,64.052182,-1.500000,-4.345694,269.785574
46.701,279.851606,65.866973,-1.500000,-1.692964,269.876407
46.736,278.783076,71.601413,-1.500000,-0.537696,269.972675
46.770,274.162707,65.625918,1.500000,4.169054,270.068546
46.801,269.627107,63.013150,1.500000,8.786805,270.159725
46.833,267.632898,68.045842,1.500000,10.865389,270.253371
46.862,276.768014,67.977870,1.500000,1.810772,270.342716
46.892,284.126098,69.853412,-1.500000,-5.464271,270.434880
46.925,277.280292,61.123912,-0.084121,1.473960,270.537461
46.958,277.644208,67.205883,1.500000,1.204460,270.642251
46.992,283.239605,75.668525,-1.500000,-4.291373,270.752754
47.024,280.976660,71.370832,-1.500000,-1.936353,270.854947
47.057,270.231680,69.837036,1.500000,8.907838,270.965059
47.088,277.433564,60.580164,1.500000,1.803340,271.073146
47.119,277.690192,64.141555,1.500000,1.640799,271.177571
47.151,290.283610,69.661911,-1.500000,-10.852413,271.288787
47.185,299.384706,70.035127,-1.500000,-19.842391,271.412115
47.217,285.809250,62.756006,-1.500000,-6.164706,271.525576
47.251,293.636885,66.989169,-1.500000,-13.879674,271.650622
47.286,284.947573,64.180219,-1.500000,-5.073977,271.779796
47.317,277.009431,59.131776,1.500000,2.969433,271.896631
47.349,278.259709,68.080991,1.500000,1.827650,272.017046
47.381,276.626843,67.158629,1.500000,3.571504,272.140230
47.411,288.643740,66.247287,-1.500000,-8.338021,272.259400
47.445,273.359361,65.417160,1.500000,7.065400,272.391522
47.477,284.991105,68.444038,-1.500000,-4.450046,272.520598
47.509,281.397520,73.386772,-1.500000,-0.738520,272.651499
47.544,270.546372,63.110648,1.500000,10.242708,272.795871
47.577,276.189490,67.748437,1.500000,4.723045,272.932891
47.609,288.092661,64.857107,-1.500000,-7.059358,273.066929
47.640,277.703319,68.409324,1.500000,3.447252,273.197083
47.671,283.377802,71.311232,-0.681048,-2.107204,273.330298
47.703,275.050530,66.946461,1.500000,6.341904,273.465520
47.737,286.642666,64.975313,-1.500000,-5.115951,273.614556
47.769,284.384500,67.672375,-1.500000,-2.730014,273.756367
47.802,277.745205,67.213378,1.500000,4.044777,273.906750
47.836,282.636477,66.782537,1.006760,-0.710397,274.057803
47.868,279.698263,65.734350,1.500000,2.359103,274.203514
47.899,288.221778,67.924058,-1.500000,-6.036768,274.345183
47.933,286.753072,65.610951,-1.500000,-4.425221,274.503718
47.965,281.456937,69.505186,-0.283946,1.006339,274.654025
47.999,285.369682,71.037366,-1.500000,-2.764604,274.811408
48.032,281.781326,68.844071,-0.477206,0.968917,274.972522
48.065,279.833139,73.488096,1.500000,3.058587,275.129552
48.097,272.098747,69.027149,1.500000,10.930804,275.282521
48.129,283.078612,66.703805,1.500000,0.092795,275.439963
48.160,291.740876,70.843576,-1.500000,-8.432243,275.592267
48.188,285.432474,67.803590,-1.500000,-1.999531,275.730237
48.220,283.059925,66.762563,-0.872689,0.519103,275.892373
48.253,278.026158,64.762994,1.500000,5.701749,276.057611
48.284,274.389229,68.297417,1.500000,9.477660,276.211863
48.318,275.126570,68.560778,1.500000,8.897332,276.386129
48.353,285.301261,73.286957,0.150779,-1.116546,276.564611
48.389,288.137126,69.623822,-1.500000,-3.781463,276.754344
48.421,291.021806,65.296447,-1.500000,-6.516063,276.920913
48.454,286.957804,70.485749,-1.500000,-2.298717,277.091107
48.490,285.287926,62.538187,-1.500000,-0.459100,277.279496
48.521,275.731203,61.552805,1.500000,9.247928,277.446316
48.552,272.345571,73.049578,1.500000,12.784696,277.614058
48.580,278.308843,67.134934,1.500000,6.957779,277.765397
48.611,292.058000,70.865628,-1.500000,-6.643002,277.930075
48.644,281.707837,64.222381,1.500000,3.870475,278.111334
48.677,291.539700,65.416413,-1.500000,-5.801637,278.288639
48.709,279.740295,65.636112,1.500000,6.156481,278.464790
48.745,283.941162,66.430898,1.500000,2.135017,278.663905
48.777,291.297884,68.298875,-1.500000,-5.062412,278.840701
48.809,292.142070,69.319286,-1.500000,-5.741254,279.024213
48.840,291.122346,64.631659,-1.500000,-4.564730,279.198242
48.872,278.667271,75.261796,1.500000,8.052325,279.378019
48.903,277.607597,62.726169,1.500000,9.268359,279.551560
48.937,287.740785,63.142301,0.664831,-0.691124,279.744352
48.968,294.383410,68.704166,-1.500000,-7.170837,279.925165
49.001,288.640334,65.706438,-1.500000,-1.258241,280.113311
49.036,290.311050,71.596147,-1.500000,-2.745723,280.316679
49.069,279.608490,68.656431,1.500000,8.127025,280.505566
49.100,289.325937,69.730841,0.142835,-1.425369,280.688754
49.132,285.845768,68.376089,1.500000,2.224496,280.877097
49.163,290.939620,71.052433,-1.500000,-2.709506,281.054511
49.194,291.516166,69.915270,-1.500000,-3.117330,281.241772
49.224,282.668358,72.910019,1.500000,5.889246,281.417985
49.257,281.870506,60.883462,1.500000,6.865008,281.615444
49.293,284.997899,62.090820,1.500000,3.931870,281.831042
49.329,279.376821,62.125616,1.500000,9.743037,282.042018
49.361,296.496815,68.658095,-1.500000,-7.201652,282.236585
49.393,292.987935,67.016535,-1.500000,-3.518798,282.429674
49.425,287.383508,66.607307,1.230842,2.259957,282.623158
49.457,292.407235,67.954713,-1.500000,-2.590436,282.815537
49.489,289.507818,62.242759,-1.246974,0.484482,283.010321
49.763,290.082377,70.274640,0.514047,1.431854,284.699480
49.930,289.459626,71.290393,1.500000,2.996671,285.745058
49.959,286.045117,67.537746,1.500000,6.575851,285.927822
50.000,297.953016,69.821216,-1.500000,-5.097590,286.188042
50.029,290.281016,65.244096,1.442072,2.737017,286.368516
50.067,307.560904,66.632471,-1.500000,-14.321989,286.613668
50.097,293.733813,69.812345,-1.500000,-0.327027,286.799985
50.126,292.785131,66.520395,-0.544049,0.791081,286.988027
50.152,290.968253,66.020144,1.500000,2.753917,287.150021
50.180,300.879738,70.924726,-1.500000,-6.994884,287.330581
50.212,285.903040,75.514794,1.500000,8.161984,287.530548
50.242,292.763642,72.037580,1.500000,1.472570,287.720546
50.273,304.170585,65.843102,-1.500000,-9.752448,287.922460
50.305,293.186656,71.853955,-0.159344,1.411707,288.122490
50.336,299.880741,63.081406,-1.500000,-5.101033,288.323761
50.369,296.102277,70.892905,-1.500000,-1.134002,288.533047
50.402,289.819649,61.849613,1.500000,5.343140,288.748933
50.436,289.782986,65.069475,1.500000,5.571750,288.961971
50.470,295.865516,67.001474,1.125113,-0.310201,289.184590
50.503,296.886349,59.093162,-0.300550,-1.142039,289.394350
50.542,289.766312,67.282062,1.500000,6.201156,289.642029
50.570,302.709006,62.467466,-1.500000,-6.576686,289.824995
50.603,305.901794,61.729008,-1.500000,-9.580879,290.034312
50.633,300.270400,66.296753,-1.500000,-3.776262,290.226568
50.662,291.809121,74.234593,1.500000,4.856591,290.416994
50.693,292.922688,67.025554,1.500000,3.920060,290.613483
50.730,295.635750,71.535201,1.500000,1.421262,290.851290
50.764,304.869582,70.616539,-1.500000,-7.618161,291.067059
50.805,306.835034,66.687890,-1.500000,-9.345346,291.331506
50.833,313.155300,66.880994,-1.500000,-15.500548,291.514709
50.871,294.835967,60.677123,1.500000,3.034353,291.753963
50.907,299.217079,72.948379,0.489594,-1.138396,291.985219
50.937,302.614241,70.845380,-1.500000,-4.358105,292.182171
50.965,301.876770,71.380634,-1.500000,-3.458362,292.362274
50.997,286.900089,65.373018,1.500000,11.701897,292.566022
51.025,290.425725,60.260510,1.500000,8.336592,292.743970
51.052,292.505335,61.502057,1.500000,6.412792,292.916900
51.081,303.465579,67.065690,-1.500000,-4.379989,293.102763
51.112,297.894575,66.889267,-0.208275,1.371212,293.302760
51.142,296.733131,64.022362,1.500000,2.702642,293.491424
51.176,302.730709,66.016720,-1.500000,-3.097191,293.710897
51.206,303.273191,66.184240,-1.500000,-3.468260,293.901144
51.243,294.548316,69.837473,1.500000,5.465422,294.132895
51.274,289.953420,67.884233,1.500000,10.237491,294.329536
51.305,306.785530,68.291217,-1.500000,-6.414057,294.529937
51.341,294.869762,69.558052,1.500000,5.707518,294.758357
51.373,306.913248,69.604298,-1.500000,-6.154306,294.959980
51.401,296.775238,65.908817,1.500000,4.139978,295.133425
51.437,303.678472,67.049579,-1.221817,-2.554737,295.364856
51.469,304.863771,59.584144,-1.500000,-3.558937,295.565853
51.501,302.457695,62.913792,-1.500000,-0.973387,295.765048
51.531,296.057725,68.728950,1.500000,5.594072,295.950941
51.563,295.249704,69.157412,1.500000,6.586924,296.156080
51.598,288.869660,69.492050,1.500000,13.164786,296.375634
51.633,297.724908,70.900897,1.500000,4.501725,296.588938
51.670,311.483922,70.242219,-1.500000,-9.044794,296.824782
51.703,307.260431,70.587370,-1.500000,-4.641399,297.024453
51.738,313.940308,61.119437,-1.500000,-11.124092,297.243303
51.769,310.464505,61.567114,-1.500000,-7.476625,297.433828
51.799,288.456363,66.772390,1.500000,14.698514,297.619176
51.830,296.595378,66.071107,1.500000,6.733761,297.812585
51.859,297.462344,66.231866,1.500000,6.028149,297.991668
51.888,312.587432,65.011086,-1.500000,-8.936043,298.170242
51.921,303.381331,65.705387,-1.324353,0.447561,298.367250
51.959,296.911944,70.066226,1.500000,7.128325,298.601853
51.993,315.287574,65.928147,-1.500000,-11.063800,298.805521
52.024,303.401517,69.704953,-0.663340,0.994607,298.996808
52.057,286.909217,65.023144,1.500000,17.663033,299.192287
52.090,296.551590,65.915278,1.500000,8.199573,299.390857
52.123,304.143496,66.813383,1.500000,0.789967,299.593189
52.150,308.272267,67.238160,-1.500000,-3.194715,299.753109
52.182,300.543419,66.492345,1.500000,4.703392,299.940966
52.213,304.764413,69.026176,1.500000,0.649513,300.126444
52.247,322.118204,75.808826,-1.500000,-16.522373,300.328337
52.281,320.880396,62.932148,-1.500000,-15.104331,300.528374
52.313,323.024433,65.482301,-1.500000,-17.077591,300.717917
52.345,317.489505,68.307663,-1.500000,-11.373320,300.905866
52.376,311.941610,69.715335,-1.500000,-5.659294,301.090250
52.413,304.552539,68.817726,0.821258,1.920991,301.302475
52.448,298.549196,66.380776,1.500000,8.109950,301.508486
52.473,301.294948,68.456799,1.500000,5.491020,301.649243
52.509,304.811832,62.360560,1.500000,2.164138,301.860123
52.671,312.170368,67.159933,-1.500000,-4.366067,302.779468
52.696,304.556706,61.758797,1.500000,3.374498,302.920316
52.736,314.983580,71.007951,-1.500000,-6.852373,303.142295
52.761,309.233581,62.754921,-1.500000,-0.975772,303.282807
52.799,306.255124,66.877193,1.148040,2.191431,303.492292
52.825,308.330863,62.503485,1.500000,0.244775,303.635558
52.857,307.394797,69.681020,1.500000,1.338660,303.810718
52.889,319.652983,70.206592,-1.500000,-10.760139,303.987618
52.934,316.108588,68.877653,-1.500000,-6.997212,304.230163
52.965,305.981828,67.728094,1.500000,3.281900,304.399254
53.003,314.046146,66.704925,-1.500000,-4.597732,304.604234
53.040,307.341449,65.832471,0.893380,2.282926,304.799529
53.069,316.059314,66.216444,-1.500000,-6.294428,304.955478
53.114,310.094578,74.066111,-1.500000,-0.118789,305.189555
53.151,314.703788,65.370217,-1.500000,-4.553244,305.383511
53.194,298.017256,66.124895,1.500000,12.335500,305.607943
53.208,302.542887,69.950828,1.500000,7.877482,305.682985
53.234,314.071082,64.956513,-1.500000,-3.529325,305.817710
53.261,298.066746,70.758440,1.500000,12.596561,305.952615
53.289,305.157404,67.880161,1.500000,5.634631,306.095488
53.320,313.762194,70.842220,-1.500000,-2.828765,306.252419
53.347,301.357318,68.008042,1.500000,9.699220,306.389055
53.377,303.794790,65.643609,1.500000,7.400005,306.542503
53.414,314.042774,62.769469,-1.500000,-2.683270,306.725309
53.444,320.273271,69.842935,-1.500000,-8.777353,306.876713
53.478,310.880644,65.897518,-0.574245,0.766091,307.044102
53.513,299.232310,61.251373,1.500000,12.567586,307.214090
53.540,311.892450,67.140458,1.500000,0.027027,307.346811
53.577,322.203051,67.467286,-1.500000,-10.120770,307.527504
53.606,318.271131,70.004320,-1.500000,-6.066054,307.663793
53.643,313.527729,69.671074,-1.500000,-1.160158,307.844141
53.673,301.594205,71.480548,1.500000,10.898400,307.982914
53.704,299.283062,68.763108,1.500000,13.341439,308.129302
53.732,308.130343,64.955574,1.500000,4.611448,308.259479
53.771,313.487595,68.581371,0.798351,-0.580624,308.442809
53.805,329.387713,70.729054,-1.500000,-16.338707,308.600450
53.840,321.109375,68.577609,-1.500000,-7.919467,308.756835
53.867,319.857978,65.080418,-1.500000,-6.556887,308.880234
53.897,308.089668,71.217681,1.500000,5.332457,309.014567
53.925,310.648616,67.006782,1.500000,2.888091,309.141739
53.954,313.409454,66.360963,1.500000,0.243655,309.270931
53.985,322.878737,65.363466,-1.500000,-9.101511,309.408686
54.022,316.488245,64.423268,-1.500000,-2.568462,309.566907
54.053,312.267887,74.820050,0.644947,1.775078,309.703625
54.086,324.918946,67.290238,-1.500000,-10.749669,309.843815
54.117,306.243450,73.126992,1.500000,8.046405,309.977642
54.147,327.239347,68.028630,-1.500000,-12.834799,310.104937
54.180,308.093133,66.926617,1.500000,6.436521,310.243789
54.214,319.934448,69.294673,-1.500000,-5.277333,310.385254
54.252,320.739608,69.102755,-1.500000,-5.943674,310.539327
54.283,295.716799,78.034394,1.500000,19.193236,310.665965
54.310,313.811722,66.037536,1.500000,1.199290,310.778037
54.352,315.699624,64.707952,0.850183,-0.537729,310.945499
54.388,316.561750,64.510573,-0.764504,-1.270774,311.088764
54.414,323.255683,64.050076,-1.500000,-7.874158,311.189262
54.445,312.517484,61.047156,1.500000,2.973278,311.310502
54.472,326.499842,63.274120,-1.500000,-10.913544,311.416536
54.502,311.676641,62.756726,1.500000,4.011860,311.529968
54.541,312.254433,62.292443,1.500000,3.567320,311.677862
54.573,327.445002,71.102996,-1.500000,-11.515393,311.797567
54.613,316.537595,68.336938,-1.500000,-0.475437,311.944681
54.637,313.419618,69.809612,1.500000,2.722283,312.033186
54.672,318.267939,65.990047,-0.563638,-2.010036,312.161935
54.775,324.923871,65.407169,-1.500000,-8.336787,312.527286
54.808,303.979864,66.520351,1.500000,12.710482,312.641893
54.833,320.215593,62.632571,-1.500000,-3.447967,312.727664
54.859,303.721755,62.849386,1.500000,13.127399,312.818150
54.892,315.684425,68.336206,1.500000,1.264239,312.928594
54.923,323.915647,60.837970,-1.500000,-6.874349,313.031406
54.952,307.520369,69.131455,1.500000,9.606225,313.126075
54.981,315.274726,68.639074,1.500000,1.939122,313.222917
55.009,324.312996,63.579769,-1.500000,-7.019358,313.311474
55.043,315.527541,66.174966,0.389792,1.866164,313.422537
55.075,315.214434,60.580869,1.500000,2.269258,313.522411
55.137,333.073986,68.076872,-1.500000,-15.416586,313.715206
55.163,320.681546,65.785771,-1.500000,-2.955078,313.791863
55.197,329.009119,68.834420,-1.500000,-11.188688,313.896150
55.232,329.880029,69.607783,-1.500000,-11.966779,313.999167
55.264,307.297650,65.496978,1.500000,10.699280,314.092043
55.293,305.438903,65.900094,1.500000,12.633726,314.176058
55.331,319.184149,76.723740,0.275707,-1.013158,314.285229
55.362,318.296700,65.772949,0.067864,-0.048711,314.370686
55.394,332.528461,66.567483,-1.500000,-14.198571,314.461588
55.422,307.857390,71.541793,1.500000,10.539486,314.535933
55.515,333.826928,68.623583,-1.500000,-15.206777,314.783742
55.540,328.172233,66.441763,-1.500000,-9.493205,314.849088
55.575,309.034376,63.163711,1.500000,9.724375,314.937570
55.606,323.156040,65.560295,-1.500000,-4.327029,315.015550
55.629,313.100269,68.016313,1.500000,5.779059,315.071396
55.665,309.751682,69.428459,1.500000,9.208076,315.160664
55.699,331.581111,68.352562,-1.500000,-12.549533,315.240375
55.725,313.186611,65.017489,1.500000,5.901282,315.302878
55.757,312.961855,63.577246,1.500000,6.192184,315.376292
55.788,324.013139,64.871556,-1.500000,-4.793932,315.448621
55.830,333.610357,64.772134,-1.500000,-14.307194,315.541802
55.860,325.749234,68.312547,-1.500000,-6.386360,315.608073
55.898,316.495419,62.240382,1.500000,2.941007,315.689707
55.928,315.157032,69.817594,1.500000,4.336633,315.753235
55.961,315.243174,72.060442,1.500000,4.312765,315.822352
55.992,327.371623,70.268554,-1.500000,-7.759008,315.885255
56.022,328.300911,70.297248,-1.500000,-8.633766,315.945776
56.051,325.610567,66.551564,-1.500000,-5.893581,316.001094
56.080,326.754752,66.834127,-1.500000,-6.986021,316.058524
56.113,310.606720,61.932595,1.500000,9.217051,316.119613
56.195,312.193910,70.432847,1.500000,7.764411,316.268947
56.226,311.659580,64.223238,1.500000,8.348135,316.323768
56.255,323.642573,64.286789,-1.500000,-3.589889,316.373679
56.285,310.908134,69.409380,1.500000,9.190723,316.424924
56.307,316.743889,65.334355,1.500000,3.387739,316.461296
56.342,320.977169,70.034696,0.539337,-0.794981,316.517412
56.367,323.825194,70.040350,-1.500000,-3.607626,316.556680
56.396,330.700611,68.551000,-1.500000,-10.441542,316.602740
56.431,316.048874,61.040076,1.500000,4.257265,316.654983
56.467,324.514546,66.781073,-1.500000,-4.160739,316.707888
56.514,323.092103,66.833381,-1.500000,-2.677879,316.774943
56.568,304.838881,67.914450,1.500000,15.641416,316.848276
56.599,319.524900,70.878760,1.500000,0.992101,316.889014
56.634,329.762922,61.325374,-1.500000,-9.205046,316.934380
56.675,318.329253,61.603447,0.881846,2.273381,316.984056
56.706,318.975998,64.624325,1.500000,1.660446,317.021581
56.732,323.670962,64.626677,-1.500000,-3.007393,317.051686
56.758,328.223431,67.996065,-1.500000,-7.533388,317.081069
56.789,315.195092,63.820643,1.500000,5.524955,317.114369
56.823,322.983850,70.207241,-0.831546,-2.231754,317.149940
56.854,324.365111,65.424030,-1.500000,-3.584240,317.181877
56.886,326.349252,68.264616,-1.500000,-5.539615,317.213804
56.918,310.750809,63.863406,1.500000,10.086184,317.244166
56.945,321.262477,65.747102,1.377258,-0.403778,317.268257
56.981,315.857380,67.069527,1.500000,5.030085,317.300183
57.012,325.575534,65.733948,-1.500000,-4.664605,317.326226
57.044,325.641596,65.074086,-1.500000,-4.707416,317.352031
57.081,332.843884,68.096212,-1.500000,-11.883972,317.380591
57.113,309.992282,73.983027,1.500000,10.988767,317.404049
57.145,309.811525,65.967811,1.500000,11.189188,317.425874
57.178,313.172687,74.632917,1.500000,7.848167,317.448229
57.204,313.124892,70.138227,1.500000,7.910202,317.464033
57.242,320.341483,63.293147,1.500000,0.713962,317.486621
57.278,318.417631,65.143345,1.500000,2.655821,317.506606
57.310,333.386925,59.459171,-1.500000,-12.298445,317.523286
57.344,334.079098,71.620545,-1.500000,-12.975928,317.539589
57.373,341.904180,65.413919,-1.500000,-20.789141,317.552762
57.406,336.044687,70.786298,-1.500000,-14.917309,317.566457
57.440,328.402016,74.088467,-1.500000,-7.262819,317.579575
57.470,315.557701,70.232555,1.500000,5.590765,317.589862
57.503,325.799985,72.566703,-1.500000,-4.642110,317.600306
57.537,326.650710,59.817742,-1.500000,-5.484349,317.609724
57.572,309.666995,67.927287,1.500000,11.507180,317.618395
57.608,320.457077,61.776554,1.500000,0.723965,317.626018
57.637,343.242067,68.834472,-1.500000,-22.056459,317.631086
57.663,315.116701,67.283634,1.500000,6.072482,317.635053
57.693,330.666206,68.597110,-1.500000,-9.473825,317.638603
57.729,315.772940,67.801053,1.500000,5.422322,317.641800
57.758,316.198494,64.645591,1.500000,4.998270,317.643467
57.797,326.563216,62.705373,-1.500000,-5.365620,317.644391
57.828,322.488828,69.545396,-1.500000,-1.291508,317.644085
57.860,309.394585,67.455929,1.500000,11.801556,317.642776
57.898,316.830764,66.319793,1.500000,4.362846,317.639967
57.921,328.285607,69.090357,-1.500000,-7.094106,317.637626
57.954,319.098603,68.554203,0.659071,2.089016,317.633317
57.985,318.934979,62.538752,1.500000,2.248230,317.628423
58.015,322.385492,65.195547,0.143318,-1.207444,317.622695
58.048,335.198898,74.049537,-1.500000,-14.027258,317.615583
58.090,337.803259,72.475055,-1.500000,-16.641153,317.605000
58.121,319.415118,67.475452,0.601607,1.739210,317.596369
58.155,332.293963,63.794113,-1.500000,-11.149306,317.585635
58.192,308.995827,67.560183,1.500000,12.137364,317.572909
58.218,333.362057,67.951924,-1.500000,-12.237618,317.563194
58.247,311.670567,67.736496,1.500000,9.443742,317.551952
58.280,324.472012,67.079059,-1.500000,-3.370436,317.537820
58.309,321.246327,64.827684,-1.500000,-0.156355,317.524940
58.340,304.530446,67.837343,1.500000,16.546380,317.510351
58.381,312.967120,63.382869,1.500000,8.091166,317.489774
58.416,318.020089,69.339852,1.500000,3.021272,317.470988
58.449,316.814749,66.989607,1.500000,4.209735,317.452257
58.481,322.122163,65.485735,0.152698,-1.114958,317.433079
58.519,324.027703,64.780669,-1.500000,-3.041289,317.410004
58.548,332.105881,66.873013,-1.500000,-11.136422,317.391187
58.581,328.509867,64.578310,-1.500000,-7.560565,317.368814
58.619,312.387668,65.082206,1.500000,8.538203,317.342810
58.646,325.122031,70.356443,-1.500000,-4.214246,317.322736
58.673,312.479619,65.683496,1.500000,8.410350,317.302962
58.701,327.002745,67.876089,-1.500000,-6.131825,317.281821
58.729,320.946084,67.559072,-1.500000,-0.095333,317.259435
58.763,299.227630,69.509066,1.500000,21.598723,317.232356
58.788,313.709098,64.101861,1.500000,7.098291,317.211309
58.825,309.177945,60.782655,1.500000,11.601253,317.180020
58.857,312.170810,64.376677,1.500000,8.582846,317.151671
58.891,320.963646,66.302920,1.213243,-0.237266,317.121398
58.926,331.394545,66.813271,-1.500000,-10.697351,317.089005
58.953,331.119873,64.992205,-1.500000,-10.445741,317.063410
58.985,328.576180,66.916645,-1.500000,-7.929170,317.033307
59.017,318.759682,69.689408,0.745990,1.858700,317.001534
59.053,314.653472,65.314830,1.500000,5.931699,316.964674
59.087,333.791385,66.691401,-1.500000,-13.237349,316.930118
59.121,323.468009,71.202270,-1.500000,-2.945698,316.894907
59.151,325.218215,64.815219,-1.500000,-4.725425,316.862141
59.186,306.001320,72.991591,1.500000,14.456941,316.823819
59.208,315.423147,66.350588,1.500000,5.013500,316.799830
59.242,332.461852,70.862550,-1.500000,-12.059367,316.761915
59.267,309.068769,55.043712,1.500000,11.307625,316.732957
59.297,322.751250,66.922049,-1.041992,-2.405916,316.698484
59.328,321.698518,69.278817,-1.500000,-1.386586,316.661412
59.361,312.570162,72.286466,1.500000,7.707033,316.622858
59.398,316.473468,70.397136,1.500000,3.762727,316.577353
59.434,323.708398,71.977208,-1.500000,-3.512216,316.532943
59.464,309.824041,65.344562,1.500000,10.338857,316.496002
59.500,317.525273,67.650577,1.500000,2.596866,316.450765
59.524,322.660810,71.342023,-1.500000,-2.566278,316.420125
59.559,317.871523,64.515635,0.770496,2.181230,316.373755
59.592,306.859577,64.336058,1.500000,13.154040,316.330319
59.620,332.744162,75.914802,-1.500000,-12.764039,316.293144
59.651,331.247788,63.910078,-1.500000,-11.305185,316.251502
59.690,331.774985,65.600350,-1.500000,-11.879522,316.199182
59.724,328.950053,76.913047,-1.500000,-9.097299,316.151780
59.760,312.402913,64.063156,1.500000,7.405885,316.102994
59.798,331.098980,66.692429,-1.500000,-11.338345,316.049539
59.818,313.336702,71.608797,1.500000,6.397600,316.020313
59.854,313.553010,65.474594,1.500000,6.135107,315.969053
59.885,317.183450,68.809151,1.500000,2.464836,315.924846
59.911,316.513167,68.676743,1.500000,3.101120,315.887111
59.944,328.401907,70.764171,-1.500000,-8.831218,315.838722
59.976,318.718540,68.080610,-0.887100,0.809426,315.791306
60.015,316.762300,61.302174,1.500000,2.713817,315.733759
60.047,316.755874,67.926020,1.500000,2.676111,315.684778
60.077,333.179093,68.774297,-1.500000,-13.787299,315.640170
60.124,338.863631,68.737181,-1.500000,-19.536783,315.568088
60.153,329.938814,69.045654,-1.500000,-10.651057,315.524702
60.184,328.106740,67.435203,-1.500000,-8.863117,315.475720
60.208,312.977730,65.710552,1.500000,6.232897,315.439098
60.238,311.431927,70.889546,1.500000,7.737287,315.393135
60.264,326.117463,69.048120,-1.500000,-6.985181,315.352144
60.292,318.498743,65.139168,-1.147539,0.593891,315.308139
60.330,319.774714,68.824739,-1.500000,-0.736893,315.247305
60.362,305.587865,68.240360,1.500000,13.404832,315.197223
60.395,311.533706,65.025162,1.500000,7.411018,315.143978
60.426,321.566772,70.138213,-1.500000,-2.666824,315.094282
60.460,323.587068,65.396031,-1.500000,-4.735698,315.040366
60.495,295.827818,67.292397,1.500000,22.972516,314.983723
60.525,304.483778,68.103318,1.500000,14.271962,314.934229
60.557,307.020071,72.176907,1.500000,11.689412,314.882889
60.584,321.262713,68.772743,-1.500000,-2.593667,314.838009
60.617,313.909265,62.245219,1.500000,4.711179,314.784066
60.648,322.571520,62.248712,-1.500000,-3.997107,314.732978
60.681,316.228900,76.438697,0.910288,2.296919,314.679044
60.719,323.836883,70.219999,-1.500000,-5.367601,314.616294
60.750,311.984821,65.230303,1.500000,6.438649,314.565449
60.787,313.961672,63.309873,1.500000,4.406430,314.503997
60.820,326.520608,67.282684,-1.500000,-8.201409,314.449722
60.848,308.745337,62.487017,1.500000,9.530782,314.401908
60.881,318.772615,68.235196,1.206911,-0.544755,314.348346
60.910,326.234247,65.049515,-1.500000,-8.050552,314.299329
60.944,320.696049,71.896711,-1.500000,-2.563255,314.242834
60.976,322.605987,64.877414,-1.500000,-4.521097,314.189667
61.007,321.021044,66.100801,-1.500000,-2.983005,314.137668
61.045,308.951283,68.279323,1.500000,9.030022,314.074701
61.079,313.656573,65.136518,1.500000,4.272808,314.017071
61.111,314.100830,73.770078,1.500000,3.780186,313.963391
61.145,329.837211,68.077985,-1.500000,-12.005953,313.908166
61.179,319.732333,62.074228,-1.500000,-1.953353,313.850144
61.215,310.875213,71.152183,1.500000,6.850329,313.790834
61.240,328.339888,64.626447,-1.500000,-10.651902,313.749152
61.280,301.022088,67.195408,1.500000,16.606870,313.683639
61.306,307.961879,64.062650,1.500000,9.627535,313.639749
61.341,318.724549,68.910672,0.065486,-1.187134,313.582037
61.373,311.543997,67.255162,1.500000,5.945884,313.529279
61.405,317.358653,64.041972,1.500000,0.084094,313.476967
61.442,329.821703,61.144023,-1.500000,-12.434091,313.415773
61.477,325.725968,74.854916,-1.500000,-8.390095,313.358349
61.506,332.851293,63.020886,-1.500000,-15.558190,313.310880
61.534,339.093721,67.681176,-1.500000,-21.842226,313.264700
61.562,327.811420,67.740036,-1.500000,-10.599971,313.220255
61.593,313.282625,65.134479,1.500000,3.883651,313.170118
61.631,325.698212,65.870735,-1.500000,-8.588275,313.107588
61.666,312.082012,69.073523,1.500000,4.977627,313.051764
61.697,307.969941,61.748907,1.500000,9.045164,313.002336
61.735,320.532524,65.386577,-1.500000,-3.572108,312.941638
61.763,302.251487,64.326737,1.500000,14.669106,312.897439
61.792,311.810568,70.339209,1.500000,5.068618,312.851483
61.824,319.526049,69.075125,-1.500000,-2.692108,312.801267
61.852,314.062931,67.668767,1.436426,2.732344,312.758352
61.884,320.386672,71.982865,-1.500000,-3.636197,312.708630
61.921,324.632078,68.433515,-1.500000,-7.934027,312.650444
61.953,315.578706,70.875896,-0.199909,1.075887,312.602212
61.984,298.190723,65.141165,1.500000,18.420524,312.554103
62.020,303.832146,64.327567,1.500000,12.730294,312.499933
62.052,317.290029,66.350875,0.567674,-0.771530,312.451164
62.090,315.655443,68.396261,1.435967,0.812469,312.395018
62.119,321.862800,60.305402,-1.500000,-5.434072,312.351530
62.147,317.346048,66.822628,-1.500000,-0.953594,312.311270
62.173,316.534810,62.292570,-1.500000,-0.177009,312.272810
62.202,308.071553,60.627047,1.500000,8.248405,312.230807
62.236,314.930158,69.151539,1.500000,1.345509,312.181650
62.273,318.579139,61.860589,-1.340552,-2.350751,312.129176
62.305,321.967121,61.317137,-1.500000,-5.779965,312.083414
62.340,313.855234,61.519579,1.245642,2.288269,312.034964
62.379,328.146326,64.563477,-1.500000,-12.051065,311.981423
62.407,313.310593,65.352870,1.489427,2.750580,311.943589
62.451,330.706035,66.370746,-1.500000,-14.699251,311.883223
62.478,308.091568,64.735820,1.500000,7.883404,311.847915
62.504,338.359365,66.409162,-1.500000,-22.416311,311.812490
62.531,309.509885,66.820781,1.500000,6.401481,311.777321
62.564,327.409715,64.347685,-1.500000,-11.536673,311.734786
62.592,317.699318,63.205313,-1.500000,-1.858634,311.698873
62.631,311.719368,65.757166,1.500000,4.076406,311.649028
62.660,310.032876,62.342180,1.500000,5.730770,311.613369
62.695,317.771957,62.012913,-0.974453,-2.047772,311.569572
62.733,320.564705,71.532671,-1.500000,-4.881667,311.523905
62.766,314.157729,67.815117,0.236241,1.489788,311.484480
62.794,299.777217,68.464191,1.500000,15.840322,311.451209
62.820,311.980249,66.408651,1.500000,3.610626,311.421614
62.851,319.978504,70.164741,-1.500000,-4.420177,311.385490
62.884,318.393476,65.111428,-1.500000,-2.868827,311.348112
62.919,304.132362,71.019798,1.500000,11.357737,311.309766
62.948,308.518032,67.347138,1.500000,6.943774,311.278365
62.985,319.518890,66.466132,-1.500000,-4.093617,311.237817
63.018,301.609242,70.754922,1.500000,13.785214,311.203614
63.056,319.396940,72.430013,-1.500000,-4.037746,311.164478
63.090,317.450586,65.398010,-1.500000,-2.122278,311.130198
63.117,301.325873,66.756730,1.500000,13.978103,311.103191
63.150,321.862746,63.772993,-1.500000,-6.587045,311.071809
63.181,299.367726,65.598560,1.500000,15.881304,311.042209
63.219,299.099611,67.244084,1.500000,16.117945,311.007276
63.248,315.869374,61.321760,0.683374,-0.675778,310.980683
63.286,317.410415,65.178832,-1.500000,-2.247120,310.947054
63.315,317.674729,62.944005,-1.500000,-2.534001,310.922007
63.349,307.720648,68.825868,1.500000,7.394334,310.893431
63.381,311.303715,67.971270,1.500000,3.787832,310.867422
63.410,321.105957,60.584902,-1.500000,-6.035139,310.844416
63.447,312.669101,67.540465,1.005952,2.376090,310.815972
63.476,313.297848,62.156990,1.500000,1.727929,310.794426
63.509,323.957220,64.383903,-1.500000,-8.952659,310.770878
63.542,325.851799,68.992641,-1.500000,-10.868409,310.747381
63.567,304.874823,67.675269,1.500000,10.093356,310.730498
63.598,312.387279,75.611405,1.500000,2.562523,310.710102
63.628,335.632575,70.750627,-1.500000,-20.699946,310.691043
63.661,327.932457,60.618930,-1.500000,-13.017941,310.670939
63.693,315.426866,65.988556,-1.500000,-0.529068,310.652383
63.745,308.771165,62.512713,1.500000,6.100700,310.623602
63.773,327.714734,64.906031,-1.500000,-12.856403,310.608580
63.805,306.503726,67.445332,1.500000,8.340502,310.592928
63.836,317.818716,71.343171,-1.500000,-2.987798,310.578155
63.866,316.222397,65.980890,-1.500000,-1.403796,310.564485
63.902,306.516005,73.148755,1.500000,8.288852,310.549230
63.937,308.707447,64.953932,1.500000,6.085223,310.535704
63.971,313.079250,66.764353,1.500000,1.701982,310.523009
64.002,315.370923,68.284064,0.776087,-0.599050,310.512622
64.036,319.938234,67.323817,-1.500000,-5.176004,310.501920
64.064,318.573617,64.178028,-1.500000,-3.818570,310.493948
64.098,314.319801,68.752841,-0.983597,0.427318,310.485148
64.129,304.510443,68.276017,1.500000,10.230203,310.477965
64.158,316.598802,74.912757,-0.449663,-1.863685,310.471827
64.197,302.297118,65.273579,1.500000,12.431825,310.464976
64.229,306.824835,66.296868,1.500000,7.899859,310.460259
64.261,315.362511,64.820697,0.725160,-0.641196,310.456509
64.298,323.662576,63.447647,-1.500000,-8.944241,310.453203
64.328,315.223448,67.040206,-1.500000,-0.506698,310.451443
64.363,317.093319,63.593237,-1.500000,-2.377516,310.450391
64.390,313.090045,65.492291,0.464444,1.625697,310.450324
64.419,311.467048,69.894634,1.500000,3.249295,310.450990
64.448,314.350372,64.300105,1.500000,0.367234,310.452393
64.480,321.186864,65.566324,-1.500000,-6.466998,310.454901
64.520,318.090750,67.678913,-1.500000,-3.366950,310.459267
64.548,304.908447,63.750884,1.500000,9.818947,310.463257
64.585,316.790242,62.811296,-0.620672,-2.057237,310.469484
64.618,314.305255,68.749618,-0.354531,0.433861,310.476266
64.651,323.206372,64.424233,-1.500000,-8.460312,310.483974
64.688,300.395141,74.733367,1.500000,14.359672,310.493688
64.721,313.771794,67.740183,1.500000,0.992162,310.503835
64.937,306.358141,64.104638,1.500000,8.487060,310.594008
64.962,324.075610,64.058098,-1.500000,-9.218286,310.607463
64.997,318.230914,67.673962,-1.500000,-3.355781,310.627229
65.025,320.539766,69.417406,-1.500000,-5.649514,310.644009
65.050,305.194730,65.797331,1.500000,9.709451,310.659469
65.085,304.873367,63.669885,1.500000,10.051253,310.682153
65.111,315.921587,68.139431,0.314321,-0.981202,310.699651
65.140,312.424560,69.712026,1.500000,2.534592,310.720480
65.174,318.771201,68.861523,-1.500000,-3.789741,310.745238
65.212,317.830274,70.852548,-1.500000,-2.822385,310.774572
65.236,322.214959,64.054261,-1.500000,-7.189599,310.793962
65.299,319.309409,69.376911,-1.500000,-4.236182,310.847089
65.334,302.210119,63.393673,1.500000,12.891582,310.878691
65.364,305.192356,60.039296,1.500000,9.934775,310.906916
65.401,300.486962,70.231884,1.500000,14.671898,310.942131
65.433,308.711893,73.288087,1.500000,6.475596,310.973907
65.460,318.262828,62.598951,-1.500000,-3.049873,311.002170
65.491,319.032630,68.592605,-1.500000,-3.790007,311.035097
65.523,315.565569,69.467032,-1.500000,-0.291673,311.069806
65.556,308.689577,71.981775,1.500000,6.617468,311.106598
65.590,324.519696,69.193205,-1.500000,-9.176828,311.146358
65.621,301.273870,61.021070,1.500000,14.102113,311.183111
65.653,317.017077,62.578231,-0.076110,-1.606565,311.221433
65.683,306.335753,65.587107,1.500000,9.109352,311.259829
65.714,317.294021,62.634718,-0.498852,-1.812964,311.299730
65.746,310.129982,67.993423,1.500000,5.388878,311.341687
65.786,324.373369,68.087801,-1.500000,-8.806239,311.395261
65.817,314.903965,66.774055,-1.015881,0.702848,311.439305
65.849,309.083530,70.686229,1.500000,6.563995,311.484489
65.897,319.750896,68.832460,-1.500000,-4.040052,311.554766
65.931,314.709872,65.292075,-0.599603,1.047355,311.606246
65.958,303.762079,64.525116,1.500000,12.032511,311.647715
65.989,301.045308,62.658988,1.500000,14.791952,311.695072
66.019,322.807951,66.899203,-1.500000,-6.927820,311.742654
66.049,316.522025,70.904617,-1.500000,-0.597909,311.791472
66.080,308.902912,62.500219,1.500000,7.067534,311.842892
66.112,314.387815,75.890680,1.500000,1.631989,311.897674
66.149,322.974433,66.523613,-1.500000,-6.897369,311.961225
66.191,318.803094,69.378780,-1.500000,-2.659197,312.035401
66.226,314.320282,69.744527,0.772967,1.881026,312.099120
66.256,320.578757,69.668336,-1.500000,-4.327469,312.154592
66.287,302.431561,67.590885,1.500000,13.871049,312.211554
66.314,303.929390,69.386875,1.500000,12.420592,312.264131
66.344,306.265114,72.586557,1.500000,10.136044,312.320930
66.379,320.618803,66.928141,-1.500000,-4.155912,312.389446
66.408,325.360446,68.709383,-1.500000,-8.844364,312.448482
66.440,319.313282,70.995011,-1.500000,-2.739471,312.512553
66.483,317.155208,70.452117,-1.500000,-0.500497,312.602343
66.516,306.431951,69.024247,1.500000,10.285168,312.671608
66.545,313.091968,63.887408,1.500000,3.680935,312.733521
66.578,316.066739,63.332925,1.500000,0.769637,312.803969
66.611,315.860490,67.837117,1.500000,1.041445,312.876732
66.640,321.043341,68.961402,-1.500000,-4.083285,312.941239
66.673,317.549371,66.414647,-1.500000,-0.521770,313.016206
66.704,313.787460,64.879468,1.500000,3.304425,313.087553
66.737,321.054027,65.031721,-1.500000,-3.894750,313.162349
66.771,315.874641,69.951420,-0.224547,1.357746,313.243493
66.803,303.992305,63.403630,1.500000,13.308489,313.319416
66.842,322.452608,72.132638,-1.500000,-5.066481,313.414126
66.872,317.395773,65.394265,-1.500000,0.057812,313.488996
66.906,302.521373,66.095698,1.500000,15.007311,313.572346
66.934,312.215435,67.898898,1.500000,5.376903,313.642995
66.962,313.869424,69.148194,1.500000,3.787495,313.714671
66.992,324.491743,70.803070,-1.500000,-6.765435,313.791684
67.026,313.054876,70.677829,1.500000,4.750415,313.879346
67.060,330.102655,70.539421,-1.500000,-12.216207,313.969421
67.095,320.375328,70.877570,-1.500000,-2.403004,314.064733
67.149,318.041538,70.885036,-1.426101,0.061108,314.209374
67.170,305.463945,63.921116,1.500000,12.692749,314.269361
67.207,312.559494,64.776350,1.500000,5.689501,314.371804
67.232,319.674085,62.431273,-0.145672,-1.361885,314.441953
67.258,318.041110,64.567630,0.061085,0.336859,314.514950
67.289,321.557872,70.089674,-1.500000,-3.101427,314.602048
67.319,318.986082,68.135908,-1.500000,-0.451607,314.688651
67.351,311.673570,70.164598,1.500000,6.946888,314.784083
67.389,319.598027,70.312872,0.805657,-0.876827,314.895893
67.420,317.753217,70.401931,1.500000,1.050472,314.987446
67.458,326.714119,66.764536,-1.500000,-7.807327,315.101878
67.490,319.818831,67.156918,-1.500000,-0.823411,315.200244
67.523,318.597783,67.596107,-0.910994,0.487403,315.299873
67.555,310.478557,67.105457,1.500000,8.696948,315.400116
67.581,316.053945,69.519659,1.500000,3.194560,315.481138
67.610,319.080557,70.254424,1.500000,0.251340,315.573692
67.649,323.666743,63.489232,-1.500000,-4.224069,315.696642
67.683,322.810513,65.881468,-1.500000,-3.268908,315.806442
67.713,322.587629,66.648988,-1.500000,-2.958720,315.903341
67.745,306.649216,71.245242,1.500000,13.073479,316.007430
67.784,320.389137,64.049950,1.200466,-0.550088,316.136569
67.819,316.078080,67.787760,1.500000,3.866365,316.253545
67.846,325.531504,66.642767,-1.500000,-5.507258,316.342116
67.877,311.528344,67.952887,1.500000,8.592226,316.449024
67.906,319.584330,65.350710,1.500000,0.624731,316.547238
67.941,340.751208,69.802749,-1.500000,-20.435316,316.665807
67.976,334.916366,72.986297,-1.500000,-14.490099,316.788309
68.014,324.231970,68.721930,-1.500000,-3.687847,316.919116
68.049,318.717399,66.826303,0.842176,1.938302,317.042954
68.076,321.642063,65.836582,0.042544,-0.897688,317.141371
68.110,328.070805,65.604949,-1.500000,-7.220214,317.259258
68.144,318.179224,62.250205,1.500000,2.782515,317.382618
68.174,324.584942,69.954028,-1.500000,-3.526257,317.490216
68.202,308.656679,66.730880,1.500000,12.494678,317.593071
68.234,309.118945,71.764897,1.500000,12.137132,317.709297
68.266,323.035342,62.707094,-0.517735,-1.669799,317.830791
68.300,327.152118,73.506561,-1.500000,-5.675636,317.953920
68.334,326.989462,68.016861,-1.500000,-5.395968,318.083789
68.382,337.071579,64.230716,-1.500000,-15.315758,318.263953
68.413,316.744017,71.051530,1.500000,5.115976,318.379571
68.442,319.979449,63.641744,1.500000,1.981257,318.491350
68.474,325.470563,58.376913,-1.500000,-3.398037,318.615456
68.496,297.500631,61.835242,1.500000,24.648750,318.700756
68.524,318.549940,69.559670,1.500000,3.696831,318.808846
68.555,321.221265,69.733498,1.500000,1.134115,318.929389
68.588,317.046098,62.372206,1.500000,5.426428,319.059407
68.620,326.085440,69.620223,-1.500000,-3.498873,319.185979
68.662,327.601376,67.849619,-1.500000,-4.866165,319.350956
68.688,316.292565,67.909412,1.500000,6.535798,319.454343
68.725,330.126718,75.170655,-1.500000,-7.164690,319.602696
68.757,323.230488,67.495219,-1.500000,-0.150436,319.733687
68.785,326.125952,62.006173,-1.500000,-2.943853,319.846947
68.817,321.299648,67.006529,0.916195,1.999559,319.976923
68.848,317.746631,70.633169,1.500000,5.664848,320.101531
68.892,316.081190,70.012796,1.500000,7.492107,320.281128
68.920,325.728707,71.330785,-0.975486,-2.048627,320.399645
68.957,335.624800,68.981230,-1.500000,-11.806305,320.553269
68.986,329.557359,67.091998,-1.500000,-5.630114,320.673967
69.012,326.494022,64.965523,-1.500000,-2.468887,320.782614
69.049,309.091462,71.230880,1.500000,15.072343,320.936521
69.081,307.934528,72.104310,1.500000,16.351399,321.072061
69.112,327.015030,69.396574,-1.500000,-2.610811,321.203352
69.145,302.513128,62.613597,1.500000,22.016557,321.342603
69.176,305.606610,70.701174,1.500000,19.041333,321.473855
69.208,319.290264,67.610715,1.500000,5.483756,321.613785
69.244,322.766591,64.098906,1.500000,2.146751,321.768415
69.273,324.139521,75.062103,1.500000,0.883660,321.890324
69.301,329.711626,73.581248,-1.500000,-4.577145,322.013852
69.336,326.809725,67.242786,-1.500000,-1.536876,322.167424
69.368,338.069772,67.929471,-1.500000,-12.673205,322.304736
69.401,332.713184,69.701499,-1.500000,-7.185269,322.450516
69.436,326.657317,62.381092,-1.500000,-0.991034,322.604088
69.470,329.232247,68.992211,-1.500000,-3.432816,322.751866
69.500,317.141784,66.790958,1.500000,8.776581,322.883868
69.533,320.559310,66.241947,1.500000,5.492406,323.031872
69.562,316.465126,67.832326,1.500000,9.703044,323.161121
69.596,329.175508,72.034165,-1.500000,-2.872111,323.311206
69.633,321.128341,70.817905,1.500000,5.324893,323.477508
69.665,328.076474,63.842753,0.058881,-1.494849,323.620006
69.701,329.768192,73.936125,-1.500000,-3.041616,323.780884
69.732,326.623484,74.124846,-1.415029,0.227328,323.918770
69.767,321.558412,70.644057,1.500000,5.436286,324.078466
69.793,320.153294,69.046700,1.500000,6.945800,324.194333
69.824,328.411297,66.107242,0.070361,-1.183099,324.337622
69.856,331.484807,64.867321,-1.500000,-4.126872,324.481615
69.895,324.761444,72.426054,1.500000,2.757493,324.660307
69.930,325.752529,66.441590,1.500000,1.908954,324.818516
69.956,326.236301,66.189677,1.500000,1.532650,324.937793
69.993,335.464048,65.504430,-1.500000,-7.544924,325.104466
70.022,319.285165,71.381652,1.500000,8.752858,325.236430
70.054,351.555875,79.268358,-1.500000,-23.383157,325.385925
70.090,355.976908,84.707778,-1.500000,-27.655910,325.550498
70.119,337.236833,97.473064,-1.500000,-8.794795,325.684837
70.153,321.273854,105.187823,1.500000,7.306559,325.838416
70.184,302.424817,106.750715,1.500000,26.283702,325.980599
70.220,284.075720,108.560631,1.500000,44.784874,326.149383
70.253,274.512103,105.674443,1.500000,54.484717,326.300576
70.288,244.100658,123.005430,1.500000,85.042858,326.463391
70.323,232.192443,128.145711,1.500000,97.095432,326.623613
70.355,229.640958,134.787084,1.500000,99.779351,326.770598
70.376,222.028357,136.035869,1.500000,107.482852,326.871486
70.413,213.853635,142.699647,1.500000,115.808375,327.038857
70.438,208.272150,134.398185,1.500000,121.495565,327.156177
70.468,197.042799,138.750699,1.500000,132.852464,327.297739
70.505,190.504438,136.926942,1.500000,139.542233,327.465784
70.541,180.146841,138.022581,1.500000,150.051644,327.634279
70.575,174.773049,147.759264,1.500000,155.567528,327.791983
70.607,168.092657,146.093500,1.500000,162.383349,327.942294
70.659,165.968990,144.777057,1.500000,164.721671,328.180533
70.696,163.752844,136.429571,1.500000,167.094354,328.354271
70.722,159.120736,131.220317,1.500000,171.836572,328.476479
70.751,168.492784,136.037161,1.500000,162.583647,328.608691
70.781,158.200985,124.082732,1.500000,172.999281,328.746134
70.809,171.289711,129.815039,1.500000,160.027747,328.876202
70.836,170.372835,128.819794,1.500000,161.059600,329.003812
70.866,173.569632,131.623386,1.500000,157.986538,329.141143
70.901,186.963919,117.796106,1.500000,144.739823,329.304930
70.933,192.225011,111.695759,1.500000,139.610846,329.451562
70.966,188.956019,101.909445,1.500000,143.018303,329.605242
70.997,203.117724,107.897448,1.500000,128.985250,329.748029
71.033,211.267443,89.958249,1.500000,120.981883,329.910461
71.064,216.515630,73.415571,1.500000,115.863495,330.054523
71.097,231.384673,85.704569,1.500000,101.129977,330.204939
71.129,223.762391,64.288771,1.500000,108.884232,330.351413
71.165,244.799277,82.598859,1.500000,87.995363,330.515693
71.198,235.504072,64.423264,1.500000,97.427694,330.667887
71.232,252.150673,76.783367,1.500000,80.920948,330.823110
71.257,264.735221,88.898110,1.500000,68.437800,330.935651
71.294,274.620506,74.090312,1.500000,58.706416,331.106461
71.326,285.871546,85.020040,1.500000,47.584017,331.249238
71.359,290.342721,68.398463,1.500000,43.246749,331.397858
71.407,291.150904,78.438892,1.500000,42.634606,331.615438
71.436,307.964361,92.609942,1.500000,25.939188,331.746448
71.464,318.280528,74.919710,1.500000,15.736575,331.872479
71.492,333.462524,85.235034,1.500000,0.665677,331.995784
71.518,321.072708,72.503465,1.500000,13.162885,332.114975
71.551,340.843740,76.015634,-1.500000,-6.477143,332.260373
71.580,344.625521,73.311997,-1.500000,-10.143748,332.388205
71.610,352.895079,66.362516,-1.500000,-18.290766,332.524210
71.641,361.707094,59.133002,-1.500000,-26.982704,332.657480
71.671,382.087347,63.576007,-1.500000,-47.243583,332.789971
71.702,390.994997,66.840186,-1.500000,-56.026359,332.928566
71.732,401.353302,69.571392,-1.500000,-66.267174,333.058966
71.766,406.251166,65.052792,-1.500000,-71.031110,333.207610
71.806,428.144033,66.400295,-1.500000,-92.766040,333.382900
71.836,442.780733,68.918795,-1.500000,-107.285157,333.513403
71.873,450.819294,64.143296,-1.500000,-115.183239,333.669318
71.903,424.331395,68.257139,-1.500000,-88.576149,333.801605
71.931,444.709195,64.800424,-1.500000,-108.846315,333.921065
71.965,440.668605,65.227813,-1.500000,-104.676801,334.064156
71.995,458.062944,76.821277,-1.500000,-121.955633,334.192354
72.025,480.046004,68.037950,-1.500000,-143.824806,334.318754
72.059,467.075680,66.719568,-1.500000,-130.725876,334.461491
72.092,452.534781,67.328314,-1.500000,-116.060135,334.600051
72.125,480.656021,69.606796,-1.500000,-144.058064,334.736911
72.160,443.755907,67.251743,-1.500000,-107.025271,334.884169
72.194,417.440619,66.337598,-1.500000,-80.585691,335.022118
72.226,403.144537,73.479649,-1.500000,-66.169956,335.154918
72.258,391.173426,63.479590,-1.500000,-54.082018,335.284581
72.293,368.822787,67.849864,-1.500000,-31.603411,335.426611
72.322,363.909366,67.476690,-1.500000,-26.585049,335.543082
72.350,353.055252,69.378954,-1.500000,-15.628683,335.656570
72.381,322.729745,65.134773,1.500000,14.806065,335.777813
72.410,338.282983,56.771935,1.090151,-0.641384,335.895227
72.445,313.434869,70.023172,1.500000,24.330175,336.032235
72.481,325.287185,63.089562,1.500000,12.605821,336.174258
72.514,341.238290,62.174967,-1.500000,-3.231165,336.300916
72.547,314.334078,69.288173,1.500000,23.790335,336.431091
72.586,295.183399,65.270366,1.500000,43.075344,336.580181
72.619,329.124151,67.791538,1.500000,9.245295,336.703048
72.650,325.155391,66.135231,1.500000,13.322410,336.823309
72.680,312.734977,64.801262,1.500000,25.842936,336.934420
72.710,314.889919,70.028766,1.500000,23.789941,337.047570
72.741,327.598657,69.547606,1.500000,11.182144,337.159602
72.774,328.575216,69.271360,1.500000,10.315374,337.281453
72.811,337.651379,64.127851,1.500000,1.361311,337.416971
72.835,341.475841,70.372364,-1.382712,-2.385643,337.502995
72.874,352.078737,69.120564,-1.500000,-12.862753,337.642601
72.907,347.752184,62.338701,-1.500000,-8.429098,337.761472
72.940,344.030641,67.192994,-1.500000,-4.603474,337.876989
72.971,330.396706,70.570978,1.500000,9.127218,337.984377
73.002,324.354925,66.174862,1.500000,15.265027,338.090956
73.035,334.976392,72.085790,1.500000,4.745579,338.204186
73.066,358.141739,73.076167,-1.500000,-18.325868,338.308403
73.102,343.132866,68.310543,-1.500000,-3.207087,338.430387
73.135,352.034197,62.718769,-1.500000,-12.009283,338.540415
73.171,326.318771,63.784824,1.500000,13.812423,338.658373
73.209,342.791998,67.617608,-1.216395,-2.550249,338.781075
73.239,330.104674,60.784991,1.500000,10.225149,338.878826
73.276,340.829072,60.106230,1.354925,-0.393687,338.995987
73.303,354.767434,69.020660,-1.500000,-14.257050,339.079228
73.332,338.589925,69.012539,0.572579,2.002820,339.170639
73.362,335.044139,59.422595,1.500000,5.631445,339.262579
73.395,340.308686,63.500355,1.500000,0.454933,339.360287
73.428,347.322504,65.559189,-1.500000,-6.469520,339.459472
73.462,348.841425,71.184849,-1.500000,-7.896786,339.561198
73.499,344.790615,67.322310,-1.500000,-3.749778,339.667966
73.529,343.179203,59.037113,-1.500000,-2.059666,339.755312
73.564,332.872816,65.769590,1.500000,8.337451,339.856012
73.599,337.738914,63.017766,1.500000,3.558493,339.952728
73.624,348.197256,65.632628,-1.500000,-6.836494,340.023043
73.653,328.983181,72.067436,1.500000,12.448951,340.102255
73.685,335.506834,69.863998,1.500000,6.002823,340.188299
73.718,345.457331,69.081398,-1.500000,-3.870487,340.273966
73.748,358.816476,63.593165,-1.500000,-17.158441,340.352980
73.784,336.652294,72.739545,1.500000,5.089699,340.446162
73.816,353.952864,64.251836,-1.500000,-12.139959,340.524866
73.848,339.767570,67.311263,0.693394,2.117421,340.604873
73.886,353.453700,73.271583,-1.500000,-11.484424,340.698420
73.916,343.544215,70.085630,-1.500000,-1.511299,340.769052
73.954,334.829995,66.061736,1.500000,7.282466,340.857337
73.984,327.049992,67.634328,1.500000,15.124350,340.926017
74.014,354.726244,70.624318,-1.500000,-12.489313,340.995484
74.044,336.241244,67.366512,1.500000,6.055111,341.061437
74.073,330.310622,66.880234,1.500000,12.041397,341.123217
74.100,348.086936,67.622261,-1.500000,-5.681928,341.182030
74.131,349.841954,73.911347,-1.500000,-7.379212,341.246106
74.162,337.250915,62.855737,1.500000,5.268549,341.309061
74.192,341.148719,73.271668,1.500000,1.426260,341.370676
74.231,339.345628,68.676673,1.500000,3.297940,341.446801
74.268,356.586447,69.779719,-1.500000,-13.879689,341.516935
74.296,346.684884,68.342918,-1.500000,-3.931773,341.568380
74.329,349.570450,72.135487,-1.500000,-6.763583,341.628043
74.358,344.799805,65.108164,-1.500000,-1.946854,341.679191
74.392,338.016285,71.057790,1.500000,4.888985,341.737258
74.424,332.794332,64.139010,1.500000,10.159596,341.791263
74.457,331.865601,67.852860,1.500000,11.135889,341.844052
74.486,353.755274,64.217445,-1.500000,-10.712908,341.889418
74.524,339.248430,68.520537,1.500000,3.846367,341.947610
74.556,338.743601,64.835889,1.500000,4.393621,341.994696
74.584,339.983584,61.409039,1.500000,3.189574,342.034582
74.616,354.509576,66.865205,-1.500000,-11.297313,342.077983
74.648,366.262289,70.658048,-1.500000,-23.012546,342.119582
74.680,364.063499,68.267669,-1.500000,-20.776541,342.160885
74.728,352.571572,70.429450,-1.500000,-9.232792,342.218402
74.796,345.557300,72.034630,-1.500000,-2.150089,342.294353
74.840,325.693294,72.694884,1.500000,17.753800,342.338617
74.870,342.354212,65.482722,1.500000,1.119464,342.368120
74.893,332.127515,66.664520,1.500000,11.364953,342.388976
74.920,364.709421,61.896362,-1.500000,-21.195636,342.412636
74.947,344.392944,73.043264,-1.500000,-0.859288,342.434690
74.976,336.944891,68.633083,1.500000,6.609369,342.457558
75.013,331.013683,61.906525,1.500000,12.565036,342.484704
75.045,345.665514,64.233748,-0.998297,-2.067506,342.506113
75.081,360.525103,68.649970,-1.500000,-16.907317,342.528064
75.114,332.719543,67.374899,1.500000,10.914703,342.546333
75.138,339.146824,62.361945,1.500000,4.498539,342.558672
75.180,366.706511,68.776269,-1.500000,-23.044502,342.577147
75.213,340.265396,67.886568,1.500000,3.408072,342.589864
75.245,350.217180,65.852029,-1.500000,-6.534212,342.600408
75.276,349.644856,68.371045,-1.500000,-5.954339,342.608786
75.311,350.954297,70.458503,-1.500000,-7.256982,342.616333
75.341,322.528232,66.090722,1.500000,21.173237,342.620942
75.375,340.557086,65.216867,1.500000,3.147477,342.624377
75.406,339.714626,66.998608,1.500000,3.991088,342.625654
75.442,345.515571,69.859661,-0.687673,-1.810437,342.625010
75.475,355.569093,65.959057,-1.500000,-11.866346,342.622360
75.502,356.184608,63.994545,-1.500000,-12.485153,342.618707
75.538,335.489150,75.399963,1.500000,8.204258,342.611996
75.570,343.399053,62.956316,1.500000,0.287007,342.603840
75.605,338.192273,69.696598,1.500000,5.483912,342.592879
75.636,360.015279,68.105353,-1.500000,-16.349731,342.581074
75.667,351.278494,65.510193,-1.500000,-7.624675,342.568057
75.699,337.465386,66.947827,1.500000,6.174271,342.552338
75.732,344.272391,70.024164,1.080877,-0.649059,342.534220
75.769,332.703215,66.350600,1.500000,10.899627,342.511478
75.800,361.989172,63.536967,-1.500000,-18.405172,342.490566
75.830,358.876239,67.385017,-1.500000,-15.312466,342.468116
75.864,365.345102,67.628374,-1.500000,-21.805064,342.441773
75.896,344.987572,68.816697,-1.500000,-1.472405,342.414169
75.930,341.641256,66.306637,0.730082,1.845535,342.382676
75.961,346.099306,64.985557,-1.500000,-2.639345,342.352898
75.996,331.607298,69.698223,1.500000,11.819318,342.315890
76.032,351.067527,64.315050,-1.500000,-7.676717,342.276149
76.055,333.190528,64.106202,1.500000,10.176457,342.249705
76.092,346.402299,71.762738,-1.500000,-3.076809,342.203651
76.124,330.460851,67.019631,1.500000,12.827896,342.162872
76.157,339.061588,66.192235,1.500000,4.186543,342.117793
76.189,337.826352,65.229908,1.500000,5.381545,342.073137
76.224,361.159265,67.489993,-1.500000,-17.997667,342.021751
76.260,341.441264,67.822788,0.152144,1.669490,341.965322
76.293,346.727608,63.816390,-1.500000,-3.664413,341.912536
76.323,335.539118,69.980098,1.500000,7.477667,341.861027
76.353,344.847373,65.012391,-0.401776,-1.876082,341.810533
76.392,331.864966,68.154113,1.500000,11.042632,341.739843
76.430,352.199635,69.077293,-1.500000,-9.356721,341.668050
76.462,330.144698,62.132122,1.500000,12.641348,341.604934
76.488,344.868799,62.231235,-0.706745,-2.128470,341.554194
76.513,368.052268,69.409493,-1.500000,-25.358682,341.502315
76.544,336.214231,69.057182,1.500000,6.421391,341.437982
76.578,351.334769,69.263500,-1.500000,-8.766798,341.362897
76.611,347.037747,72.413734,-1.500000,-4.535279,341.290198
76.643,326.797367,61.779185,1.500000,15.638553,341.216337
76.680,343.784523,67.005934,0.139183,-1.428392,341.127782
76.716,332.100406,67.793093,1.500000,10.177302,341.040741
76.745,343.357154,63.309900,0.282289,-1.144813,340.968193
76.772,344.172324,65.724586,-1.500000,-2.023128,340.898110
76.801,338.439552,67.370635,1.500000,3.641348,340.822309
76.831,335.319040,70.418757,1.500000,6.689301,340.741777
76.863,346.837799,63.185881,-1.500000,-4.908951,340.653549
76.900,353.695278,67.657169,-1.500000,-11.859729,340.549999
76.937,336.963933,66.846508,1.500000,4.775496,340.443317
76.966,338.469577,72.622324,1.500000,3.192865,340.357872
77.000,359.247316,67.260666,-1.500000,-17.676427,340.256259
77.031,351.233285,64.776916,-1.500000,-9.749448,340.159641
77.066,350.885896,65.882752,-1.500000,-9.502357,340.048323
77.092,346.145166,68.575529,-1.500000,-4.835975,339.965806
77.129,327.142738,65.560493,1.500000,14.056970,339.844293
77.160,337.288788,65.427006,1.500000,3.817893,339.741045
77.192,336.310814,70.096975,1.500000,4.697152,339.631483
77.226,354.796864,65.049205,-1.500000,-13.895141,339.513567
77.260,343.964243,68.128137,-1.500000,-3.169063,339.395317
77.294,335.330624,64.635834,1.500000,5.354395,339.273052
77.330,334.857107,67.411329,1.500000,5.706923,339.138767
77.355,347.171791,64.623510,-1.500000,-6.690947,339.046442
77.394,332.911484,65.358087,1.500000,7.435133,338.897467
77.421,339.274124,68.802919,1.500000,0.978975,338.793673
77.449,348.911455,66.512266,-1.500000,-8.757886,338.683207
77.483,341.307451,69.333129,-1.500000,-1.275577,338.548140
77.518,344.262875,65.169501,-1.500000,-4.360449,338.404468
77.554,343.656091,63.667066,-1.500000,-3.885207,338.258473
77.593,319.526996,69.361930,1.500000,20.094872,338.093083
77.628,314.214881,69.240667,1.500000,25.273162,337.944553
77.663,336.875239,69.193113,1.500000,2.475296,337.791937
77.688,347.791571,68.691395,-1.500000,-8.539823,337.682296
77.717,323.496116,60.745948,1.500000,15.638587,337.552390
77.750,342.429337,67.410730,-1.500000,-3.427941,337.404435
77.780,329.415327,66.043834,1.500000,9.459563,337.264029
77.812,332.646180,62.445751,1.500000,6.095365,337.116032
77.843,339.386141,70.133477,0.562301,-0.775976,336.970216
77.876,340.053143,65.051459,-1.464205,-1.582586,336.815269
77.910,337.332810,70.057010,-0.518720,0.986590,336.647503
77.946,351.474732,69.681644,-1.500000,-13.314465,336.470884
77.987,340.544967,64.401987,-1.500000,-2.568700,336.266667
78.019,318.645899,60.421214,1.500000,19.186898,336.107433
78.052,334.720348,63.623675,1.500000,2.957559,335.935523
78.085,346.852189,62.527280,-1.500000,-9.326083,335.767043
78.117,348.998284,69.435678,-1.500000,-11.624412,335.598083
78.146,324.909081,67.558097,1.500000,12.326363,335.444444
78.184,334.364571,68.146991,1.500000,2.687782,335.241236
78.217,332.915300,72.374685,1.500000,3.973511,335.059724
78.250,347.486997,60.455580,-1.500000,-10.761449,334.878522
78.286,348.903080,75.621438,-1.500000,-12.361417,334.674431
78.315,330.834961,69.167146,1.500000,5.562212,334.514066
78.349,352.955721,68.869075,-1.500000,-16.736533,334.316524
78.380,336.431262,66.176905,-1.500000,-0.371636,334.139429
78.407,325.912981,65.385345,1.500000,10.005776,333.983082
78.437,333.391858,74.582169,1.500000,2.366010,333.804515
78.468,344.373770,70.435602,-1.500000,-8.780750,333.621554
78.500,328.943461,68.104734,1.500000,6.475427,333.428288
78.538,355.854914,64.916993,-1.500000,-20.641413,333.200333
78.573,338.518120,65.511581,-1.500000,-3.497765,332.985965
78.609,338.124286,65.873485,-1.500000,-3.303624,332.764331
78.642,314.079295,67.167316,1.500000,20.549810,332.551726
78.671,328.055700,69.245649,1.500000,6.413415,332.374157
78.699,316.005827,65.888382,1.500000,18.300926,332.193954
78.728,333.602184,68.195624,1.500000,0.534414,332.005104
78.760,343.815753,73.076694,-1.500000,-9.865175,331.798643
78.792,337.956890,73.910786,-1.500000,-4.196744,331.587289
78.826,339.086644,68.725819,-1.500000,-5.527223,331.364507
78.859,320.477367,70.455736,1.500000,12.879960,331.140208
78.893,339.971163,68.849612,-1.500000,-6.817482,330.914185
78.939,324.979328,67.142901,1.500000,7.890179,330.598788
78.970,340.735891,70.825063,-1.500000,-8.055103,330.389332
79.008,326.204394,65.219852,1.500000,6.237545,330.124238
79.037,341.994457,66.226927,-1.500000,-9.738557,329.917759
79.067,321.102633,68.546562,1.500000,10.966124,329.710052
79.097,336.258599,70.180730,-1.500000,-4.384670,329.493816
79.136,313.193838,66.990217,1.500000,18.429334,329.215507
79.167,326.320439,63.271899,1.500000,5.100776,328.991360
79.204,337.276400,70.544683,-1.500000,-6.098792,328.720985
79.235,326.535157,67.635203,1.500000,4.435489,328.491282
79.266,336.234531,72.152196,-1.500000,-5.467501,328.265295
79.298,341.479129,71.863549,-1.500000,-10.929710,328.023772
79.330,326.527888,64.476620,1.500000,3.805720,327.784249
79.356,348.428172,70.016110,-1.500000,-18.274335,327.584725
79.389,321.561603,65.476367,1.500000,8.368901,327.336853
79.423,327.954594,66.993579,1.500000,1.737699,327.072468
79.464,340.902076,66.291168,-1.500000,-11.492081,326.759151
79.496,326.731752,68.710443,1.098052,2.452310,326.508394
79.534,331.853676,67.707230,-1.500000,-2.939985,326.208314
79.566,331.508392,65.157884,-1.500000,-2.820925,325.957233
79.600,315.497900,67.360011,1.500000,12.940481,325.680779
79.632,322.852201,66.348666,1.500000,5.358340,325.427903
79.658,319.657244,70.677750,1.500000,8.358864,325.212106
79.684,330.045929,70.336740,-1.177610,-2.215903,325.005579
79.714,325.172046,69.930764,1.435148,2.432001,324.754769
79.746,337.681090,71.327106,-1.500000,-10.313733,324.492073
79.781,332.358947,64.402145,-1.500000,-5.248081,324.207397
79.813,338.436584,68.033709,-1.500000,-11.571884,323.934184
79.847,324.836146,62.932248,0.647654,1.777318,323.655344
79.881,318.656635,65.440431,1.500000,7.694839,323.364566
79.914,326.163623,67.967354,1.500000,-0.059686,323.089830
79.945,329.964975,70.225676,-1.500000,-4.101337,322.823128
79.977,327.389173,67.128441,-1.500000,-1.775067,322.546177
80.005,326.914124,57.320757,-1.500000,-1.521348,322.300529
80.040,310.817827,71.149424,1.500000,14.302056,321.997651
80.076,321.215529,73.964343,1.500000,3.624736,321.687309
80.108,319.252233,72.667546,1.500000,5.336665,321.408322
80.139,335.579612,69.245254,-1.500000,-11.241500,321.129980
80.175,322.933960,65.588041,-0.513099,1.118944,320.813435
80.199,320.462500,64.941955,1.500000,3.397874,320.599749
80.239,331.699675,70.811177,-1.500000,-8.164046,320.239321
80.267,321.983933,66.769351,-0.269327,1.320686,319.982929
80.300,324.524502,63.636210,-1.500000,-1.485952,319.687625
80.328,307.476455,63.853339,1.500000,15.332779,319.433112
80.361,318.158011,64.197719,1.500000,4.374232,319.125686
80.397,330.178618,64.987564,-1.500000,-7.939849,318.799965
80.429,313.356122,69.116787,1.500000,8.612327,318.499944
80.459,325.042960,66.068485,-1.500000,-3.324651,318.222318
80.497,324.705797,69.670300,-1.500000,-3.304909,317.870020
80.528,318.610429,68.757727,1.500000,2.527763,317.578460
80.559,320.104916,65.583478,1.500000,0.767349,317.283314
80.591,329.167580,69.961869,-1.500000,-8.565879,316.983021
80.623,315.299428,65.342020,1.500000,5.029219,316.679963
80.654,339.130602,68.245483,-1.500000,-19.069793,316.382695
80.688,317.786923,65.452562,0.531780,1.983672,316.060593
80.721,321.860829,66.387581,-1.500000,-2.375586,315.743888
80.757,312.757222,70.453557,1.500000,6.409984,315.390906
80.788,318.404186,62.726421,1.500000,0.488540,315.086265
80.817,334.040523,67.083700,-1.500000,-15.399130,314.807317
80.849,319.838319,70.915652,-1.500000,-1.476249,314.497303
80.889,313.314552,70.487394,1.500000,4.692756,314.103560
80.917,314.155083,69.576771,1.500000,3.600053,313.823680
80.949,320.185276,67.281892,-1.500000,-2.715887,313.506536
80.980,328.154552,71.271733,-1.500000,-10.957007,313.204823
81.010,318.281734,67.150065,-1.500000,-1.354394,312.904928
81.049,296.762457,65.200828,1.500000,19.808410,312.509287
81.080,317.989321,66.821526,-0.185025,-1.696702,312.200465
81.116,317.639795,64.447885,-1.500000,-1.674340,311.837353
81.150,296.107377,60.978883,1.500000,19.548157,311.493378
81.176,312.540236,65.757090,1.500000,2.874895,311.226560
81.218,316.372664,67.646612,-0.114602,-1.336172,310.806318
81.247,307.764486,70.040555,1.500000,7.001955,310.506594
81.272,310.623210,70.266881,1.500000,3.913412,310.251523
81.301,304.151264,68.768502,1.500000,10.112956,309.949190
81.332,314.679230,74.424953,0.651809,-0.701901,309.630776
81.363,319.750099,76.464151,-1.500000,-6.056664,309.315689
81.396,331.347903,72.021927,-1.500000,-17.968302,308.967371
81.430,337.995171,69.373410,-1.500000,-24.932212,308.615937
81.465,315.468478,66.832983,-1.500000,-2.735448,308.249756
81.506,313.210424,62.613561,-1.500000,-0.857638,307.827732
81.530,302.158964,67.895542,1.500000,9.967383,307.576412
81.560,309.868101,73.509441,1.500000,1.965746,307.251773
81.591,319.762814,71.508106,-1.500000,-8.214864,306.934461
81.623,314.420214,69.620828,-1.500000,-3.182382,306.590268
81.658,318.840488,68.014624,-1.500000,-7.937091,306.219087
81.692,297.309516,72.290238,1.500000,13.270995,305.860722
81.728,299.922691,65.064243,1.500000,10.314309,305.479467
81.761,311.441065,67.378319,-0.341142,-1.523653,305.124763
81.794,303.679387,67.704564,1.500000,5.917850,304.769408
81.824,304.237188,67.075607,1.500000,5.071388,304.449030
81.851,314.869427,66.130260,-1.500000,-5.816678,304.165093
81.881,307.878509,69.016973,-0.804706,0.877614,303.835875
81.911,321.609846,65.890755,-1.500000,-13.145376,303.512175
81.944,305.422230,66.274671,1.500000,2.727062,303.162366
81.980,304.538146,66.271851,1.500000,3.259287,302.771845
82.017,308.679029,69.010093,-0.001973,-1.242961,302.370774
82.053,306.349104,66.336121,0.707163,0.738144,301.983627
82.085,308.735306,67.824011,-1.500000,-1.967867,301.628678
82.111,306.840824,67.984822,-1.500000,-0.325643,301.348703
82.140,297.423721,71.242322,1.500000,8.806189,301.032087
82.180,299.365982,69.681609,1.500000,6.471822,300.596896
82.207,308.850731,68.409739,-1.500000,-3.277513,300.303239
82.235,305.158674,62.098594,-1.500000,0.136500,299.994644
82.267,303.366862,72.012545,0.444032,1.608804,299.640029
82.302,307.269081,73.177605,-1.500000,-2.632796,299.263358
82.339,299.937615,65.999679,1.500000,4.326385,298.850166
82.376,295.847610,65.935233,1.500000,8.057925,298.452314
82.402,301.936293,67.467716,1.500000,1.702867,298.156670
82.434,305.350022,60.334069,-0.947184,-2.025205,297.807787
82.468,304.824828,67.913826,-1.500000,-1.840763,297.429595
82.501,296.187258,76.168912,1.500000,6.470251,297.067158
82.534,306.866289,64.542516,-1.500000,-4.534606,296.705530
82.565,301.398269,72.130699,-1.109320,0.625520,296.363806
82.596,292.805967,67.827322,1.500000,8.908169,296.020129
82.631,295.404756,66.294182,1.500000,5.952625,295.624174
82.667,300.943894,64.794254,1.500000,0.055345,295.226681
82.703,312.163425,68.282471,-1.500000,-11.525896,294.825226
82.729,312.416719,72.518165,-1.500000,-12.035750,294.540476
82.757,304.396994,69.564291,-1.500000,-4.296145,294.229576
82.789,295.845210,67.782019,1.500000,3.934019,293.872618
82.823,301.560941,72.941160,-0.699543,-2.122510,293.494375
82.852,301.366642,67.549657,-1.500000,-2.221041,293.169368
82.883,296.281674,68.679283,1.493953,2.558350,292.830215
82.915,302.409116,72.995212,-1.500000,-3.894919,292.468587
82.950,287.438730,66.713459,1.500000,10.732354,292.087774
82.988,295.052862,68.393139,1.500000,2.737559,291.665284
83.023,308.051118,65.985605,-1.500000,-10.620399,291.266059
83.051,282.934828,66.577072,1.500000,14.217367,290.956932
83.087,302.359616,64.055077,-1.500000,-5.570056,290.554451
83.115,297.591979,66.359856,-1.500000,-1.075786,290.251047
83.149,291.205163,67.993882,1.500000,4.969978,289.872520
83.180,296.709591,72.134567,0.841231,-0.847386,289.525199
83.208,291.727211,71.756089,1.500000,3.855188,289.214650
83.240,299.314716,59.221862,-1.500000,-4.052580,288.859196
83.280,295.261472,67.212078,-1.500000,-0.403340,288.410801
83.313,288.092051,61.499375,1.500000,6.435576,288.043981
83.345,294.931199,68.031918,0.997427,-0.718121,287.694870
83.378,293.529996,65.432363,1.359070,0.349875,287.325050
83.406,301.343305,68.579091,-1.500000,-7.742497,287.015325
83.442,295.340337,75.530400,-1.500000,-2.100039,286.615203
83.477,301.085219,69.698224,-1.500000,-8.191134,286.230950
83.504,282.879726,64.297965,1.500000,9.743868,285.930737
83.535,291.893866,61.920914,1.500000,0.421278,285.588395
83.570,301.744910,63.544103,-1.500000,-9.775363,285.204824
83.609,292.593391,68.354361,-1.500000,-1.015695,284.769918
83.638,289.769491,69.566582,0.337106,1.520313,284.450393
83.672,290.570394,62.858535,1.026554,0.385541,284.079839
83.701,297.829132,69.721683,-1.500000,-7.160908,283.760515
83.735,297.920184,65.700549,-1.500000,-7.580758,283.395589
83.766,277.338523,64.239717,1.500000,12.686801,283.046975
83.799,291.262110,71.436412,-0.016020,-1.556835,282.691758
83.837,286.024076,64.173261,1.500000,3.305821,282.275135
83.864,290.012619,67.872995,0.545311,-0.942776,281.986507
83.895,285.359896,67.446839,1.500000,3.403600,281.646500
83.932,294.833825,60.149459,-1.500000,-6.432564,281.244463
83.965,282.693096,65.714382,1.500000,5.383399,280.884011
83.994,298.966617,71.467176,-1.500000,-11.175741,280.567010
84.026,285.447516,65.007282,0.591111,2.032774,280.222297
84.060,289.278818,70.202553,-1.500000,-2.130479,279.853872
84.097,290.194153,68.167873,-1.500000,-3.398379,279.462568
84.133,281.854787,63.366962,1.500000,4.595812,279.079466
84.165,275.823425,63.138105,1.500000,10.310904,278.728445
84.195,283.053164,68.076641,1.500000,2.791663,278.407132
84.229,288.299141,68.527871,-1.500000,-2.778565,278.047254
84.258,276.453432,63.919561,1.500000,8.791625,277.741462
84.290,285.130640,70.260643,1.500000,-0.195252,277.397766
84.321,280.709037,62.941302,1.500000,3.929826,277.068661
84.351,291.678619,66.774607,-1.500000,-7.325193,276.751860
84.380,296.901314,66.616802,-1.500000,-12.815792,276.454519
84.416,290.658758,64.173623,-1.500000,-6.913631,276.076723
84.447,276.070625,70.845296,1.500000,7.382575,275.752719
84.477,291.065295,74.943121,-1.500000,-7.897402,275.436064
84.509,293.941254,71.584589,-1.500000,-11.079242,275.096573
84.549,279.257857,67.845888,1.500000,3.235096,274.686962
84.583,288.262554,65.532345,-1.500000,-6.090563,274.330733
84.617,273.014923,67.195356,1.500000,8.846970,273.986563
84.650,282.093973,68.292419,1.209568,-0.542556,273.641972
84.695,286.349001,63.709683,-1.500000,-5.214424,273.179331
84.715,284.695531,68.357792,-1.500000,-3.743131,272.977137
84.744,276.340432,65.022251,1.500000,4.344319,272.680078
84.776,278.279115,67.874777,1.500000,2.121403,272.364615
84.809,284.963164,64.285366,-1.500000,-4.868330,272.025343
84.839,278.616581,68.569375,-0.404546,1.208781,271.726263
84.871,287.587822,75.544628,-1.500000,-8.054216,271.402448
84.908,273.526503,67.886671,1.500000,5.674321,271.033101
84.943,276.790986,65.150268,1.500000,2.098856,270.687949
84.974,278.411131,69.179578,1.500000,0.204732,270.383866
85.006,290.611007,63.809030,-1.500000,-12.287237,270.059677
85.039,282.892483,65.161078,-1.500000,-4.852638,269.744556
85.072,276.207091,70.666771,0.363445,1.542111,269.421978
85.102,279.376537,73.959949,-1.500000,-1.897519,269.122107
85.132,273.762542,67.677957,1.500000,3.457870,268.835086
85.164,273.046018,65.035030,1.500000,3.896901,268.527102
85.202,277.742730,69.129912,0.134080,-1.130366,268.160227
85.248,282.333141,69.900256,-1.500000,-6.120711,267.716348
85.279,266.185534,68.447594,1.500000,9.770002,267.431228
85.307,291.129011,68.041898,-1.500000,-15.414927,267.163245
85.343,284.392996,70.572210,-1.500000,-8.987059,266.821240
85.378,272.191968,67.852144,1.500000,2.922771,266.498046
85.405,274.974730,71.121965,1.500000,-0.087092,266.245991
85.438,281.347652,65.068098,-1.500000,-6.735752,265.939956
85.469,281.916815,64.534675,-1.500000,-7.563103,265.653399
85.501,277.153018,71.841664,-1.500000,-3.062162,265.361660
85.537,278.236020,68.846160,-1.500000,-4.437041,265.037712
85.567,269.448876,68.060094,1.500000,4.098610,264.758586
85.605,267.977263,66.953206,1.500000,5.267683,264.422804
85.634,260.390053,69.012786,1.500000,12.616247,264.157935
85.665,269.812987,71.458520,1.500000,2.947970,263.885634
85.705,276.082933,69.850389,-1.500000,-3.643298,263.529006
85.732,269.250735,70.246285,1.500000,2.976258,263.293000
85.762,275.675061,67.636293,-1.500000,-3.681135,263.034325
85.792,272.390951,63.930790,-1.500000,-0.630554,262.775135
85.823,274.046159,61.502539,-1.500000,-2.532088,262.501743
85.860,261.074049,61.132710,1.500000,10.158923,262.189758
85.892,262.507428,67.224509,1.500000,8.481553,261.918958
85.924,270.213327,67.081183,1.500000,0.532525,261.649114
85.962,276.452718,72.290508,-1.500000,-5.992559,261.332030
86.005,270.394902,69.475737,-1.500000,-0.260642,260.970323
86.440,275.586423,69.721210,-1.500000,-8.523288,257.561749
86.470,266.589517,67.649534,-1.168975,0.273901,257.340087
86.498,264.280215,65.818332,1.500000,2.402629,257.139672
86.528,264.706564,62.363553,1.500000,1.782650,256.924766
86.553,265.421162,64.417256,1.500000,0.901868,256.740321
86.580,269.177684,71.272797,-1.500000,-3.024702,256.551589
86.607,272.077101,69.589621,-1.500000,-6.096492,256.360277
86.641,262.244199,68.293994,1.500000,3.519712,256.119768
86.673,268.270200,63.070944,-1.398817,-2.701220,255.903419
86.704,260.167970,71.469017,1.500000,5.205701,255.686649
86.736,264.685314,66.995680,1.500000,0.496685,255.473916
86.769,264.121172,68.271397,1.500000,0.858719,255.249601
86.799,268.254608,68.547905,-1.500000,-3.452433,255.052358
86.832,267.274588,68.521271,-1.500000,-2.668846,254.834342
86.865,259.294974,65.968923,1.500000,5.116135,254.618323
86.949,268.288277,64.061178,-1.500000,-4.352716,254.090522
86.983,263.055358,67.814441,-1.033545,0.688230,253.877456
87.009,259.770761,63.583904,1.500000,3.829398,253.718267
87.044,265.525195,67.805953,-0.749703,-2.117027,253.505181
87.075,264.079478,70.198544,-1.500000,-0.837899,253.320287
87.102,259.957993,70.030037,1.500000,3.137839,253.158527
87.136,256.463877,69.854127,1.500000,6.457162,252.964527
87.173,267.806298,61.948143,-1.500000,-5.079224,252.749250
87.205,261.261081,68.263922,-0.291365,1.302448,252.567734
87.242,258.987498,66.335026,1.500000,3.391426,252.362846
87.275,260.323874,69.327783,1.500000,1.890141,252.179817
87.301,261.792997,77.290350,1.500000,0.296182,252.041264
87.337,265.118893,69.438572,-1.500000,-3.204980,251.846741
87.366,273.880530,61.848286,-1.500000,-12.101031,251.697557
87.401,261.545040,71.863388,-1.416827,0.068782,251.513676
87.432,263.410600,63.114262,-1.500000,-1.939189,251.355617
87.459,251.926446,63.153465,1.500000,9.423921,251.221273
87.495,257.380501,67.798538,1.500000,3.810027,251.043871
87.536,257.318868,71.337927,1.500000,3.693183,250.845784
87.566,262.557044,65.319238,-0.520337,-1.671952,250.704875
87.603,267.468776,70.529117,-1.500000,-6.739125,250.532353
87.630,261.291077,66.661226,-1.500000,-0.671305,250.410402
87.662,260.484005,67.037542,-1.489983,0.008239,250.268862
87.696,256.989595,62.061720,1.500000,3.367620,250.118996
87.720,254.392895,62.678390,1.500000,5.870659,250.015043
87.757,258.917699,60.650330,1.500000,1.203612,249.857171
87.789,262.921647,67.706893,-1.500000,-2.916848,249.727857
87.823,252.841798,64.860176,1.500000,7.036446,249.587397
87.860,254.460938,67.153392,1.500000,5.288244,249.444153
87.899,260.046216,62.695999,0.976164,-0.433469,249.292727
87.938,262.116156,64.869274,-1.500000,-2.634849,249.146845
87.965,264.876535,72.746154,-1.500000,-5.482763,249.049692
87.996,259.506908,67.121292,-1.500000,-0.213582,248.938209
88.024,257.450182,70.028262,0.623861,1.757628,248.843296
88.054,260.381243,72.723254,-0.649271,-1.267554,248.738833
88.088,261.922993,66.186457,-1.500000,-2.910198,248.626854
88.127,254.176553,65.312605,1.500000,4.724659,248.503010
88.162,251.361478,69.273616,1.500000,7.441962,248.394496
88.199,256.195413,65.726440,1.500000,2.507938,248.283409
88.229,261.561656,68.446429,-1.500000,-2.935065,248.198214
88.254,266.091150,67.264612,-1.500000,-7.527863,248.127954
88.290,262.365179,70.898877,-1.500000,-3.891475,248.028528
88.318,249.488249,70.801731,1.500000,8.919763,247.955619
88.348,255.984093,72.058793,1.500000,2.355180,247.879326
88.381,264.962018,66.477641,-1.500000,-6.696114,247.797895
88.411,258.735443,66.209297,-1.500000,-0.533450,247.726962
88.444,250.851810,69.445857,1.500000,7.283175,247.652591
88.481,257.257052,70.683761,1.500000,0.805419,247.572110
88.511,253.411077,66.240580,1.500000,4.594944,247.509457
88.548,258.085597,67.134576,1.325471,-0.144388,247.437524
88.580,262.366863,69.999003,-1.500000,-4.478509,247.378861
88.611,260.493614,68.579288,-1.500000,-2.655280,247.323345
88.642,261.153678,65.704537,-1.500000,-3.362203,247.271337
88.675,254.914649,65.346994,1.500000,2.830489,247.219909
88.705,251.977873,63.298492,1.500000,5.726166,247.174294
88.739,264.900550,69.173282,-1.500000,-7.238066,247.128174
88.778,258.341089,68.359617,-1.500000,-0.723718,247.078103
88.807,253.581752,67.356554,1.500000,4.004297,247.043339
88.839,257.157773,70.215184,1.500000,0.397459,247.009137
88.871,257.883796,65.351771,1.069010,-0.356631,246.977985
88.901,266.024390,65.491616,-1.500000,-8.521651,246.950876
88.938,265.008628,67.191853,-1.500000,-7.531940,246.921962
88.968,258.372868,67.162387,-1.500000,-0.914251,246.901906
88.996,256.190322,62.557270,0.014419,1.253262,246.885221
89.033,250.873353,68.212713,1.500000,6.554102,246.867319
89.064,257.967752,60.735601,1.014892,-0.551090,246.855341
89.095,263.050067,63.892307,-1.500000,-5.641671,246.846166
89.127,257.740254,68.820656,-1.500000,-0.337298,246.840129
89.157,250.607769,64.315807,1.500000,6.792662,246.837326
89.195,258.640512,68.525907,0.367210,-1.239680,246.837772
89.229,255.065214,68.562017,1.500000,2.339396,246.841964
89.256,257.305017,60.670275,1.500000,0.105061,246.848034
89.294,265.414013,71.723190,-1.500000,-7.993027,246.860141
89.347,253.050316,61.562020,1.500000,4.393006,246.884930
89.368,267.707961,66.799656,-1.500000,-10.253594,246.897189
89.397,256.280295,61.981582,-0.425798,1.191193,246.916191
89.428,264.684538,66.080927,-1.500000,-7.191918,246.939645
89.458,258.185244,66.835511,-1.500000,-0.669898,246.964868
89.495,255.465616,72.168857,1.016042,2.082191,247.000896
89.520,247.987273,67.553047,1.500000,9.583754,247.026668
89.555,253.843988,67.126299,1.500000,3.764005,247.067695
89.587,260.376882,68.985409,-1.500000,-2.733221,247.107283
89.627,258.746438,63.661929,-1.500000,-1.052839,247.162707
89.657,257.610692,71.731324,-1.351375,0.122950,247.207150
89.689,253.619070,69.033029,1.500000,4.160190,247.257780
89.720,258.608853,73.263808,0.900347,-0.783489,247.308950
89.754,257.603164,68.512286,1.163394,0.278059,247.370946
89.786,256.434685,65.179576,1.500000,1.500139,247.430438
89.815,263.182468,65.703761,-1.500000,-5.194706,247.489192
89.843,253.829487,65.744173,1.500000,4.210177,247.546796
89.885,261.141287,66.240844,-1.500000,-3.018759,247.638766
89.918,257.973977,66.792184,-1.500000,0.217531,247.715325
89.947,261.559157,63.858792,-1.500000,-3.304348,247.785582
89.987,250.271280,68.711926,1.500000,8.074920,247.887015
90.015,259.249288,68.022272,0.852733,-0.837867,247.959401
90.043,262.663590,69.574274,-1.500000,-4.182053,248.037222
90.079,259.463539,67.404702,-1.500000,-0.890747,248.138503
90.111,256.033318,67.793891,1.500000,2.622473,248.230623
90.141,259.316336,69.948531,1.165282,-0.579206,248.320899
90.177,251.193141,67.721355,1.500000,7.648173,248.436531
90.210,255.492423,73.206265,1.500000,3.444986,248.543185
90.243,259.153436,64.529447,1.360297,-0.115566,248.654684
90.279,271.039226,65.041944,-1.500000,-11.889007,248.779377
90.318,268.873187,65.170152,-1.500000,-9.599893,248.915976
90.336,264.947187,69.465821,-1.500000,-5.613641,248.982849
90.466,266.374919,64.356500,-1.500000,-6.581626,249.493111
90.500,256.922357,72.545999,1.500000,2.998147,249.634299
90.532,255.559499,63.530575,1.500000,4.485725,249.772724
90.561,261.816519,71.009797,-0.505681,-1.659824,249.896443
90.587,262.673757,70.738312,-1.500000,-2.409150,250.016212
90.618,259.394257,66.995603,-0.415534,0.997616,250.157462
90.645,256.459085,68.525763,1.500000,4.044388,250.281324
90.677,262.434886,78.044865,-0.433227,-1.792851,250.435111
90.707,257.493917,67.217173,1.500000,3.276419,250.577510
90.739,259.540196,72.393107,1.500000,1.373812,250.736968
90.771,265.234095,66.150735,-1.500000,-4.174417,250.898644
90.812,259.701892,66.954802,0.003605,1.546561,251.108162
90.844,258.138056,62.773393,1.500000,3.261473,251.275837
90.876,265.936271,68.656284,-1.500000,-4.380158,251.449627
90.910,266.453295,67.461718,-1.500000,-4.727725,251.637703
90.972,263.295579,63.898570,-1.500000,-1.256147,251.986051
90.998,256.048137,72.395875,1.500000,6.126768,252.136410
91.027,256.765221,61.353272,1.500000,5.562443,252.305952
91.055,265.686245,67.567265,-1.500000,-3.208586,252.472430
91.091,261.657472,65.877147,-0.639939,1.013973,252.687508
91.112,259.264492,74.750175,1.500000,3.521836,252.815014
91.145,264.101995,70.354737,0.400206,-1.125722,253.025830
91.179,269.326885,65.201324,-1.500000,-6.160634,253.236683
91.211,261.078877,63.592677,1.015254,2.272984,253.442687
91.249,262.839140,62.766269,1.500000,0.737658,253.692340
91.296,273.883887,72.091433,-1.500000,-10.022513,254.008183
91.324,267.813895,68.712520,-1.500000,-3.783161,254.196153
91.352,267.484756,64.956978,-1.500000,-3.280412,254.388838
91.380,265.939386,61.384982,-1.500000,-1.562989,254.579798
91.412,260.768006,66.323208,1.500000,3.811109,254.804789
91.438,258.732712,70.898464,1.500000,6.018088,254.995339
91.467,257.749835,64.244723,1.500000,7.190537,255.205740
91.497,263.540172,66.796013,1.500000,1.595762,255.422790
91.533,268.034914,66.335376,-1.500000,-2.658598,255.689586
91.615,257.191500,66.691496,1.500000,8.746255,256.312714
91.647,265.937537,64.369012,1.500000,0.220523,256.557225
91.675,264.984585,70.595707,1.500000,1.376095,256.782109
91.705,278.413639,65.109751,-1.500000,-11.839276,257.019270
91.736,275.377207,69.707448,-1.500000,-8.581167,257.265305
91.765,277.424906,68.272656,-1.500000,-10.414398,257.503338
91.795,265.211093,74.158925,0.942723,2.021513,257.749841
91.829,267.664680,62.828791,1.020713,-0.181509,258.027936
91.866,276.196940,63.731409,-1.500000,-8.432504,258.340107
92.009,273.949048,67.695687,-1.500000,-5.068978,259.578325
92.039,271.333925,63.719408,-1.500000,-2.214528,259.843947
92.070,262.763853,68.231323,1.500000,6.607202,260.123257
92.102,267.058206,71.855423,1.500000,2.578091,260.417643
92.131,268.979214,63.820006,1.500000,0.896592,260.683470
92.160,274.976130,68.281840,-1.500000,-4.861220,260.948845
92.191,266.246285,66.463659,1.500000,4.134693,261.244149
92.223,278.277350,65.252866,-1.500000,-7.628219,261.541765
92.254,274.767058,62.711500,-1.500000,-3.851886,261.837039
92.288,270.217903,65.407712,-0.302658,0.990854,262.162883
92.320,264.641400,66.928684,1.500000,6.847184,262.473456
92.354,270.056348,69.939182,1.500000,1.738818,262.813725
92.387,272.874990,61.731136,0.547169,-0.788500,263.137059
92.419,285.173908,67.972294,-1.500000,-12.794955,263.461658
92.451,269.297484,67.484355,1.500000,3.366595,263.778111
92.483,278.252165,65.415850,-1.500000,-5.293003,264.105617
92.514,269.598360,69.419687,1.500000,3.646828,264.423072
92.545,278.038358,67.007386,-1.500000,-4.502174,264.746042
92.584,285.855194,66.839505,-1.500000,-11.958849,265.145777
92.618,275.115401,66.978680,-1.500000,-0.895246,265.505166
92.649,274.572141,63.517578,-1.500000,-0.048794,265.841673
92.680,269.415764,67.865791,1.500000,5.402402,266.168886
92.748,268.441840,65.284822,1.500000,7.034685,266.899584
92.779,271.381119,69.124183,1.500000,4.401998,267.239863
92.863,277.677822,71.126274,0.234711,-1.047086,268.180618
92.891,273.103450,72.425962,1.500000,3.810129,268.494538
92.922,280.370715,67.053676,-1.500000,-3.144441,268.841592
92.950,277.835551,63.059128,-1.500000,-0.319115,269.163636
92.974,280.906974,62.156009,-1.500000,-3.144573,269.436628
93.000,272.070907,66.632554,1.500000,5.961701,269.736524
93.028,275.686967,68.283962,1.500000,2.642192,270.065659
93.058,281.698465,68.575394,-1.500000,-3.063630,270.404922
93.092,274.067402,62.204839,1.500000,4.935544,270.813481
93.119,279.704810,65.568443,1.358899,-0.418972,271.127457
93.156,286.582721,67.520140,-1.500000,-6.896516,271.571815
93.189,285.846602,76.026695,-1.500000,-5.811380,271.959181
93.222,281.788175,64.595330,-1.500000,-1.389190,272.362914
93.257,274.813088,66.080409,1.500000,5.961372,272.779645
93.286,286.335378,65.835556,-1.500000,-5.240044,273.135776
93.315,275.849278,65.248674,1.500000,5.565543,273.490367
93.346,269.952874,67.064480,1.500000,11.809979,273.876640
93.378,285.457015,74.857322,-1.500000,-3.333337,274.277112
93.418,276.243883,65.320900,1.500000,6.325729,274.772044
93.445,286.578606,64.435641,-1.500000,-3.704661,275.109817
93.485,278.747686,63.150773,1.500000,4.582777,275.616497
93.518,285.570787,74.280328,-0.375653,-1.854463,276.044754
93.551,281.299686,67.348201,1.500000,2.791115,276.460378
93.583,292.361487,64.262524,-1.500000,-7.895144,276.877185
93.609,287.539260,66.269669,-1.500000,-2.767249,277.216438
93.638,285.483394,68.865892,-1.500000,-0.372325,277.592751
93.671,277.178726,65.614430,1.500000,8.318454,278.021287
93.704,278.138850,63.186306,1.500000,7.744167,278.449519
93.740,290.926458,66.489873,-1.500000,-4.609855,278.930747
93.776,277.939415,66.057451,1.500000,8.801123,279.401262
93.810,283.590801,65.621432,1.500000,3.569949,279.867648
93.838,290.131977,66.959353,-1.500000,-2.637538,280.238001
93.869,294.963242,65.019713,-1.500000,-7.092962,280.655138
93.901,288.594841,69.041076,-1.500000,-0.332976,281.089751
93.936,278.070829,62.006517,1.500000,10.620694,281.566619
93.963,280.063413,60.841495,1.500000,8.963995,281.939410
93.997,289.453007,58.419170,1.481148,-0.015552,282.394512
94.137,292.696261,65.375034,-0.328662,-1.495824,284.351207
94.163,301.610652,64.708904,-1.500000,-10.092266,284.704092
94.201,294.880874,68.162679,-1.500000,-2.869943,285.250756
94.229,284.298715,67.775257,1.500000,8.059354,285.636037
94.255,297.007013,65.643931,-1.500000,-4.310204,286.011997
94.287,285.510302,67.499604,1.500000,7.603507,286.474816
94.320,280.066897,60.426356,1.500000,13.461905,286.935407
94.357,297.520974,68.149811,-1.500000,-3.507668,287.473148
94.389,288.914048,65.737047,1.500000,5.511777,287.930994
94.420,295.059192,58.483956,1.500000,-0.221346,288.388286
94.455,295.852680,75.794179,0.816515,-0.565592,288.886890
94.489,304.991437,68.350712,-1.500000,-9.258427,289.381808
94.518,304.210058,65.907911,-1.500000,-8.083929,289.818123
94.552,302.765426,72.505941,-1.500000,-6.188846,290.318068
94.580,300.539838,68.568073,-1.500000,-3.596872,290.724713
94.609,305.249058,69.147548,-1.500000,-7.915608,291.158103
94.644,286.522633,64.942676,1.500000,11.278956,291.677679
94.739,290.836161,68.696663,1.500000,8.244668,293.097480
94.768,289.986700,69.067199,1.500000,9.476928,293.522339
94.800,303.009260,65.505928,-1.500000,-3.106296,294.009949
94.832,297.294807,63.668789,1.500000,3.042263,294.491754
94.871,309.905002,68.477778,-1.500000,-9.035577,295.082603
94.896,303.045553,68.092653,-1.500000,-1.832264,295.464249
94.927,292.171242,62.817817,1.500000,9.462123,295.930483
94.955,294.589691,66.408368,1.500000,7.430107,296.359375
94.988,300.582577,65.530282,1.500000,1.899599,296.872559
95.016,314.584771,67.851477,-1.500000,-11.718283,297.299099
95.048,303.312940,62.472395,-1.500000,-0.000503,297.794047
95.079,310.189221,69.434932,-1.500000,-6.452138,298.265353
95.113,294.132772,69.674191,1.500000,10.083882,298.797618
95.152,291.244938,70.884532,1.500000,13.509794,299.394820
95.185,302.403524,65.896962,1.500000,2.812346,299.906626
95.215,319.085738,64.488058,-1.500000,-13.449659,300.373007
95.246,299.586081,67.006089,1.500000,6.482192,300.852689
95.279,316.665239,66.868603,-1.500000,-10.129857,301.371124
95.329,312.023041,64.230706,-1.500000,-4.776653,302.160253
95.354,311.084688,65.541768,-1.500000,-3.491014,302.545698
95.382,300.323436,67.935071,1.500000,7.677672,302.997900
95.410,302.870285,68.752152,1.500000,5.523925,303.434195
95.442,307.770925,71.983495,1.500000,1.079602,303.940651
95.480,300.805433,64.039849,1.500000,8.578535,304.532705
95.509,319.634203,68.345696,-1.500000,-9.828827,305.000418
95.539,331.585572,69.668991,-1.500000,-21.354301,305.473108
95.572,323.753490,63.245977,-1.500000,-13.045093,306.002661
95.602,315.555186,69.849713,-1.500000,-4.416395,306.480344
95.635,320.023147,72.325485,-1.500000,-8.415250,307.000995
95.668,313.279540,64.756336,-1.500000,-1.195991,307.528911
95.701,305.586572,68.149791,1.500000,6.977601,308.062345
95.739,302.954083,66.984748,1.500000,10.155673,308.667875
95.767,304.150784,62.999661,1.500000,9.369241,309.123224
95.800,310.367151,66.797524,1.500000,3.629572,309.652302
95.828,319.045545,70.853960,-1.500000,-4.645123,310.100358
95.860,315.106071,68.112995,-1.500000,-0.247654,310.608676
95.966,316.132667,60.995854,-1.170947,0.272269,312.325123
96.001,299.169959,72.218487,1.500000,17.740599,312.886303
96.032,309.076021,65.541149,1.500000,8.289951,313.391756
96.061,315.697887,63.442684,1.500000,2.087567,313.857330
96.092,313.870773,67.661752,1.500000,4.362396,314.354238
96.124,316.461085,72.725778,1.500000,2.243193,314.877111
96.153,327.296703,67.805989,-1.500000,-8.168591,315.347516
96.183,328.640861,64.983759,-1.500000,-9.066353,315.842962
96.215,329.328614,68.364990,-1.500000,-9.296556,316.350786
96.247,327.629571,71.425741,-1.500000,-7.119232,316.881619
96.289,324.690326,68.171518,-1.500000,-3.564863,317.564333
96.315,309.833649,70.582664,1.500000,11.670158,317.984247
96.356,311.427777,62.985499,1.500000,10.672683,318.646460
96.387,323.165291,67.931749,0.767763,-0.605938,319.155775
96.425,324.062997,70.288539,-0.467644,-0.948583,319.771824
96.450,318.327225,70.605168,1.500000,5.154447,320.179436
96.479,323.973102,64.151108,1.500000,-0.064286,320.653514
96.508,322.588817,68.272934,1.500000,1.748561,321.129165
96.539,336.177620,63.038944,-1.500000,-11.394814,321.623536
96.576,323.602351,70.101751,0.215303,1.721760,322.224318
96.607,335.028078,67.829210,-1.500000,-9.242412,322.736589
96.639,340.752584,62.179994,-1.500000,-14.496211,323.259016
96.678,332.980829,63.397733,-1.500000,-6.155339,323.890666
96.708,337.441888,64.557033,-1.500000,-10.174584,324.381026
96.745,341.896052,73.959276,-1.500000,-14.085168,324.984332
96.786,323.474532,67.545765,1.500000,4.930065,325.643283
96.813,321.273157,68.652416,1.500000,7.536339,326.092671
96.843,312.410058,71.959109,1.500000,16.836380,326.577622
96.872,334.939256,66.712039,-1.500000,-5.268766,327.048269
96.904,329.290695,64.116373,-0.836731,0.851111,327.571372
96.933,318.860831,67.206572,1.500000,11.695714,328.031681
96.957,330.189315,70.159728,1.500000,0.726822,328.430785
96.991,322.449841,70.801884,1.500000,8.957213,328.975642
97.018,335.049426,68.223788,-1.500000,-3.244529,329.417200
97.054,341.000666,63.988422,-1.500000,-8.678739,329.991040
97.085,330.245776,68.697006,1.500000,2.525152,330.489376
97.115,330.751299,59.146588,1.500000,2.460372,330.978547
97.148,341.051245,65.555155,-1.500000,-7.360464,331.510300
97.184,345.934313,64.575282,-1.500000,-11.718520,332.093001
97.218,341.196374,66.361407,-1.500000,-6.491351,332.635985
97.250,326.564408,66.746947,1.500000,8.614124,333.161522
97.287,336.004730,64.187813,1.500000,-0.293147,333.753145
97.318,338.350650,75.735290,-1.144935,-2.188861,334.252818
97.352,326.555105,62.656106,1.500000,10.087975,334.786992
97.385,332.207573,66.382250,1.500000,4.909629,335.313210
97.411,340.410733,72.502940,-1.500000,-2.911987,335.736676
97.443,345.379761,63.813940,-1.500000,-7.428870,336.238502
97.476,347.035181,62.550911,-1.500000,-8.604999,336.770458
97.509,335.764665,64.556579,1.500000,3.138098,337.294964
97.548,341.634961,65.852409,-0.769998,-2.180818,337.906930
97.585,345.439045,68.855338,-1.500000,-5.453326,338.496913
97.612,328.289854,69.696370,1.500000,12.078453,338.921538
97.646,334.638983,69.507326,1.500000,6.215718,339.461378
97.679,335.443156,68.985972,1.500000,5.873835,339.974464
97.705,357.292931,63.426063,-1.500000,-15.604776,340.386410
97.740,335.079107,68.980964,1.500000,7.109012,340.941309
97.773,347.437932,63.301865,-1.500000,-4.791314,341.450187
97.805,360.642579,67.634717,-1.500000,-17.549306,341.945918
97.842,338.640356,67.573301,1.500000,4.980494,342.531466
97.881,339.471744,76.042993,1.500000,4.688605,343.130243
97.911,358.314573,63.516997,-1.500000,-13.734309,343.596297
97.948,358.792146,63.276204,-1.500000,-13.697908,344.166746
97.980,348.397862,71.111754,-1.500000,-2.852398,344.667551
98.005,338.419206,64.723275,1.500000,7.473369,345.052803
98.042,342.031502,64.452200,1.500000,4.367443,345.614812
98.069,344.624154,70.267718,1.500000,2.149226,346.030388
98.099,343.819042,62.523518,1.500000,3.368545,346.490108
98.134,357.878895,67.364189,-1.500000,-10.214202,347.019637
98.172,348.718262,68.258988,-1.500000,-0.538225,347.591605
98.207,347.779842,62.884262,-0.440672,0.876635,348.120396
98.240,360.590613,70.460490,-1.500000,-11.483071,348.621024
98.272,353.713060,70.111063,-1.500000,-4.174184,349.099752
98.307,339.251696,67.644445,1.500000,10.755591,349.619630
98.336,338.225084,65.339198,1.500000,12.175816,350.056492
98.370,376.015154,61.290634,-1.500000,-25.158874,350.561909
98.396,339.832564,66.923466,1.500000,11.377101,350.954123
98.428,364.042421,67.001073,-1.500000,-12.414862,351.417934
98.459,345.647057,70.149715,1.500000,6.396490,351.879630
98.495,348.907854,71.462142,1.500000,3.608755,352.404672
98.532,345.179771,66.002138,1.500000,7.823040,352.944296
98.565,370.260878,67.937740,-1.500000,-16.821276,353.429081
98.600,357.863219,65.086623,-1.500000,-3.966422,353.936512
98.629,349.444452,64.991608,1.500000,4.832561,354.358504
98.667,368.399560,64.965253,-1.500000,-13.627985,354.907408
98.695,360.885734,70.323435,-1.500000,-5.757718,355.303014
98.730,357.932156,69.016604,-1.500000,-2.354298,355.802284
98.753,339.636670,66.575181,1.500000,16.235600,356.129046
98.783,330.431746,65.972084,1.500000,25.823206,356.553776
98.817,356.852058,66.626677,1.303657,-0.162440,357.036202
98.855,341.549669,64.613142,1.500000,15.621716,357.570905
98.899,365.523411,64.414733,-1.500000,-7.804720,358.178348
98.928,359.549463,68.837582,-1.500000,-1.460306,358.589519
98.975,361.424322,67.832592,-1.500000,-2.746627,359.242725
99.002,350.940079,72.115855,1.500000,8.064085,359.605065
99.029,374.820880,69.303136,-1.500000,-15.484815,359.973435
99.056,356.036176,67.183078,1.500000,3.632878,360.343013
99.084,336.724719,60.273632,1.500000,23.288448,360.724935
99.227,374.908352,72.408852,-1.500000,-13.166721,362.643319
99.256,372.129749,63.438836,-1.500000,-10.039341,363.030420
99.289,342.844707,73.425769,1.500000,19.631938,363.459096
99.314,358.964464,70.016768,1.500000,3.812406,363.792308
99.339,362.773634,69.470477,1.500000,0.290235,364.110842
99.363,366.891977,68.637860,-1.500000,-3.540711,364.429818
99.391,375.572950,70.812209,-1.500000,-11.899177,364.787762
99.419,371.425955,78.343989,-1.500000,-7.427540,365.148074
99.452,358.340017,62.127853,1.500000,6.036173,365.567358
99.483,374.291891,71.519584,-1.500000,-9.563516,365.958241
99.515,356.765016,71.962045,1.500000,8.332978,366.368472
99.543,367.747035,69.928322,-0.963142,-2.340661,366.710737
99.581,368.685476,72.082221,-1.500000,-2.852598,367.184104
99.614,351.040255,69.520520,1.500000,15.159681,367.591494
99.644,354.024317,66.696025,1.500000,12.508173,367.960588
99.674,362.874862,59.319700,1.500000,3.994399,368.334363
99.707,365.893254,65.026200,1.500000,1.339822,368.738153
99.743,389.538307,63.826622,-1.500000,-21.920148,369.165549
99.778,368.007627,70.019220,-1.500000,-0.007660,369.589308
99.814,360.613868,64.779165,1.500000,7.771885,370.017484
99.844,380.978345,69.534238,-1.500000,-12.282967,370.361131
99.872,375.043161,69.172135,-1.500000,-6.049381,370.692320
99.897,368.148625,64.799140,-0.162545,1.106809,370.982723
99.928,363.051394,69.951723,1.500000,6.531104,371.345725
99.963,371.380096,69.477660,-0.037287,-1.439688,371.742962
99.993,377.229485,67.944603,-1.500000,-6.976214,372.090201
100.024,354.163461,69.237735,1.500000,16.406610,372.441810
100.058,368.164908,66.654056,1.500000,2.745121,372.819122
100.092,379.052305,72.020999,-1.500000,-7.802850,373.195843
100.125,374.318068,68.617247,-1.500000,-2.740175,373.560369
100.157,373.471892,65.941175,-1.500000,-1.573103,373.916525
100.189,350.185941,69.300249,1.500000,22.017127,374.254237
100.218,379.226044,71.521012,-1.500000,-6.735316,374.573504
100.251,369.983152,63.893671,1.500000,2.824422,374.925165
100.291,371.585705,69.579540,1.500000,1.602122,375.347199
100.319,373.211371,68.678618,1.500000,0.234839,375.633974
100.351,381.650994,65.979236,-1.500000,-7.897654,375.974850
100.383,350.738733,71.449772,1.500000,23.306213,376.298498
100.413,382.256216,64.996788,-1.500000,-7.937008,376.602895
100.444,370.673888,70.380773,1.500000,3.930706,376.919638
100.485,383.238544,72.214558,-1.500000,-8.269570,377.324056
100.512,386.014834,71.206700,-1.500000,-10.803500,377.593046
100.550,399.461236,64.668359,-1.500000,-23.914305,377.965516
100.585,378.131531,69.268442,-1.500000,-2.282380,378.300945
100.613,350.623348,65.156003,1.500000,25.469916,378.571879
100.643,348.026795,64.585615,1.500000,28.321510,378.854944
100.675,372.398104,70.991920,1.500000,4.227571,379.162791
100.710,373.839712,62.946353,1.500000,3.074839,379.483408
100.742,381.362049,65.204581,-1.500000,-4.179142,379.781251
100.772,389.957482,64.912160,-1.500000,-12.529598,380.053146
100.805,381.820917,73.033838,-1.500000,-4.128813,380.346397
100.839,372.874156,67.483907,1.500000,5.093239,380.651936
100.879,361.905109,65.709723,1.500000,16.375519,380.999588
100.914,377.566725,70.776191,1.500000,0.986794,381.302462
100.947,372.763137,68.669802,1.500000,6.038774,381.578148
100.975,386.736704,66.337322,-1.500000,-7.716283,381.820667
101.007,400.377001,71.279496,-1.500000,-21.122598,382.080359
101.041,383.825870,72.798902,-1.500000,-4.319364,382.360163
101.073,383.315741,72.283270,-1.500000,-3.570581,382.625038
101.105,355.662006,64.017283,1.500000,24.311097,382.878028
101.142,374.833665,65.885512,1.500000,5.403254,383.170832
101.173,378.980208,68.554154,1.500000,1.472943,383.410822
101.206,391.287972,67.849968,-1.500000,-10.609517,383.660882
101.236,384.679142,68.818621,-1.500000,-3.796620,383.887372
101.268,387.325763,71.259830,-1.500000,-6.228805,384.125369
101.297,372.684744,68.499194,1.500000,8.605859,384.340292
101.331,392.252695,74.270723,-1.500000,-10.741159,384.585500
101.364,364.079892,68.108812,1.500000,17.641904,384.818864
101.404,370.852265,68.235760,1.500000,11.119092,385.095846
101.441,391.034787,67.135398,-1.500000,-8.831916,385.352798
101.468,384.113358,67.993315,-1.500000,-1.747096,385.534142
101.506,369.319041,68.580971,1.500000,13.274075,385.785922
101.533,382.124939,65.591264,1.500000,0.628683,385.964065
101.564,381.373384,65.904838,1.500000,1.558926,386.162387
101.596,382.679626,64.626386,1.500000,0.433940,386.363559
101.627,379.806665,68.516351,1.500000,3.479565,386.555194
101.661,383.878275,65.333928,1.004627,-0.409913,386.757338
101.696,399.747124,67.766282,-1.500000,-16.090222,386.966595
101.728,417.143323,66.389728,-1.500000,-33.321583,387.149545
101.759,372.909864,67.639186,1.500000,11.072891,387.328253
101.794,403.868619,69.346496,-1.500000,-19.709758,387.523708
101.828,387.610872,68.159903,-1.500000,-3.282868,387.711435
101.861,381.190632,70.766842,1.500000,3.295283,387.886698
101.892,430.368221,64.377980,-1.500000,-45.736978,388.047994
101.920,415.449268,63.607125,-1.500000,-30.689646,388.190479
101.953,404.929699,69.698571,-1.500000,-20.023320,388.353363
101.988,380.282653,68.674729,1.500000,4.777499,388.524030
102.027,414.657223,69.424219,-1.500000,-29.430434,388.708977
102.062,388.196480,66.805569,-1.500000,-2.823222,388.871540
102.095,387.771360,66.691485,-1.500000,-2.266424,389.017687
102.129,381.543184,71.460791,1.500000,4.095263,389.165868
102.156,379.669477,65.468422,1.500000,6.072939,389.281261
102.191,385.118477,64.984255,1.500000,0.752293,389.423718
102.225,398.671963,71.843239,-1.500000,-12.679792,389.558459
102.256,383.153287,71.731815,1.500000,2.944676,389.675875
102.284,387.121908,73.309842,0.742845,-0.928810,389.781463
102.317,388.499600,67.511657,-1.500000,-2.196475,389.903579
102.351,414.704101,62.331166,-1.500000,-28.294816,390.021403
102.384,394.234614,64.579667,-1.500000,-7.726339,390.131271
102.424,363.036976,65.421792,1.500000,23.588347,390.261180
102.454,376.411912,70.910211,1.500000,10.296146,390.353006
102.483,374.935198,70.380984,1.500000,11.851687,390.440494
102.513,400.552576,69.270285,-1.500000,-13.688416,390.526259
102.550,395.466832,63.018509,-1.500000,-8.511961,390.626938
102.576,386.569727,74.946629,-0.960400,0.446515,390.695052
102.607,372.839053,66.325224,1.500000,14.248501,390.774200
102.639,384.780858,65.009103,1.500000,2.374411,390.849355
102.676,376.840100,71.703634,1.500000,10.389662,390.932033
102.712,385.459289,70.559005,1.500000,1.838979,391.008066
102.742,392.399694,66.776739,-1.500000,-5.047306,391.068134
102.775,380.929223,67.708520,1.500000,6.478902,391.129994
102.808,387.634687,70.302819,1.500000,-0.176225,391.185863
102.840,379.141188,68.525055,1.500000,8.363369,391.237022
102.872,425.225219,64.995024,-1.500000,-37.678452,391.283871
102.905,407.053482,70.385017,-1.500000,-19.466721,391.328258
102.936,412.289166,62.845850,-1.500000,-24.667594,391.366894
102.967,402.497080,68.072014,-1.500000,-14.845353,391.400363
102.999,402.458286,65.183253,-1.500000,-14.777809,391.432272
103.034,400.502166,72.225136,-1.500000,-12.795550,391.461283
103.067,417.812507,64.104336,-1.500000,-30.084878,391.484605
103.100,382.648114,68.360983,1.500000,5.096432,391.503380
103.133,372.197123,65.729085,1.500000,15.560874,391.518310
103.166,382.438300,59.766734,1.500000,5.329066,391.528708
103.199,399.581121,65.775756,-1.500000,-11.808232,391.534839
103.228,396.175991,70.082306,-1.500000,-8.401451,391.536670
103.257,372.724438,68.386220,1.500000,15.048686,391.535099
103.291,398.635016,65.916378,-1.500000,-10.867250,391.529152
103.327,384.313808,62.289025,1.500000,3.443562,391.517614
103.359,390.835099,64.893325,-1.500000,-3.090907,391.502989
103.394,363.790025,66.107638,1.500000,23.936000,391.482824
103.433,379.199418,68.864208,1.500000,8.501106,391.454522
103.467,407.325582,73.116665,-1.500000,-19.652020,391.424598
103.501,365.653399,71.490050,1.500000,21.988953,391.389957
103.527,387.282974,68.954529,1.500000,0.332543,391.360175
103.554,400.312899,71.513385,-1.500000,-12.727574,391.326665
103.592,364.034873,64.304506,1.500000,23.503890,391.274987
103.628,388.558036,71.359436,0.574711,-1.067955,391.220955
103.652,357.642963,66.040835,1.500000,29.811447,391.181365
103.690,388.687611,60.736596,0.050561,-1.292708,391.115320
103.721,421.301570,67.728447,-1.500000,-33.960673,391.055380
103.756,377.241399,65.493191,1.500000,10.036536,390.985500
103.783,401.245590,70.567948,-1.500000,-14.020996,390.926297
103.823,412.305495,60.217473,-1.500000,-25.161449,390.836899
103.851,398.541672,65.771614,-1.500000,-11.458377,390.769473
103.883,410.673254,67.375885,-1.500000,-23.664754,390.686460
103.916,404.838756,64.251389,-1.500000,-17.907680,390.600528
103.946,364.597190,62.878754,1.500000,22.256939,390.515127
103.979,386.250702,67.478890,1.500000,0.517778,390.420066
104.011,380.022508,65.371043,1.500000,6.658927,390.323457
104.049,395.479135,68.937296,-1.500000,-8.907100,390.202037
104.085,390.125936,56.020873,-1.500000,-3.662195,390.081844
104.116,385.928962,65.170537,-0.970438,0.438208,389.974661
104.146,385.758102,63.368446,-0.285324,0.513588,389.868690
104.176,383.906037,61.746155,1.500000,2.264335,389.756239
104.205,384.590524,69.948183,1.500000,1.479030,389.644343
104.239,386.202274,64.378220,1.192790,-0.254192,389.509524
104.272,370.667897,64.197781,1.500000,15.162432,389.378833
104.303,386.778327,68.528914,0.247046,-1.067828,389.245837
104.339,389.856854,68.666001,-1.500000,-4.286122,389.090713
104.371,387.831271,66.841800,-1.500000,-2.390291,388.946704
104.407,375.336832,61.941549,1.500000,9.955559,388.781788
104.440,388.720050,69.885296,-1.500000,-3.566955,388.627186
104.469,398.973727,66.390215,-1.500000,-13.946022,388.488019
104.499,365.650103,68.486404,1.500000,19.243715,388.339420
104.531,379.941339,71.083384,1.500000,4.802643,388.173121
104.564,402.711853,68.301347,-1.500000,-18.119829,388.004466
104.597,375.004907,68.833481,1.500000,9.428023,387.827891
104.631,368.707365,68.190655,1.500000,15.556914,387.640708
104.665,368.906225,64.664307,1.500000,15.186639,387.450459
104.699,391.882685,74.741729,-1.500000,-7.967522,387.253233
104.732,388.825872,66.241949,-1.500000,-5.080913,387.064327
104.758,395.564235,65.411500,-1.500000,-11.959198,386.909031
104.790,392.519506,65.765288,-1.500000,-9.093834,386.709958
104.820,397.643753,67.424710,-1.500000,-14.384259,386.525521
104.851,374.196264,68.624485,1.500000,8.886964,386.329887
104.883,376.540277,73.821520,1.500000,6.359048,386.125776
104.916,407.453273,66.459925,-1.500000,-24.749232,385.909035
104.949,385.996075,68.425340,-1.500000,-3.492506,385.686535
104.984,373.510571,71.502716,1.500000,8.781090,385.451344
105.021,370.871486,62.709371,1.500000,11.186117,385.191568
105.054,386.412413,73.856835,-1.500000,-4.564289,384.959072
105.087,368.562158,73.953979,1.500000,13.073607,384.723380
105.117,394.105721,64.075328,-1.500000,-12.670086,384.501260
105.144,353.049702,70.953286,1.500000,28.208131,384.303922
105.177,396.607817,70.382742,-1.500000,-15.574944,384.054243
105.208,365.231321,70.115280,1.500000,15.585957,383.814959
105.239,381.415112,68.727524,0.881902,-0.813728,383.575343
105.279,376.223235,62.711463,1.500000,4.090122,383.255668
105.314,384.270423,62.036061,-1.500000,-4.206561,382.978760
105.346,370.449678,65.150604,1.500000,9.377249,382.715791
105.380,367.063214,65.113894,1.500000,12.508806,382.432875
105.404,383.275983,68.819033,-1.500000,-3.885386,382.231518
105.441,373.688811,65.069228,1.500000,5.416436,381.914814
105.475,380.721848,66.593684,-0.400722,-1.875210,381.627790
105.503,399.637146,66.568847,-1.500000,-21.014891,381.378751
105.536,406.145477,72.447518,-1.500000,-27.789727,381.082964
105.566,414.069177,65.449948,-1.500000,-35.951310,380.818942
105.603,391.993718,72.538310,-1.500000,-14.181061,380.480197
105.634,382.741349,72.336763,-1.500000,-5.180559,380.200655
105.669,363.216895,70.340891,1.500000,14.049132,379.873504
105.704,368.695652,64.245764,1.500000,8.266496,379.536236
105.735,376.670023,66.288268,1.500000,0.026600,379.241536
105.768,388.131252,63.477417,-1.500000,-11.717973,378.927058
105.797,380.250925,67.583913,-1.500000,-4.095640,378.640716
105.828,363.551262,66.189908,1.500000,12.331746,378.338521
105.861,377.097955,69.914102,0.031155,-1.517794,378.002398
105.906,381.876708,67.343068,-1.500000,-6.706821,377.547044
105.946,352.850285,72.029015,1.500000,21.948991,377.135711
105.976,364.981005,65.397644,1.500000,9.544248,376.831579
106.011,377.340582,65.376197,-1.500000,-3.149275,376.460940
106.035,357.349696,65.694292,1.500000,16.613717,376.208006
106.066,361.168288,63.605501,1.500000,12.489429,375.868721
106.100,367.803708,66.548958,1.500000,5.527300,375.506114
106.129,384.269514,66.760889,-1.500000,-11.221105,375.192464
106.159,358.342519,70.360954,1.500000,14.409911,374.863963
106.190,385.573545,70.200307,-1.500000,-13.134992,374.515597
106.227,373.764745,70.064519,-1.500000,-1.702983,374.097405
106.263,377.116564,66.234724,-1.500000,-5.414618,373.698053
106.295,364.998392,65.787185,1.500000,6.372990,373.331168
106.326,370.092828,63.631325,1.500000,0.955316,372.972413
106.359,391.036608,67.336443,-1.500000,-20.337703,372.584801
106.392,368.475158,68.318109,0.397467,1.872516,372.194977
106.424,364.818656,67.708684,1.500000,5.190696,371.819481
106.452,366.861536,66.157608,1.500000,2.844027,371.482312
106.484,379.216269,71.718860,-1.500000,-9.851598,371.103963
106.518,379.674555,68.404971,-1.500000,-10.686377,370.686103
106.559,403.543801,72.070218,-1.500000,-35.008904,370.183016
106.592,361.671215,64.171248,1.500000,6.493162,369.771783
106.623,391.365837,66.919334,-1.500000,-23.552419,369.382261
106.652,382.032899,70.044508,-1.500000,-14.540065,369.026453
106.688,378.013329,65.923470,-1.500000,-10.928919,368.573152
106.719,365.491711,66.147896,-0.017491,1.226854,368.167108
106.751,360.352378,71.673135,1.500000,5.999921,367.760598
106.780,357.884689,66.226993,1.500000,8.135276,367.391748
106.812,368.707990,69.812998,-1.500000,-3.064321,366.974105
106.845,367.174308,67.029377,-1.500000,-1.921852,366.539907
106.883,340.320462,67.520067,1.500000,24.479935,366.038176
106.915,357.232874,62.986536,1.500000,7.183317,365.611755
106.948,356.281206,64.881732,1.500000,7.725914,365.157736
106.980,370.890585,71.068907,-1.500000,-7.270164,364.728547
107.012,363.313117,71.168064,-1.500000,-0.082900,364.295468
107.043,359.148994,68.190784,1.500000,3.703660,363.876420
107.076,350.393659,65.302299,1.500000,12.049443,363.421867
107.103,360.286389,71.246333,1.500000,1.818513,363.046506
107.132,381.663221,64.458565,-1.500000,-19.921968,362.642900
107.164,347.895459,65.695253,1.500000,13.433781,362.185616
107.195,349.737481,67.912241,1.500000,11.201527,361.752506
107.231,363.029602,75.321058,-1.500000,-2.553572,361.238657
107.263,367.638962,68.881824,-1.500000,-7.570902,360.785860
107.295,355.218968,70.277305,1.500000,4.430558,360.321338
107.328,357.912132,66.702166,1.500000,1.312204,359.849429
107.361,376.310630,67.153886,-1.500000,-17.517743,359.370574
107.395,368.381582,70.356053,-1.500000,-10.041861,358.867614
107.425,362.892994,65.105340,-1.500000,-4.948422,358.429047
107.456,380.539954,69.288048,-1.500000,-23.004486,357.974992
107.488,368.195159,66.944644,-1.500000,-11.086783,357.500972
107.523,342.779148,69.141844,1.500000,13.859402,356.979523
107.557,351.853754,72.324154,1.500000,4.323804,356.467877
107.596,356.030249,60.624201,1.029003,-0.389740,355.871819
107.633,351.017475,67.073747,1.500000,4.126167,355.320357
107.665,363.843293,63.435674,-1.500000,-9.150160,354.820348
107.691,348.112199,66.761561,1.500000,6.220343,354.420136
107.729,339.075151,62.940324,1.500000,14.732313,353.837363
107.754,361.887753,64.246109,-1.500000,-8.423502,353.456438
107.783,376.167574,61.359280,-1.500000,-23.112449,353.002359
107.813,362.548922,70.459322,-1.500000,-9.918227,352.531293
107.845,377.558738,64.544096,-1.500000,-25.376240,352.033849
107.884,349.124742,62.990223,1.500000,2.503692,351.418906
107.917,357.993287,68.657519,-1.500000,-6.832430,350.899951
107.951,373.266257,62.772429,-1.500000,-22.605256,350.345173
107.988,342.986385,71.080042,1.500000,7.152686,349.765894
108.016,353.323674,64.229043,-1.500000,-3.596316,349.308943
108.049,341.324690,71.889368,1.500000,7.921462,348.774863
108.083,348.191042,64.949121,1.500000,0.570707,348.237235
108.110,341.811743,66.620750,1.500000,6.543233,347.785766
108.141,345.616464,66.707476,1.500000,2.291517,347.289657
108.171,359.370668,65.434975,-1.500000,-11.910122,346.793059
108.203,343.741952,71.271517,1.500000,3.245823,346.268340
108.235,344.087847,64.407595,1.500000,2.428256,345.744842
108.268,347.247369,65.262872,0.011250,-1.232018,345.189068
108.303,367.369814,72.834220,-1.500000,-21.865378,344.622016
108.343,345.440192,69.060440,-1.500000,-0.546802,343.943830
108.376,363.426810,61.592274,-1.500000,-19.030599,343.392022
108.404,368.746667,71.074736,-1.500000,-24.773339,342.922673
108.435,339.313510,68.063734,1.500000,4.190051,342.401289
108.466,352.309965,68.062616,-1.500000,-9.278746,341.877047
108.497,347.144527,64.340260,-1.500000,-4.587064,341.351236
108.531,326.413509,63.085944,1.500000,15.627788,340.778354
108.568,330.101782,73.991126,1.500000,11.369773,340.146010
108.600,330.508079,62.455744,1.500000,10.471321,339.599779
108.632,337.986524,66.778753,1.500000,2.503765,339.056925
108.663,355.455912,71.176024,-1.500000,-15.455652,338.513052
108.696,342.586937,69.367058,-1.500000,-3.090721,337.953624
108.724,329.077144,63.831740,1.500000,9.975057,337.460823
108.756,346.070875,72.116061,-1.500000,-7.514237,336.910808
108.791,336.049487,62.717107,0.506123,1.962438,336.306244
108.824,334.629863,67.959577,1.500000,2.858695,335.725369
108.856,332.896030,69.491385,1.500000,4.079714,335.156209
108.887,344.240473,64.449409,-1.500000,-7.754328,334.612813
108.923,347.820511,65.955554,-1.500000,-11.903292,333.981376
108.951,330.392978,62.153272,1.500000,5.088634,333.497905
108.988,333.357921,66.160745,1.500000,1.531604,332.840761
109.020,355.301168,67.793309,-1.500000,-20.921006,332.275430
109.052,344.260397,66.929420,-1.500000,-10.391239,331.708278
109.083,346.021034,61.420770,-1.500000,-12.655331,331.149504
109.116,331.442145,68.172255,0.189891,1.398480,330.566731
109.148,343.981630,69.913284,-1.500000,-11.660931,329.989676
109.180,325.852198,69.050178,1.500000,5.967203,329.433297
109.212,332.152875,65.904763,0.833143,-0.854080,328.855488
109.244,333.782463,66.510627,-1.500000,-3.008321,328.273187
109.274,326.352808,70.529776,1.500000,3.940851,327.739910
109.307,316.733788,66.373017,1.500000,13.018077,327.138585
109.345,335.443402,65.017112,-1.500000,-6.310267,326.451870
109.375,321.650141,63.167539,1.500000,6.996446,325.911861
109.408,319.541855,67.704939,1.500000,8.570089,325.318473
109.443,339.532326,65.281882,-1.500000,-11.995856,324.679766
109.482,327.924537,67.918337,-1.500000,-1.028121,323.969386
109.513,328.399308,72.067410,-1.500000,-2.005494,323.411558
109.543,330.369381,66.110521,-1.500000,-4.458964,322.875046
109.571,313.549003,66.666645,1.500000,11.896396,322.358934
109.601,319.761022,64.472389,1.500000,5.187966,321.807978
109.636,311.379509,62.053899,1.500000,12.989672,321.164462
109.664,323.194339,66.730345,1.500000,0.718349,320.657812
109.697,320.810075,61.480023,1.500000,2.559190,320.054678
109.727,329.137173,64.863346,-1.500000,-6.261940,319.506363
109.759,332.385150,64.937515,-1.500000,-10.044611,318.912918
109.795,315.196892,72.292838,1.500000,6.556225,318.260951
109.834,326.123218,66.203313,-1.500000,-5.014332,317.545934
109.870,331.967390,70.423572,-1.500000,-11.455645,316.883181
109.900,320.218396,72.171103,-1.500000,-0.205411,316.329617
109.938,315.364857,70.719737,1.500000,4.015722,315.627724
109.966,318.679784,70.244805,1.500000,0.225184,315.099854
109.997,310.443280,60.822894,1.500000,7.960993,314.544143
110.027,337.686405,65.613132,-1.500000,-19.782973,313.988272
110.060,325.901496,64.667404,-1.500000,-8.548469,313.377389
110.091,307.769918,74.752441,1.500000,9.070753,312.808736
110.127,321.350667,67.302585,-1.500000,-5.110782,312.141936
110.160,307.860499,64.275973,1.500000,7.829029,311.531109
110.194,317.628771,64.355485,-1.177542,-2.518095,310.888653
110.226,305.098843,67.269696,1.500000,9.483454,310.302217
110.258,313.741230,69.161501,1.500000,0.316534,309.720048
110.289,318.940408,64.730463,-1.500000,-5.409215,309.135618
110.318,302.431084,70.822048,1.500000,10.617718,308.600224
110.349,321.028274,65.468155,-1.500000,-8.499317,308.023260
110.383,311.394494,64.508600,-1.169315,0.575869,307.403288
110.421,304.990779,71.002449,1.500000,6.341590,306.695193
110.448,307.644480,70.636625,1.500000,3.237372,306.195175
110.487,320.686872,64.125694,-1.500000,-10.451585,305.477566
110.520,329.440128,60.027318,-1.500000,-19.754536,304.867471
110.552,329.390767,66.008116,-1.500000,-20.233068,304.281575
110.583,314.280839,63.837846,-1.500000,-5.644711,303.702694
110.612,307.747460,71.198166,-1.010707,0.404882,303.165751
110.641,297.227403,73.321932,1.500000,10.444408,302.632420
110.671,296.111052,68.654545,1.500000,11.063716,302.080764
110.703,298.295899,70.961324,1.500000,8.343209,301.486247
110.737,290.067201,58.383529,1.500000,16.010786,300.863471
110.769,308.161493,69.511794,-1.500000,-2.615416,300.273116
110.807,300.629452,70.692394,1.500000,4.284715,299.571773
110.845,310.393982,64.652019,-1.500000,-6.100808,298.882547
110.876,309.057197,68.068218,-1.500000,-5.277343,298.312823
110.907,296.275272,63.231249,1.500000,6.985413,297.736609
110.935,300.320848,68.313560,1.500000,2.471049,297.216311
110.967,310.158589,64.903112,-1.500000,-7.882077,296.644298
110.997,304.572891,68.926155,-1.500000,-2.798598,296.086897
111.038,294.916559,70.726048,1.500000,6.192823,295.348925
111.070,303.805591,63.962494,-1.500000,-3.235755,294.750096
111.097,293.667938,68.891337,1.500000,6.471919,294.272872
111.136,301.026515,59.914532,0.015812,-1.530492,293.558295
111.162,297.208926,68.897709,1.500000,1.863650,293.088319
111.199,303.053915,67.246851,-1.500000,-4.591525,292.411087
111.232,304.373663,66.322877,-1.500000,-6.443429,291.820459
111.261,293.934572,67.745604,1.500000,3.520758,291.293373
111.290,296.809672,68.847633,1.500000,0.174853,290.770838
111.319,299.042096,61.442305,-1.500000,-2.539129,290.236367
111.351,306.411668,71.025319,-1.500000,-10.431370,289.656269
111.384,303.493579,67.370208,-1.500000,-8.041167,289.070380
111.420,283.706842,68.976948,1.500000,11.162729,288.423498
111.455,291.239164,69.216271,1.500000,3.060158,287.790591
111.490,298.215925,67.444224,-1.500000,-4.481390,287.163746
111.522,284.855617,58.503744,1.500000,8.374010,286.603360
111.558,282.596802,61.110033,1.500000,10.046897,285.953051
111.584,291.976731,67.521313,1.500000,0.246644,285.486543
111.616,294.611867,64.607133,-1.500000,-2.887320,284.932904
111.643,291.567741,72.940411,-1.500000,-0.286908,284.440436
111.674,285.250988,62.898397,1.500000,5.541780,283.898744
111.707,297.157211,69.914492,-1.500000,-6.888138,283.317506
111.743,286.442487,69.687884,1.500000,3.249804,282.677348
111.779,288.955688,65.402370,1.500000,0.178758,282.058208
111.812,306.268097,68.626021,-1.500000,-17.655298,281.479244
111.846,302.726448,70.246380,-1.500000,-14.648045,280.886129
111.878,293.639450,61.096766,-1.500000,-6.057714,280.334890
111.909,291.275316,71.031098,-1.500000,-4.179390,279.795700
111.935,284.989464,61.106276,0.543445,1.691076,279.334673
111.964,278.774544,63.275683,1.500000,7.454648,278.833731
111.996,279.243849,66.485801,1.500000,6.489498,278.283405
112.034,287.157431,67.568242,-0.933154,-2.013594,277.629120
112.068,280.693620,63.445733,1.500000,3.926804,277.048195
112.102,293.519683,64.972779,-1.500000,-9.421235,276.468865
112.132,281.740804,64.391833,0.427329,1.897229,275.957861
112.169,290.133991,71.913256,-1.500000,-7.058804,275.333170
112.196,277.639997,64.962526,1.500000,5.026561,274.879642
112.236,278.143032,66.574121,1.500000,3.912395,274.201362
112.260,297.041825,69.542149,-1.500000,-15.344908,273.803460
112.290,283.108110,70.724966,-1.500000,-1.868797,273.295575
112.323,290.881350,67.416665,-1.500000,-10.133128,272.750524
112.357,277.522064,64.058709,1.500000,2.718722,272.187333
112.397,282.117140,64.540059,-1.128923,-2.477859,271.519735
112.433,270.828592,67.976090,1.500000,8.270626,270.920330
112.465,276.762262,72.629273,1.500000,1.866327,270.397990
112.495,279.367207,67.285364,0.074230,-1.179898,269.908224
112.524,283.633146,63.477798,-1.500000,-5.869215,269.438326
112.561,279.849698,68.695826,-1.500000,-2.630222,268.834046
112.588,272.604912,67.489975,1.500000,4.220092,268.396232
112.619,268.455577,68.422735,1.500000,7.921695,267.899303
112.656,271.011902,71.784698,1.500000,4.831386,267.306646
112.690,278.308233,69.334787,-1.500000,-2.959050,266.758250
112.723,277.449139,66.049709,-1.500000,-2.574237,266.231855
112.755,271.423839,57.758083,1.500000,3.003190,265.734772
112.788,277.837500,65.175730,-1.500000,-3.878074,265.215789
112.822,266.440671,67.322222,1.500000,7.029603,264.672890
112.847,277.387441,66.661388,-1.500000,-4.270409,264.280835
112.883,266.319957,70.525183,1.500000,6.291046,263.719204
112.921,278.314540,75.167437,-1.500000,-6.223550,263.142053
112.949,275.466780,63.238994,-1.500000,-3.769858,262.704686
112.984,267.012238,63.595877,1.500000,4.204963,262.172254
113.019,264.589496,67.551913,1.500000,6.143936,261.635331
113.050,280.045093,62.067021,-1.500000,-9.726522,261.174884
113.079,268.444552,66.168909,-0.083002,1.474886,260.731896
113.107,269.191877,66.315100,0.512186,0.349858,260.312691
113.138,270.856569,65.097976,-1.500000,-1.733879,259.847603
113.169,266.095573,69.509261,1.403766,2.605793,259.379985
113.201,268.736099,64.712753,1.203607,-0.458152,258.910041
113.236,270.763655,71.125231,-1.500000,-2.947900,258.397064
113.267,265.993588,61.062718,-0.120570,1.413934,257.943976
113.300,268.718867,68.343876,-1.500000,-1.748044,257.459293
113.336,265.820255,72.201753,-0.834418,0.689753,256.947845
113.367,261.719369,63.455012,1.500000,4.387105,256.499971
113.400,258.631105,72.469361,1.500000,7.041201,256.018098
113.436,262.418175,68.882902,1.500000,2.802510,255.516853
113.463,267.053849,70.696784,-1.134504,-2.180229,255.131655
113.493,261.354333,70.215568,1.500000,3.140878,254.711666
113.532,263.446670,68.007930,1.500000,0.561863,254.171512
113.560,284.343809,72.358334,-1.500000,-20.688896,253.779038
113.591,278.034441,68.550040,-1.500000,-14.766781,253.349235
113.622,269.673188,67.828807,-1.500000,-6.789291,252.923304
113.660,269.785667,71.930615,-1.500000,-7.360667,252.413984
113.696,256.556600,66.548007,1.500000,5.425753,251.922701
113.733,261.908092,67.678980,1.419915,-0.368476,251.431316
113.766,264.964846,65.566399,-1.500000,-3.812789,251.001172
113.796,260.299520,67.872851,-1.260754,0.492126,250.601161
113.830,253.493567,62.435905,1.500000,6.900789,250.160217
113.853,253.045359,70.476869,1.500000,7.080095,249.861770
113.889,266.157927,67.063279,-1.500000,-6.453042,249.394988
113.918,260.861368,69.084024,-1.500000,-1.500454,249.013223
113.951,254.072018,66.535986,1.500000,4.918350,248.601963
113.990,259.550999,65.166831,0.651316,-1.004557,248.109258
114.022,258.182475,71.779179,0.552340,0.003542,247.709231
114.054,259.913269,68.497009,-1.500000,-2.088699,247.308069
114.090,261.854180,69.337735,-1.500000,-4.422318,246.872210
114.125,246.274697,68.190133,1.500000,10.764815,246.436750
114.148,250.495327,63.472364,1.500000,6.290249,246.154911
114.183,259.387750,69.147369,-1.500000,-2.977315,245.738552
114.216,258.559898,59.220247,-1.500000,-2.497233,245.352570
114.242,251.181146,65.011322,1.500000,4.604150,245.044723
114.274,251.493275,70.511174,1.500000,3.946263,244.660975
114.308,253.277052,71.119036,1.500000,1.806180,244.265519
114.347,259.827297,64.192737,-1.500000,-5.147527,243.817725
114.383,253.383135,63.695660,-0.737581,0.933166,243.414318
114.411,255.740489,67.511012,-1.500000,-1.712904,243.093880
114.446,250.275892,70.970882,1.500000,3.399731,242.703243
114.483,245.108026,64.045399,1.500000,8.200687,242.296019
114.511,253.593954,69.334953,0.826404,-0.557409,241.993946
114.538,248.095377,68.350777,1.500000,4.670514,241.693552
114.569,260.075383,60.810089,-1.500000,-7.602599,241.368240
114.602,254.694784,66.971901,-1.500000,-2.542467,241.012560
114.634,254.308484,64.679118,-1.500000,-2.462468,240.672604
114.670,253.332289,68.847216,-1.500000,-1.821637,240.300391
114.707,244.170531,71.833329,1.500000,6.998178,239.920876
114.740,249.379229,69.416894,1.500000,1.483684,239.581480
114.772,251.287612,64.917601,0.644059,-0.708314,239.266701
114.804,255.161137,63.732141,-1.500000,-4.874551,238.941827
114.832,255.705913,67.795799,-1.500000,-5.659689,238.675055
114.861,250.077921,68.494713,-1.500000,-0.290602,238.387701
114.895,240.797902,63.977495,1.500000,8.690792,238.056264
114.931,249.821769,65.250387,1.091109,-0.640591,237.714959
114.963,247.020370,66.913852,1.500000,1.893178,237.417923
115.000,250.269148,60.838615,-0.463438,-1.666060,237.073350
115.032,247.503272,65.607698,0.313147,0.840457,236.785493
115.060,248.802937,69.618151,-0.421623,-0.686276,236.533475
115.087,254.664265,67.083127,-1.500000,-6.763852,236.293466
115.125,235.524800,66.045109,1.500000,12.071373,235.955798
115.151,244.258351,69.586331,1.500000,3.131028,235.726281
115.182,245.276406,70.577987,1.500000,1.873630,235.460639
115.217,250.698530,61.930011,-1.500000,-3.815432,235.164371
115.249,251.038446,71.102510,-1.500000,-4.396167,234.897091
115.282,248.212591,64.902855,-1.500000,-1.810247,234.630792
115.320,249.155837,72.583955,-1.500000,-3.031446,234.322299
115.347,246.007224,63.037177,-1.500000,-0.079825,234.103661
115.384,236.814187,61.490899,1.500000,8.854356,233.816363
115.408,243.346490,61.491806,1.500000,2.149583,233.624942
115.443,231.704463,69.158284,1.500000,13.551202,233.358118
115.472,246.048188,65.211450,0.306445,-0.987719,233.141475
115.503,244.051124,68.000014,1.131797,0.803249,232.912734
115.535,242.754520,68.785318,1.500000,1.890754,232.680660
115.569,247.640937,64.735192,-1.500000,-3.214103,232.438217
115.608,249.589348,67.258704,-1.500000,-5.406015,232.167961
115.644,238.268431,61.715976,1.500000,5.692642,231.921280
115.669,240.714377,69.553999,1.500000,3.091374,231.748891
115.704,243.407210,69.224645,1.500000,0.192916,231.520672
115.730,255.605580,67.411542,-1.500000,-12.163513,231.345247
115.766,251.234482,61.275782,-1.500000,-7.994530,231.120922
115.796,251.509293,60.504229,-1.500000,-8.444144,230.926913
115.826,244.234291,68.511666,-1.500000,-1.332795,230.745279
115.859,243.236409,70.391155,-1.500000,-0.514812,230.545612
115.895,233.834776,64.345746,1.500000,8.695798,230.333601
115.935,233.430162,66.777768,1.500000,8.891298,230.101509
115.967,244.089650,69.116156,-0.830820,-1.928904,229.923137
116.002,239.912649,72.276415,1.392862,2.075067,229.731094
116.031,243.313268,65.855883,-0.102237,-1.461307,229.580423
116.065,243.929945,69.218498,-1.500000,-2.240683,229.399847
116.091,236.444739,64.862308,1.500000,5.124794,229.266962
116.125,244.656760,67.435955,-1.500000,-3.240129,229.097259
116.154,247.270073,67.362159,-1.500000,-5.981156,228.955513
116.187,233.289316,64.432659,1.500000,7.859845,228.800400
116.222,233.505896,68.469553,1.500000,7.497700,228.638841
116.255,232.912373,71.093987,1.500000,7.959938,228.493132
116.293,243.003004,65.117495,-1.255458,-2.280329,228.327053
116.320,244.849175,62.050394,-1.500000,-4.229359,228.212893
116.353,241.026234,65.658690,-1.500000,-0.524198,228.082171
116.387,231.637397,67.924835,1.500000,8.742216,227.946297
116.421,238.491472,65.996971,1.500000,1.771339,227.816660
116.452,236.008635,67.111746,1.500000,4.152946,227.704307
116.483,242.867177,66.733314,-1.500000,-2.805821,227.593069
116.527,239.866582,67.679490,-1.500000,0.060002,227.443490
116.555,230.112156,65.437102,1.500000,9.732692,227.352773
116.592,232.731177,61.784301,1.500000,7.010683,227.238469
116.614,234.893050,63.705897,1.500000,4.788607,227.171650
116.643,236.928038,69.642786,1.500000,2.678107,227.087842
116.672,248.241426,68.697602,-1.500000,-8.709484,227.005485
116.703,244.835702,64.238025,-1.500000,-5.376478,226.924776
116.734,244.998728,64.252859,-1.500000,-5.611450,226.844926
116.764,243.190444,70.077272,-1.500000,-3.867460,226.773566
116.795,238.100346,74.792268,-0.101004,1.157739,226.701538
116.827,235.876324,67.164148,1.500000,3.319926,226.632909
116.861,239.433636,62.888532,1.333905,-0.298708,226.564848
116.901,241.534686,67.794741,-1.500000,-2.467101,226.490105
116.929,239.229819,69.645404,-1.500000,-0.206012,226.441517
116.965,240.057544,71.041188,-1.500000,-1.086543,226.382909
116.996,235.602007,61.912685,1.500000,3.328192,226.337624
117.030,232.272182,63.546309,1.500000,6.617355,226.292494
117.054,236.228905,65.086165,1.500000,2.633851,226.262770
117.088,236.539579,67.568291,1.500000,2.289443,226.225329
117.123,241.084682,68.909538,-1.261337,-2.285194,226.192550
117.155,240.309648,62.459065,-1.500000,-1.534382,226.165667
117.196,238.840882,68.553312,-1.500000,-0.090481,226.138070
117.226,233.000668,65.473939,1.500000,5.735492,226.122264
117.256,245.257430,71.677891,-1.500000,-6.532062,226.110286
117.283,238.124924,65.120195,-1.148230,0.593319,226.102379
117.320,238.363198,66.027502,-0.682787,0.349803,226.096560
117.354,229.287574,61.945178,1.500000,9.425015,226.096103
117.384,230.356099,63.783436,1.500000,8.359659,226.099621
117.417,236.622637,70.943840,1.500000,2.100416,226.107717
117.448,236.235150,65.364192,1.500000,2.498490,226.119468
117.488,243.177130,69.264003,-1.500000,-4.425037,226.139948
117.518,232.093994,72.516261,1.500000,6.676375,226.160233
117.550,235.780675,71.367449,1.500000,3.012219,226.185233
117.585,246.560526,69.787169,-1.500000,-7.738837,226.217190
117.614,239.105082,65.522097,-1.500000,-0.255276,226.248397
117.651,242.779906,65.438408,-1.500000,-3.891359,226.291396
117.684,233.540165,67.175493,1.500000,5.387894,226.335248
117.710,241.536476,68.140784,-1.245686,-2.574491,226.372902
117.739,239.824060,68.119382,-1.500000,-0.820982,226.418511
117.771,237.274418,69.093293,0.616264,1.776963,226.472121
117.802,240.436329,66.255699,-0.738734,-1.334541,226.528067
117.834,237.413501,70.623002,1.204315,1.744506,226.590463
117.869,240.221515,66.077610,0.235394,-0.997577,226.663639
117.907,241.916511,67.180110,-1.500000,-2.617485,226.746976
117.941,234.974945,69.623480,1.500000,4.396511,226.827366
117.972,236.465189,65.802989,1.500000,2.976884,226.905742
117.999,238.158503,68.133157,1.500000,1.346831,226.975954
118.033,240.952891,69.567567,-0.148483,-1.364211,227.068457
118.062,245.720760,68.864661,-1.500000,-6.057335,227.151415
118.094,241.173941,64.481192,-1.500000,-1.423753,227.247712
118.128,236.221838,68.505935,1.500000,3.623549,227.353371
118.167,242.728347,60.627601,-1.482636,-2.770587,227.478091
118.201,242.906474,66.718498,-1.500000,-2.843975,227.594338
118.236,239.394460,67.030270,-0.559837,0.779765,227.718341
118.267,220.253744,65.407358,1.500000,20.025331,227.834711
118.301,231.857787,68.622746,1.500000,8.535994,227.962021
118.328,242.254923,67.028611,-0.631879,-1.764263,228.069544
118.359,238.304932,70.739789,1.500000,2.295624,228.191516
118.391,243.374661,72.856567,-1.445820,-2.652656,228.326309
118.424,235.026010,69.625770,1.500000,5.821329,228.465415
118.457,235.407556,66.751857,1.500000,5.571400,228.611494
118.496,241.668234,69.443824,0.859105,-0.530345,228.787890
118.528,248.247845,70.845318,-1.500000,-6.974819,228.937876
118.560,242.814484,67.777101,-1.500000,-1.401979,229.092680
118.591,240.041912,60.969529,0.325974,1.511100,229.248626
118.623,244.915641,67.680520,-1.500000,-3.216427,229.410892
118.651,244.260504,71.980132,-1.500000,-2.430741,229.555786
118.683,230.207962,64.270478,1.500000,11.771384,229.721804
118.713,243.460483,68.900226,0.255374,-1.332234,229.887069
118.747,236.685137,69.092369,1.500000,5.608737,230.070892
118.783,250.166502,66.657634,-1.500000,-7.688023,230.275781
118.820,245.120767,67.229180,-1.500000,-2.448890,230.490429
118.852,238.199760,79.030882,1.500000,4.643320,230.680444
118.879,239.144019,87.343224,1.500000,3.849312,230.847204
118.909,228.341262,101.806235,1.500000,14.818232,231.031626
118.943,220.919052,102.360244,1.500000,22.429519,231.241477
118.976,210.529609,101.911389,1.500000,33.009428,231.452871
119.007,197.882123,110.102835,1.500000,45.837618,231.653431
119.041,191.207721,118.312678,1.500000,52.718600,231.882709
119.075,176.748115,119.764222,1.500000,67.381837,232.108716
119.111,179.466075,120.403369,1.500000,64.891203,232.361019
119.143,178.291817,124.204830,1.500000,66.267304,232.585040
119.176,172.986807,126.398988,1.500000,71.783785,232.819747
119.206,166.128434,129.181350,1.500000,78.840079,233.039415
119.244,157.811317,134.299792,1.500000,87.409270,233.319186
119.272,157.787222,137.570999,1.500000,87.621927,233.528467
119.301,155.440830,141.579135,1.500000,90.161980,233.743408
119.330,147.643075,131.730239,1.500000,98.165342,233.971606
119.361,143.634685,132.104847,1.500000,102.390682,234.212394
119.394,139.727268,140.257393,1.500000,106.533957,234.474168
119.430,146.671966,136.887322,1.500000,99.851913,234.765681
119.459,146.627398,135.458986,1.500000,100.104033,234.996039
119.500,143.914125,125.701622,1.500000,103.122967,235.335285
119.528,138.748549,132.364849,1.500000,108.501804,235.571978
119.564,148.043233,120.178812,1.500000,99.486108,235.881621
119.591,160.624324,125.231914,1.500000,87.112558,236.111967
119.623,170.148875,124.769158,1.500000,77.842214,236.394105
119.655,169.347225,110.989337,1.500000,78.895253,236.673116
119.691,179.014710,114.651730,1.500000,69.519007,236.996356
119.724,184.028891,105.316657,1.500000,64.772258,237.293173
119.755,185.081927,95.045788,1.500000,63.980383,237.583030
119.793,182.426141,79.365313,1.500000,66.953292,237.934998
119.821,196.764969,86.690431,1.500000,52.854085,238.200947
119.854,195.071342,69.239738,1.500000,54.824671,238.508339
119.884,204.993223,87.667034,1.500000,45.170810,238.805807
119.915,214.709376,70.027497,1.500000,35.722258,239.102813
119.946,224.318881,85.617152,1.500000,26.387991,239.408294
119.979,219.412476,67.516598,1.500000,31.586281,239.732250
120.022,234.811233,93.798584,1.500000,16.576334,240.163781
120.057,234.148816,63.229719,1.500000,17.563026,240.523687
120.092,238.973197,73.418295,1.500000,13.065605,240.886573
120.120,258.286715,92.049377,-1.500000,-5.992019,241.170584
120.151,269.623372,68.681165,-1.500000,-17.036840,241.494486
120.183,282.428593,69.597304,-1.500000,-29.530717,241.840039
120.216,284.460722,64.036045,-1.500000,-31.251266,242.185856
120.244,288.323947,65.787444,-1.500000,-34.843545,242.486572
120.276,292.175144,63.907185,-1.500000,-38.375863,242.840489
120.305,302.950559,73.076850,-1.500000,-48.861561,243.162040
120.347,307.619509,71.184589,-1.500000,-53.112055,243.626475
120.380,306.716455,64.755681,-1.500000,-51.876169,243.995878
120.412,315.647235,72.635096,-1.500000,-60.489522,244.348183
120.445,312.745496,69.087594,-1.500000,-57.246486,244.726982
120.471,318.139817,67.646927,-1.500000,-62.368705,245.028982
120.503,320.901787,70.538224,-1.500000,-64.799295,245.396773
120.540,326.418271,71.599001,-1.500000,-69.923594,245.832050
120.571,333.402234,69.457962,-1.500000,-76.583632,246.191567
120.603,330.791452,61.416996,-1.500000,-73.635808,246.565643
120.639,326.915339,64.765274,-1.500000,-69.363722,247.005124
120.671,349.385682,69.212182,-1.500000,-91.490931,247.385961
120.699,332.597495,63.145545,-1.500000,-74.399866,247.722120
120.735,335.247739,65.103792,-1.500000,-76.655055,248.160581
120.766,331.235374,62.974105,-1.500000,-72.293554,248.548080
120.801,330.781051,62.939745,-1.500000,-71.444475,248.986211
120.833,308.483279,68.986592,-1.500000,-48.786583,249.385900
120.869,319.957829,67.356779,-1.500000,-59.858734,249.832514
120.896,301.557045,67.377440,-1.500000,-41.150763,250.173454
120.926,304.181083,70.292667,-1.500000,-43.420901,250.566240
120.958,280.205179,63.565375,-1.500000,-19.076011,250.975769
120.994,273.468508,70.006160,-1.500000,-11.922923,251.437941
121.025,255.617907,65.614892,1.500000,6.292356,251.842689
121.060,255.286572,68.031114,1.500000,7.036459,252.300811
121.097,259.383773,68.003658,1.500000,3.370812,252.779783
121.133,254.915198,64.359071,1.500000,8.270110,253.257833
121.158,256.526636,69.342645,1.500000,6.966843,253.599865
121.194,270.478336,64.081124,-1.500000,-6.544784,254.088293
121.224,260.291875,68.644224,1.500000,3.999675,254.485627
121.252,259.275315,76.534598,1.500000,5.364270,254.871903
121.283,267.771534,70.329068,-1.500000,-2.759921,255.284809
121.313,256.745539,68.245229,1.500000,8.644277,255.704569
121.350,262.285271,67.016494,1.500000,3.559059,256.209023
121.383,265.878847,69.154207,1.500000,0.386110,256.675868
121.420,262.313843,68.152146,1.500000,4.412319,257.187749
121.455,273.343403,68.017630,-1.500000,-6.174700,257.678915
121.487,265.643618,60.456559,0.470429,1.932899,258.131539
121.518,270.369135,65.328471,-1.500000,-2.398152,258.569348
121.548,263.791945,69.222321,1.500000,4.569255,259.002442
121.579,268.895822,66.986273,1.500000,-0.134736,259.446266
121.606,279.822721,64.164133,-1.500000,-10.712824,259.833404
121.635,275.335185,73.984760,-1.500000,-5.844516,260.256014
121.664,266.742690,69.333930,1.500000,3.129019,260.678923
121.697,272.828309,68.418535,-1.180237,-2.520325,261.163134
121.737,271.351058,66.539345,-1.500000,-0.522170,261.741273
121.768,262.690385,72.127785,1.500000,8.558615,262.207547
121.802,273.455077,63.275446,-0.250507,-1.750894,262.712745
121.835,270.663810,71.133313,1.315927,1.472672,263.192544
121.863,262.687932,60.990933,1.500000,9.834699,263.621122
121.895,276.051647,63.368484,-1.500000,-3.105697,264.090955
121.925,275.850012,66.797747,-1.500000,-2.487726,264.553036
121.960,266.216663,69.513848,1.500000,7.619175,265.078623
121.995,264.264264,68.567588,1.500000,10.047140,265.606442
122.025,280.082386,59.151675,-1.500000,-5.357302,266.065576
122.058,275.197345,70.113749,-1.500000,-0.021167,266.566235
122.096,272.499933,68.731903,1.500000,3.202693,267.150528
122.131,273.569715,66.085908,1.500000,2.621396,267.692688
122.162,271.492837,69.242148,1.500000,5.134518,268.176864
122.191,276.375359,62.775825,1.500000,0.661275,268.631114
122.223,293.559207,66.002357,-1.500000,-16.080871,269.121350
122.250,287.860354,72.440381,-1.500000,-9.999622,269.545762
122.282,291.916126,73.054499,-1.500000,-13.599356,270.051909
122.315,278.973872,69.560840,-1.500000,-0.187012,270.573651
122.347,273.461952,70.365403,1.500000,5.776456,271.074816
122.383,280.737165,65.354784,0.670511,-0.988673,271.640946
122.417,282.292539,66.943618,-1.500000,-2.055739,272.182908
122.447,278.998698,69.297513,0.264074,1.678551,272.671753
122.481,284.865997,62.755441,-1.500000,-3.703314,273.210526
122.510,271.714949,67.852983,1.500000,9.873332,273.682886
122.541,279.117478,67.796440,1.500000,2.919460,274.180841
122.574,287.382642,63.244861,-1.500000,-4.875513,274.702696
122.605,278.424664,70.558905,1.500000,4.533591,275.203391
122.638,290.481939,62.958178,-1.500000,-7.034079,275.746792
122.673,276.610064,70.843688,1.500000,7.355254,276.321108
122.704,285.570987,66.407091,0.469022,-1.155422,276.820827
122.741,297.282491,69.691114,-1.500000,-12.323757,277.423678
122.780,287.107065,70.683766,-1.500000,-1.572746,278.062506
122.808,276.438038,64.428964,1.500000,9.508486,278.520004
122.839,287.677581,69.613397,0.330731,-1.269870,279.031866
122.871,287.709576,67.002864,-0.812991,-0.828775,279.556937
122.901,291.714957,67.247527,-1.500000,-4.384000,280.056556
122.935,278.108600,76.265484,1.500000,9.737418,280.628211
122.971,285.836378,72.711509,1.500000,2.546502,281.224062
123.002,289.026038,64.897429,1.287995,-0.175402,281.743215
123.038,289.199490,67.717479,1.490299,0.188733,282.339869
123.071,293.829532,66.312650,-1.500000,-3.952078,282.882856
123.102,304.480461,67.714005,-1.500000,-14.134684,283.402638
123.131,293.876556,62.121885,-1.500000,-3.084860,283.897554
123.161,286.172816,70.727776,1.500000,5.065558,284.393312
123.193,299.847120,63.361007,-1.500000,-8.115244,284.941038
123.226,303.811576,68.736805,-1.500000,-11.584299,285.490873
123.258,289.042591,67.859643,1.500000,3.673634,286.033546
123.298,292.986610,70.436985,1.500000,0.335570,286.706082
123.326,295.218465,65.196907,-0.261734,-1.457937,287.192595
123.362,304.106362,68.063732,-1.500000,-9.809711,287.787626
123.395,295.455744,67.767568,-1.500000,-0.652316,288.350087
123.426,286.052028,67.736525,1.500000,9.236398,288.888375
123.455,293.131440,69.700792,1.500000,2.596319,289.375981
123.487,299.890605,69.008380,-1.500000,-3.675995,289.916326
123.518,291.115323,62.264190,1.500000,5.580083,290.449951
123.552,291.905566,62.528905,1.500000,5.319609,291.037930
123.592,308.431413,63.967305,-1.500000,-10.591634,291.720065
123.627,302.796742,66.759214,-1.500000,-4.418758,292.317407
123.660,297.799371,64.659142,-0.195963,1.079153,292.872946
123.698,296.153532,64.779797,1.500000,3.321302,293.534776
123.730,302.611228,70.744113,-1.487752,-2.643440,294.081895
123.765,300.582105,69.583800,-1.500000,-0.071713,294.684119
123.790,292.183390,68.967122,1.500000,8.712514,295.111992
123.817,298.472603,68.231827,1.500000,2.845230,295.580281
123.846,303.876530,67.457989,-1.051470,-2.111511,296.076602
123.881,298.621808,62.252665,1.500000,3.690043,296.683519
123.908,303.181357,66.169473,1.263332,-0.452872,297.145932
123.946,306.945093,67.316569,-1.500000,-3.634926,297.791528
123.977,303.757592,61.310219,-1.500000,0.040660,298.333243
124.010,287.001366,70.190235,1.500000,17.302183,298.894062
124.047,307.885419,61.344334,-1.500000,-3.003953,299.535478
124.079,298.669554,68.223755,1.500000,6.712780,300.091381
124.111,298.803064,58.526045,1.500000,7.068814,300.634715
124.141,311.737439,64.045957,-1.500000,-5.390045,301.162479
124.174,312.860832,70.088321,-1.500000,-5.998487,301.734013
124.206,308.058623,64.460574,-1.500000,-0.713218,302.270150
124.242,296.061279,64.429655,1.500000,11.855246,302.904023
124.277,304.780663,65.938948,1.500000,3.674467,303.501809
124.310,311.655449,66.016528,-1.500000,-2.683326,304.075608
124.342,304.945223,72.035023,1.500000,4.521431,304.624477
124.375,305.305529,70.804917,1.500000,4.669011,305.188169
124.402,310.268105,66.479151,1.500000,0.133590,305.662259
124.433,309.987050,67.839842,1.500000,0.896727,306.197311
124.465,315.826196,64.076678,-1.500000,-4.454822,306.738484
124.497,323.797096,62.529313,-1.500000,-11.929464,307.289269
124.530,324.980472,65.721545,-1.500000,-12.599533,307.858978
124.567,316.995446,63.930612,-1.500000,-4.037670,308.499196
124.603,317.066769,66.062189,-1.500000,-3.565796,309.102078
124.633,305.578951,62.444727,1.500000,8.392335,309.624069
124.666,316.122274,64.946794,-0.111366,-1.635743,310.195928
124.699,307.025661,70.563852,1.500000,7.967512,310.758239
124.727,320.189927,72.460117,-1.500000,-4.771818,311.229866
124.758,316.009866,68.800755,-1.500000,-0.115152,311.758839
124.789,312.235418,72.507011,1.500000,4.138322,312.290500
124.822,311.378268,62.832311,1.500000,5.498578,312.848886
124.873,318.527560,69.678767,0.454856,-0.864896,313.721048
124.908,323.796208,67.002342,-1.500000,-5.600827,314.312298
125.159,309.786886,68.748068,1.500000,12.238468,318.563101
125.189,322.384965,65.416375,1.500000,0.098026,319.071022
125.222,326.352674,65.086935,-1.500000,-3.380411,319.614054
125.251,320.698487,62.800474,1.408768,2.709455,320.097605
125.282,326.866064,66.028297,-1.500000,-2.984056,320.623760
125.310,328.742647,66.525743,-1.500000,-4.442738,321.087579
125.345,318.825458,71.403935,1.500000,6.003170,321.674393
125.378,329.192817,67.605008,-1.500000,-3.878572,322.213368
125.409,320.782809,66.330782,1.500000,5.003500,322.737302
125.440,319.026736,65.461199,1.500000,7.214622,323.242351
125.479,322.879675,62.954778,1.500000,3.944453,323.889154
125.552,334.796954,67.977291,-1.500000,-6.889180,325.091869
125.582,347.629402,61.841239,-1.500000,-19.289139,325.571880
125.612,333.829905,72.064334,-1.500000,-5.040267,326.070630
125.642,329.396138,68.878555,-1.500000,-0.166168,326.559345
125.673,328.832297,70.753467,-0.474863,0.848339,327.059529
125.704,324.687094,64.561002,1.500000,5.442569,327.557895
125.736,321.781077,70.886972,1.500000,8.818506,328.079448
125.762,341.788370,72.311738,-1.500000,-10.810963,328.498788
125.798,332.214617,73.255642,-1.500000,-0.711402,329.082369
125.827,324.372436,74.020974,1.500000,7.553576,329.551623
125.860,314.771995,66.303840,1.500000,17.622520,330.071604
125.894,328.155699,65.503408,1.500000,4.731509,330.618432
125.926,334.988045,64.416874,-0.487176,-1.644509,331.124901
125.962,331.808154,64.368568,1.500000,2.045638,331.691222
125.994,352.487330,66.541476,-1.500000,-18.179495,332.195156
126.028,350.888344,67.579735,-1.500000,-16.096999,332.731793
126.059,344.666895,66.777206,-1.500000,-9.430850,333.225355
126.094,327.038879,68.445391,1.500000,8.690670,333.773084
126.125,344.139607,62.219055,-1.500000,-7.970313,334.261147
126.151,318.538024,66.587333,1.500000,17.991939,334.661447
126.182,333.682259,68.218792,1.500000,3.280362,335.141645
126.212,342.768267,71.407791,-1.500000,-5.391128,335.601708
126.318,331.871930,65.554176,1.500000,6.967163,337.224299
126.344,341.453799,68.222890,-0.860630,-2.255823,337.622615
126.376,348.170378,65.110097,-1.500000,-8.531967,338.111445
126.438,340.527612,72.230680,-1.500000,-0.043721,339.049823
126.459,330.765151,67.198045,1.500000,9.999014,339.360894
126.492,338.380866,66.452322,1.500000,2.824886,339.851001
126.523,347.503465,71.223166,-1.500000,-5.879710,340.314934
126.551,329.954109,71.865602,1.500000,12.047574,340.734388
126.592,341.167522,67.733448,1.500000,1.376975,341.336844
126.610,345.144778,65.249211,-1.351887,-2.360132,341.603380
126.638,346.814606,67.159158,-1.500000,-3.658359,342.015812
126.667,339.446441,64.104335,1.500000,4.087385,342.434879
126.698,341.501878,69.135705,1.500000,2.446297,342.894755
126.731,339.274644,61.851021,1.500000,5.094260,343.361714
126.762,357.604009,68.595729,-1.500000,-12.820947,343.821379
126.792,352.907854,72.701233,-1.500000,-7.745502,344.242344
126.822,361.065896,69.642103,-1.500000,-15.518455,344.669746
126.858,349.164890,68.195029,-1.500000,-3.151793,345.186567
126.890,341.348076,65.161064,1.500000,5.068906,345.634830
126.922,349.441828,68.736891,-1.288673,-2.610066,346.095186
126.957,345.230751,69.087138,0.833855,2.037482,346.579615
126.990,339.852796,68.656243,1.500000,7.830383,347.040155
127.022,338.430233,70.179451,1.500000,9.653749,347.484996
127.052,351.281967,63.254803,-1.500000,-2.828378,347.895216
127.104,354.129348,67.299311,-1.500000,-5.038789,348.602174
127.141,347.120744,72.488606,1.431645,2.426139,349.108638
127.173,346.493363,63.713419,1.500000,3.445482,349.543669
127.201,359.858458,66.306066,-1.500000,-9.579328,349.921343
127.230,349.029896,62.857063,0.065670,1.597925,350.308347
127.260,364.050812,72.445066,-1.500000,-13.067520,350.702877
127.355,357.189057,67.389625,-1.500000,-5.076655,351.956051
127.380,337.473601,68.082493,1.500000,14.927338,352.276292
127.408,341.971686,65.803250,1.500000,10.759444,352.642764
127.437,356.144744,66.196183,-1.500000,-3.082437,353.010329
127.462,353.676808,72.583605,-1.500000,-0.329647,353.326483
127.490,344.282773,62.464347,1.500000,9.385786,353.683196
127.518,342.052583,66.044929,1.500000,11.942830,354.045963
127.557,367.244437,59.630291,-1.500000,-12.809371,354.533924
127.661,346.612715,68.678271,1.500000,8.983302,355.822439
127.690,353.200974,70.316051,1.500000,2.710634,356.172706
127.721,367.071471,64.383604,-1.500000,-10.814818,356.555664
127.749,355.597395,68.528650,-0.709054,0.956775,356.885871
127.778,349.308889,67.349355,1.500000,7.556350,357.231121
127.807,348.801632,69.279394,1.500000,8.374018,357.575639
127.831,354.526910,66.606869,1.500000,2.906926,357.862192
127.860,378.558885,71.020966,-1.500000,-20.813307,358.208189
127.890,362.067494,69.619253,-1.500000,-4.012300,358.551824
127.922,356.848457,67.417339,0.365785,1.544048,358.926198
127.958,365.995367,64.339303,-1.500000,-7.229505,359.340578
127.991,357.972832,67.041356,-0.366958,1.125617,359.709710
128.029,354.243176,63.395766,1.500000,5.249242,360.146968
128.057,390.559808,64.867536,-1.500000,-30.789913,360.454934
128.091,365.328890,67.762324,-1.500000,-5.221539,360.829469
128.122,360.208454,63.869864,-1.248559,0.208038,361.172578
128.152,379.901408,70.038670,-1.500000,-19.188911,361.501107
128.183,350.912772,62.512815,1.500000,10.100484,361.834912
128.219,346.779336,71.416105,1.500000,14.586701,362.226456
128.246,364.966431,68.910761,-1.500000,-3.345049,362.509858
128.284,360.585317,65.592230,-0.168575,1.404067,362.918296
128.317,333.908819,63.271656,1.500000,28.390434,363.262212
128.352,351.793855,66.355472,1.500000,10.830082,363.622572
128.387,345.812508,66.833383,1.500000,17.138290,363.985348
128.422,344.585646,67.637578,1.500000,18.678522,364.333149
128.455,360.033314,67.022012,1.500000,3.530001,364.665166
128.488,365.206298,72.195205,-0.126669,-1.346158,364.994606
128.520,363.760607,63.818917,0.133616,0.379244,365.305052
128.548,358.781517,66.790653,1.500000,5.611107,365.585598
128.581,375.645467,64.276068,-1.500000,-10.966252,365.903680
128.614,377.294467,68.025063,-1.500000,-12.332682,366.217298
128.650,381.713153,65.739305,-1.500000,-16.448440,366.553510
128.680,386.546349,69.345069,-1.500000,-21.031431,366.831209
128.712,376.445363,66.484574,-1.500000,-10.656019,367.135787
128.748,353.253939,72.925681,1.500000,12.826615,367.458994
128.784,390.287087,69.321238,-1.500000,-23.914433,367.783190
128.817,348.918170,57.141269,1.500000,17.721468,368.079509
128.850,366.628835,64.634044,1.500000,0.270320,368.367542
128.905,374.426062,70.145755,-1.500000,-7.093254,368.848843
128.940,375.933449,68.865876,-1.500000,-8.333379,369.145471
128.971,376.348024,67.928208,-1.500000,-8.510458,369.409063
129.005,368.369158,70.777792,-1.500000,-0.274753,369.694122
129.036,352.863443,67.215906,1.500000,15.457823,369.945911
129.063,364.358539,63.302997,1.500000,4.162791,370.167958
129.093,358.846460,65.081224,1.500000,9.889889,370.406602
129.122,379.205398,65.844857,-1.500000,-10.260717,370.637826
129.152,362.817179,68.318460,1.500000,6.337892,370.871334
129.190,341.477470,67.838757,1.500000,27.942700,371.165561
129.221,378.163494,66.053588,-1.500000,-8.529422,371.402966
129.253,373.953261,61.237485,-1.500000,-4.103456,371.642402
129.291,365.473100,71.712826,1.500000,4.629241,371.922687
129.323,356.771953,64.427469,1.500000,13.539167,372.154406
129.354,380.354692,64.201561,-1.500000,-9.844176,372.375711
129.386,370.587642,67.647437,-1.500000,0.129578,372.605128
129.419,378.074595,68.476252,-1.500000,-7.154407,372.830398
129.453,364.852983,64.067532,1.500000,6.279004,373.065468
129.488,350.032325,66.151871,1.500000,21.310716,373.299712
129.521,372.788424,61.049733,-0.010894,-1.250345,373.516181
129.552,377.347380,66.355245,-1.500000,-5.625567,373.720104
129.586,363.066246,67.803415,1.500000,8.853972,373.940308
129.616,368.367568,72.266556,1.500000,3.721178,374.127354
129.760,377.928747,66.017913,-1.500000,-5.059415,374.993710
129.786,366.496736,73.130621,1.500000,6.506839,375.142703
129.821,386.677740,66.096139,-1.500000,-13.498366,375.337817
129.852,368.682860,65.444213,1.500000,4.649421,375.507526
129.881,390.143930,64.668019,-1.500000,-16.671290,375.663307
129.910,382.744710,72.285454,-1.500000,-9.134782,375.815679
129.935,380.102638,66.251743,-1.500000,-6.375378,375.945904
129.963,365.253178,73.295504,1.500000,8.604877,376.091071
129.994,362.267121,72.189520,1.500000,11.731143,376.246686
130.028,364.223498,67.371134,1.500000,9.921651,376.409711
130.060,367.740558,64.211092,1.500000,6.542905,376.563221
130.094,365.037071,65.298357,1.500000,9.388554,376.721005
130.129,387.822796,65.741148,-1.500000,-13.251134,376.883087
130.165,370.965038,65.122331,1.500000,3.750777,377.043080
130.195,379.984911,56.601550,-1.500000,-5.153632,377.171230
130.241,396.368378,65.077701,-1.500000,-21.364887,377.362365
130.275,380.727057,70.904576,-1.500000,-5.597659,377.502107
130.303,395.791434,62.225318,-1.500000,-20.563125,377.611886
130.340,387.931039,69.970792,-1.500000,-12.574902,377.753760
130.363,380.727020,66.073040,-1.500000,-5.294842,377.838155
130.389,365.716858,65.738458,1.500000,9.799350,377.931418
130.418,374.478526,66.952472,1.500000,1.131124,378.035127
130.447,363.956817,67.625622,1.500000,11.743420,378.135668
130.481,370.586126,71.770981,1.500000,5.216088,378.248850
130.513,373.651108,62.136278,1.500000,2.242955,378.350791
130.550,386.337968,67.340472,-1.500000,-10.342256,378.463609
130.585,373.791729,58.569737,0.912096,2.298416,378.568418
130.715,404.629230,62.829301,-1.500000,-28.224772,378.917267
130.742,380.017963,73.845734,-1.500000,-3.555126,378.982061
130.777,374.744599,67.616841,0.663231,1.790210,379.061941
130.821,395.351274,70.311932,-1.500000,-18.730827,379.156989
130.849,373.200247,71.186680,1.500000,3.472212,379.214715
130.878,373.410365,69.899813,1.500000,3.311674,379.269744
130.908,396.749863,70.859529,-1.500000,-19.978402,379.324596
130.933,395.368853,68.267030,-1.500000,-18.557031,379.369393
130.962,363.076359,65.869742,1.500000,13.777593,379.416151
130.994,382.224644,65.591793,-1.500000,-5.326503,379.465195
131.025,382.949340,62.441763,-1.500000,-6.010352,379.510530
131.060,373.891329,66.546608,1.500000,3.089149,379.556580
131.090,378.929195,69.385566,-0.451220,-1.917001,379.591780
131.125,369.158512,66.570640,1.500000,7.888628,379.630565
131.159,364.994371,69.789648,1.500000,12.082407,379.663460
131.194,387.707206,69.021910,-1.500000,-10.603828,379.692984
131.223,378.683476,71.545798,-1.500000,-1.560717,379.714494
131.251,361.468535,66.200229,1.500000,15.670658,379.732734
131.282,363.353643,65.441469,1.500000,13.800605,379.749443
131.313,387.329756,66.810210,-1.500000,-10.163498,379.762772
131.346,395.381551,72.587812,-1.500000,-18.205792,379.773318
131.386,366.218540,66.916600,1.500000,10.964475,379.781370
131.421,367.338680,64.475034,1.500000,9.846482,379.783753
131.453,400.098918,67.887005,-1.500000,-22.915022,379.782349
131.485,364.115683,70.922326,1.500000,13.063727,379.777370
131.517,393.685035,65.161432,-1.500000,-16.513173,379.768992
131.548,379.894919,66.928294,-1.500000,-2.733511,379.757390
131.632,376.989369,67.761976,-1.344015,0.129040,379.709666
131.667,378.201985,66.192996,-1.500000,-1.107562,379.683044
131.694,373.448279,70.735325,1.500000,3.624880,379.659444
131.722,360.653622,65.178795,1.500000,16.394784,379.631971
131.750,365.740426,63.382916,1.500000,11.280993,379.602019
131.782,355.616619,65.799976,1.500000,21.371672,379.565250
131.808,378.746101,65.543017,-0.659149,-1.786832,379.533040
131.843,363.155535,75.061731,1.500000,13.759802,379.484281
131.871,385.477898,63.567509,-1.500000,-8.599029,379.443806
131.902,384.551357,67.322366,-1.500000,-7.715687,379.395860
131.933,380.162980,66.640041,-1.500000,-3.374511,379.343472
131.966,361.548204,64.280844,1.500000,15.187898,379.285352
132.003,383.033940,62.487985,-1.500000,-6.361338,379.214875
132.037,370.729549,64.917130,1.500000,5.880653,379.145619
132.078,382.916099,70.252142,-1.500000,-6.383269,379.059745
132.129,364.954421,65.386850,1.500000,11.471443,378.941026
132.165,352.784582,69.552701,1.500000,23.564435,378.855735
132.195,384.146565,69.960216,-1.500000,-7.865847,378.779932
132.226,381.696548,72.147593,-1.500000,-5.490339,378.697235
132.256,352.903284,69.375092,1.500000,23.229780,378.616053
132.289,378.664613,66.549147,-1.298029,-2.617808,378.520316
132.332,349.359972,70.017557,1.500000,26.573143,378.394134
132.370,365.592307,64.074379,1.500000,10.235914,378.277715
132.395,381.123781,68.030962,-1.500000,-5.369264,378.195912
132.429,369.546885,65.377558,1.500000,6.106719,378.083911
132.459,371.177989,60.971869,1.500000,4.386268,377.984748
132.488,372.479435,67.836253,1.500000,2.994013,377.883960
132.521,358.570861,68.221797,1.500000,16.794204,377.763669
132.549,384.584481,69.545479,-1.500000,-9.313297,377.659472
132.582,382.005355,65.233274,-1.500000,-6.843831,377.537762
132.614,392.737648,64.818387,-1.500000,-17.688086,377.413498
132.648,389.150838,65.231519,-1.500000,-14.224724,377.276486
132.685,387.468035,59.908313,-1.500000,-12.678196,377.125238
132.716,373.948350,60.537055,-0.624581,0.724434,376.995321
132.750,385.449177,68.936790,-1.500000,-10.907565,376.849736
132.781,361.410991,66.591129,1.500000,13.006345,376.711804
132.813,354.123112,71.422466,1.500000,20.167380,376.571024
132.845,368.966345,62.999392,1.500000,5.190119,376.422268
132.873,382.165771,69.128496,-1.500000,-8.126631,376.292054
132.904,370.407233,70.557275,1.500000,3.500427,376.146126
132.938,383.967990,69.321912,-1.500000,-10.211920,375.977880
132.971,385.847915,63.409103,-1.500000,-12.240133,375.813298
133.007,366.756882,64.946979,1.500000,6.686281,375.630591
133.041,386.898649,72.175168,-1.500000,-13.613754,375.454933
133.074,353.836244,68.139846,1.500000,19.290433,375.279331
133.105,365.457982,71.285173,1.500000,7.518239,375.112343
133.136,376.442509,64.712347,-1.500000,-3.617267,374.944775
133.166,365.945853,66.345069,1.500000,6.730216,374.779211
133.196,376.030942,67.087527,-1.500000,-3.506281,374.611167
133.230,360.931936,70.142153,1.500000,11.418397,374.417683
133.261,366.533911,66.104167,1.500000,5.649266,374.232161
133.299,366.657329,63.943885,1.500000,5.327206,374.011692
133.334,392.956296,71.872642,-1.500000,-21.163086,373.799346
133.366,377.368988,70.881280,-1.500000,-5.755518,373.599855
133.398,379.333819,66.477896,-1.500000,-7.900258,373.400179
133.428,385.145322,66.059251,-1.500000,-13.880308,373.213112
133.460,364.267994,60.201378,1.500000,6.815323,373.011450
133.494,372.096662,66.757106,0.400401,-1.212211,372.790733
133.522,361.514424,67.596565,1.500000,9.203422,372.605822
133.553,374.457760,67.182255,-1.500000,-3.926099,372.399180
133.586,370.974989,64.537888,-1.500000,-0.645461,372.174836
133.618,352.501892,68.638984,1.500000,17.632921,371.958726
133.733,370.774845,64.639769,0.209272,-1.370388,371.148122
133.765,347.977020,68.221698,1.500000,21.223666,370.921960
133.804,377.559023,69.481058,-1.500000,-8.618472,370.633242
133.834,348.468100,70.836048,1.500000,20.276119,370.415337
133.863,354.423866,73.811403,1.500000,14.121853,370.195027
133.893,374.044103,64.360845,-1.500000,-5.703991,369.966829
133.921,384.690182,66.435809,-1.500000,-16.541530,369.754330
133.952,364.070429,68.662423,1.500000,3.864886,369.517553
133.981,360.541044,70.904534,1.500000,7.190430,369.291315
134.012,371.963548,73.696151,-1.500000,-4.449235,369.050292
134.049,353.686503,64.481462,1.500000,13.562024,368.755301
134.080,366.847834,66.413664,1.500000,0.171748,368.501201
134.113,371.082748,65.332783,-1.500000,-4.298984,368.239472
134.144,389.046076,70.344564,-1.500000,-22.491198,367.985436
134.179,367.481943,75.228184,-1.500000,-1.187752,367.696105
134.211,395.520126,69.963875,-1.500000,-29.465264,367.430479
134.241,375.220391,64.119949,-1.500000,-9.395876,367.174822
134.270,367.894609,63.665191,-1.500000,-2.295702,366.924426
134.305,337.520949,67.472308,1.500000,27.810678,366.627777
134.336,348.018198,64.603757,1.500000,17.075934,366.364187
134.369,350.540368,65.070500,1.500000,14.293622,366.075460
134.402,353.503102,72.015871,1.500000,11.067951,365.783632
134.434,354.545169,66.568130,1.500000,9.765570,365.494716
134.465,375.067724,63.101529,-1.500000,-11.003623,365.220978
134.498,363.027839,65.497110,-0.931748,0.772476,364.928208
134.530,356.963599,69.116442,1.500000,6.572603,364.635075
134.560,341.783868,69.209525,1.500000,21.505784,364.361434
134.604,358.652291,64.735881,1.500000,4.265528,363.948745
134.633,386.008614,69.389391,-1.500000,-23.333070,363.679849
134.667,366.259449,68.633482,-1.500000,-3.865099,363.367758
134.697,394.398101,59.789858,-1.500000,-32.265881,363.076826
134.722,377.868116,70.204133,-1.500000,-15.945324,362.844386
134.753,394.643364,66.536936,-1.500000,-32.988646,362.546856
134.782,357.995011,64.429750,1.500000,3.408781,362.268360
134.812,379.430462,65.837032,-1.500000,-18.289590,361.976551
134.844,360.164527,65.232728,-1.021097,0.698532,361.668211
134.878,350.354935,62.329821,1.500000,10.205380,361.332204
134.911,357.675878,67.505782,1.500000,2.592811,361.008533
134.943,360.993122,74.284281,0.271314,-1.016793,360.684050
134.981,360.432705,69.233217,-0.846935,-0.801708,360.300774
135.013,353.770366,69.479775,1.500000,5.573342,359.981917
135.045,368.535605,61.194373,-1.500000,-9.479730,359.662458
135.074,355.409452,70.798790,1.500000,3.374511,359.360669
135.104,352.726207,67.896299,1.500000,5.783385,359.056151
135.138,368.847520,66.910676,-1.500000,-10.650955,358.708729
135.169,348.954110,77.629297,1.500000,8.947240,358.381077
135.207,380.168166,67.939333,-1.500000,-22.627042,357.981269
135.243,352.356329,64.095750,1.500000,4.843616,357.602602
135.280,347.639885,72.397503,1.500000,9.212564,357.216924
135.310,376.350520,64.512621,-1.500000,-19.784100,356.899467
135.340,371.550994,68.734792,-1.500000,-15.271852,356.580624
135.371,363.335160,66.241621,-1.500000,-7.355660,356.248058
135.401,372.028988,65.301202,-1.500000,-16.343380,355.921874
135.433,359.203227,68.344845,-1.500000,-3.835370,355.569209
135.467,354.195094,69.050631,-0.476270,0.847174,355.207844
135.499,330.062552,66.280081,1.500000,24.664605,354.858109
135.538,339.737618,64.848637,1.500000,14.597573,354.423077
135.567,342.246768,67.068070,1.500000,11.798362,354.101143
135.603,358.338831,66.237918,-1.500000,-4.649778,353.705941
135.631,341.718134,68.100850,1.500000,11.691925,353.396292
135.665,343.215203,68.816210,1.500000,9.851926,353.015682
135.689,351.475376,71.265865,1.500000,1.345348,352.742201
135.723,368.049977,65.156273,-1.500000,-15.574496,352.359025
135.756,354.400598,68.747910,-1.500000,-2.263641,351.983304
135.790,358.782994,70.021287,-1.500000,-6.995725,351.595194
135.822,359.663334,63.884876,-1.500000,-8.204673,351.230478
135.854,346.248320,60.572476,1.500000,4.883809,350.868068
135.891,344.157026,68.542795,1.500000,6.585655,350.435828
135.922,355.501278,73.317099,-1.500000,-5.077246,350.082166
135.955,355.254727,67.272517,-1.500000,-5.176564,349.698293
135.991,335.238240,68.843243,1.500000,14.456199,349.272407
136.020,331.411541,62.374799,1.500000,17.979272,348.935420
136.048,344.408949,64.414411,1.500000,4.690072,348.611567
136.082,352.114762,69.180306,-1.500000,-3.376743,348.210898
136.114,351.761286,68.428608,-1.500000,-3.369755,347.826338
136.147,339.097048,73.493373,1.500000,8.951316,347.445465
136.183,337.130505,67.969450,1.500000,10.532992,347.018309
136.217,344.576431,69.281846,1.500000,2.717018,346.607602
136.248,356.214944,66.300006,-1.500000,-9.258417,346.233659
136.283,340.089696,69.944397,1.500000,6.489046,345.814364
136.316,350.658933,67.412733,-1.500000,-4.436501,345.418903
136.345,355.919924,60.454387,-1.500000,-10.013230,345.068472
136.378,357.381077,60.278824,-1.500000,-11.834636,344.668636
136.413,344.175142,67.440566,-0.299624,0.993364,344.249174
136.453,339.217627,61.887123,1.500000,5.507370,343.756933
136.484,346.017837,64.351163,-0.253696,-1.632596,343.379846
136.633,338.334595,65.795400,1.500000,4.406513,341.555059
136.653,353.662179,68.109998,-1.500000,-11.150715,341.300182
136.678,340.843806,67.649144,-0.178147,1.396146,340.998837
136.703,334.356359,67.964019,1.500000,7.599442,340.683465
136.731,335.249133,68.116709,1.500000,6.399621,340.342679
136.755,348.103740,68.315388,-1.500000,-6.722114,340.046200
136.782,336.020568,65.171087,1.500000,5.056240,339.707889
136.810,337.953871,62.891372,1.500000,2.802579,339.352331
136.842,344.710954,75.251600,-1.500000,-4.307335,338.960731
136.878,359.059488,63.547601,-1.500000,-19.066096,338.505429
136.908,350.816032,66.459474,-1.500000,-11.164027,338.126532
136.942,350.837589,68.837391,-1.500000,-11.570946,337.698827
136.971,336.644547,76.476755,1.280578,2.301118,337.342580
137.002,345.965854,63.849415,-1.500000,-7.378726,336.944648
137.039,337.968212,67.597476,-1.500000,0.198577,336.478123
137.070,328.378302,61.932464,1.500000,9.439268,336.090533
137.102,307.562670,64.914673,1.500000,29.888782,335.684187
137.138,326.831932,61.915913,1.500000,10.207886,335.227323
137.164,332.145311,66.146657,1.500000,4.604926,334.905924
137.199,340.301220,73.733342,-1.500000,-3.948092,334.465181
137.235,346.890548,73.365527,-1.500000,-10.948727,334.008681
137.266,335.628721,69.626839,-1.500000,-0.051300,333.604240
137.297,319.972263,67.295283,1.500000,15.257962,333.218896
137.330,338.666619,67.557903,-1.500000,-3.819076,332.794165
137.362,324.863594,75.067941,1.500000,9.614312,332.383914
137.394,325.247399,67.829235,1.500000,8.863072,331.976105
137.429,334.535485,66.670166,0.502247,-0.825676,331.531419
137.460,338.671745,72.727846,-1.500000,-5.319594,331.134463
137.497,329.341872,66.765729,1.500000,3.587818,330.665582
137.525,336.078093,69.406410,-1.500000,-3.472067,330.306354
137.622,328.382904,66.803331,1.500000,3.106187,329.066693
137.656,328.179798,65.239819,1.500000,2.912176,328.625942
137.690,348.376620,65.809325,-1.500000,-17.676475,328.191060
137.730,332.146073,66.994726,-1.500000,-1.903527,327.683181
137.752,326.706347,61.644086,1.500000,3.283896,327.403156
137.786,325.788207,65.293054,1.500000,3.807017,326.964733
137.824,337.358396,63.441411,-1.500000,-8.197700,326.482459
137.855,337.265515,72.594505,-1.500000,-8.467037,326.080442
137.886,327.326461,59.803698,-0.152187,1.115381,325.684619
137.914,335.007355,67.800094,-1.500000,-6.889287,325.325269
137.942,324.144225,62.993434,1.500000,3.656066,324.972577
137.972,329.433326,68.040775,-0.527252,-1.979924,324.587571
137.997,328.362861,61.954015,-1.500000,-1.207554,324.256722
138.030,320.617001,63.760581,1.500000,6.163977,323.841263
138.066,326.162614,64.938638,1.500000,0.206584,323.384238
138.099,317.545396,67.492851,1.500000,8.444747,322.963532
138.135,336.657652,69.712553,-1.500000,-11.082341,322.503120
138.166,323.631794,61.164893,0.049193,1.584290,322.104421
138.199,346.243807,67.992311,-1.500000,-21.405208,321.685460
138.229,325.194177,65.661994,-1.500000,-0.704247,321.298479
138.257,329.496934,68.630600,-1.500000,-5.330483,320.939457
138.308,308.571155,66.549998,1.500000,15.012620,320.292757
138.336,293.756055,67.836885,1.500000,29.511882,319.942217
138.364,305.372163,72.857389,1.500000,17.568298,319.578758
138.391,318.817135,65.660639,1.500000,3.817695,319.239545
138.418,319.424964,69.963401,1.500000,2.901356,318.897136
138.444,329.513112,69.575381,-1.500000,-7.486259,318.564764
138.473,314.236862,68.877743,1.500000,7.459007,318.197413
138.502,325.412316,67.528959,-1.500000,-4.048788,317.828555
138.538,313.812248,67.596437,1.500000,7.148925,317.381990
138.563,321.689207,63.445640,0.638181,-1.015428,317.063017
138.595,332.488522,64.824443,-1.500000,-12.181359,316.656119
138.626,327.705171,70.849737,-1.500000,-7.748630,316.266970
138.658,332.303634,66.310734,-1.500000,-12.709116,315.865170
138.694,319.944677,65.927916,-1.500000,-0.749171,315.422315
138.726,324.997683,59.562118,-1.500000,-6.165154,315.019455
138.783,315.975536,67.828886,1.168765,2.208582,314.299799
138.830,319.977644,68.112871,-1.304017,-2.315266,313.720730
138.859,316.639469,68.630164,-0.766048,0.694297,313.356011
138.892,310.427528,62.841106,1.500000,6.532862,312.941609
138.922,296.209391,70.982261,1.500000,20.416374,312.570217
138.949,313.755525,66.489153,1.500000,2.575080,312.242625
138.977,322.566167,64.250737,-1.500000,-6.548923,311.894833
139.007,295.398111,71.772183,1.500000,20.282023,311.520682
139.040,304.793618,72.774127,1.500000,10.529721,311.124683
139.070,322.082230,64.656309,-1.500000,-7.090484,310.756655
139.107,304.546669,67.650274,1.500000,10.036536,310.303224
139.142,311.413479,68.249183,1.500000,2.776136,309.866387
139.174,324.778514,64.175373,-1.500000,-10.938818,309.478020
139.208,316.391764,72.067300,-1.500000,-2.926177,309.062804
139.235,298.819702,65.738319,1.500000,14.353331,308.738105
139.264,317.189445,71.028961,-1.500000,-4.334477,308.385092
139.295,305.913216,62.172326,1.500000,6.610722,308.017689
139.330,314.397891,67.870781,-0.860630,-2.255823,307.593860
139.363,319.499074,72.182481,-1.500000,-7.716397,307.194980
139.400,309.744777,67.031634,0.404311,1.640347,306.753746
139.434,299.594000,67.004537,1.500000,11.426873,306.349470
139.467,309.066726,63.732385,1.500000,1.598508,305.954755
139.497,318.029290,66.715581,-1.500000,-7.682080,305.601787
139.531,320.017839,66.627187,-1.500000,-10.033770,305.198744
139.562,301.913073,65.395156,1.500000,7.742684,304.834358
139.591,305.742380,70.920133,1.500000,3.605293,304.492423
139.622,315.778236,75.840326,-1.500000,-6.758478,304.128477
139.654,330.076951,64.498403,-1.500000,-21.399864,303.748154
139.689,316.570611,67.375191,-1.500000,-8.261207,303.340071
139.726,304.417414,66.909340,1.500000,3.509853,302.915946
139.761,320.651751,66.221272,-1.500000,-13.093227,302.506686
139.793,306.913858,69.229541,-1.492627,0.308301,302.133361
139.822,300.672269,68.986913,1.500000,6.253787,301.804723
139.858,304.298363,68.727024,1.500000,2.256187,301.392397
139.883,305.514615,67.891656,1.500000,0.787512,301.112239
139.913,309.325735,66.593340,-1.500000,-3.337720,300.763613
139.945,305.020328,65.394471,-1.089356,0.642042,300.402187
139.980,299.801103,69.980750,1.500000,5.505183,300.006977
140.016,306.042470,72.518867,0.485157,-1.100697,299.602412
140.051,307.829460,69.736130,-1.500000,-3.233878,299.218182
140.082,302.909976,64.522892,-0.086611,1.369655,298.867514
140.114,308.010050,65.339178,-1.500000,-4.046106,298.517141
140.146,309.139373,70.477634,-1.500000,-5.493844,298.163739
140.185,292.438584,66.346249,1.500000,10.812742,297.726222
140.215,296.366797,66.165471,1.500000,6.593248,297.402936
140.296,288.039672,66.612166,1.500000,14.127202,296.522613
140.321,301.551022,69.859357,1.500000,0.366337,296.245681
140.350,299.242254,65.001644,1.500000,2.394819,295.934599
140.377,308.323872,67.979701,-1.500000,-6.947163,295.645626
140.402,305.704584,63.841958,-1.500000,-4.562827,295.384858
140.427,303.377968,63.891354,-1.500000,-2.475896,295.118836
140.454,299.399222,64.105204,0.005527,1.245903,294.833657
140.494,295.410565,67.768343,1.500000,4.856513,294.414070
140.525,295.301760,70.510894,1.500000,4.671683,294.088173
140.561,304.719889,66.359834,-1.500000,-5.083392,293.714203
140.593,299.734301,67.279652,-1.500000,-0.404525,293.373780
140.622,297.017291,70.464552,0.977308,2.050136,293.082605
140.655,289.424373,66.612258,1.500000,9.332059,292.737439
140.678,305.511877,68.157758,-1.500000,-6.966528,292.503162
140.708,301.058310,70.581454,-1.500000,-2.784818,292.201434
140.743,293.231276,70.606841,1.500000,4.721599,291.845588
140.773,291.232466,65.318268,1.500000,6.452034,291.547725
140.807,305.071544,64.300101,-1.500000,-7.694806,291.206147
140.835,294.426755,66.129051,1.388472,2.692658,290.920547
140.866,288.740510,64.933978,1.500000,8.104860,290.616393
140.900,315.765371,71.650027,-1.500000,-19.222818,290.280303
140.939,299.269508,64.386853,-1.500000,-3.065938,289.904073
140.975,302.876770,65.479605,-1.500000,-6.992366,289.549838
141.007,290.348224,68.795167,1.500000,5.258590,289.241746
141.045,291.033302,66.430608,1.500000,4.243680,288.875674
141.074,298.658078,67.010541,-1.500000,-3.627135,288.602600
141.107,300.387822,59.185771,-1.500000,-5.642761,288.285306
141.139,297.401186,66.861714,-1.500000,-2.920910,287.991428
141.170,287.920303,59.659923,1.500000,6.295007,287.697347
141.202,290.772433,63.757108,1.500000,3.175909,287.401046
141.234,301.087257,66.205594,-1.500000,-7.403968,287.106870
141.266,291.033971,61.030115,1.019257,2.387101,286.815840
141.299,292.306964,65.030552,1.500000,0.838904,286.510397
141.335,297.248885,61.196164,-1.500000,-4.391086,286.190676
141.374,290.556769,72.969434,0.533889,1.985417,285.840384
141.408,283.288399,67.603085,1.500000,8.974800,285.530743
141.443,297.314487,72.760499,-1.500000,-5.322732,285.229473
141.474,293.359466,64.546930,-1.500000,-1.613674,284.956484
141.504,285.542363,68.248628,1.500000,5.964512,284.691315
141.533,291.699003,65.977370,1.360924,-0.417296,284.441406
141.564,296.717025,66.571935,-1.500000,-5.671686,284.179067
141.595,292.965443,67.253178,-1.500000,-2.161033,283.911665
141.799,279.784557,70.171668,1.500000,9.497579,282.222126
141.817,291.489958,62.656336,-0.959626,-2.337751,282.077921
141.845,284.673685,65.615151,1.500000,4.274413,281.851385
141.878,289.965908,66.557757,0.287721,-1.251021,281.592549
141.905,290.766899,73.708569,-1.500000,-2.240172,281.383714
141.934,279.385054,61.826759,1.500000,8.932899,281.152001
141.967,292.039856,63.880996,-1.500000,-3.950465,280.898325
141.997,281.056534,65.313480,1.500000,6.825587,280.668280
142.031,287.275704,68.313773,1.500000,0.372937,280.409147
142.064,298.059688,73.338612,-1.500000,-10.637199,280.158145
142.099,289.715671,67.669368,-1.500000,-2.528955,279.896467
142.134,280.142379,64.111236,1.500000,6.815322,279.642288
142.163,286.884159,62.381230,1.500000,-0.119088,279.428492
142.193,292.343906,67.554270,-1.500000,-5.776494,279.209115
142.226,286.166152,70.019386,-1.500000,0.191396,278.976192
142.259,285.722684,68.562944,-0.988200,0.423509,278.741612
142.291,274.051190,65.825004,1.500000,11.886878,278.510620
142.384,276.215783,69.767988,1.500000,9.147509,277.872688
142.408,285.618642,68.918294,1.015326,-0.401059,277.710969
142.442,289.301556,61.216411,-1.500000,-4.293229,277.478720
142.469,291.354247,68.207016,-1.500000,-6.508030,277.298798
142.496,275.157799,67.058476,1.500000,9.533124,277.126441
142.525,289.799019,61.942825,-1.500000,-5.282630,276.932729
142.556,279.602937,68.727868,1.500000,4.737653,276.737614
142.596,289.672764,67.601322,-1.500000,-5.562442,276.482044
142.647,282.955072,70.414098,-0.820846,0.864257,276.159078
142.677,270.889899,70.708240,1.500000,12.765509,275.977145
142.706,274.053272,66.626993,1.500000,9.443846,275.801463
142.734,280.215281,68.664529,1.500000,3.127972,275.630692
142.765,288.081569,66.137609,-1.500000,-4.907250,275.443195
142.791,284.087157,64.417726,-1.500000,-1.047530,275.293703
142.818,276.323821,68.354162,1.500000,6.574537,275.136912
142.848,284.352243,65.257776,-0.082361,-1.611739,274.961714
142.882,288.171055,66.105898,-1.500000,-5.606571,274.766353
142.913,281.771834,65.015074,-0.907122,0.633434,274.589643
142.946,287.032821,67.987171,-1.500000,-4.787906,274.411670
142.992,272.870824,59.584950,1.500000,9.147536,274.160221
143.027,274.767259,64.215347,1.500000,7.081391,273.971865
143.062,274.510044,73.161593,1.500000,7.168780,273.783378
143.094,285.939350,70.714657,-1.500000,-4.407374,273.620394
143.122,279.290873,69.759814,0.680968,2.107138,273.471710
143.152,283.315305,63.482500,-1.500000,-2.052255,273.321920
143.185,268.632430,62.807477,1.500000,12.481688,273.156624
143.218,285.472522,66.664689,-1.500000,-4.503405,272.995691
143.258,276.673847,66.397030,1.500000,4.119408,272.800505
143.294,283.390073,65.339360,-1.457367,-2.749675,272.630852
143.328,270.762303,66.755115,1.500000,9.736875,272.474115
143.357,277.288710,68.970460,1.500000,3.089435,272.339784
143.390,287.564774,66.742245,-1.500000,-7.321506,272.190087
143.423,284.322093,68.106673,-1.500000,-4.212474,272.041753
143.449,279.053045,67.951183,-0.346910,0.954231,271.928164
143.478,278.537766,63.370539,1.435554,1.358919,271.805422
143.510,287.503320,66.647548,-1.500000,-7.728181,271.670520
143.542,270.699481,65.989754,1.500000,8.956613,271.538395
143.575,280.621871,70.328764,0.551537,-1.087133,271.403704
143.666,279.596017,70.672282,-0.027398,-0.383611,271.045956
143.696,280.882219,65.768007,-1.500000,-1.772388,270.932109
143.733,278.783395,68.033643,-1.437877,0.199726,270.791477
143.765,269.167228,67.929237,1.500000,9.712614,270.676850
143.803,270.794700,70.725266,1.500000,7.963436,270.541771
143.835,287.607685,68.552347,-1.500000,-8.950293,270.429958
143.866,278.842709,62.460564,-1.500000,-0.277941,270.327156
143.894,270.426300,67.663292,1.500000,8.055412,270.234974
143.923,280.290317,66.725093,-0.422916,-1.893577,270.140666
143.951,272.427481,65.676624,1.500000,5.886506,270.048820
143.984,281.974034,72.086289,-1.500000,-3.752510,269.946197
144.018,279.114260,66.173367,-1.500000,-0.985434,269.843314
144.049,272.547782,64.139277,1.500000,5.499130,269.752400
144.078,267.042570,67.759302,1.500000,10.927920,269.667581
144.111,272.531378,65.045936,1.500000,5.356421,269.575805
144.148,269.792324,69.136170,1.500000,8.004574,269.474915
144.180,287.793463,63.808394,-1.500000,-10.072559,269.390571
144.214,283.246955,65.188729,-1.500000,-5.605675,269.302198
144.246,285.071243,62.535562,-1.500000,-7.501610,269.222678
144.282,282.459808,68.979657,-1.500000,-4.967892,269.136422
144.307,266.779003,70.346926,1.500000,10.658926,269.076503
144.350,273.882074,69.336773,1.500000,3.468603,268.979664
144.382,276.696639,71.284596,1.500000,0.591715,268.910492
144.411,286.092773,68.835006,-1.500000,-8.858675,268.850275
144.441,283.010344,68.988840,-1.500000,-5.832197,268.788177
144.470,271.109843,68.923846,1.500000,6.017335,268.731607
144.499,279.453970,69.553331,-1.005884,-2.376034,268.676955
144.535,282.890095,65.752426,-1.500000,-5.871277,268.611340
144.565,270.765675,69.041217,1.500000,6.204976,268.557882
144.597,280.477645,65.927342,-1.500000,-3.554864,268.504752
144.634,267.351154,67.820475,1.500000,9.517776,268.444983
144.667,277.027388,63.146753,1.500000,-0.202787,268.395783
144.697,278.474636,66.963530,-0.541560,-1.689516,268.351964
144.730,277.694394,61.844852,-1.500000,-0.949139,268.307720
144.760,276.566016,73.245862,-1.442480,0.144115,268.268736
144.794,268.426944,61.591679,1.500000,8.244877,268.226217
144.828,271.674125,66.161858,1.500000,4.962826,268.187515
144.864,276.425525,66.687671,1.500000,0.176620,268.148884
144.890,278.590796,63.364611,-0.931234,-2.012005,268.122965
144.917,279.063854,64.572529,-1.500000,-2.507562,268.097994
144.949,279.967299,66.077265,-1.500000,-3.436135,268.070105
144.979,269.905168,65.888200,1.500000,6.604663,268.046427
145.005,272.810559,66.137629,1.500000,3.681862,268.027105
145.033,273.792677,57.504369,1.500000,2.682574,268.008049
145.066,280.306238,66.130447,-1.500000,-3.848891,267.988176
145.098,282.613746,67.524418,-1.500000,-6.172091,267.970761
145.133,276.023827,73.162633,-1.012472,0.403421,267.954770
145.168,264.108462,66.696464,1.500000,12.306601,267.941245
145.203,270.160305,66.509452,1.500000,6.245258,267.930703
145.238,276.785939,68.429083,1.031434,-0.387728,267.922543
145.266,282.393705,64.618083,-1.500000,-5.999442,267.918162
145.299,277.552710,69.153882,-1.500000,-1.161133,267.915180
145.333,272.267325,64.575491,1.500000,4.123722,267.914592
145.361,278.234463,68.824169,-0.360747,-1.842127,267.916022
145.394,286.952115,67.592072,-1.500000,-10.556290,267.919895
145.431,276.789716,70.709456,-1.500000,-0.387559,267.926923
145.463,274.501108,67.745376,0.806487,1.908767,267.935488
145.495,280.618827,61.398443,-1.500000,-4.199165,267.946350
145.526,266.700694,70.137020,1.500000,9.730270,267.958894
145.556,269.566097,67.530660,1.500000,6.877647,267.973079
145.590,275.585998,66.976346,1.500000,0.873971,267.991087
145.624,279.752164,75.048987,-1.500000,-3.273526,268.011807
145.656,273.082316,66.603052,1.500000,3.415856,268.033487
145.690,277.743126,73.961253,0.388674,-1.221916,268.059056
145.723,282.261554,64.036750,-1.500000,-5.716237,268.085812
145.755,278.444204,68.154418,-1.500000,-1.872838,268.114724
145.788,270.832773,67.842559,1.500000,5.766587,268.145794
145.817,279.424502,66.906482,-1.500000,-2.798575,268.175280
145.855,267.721219,68.627412,1.500000,8.942040,268.216713
145.887,267.931812,61.729069,1.500000,8.765091,268.254055
145.915,281.547834,65.409748,-1.500000,-4.819979,268.288408
145.949,275.435203,70.167185,-0.255159,1.332412,268.332535
145.982,272.143295,68.720757,1.500000,4.664442,268.377066
146.013,279.779088,67.590608,-1.500000,-2.931969,268.420775
146.044,279.538728,68.417470,-1.500000,-2.650520,268.466379
146.074,274.755223,63.650537,1.127454,2.174394,268.512338
146.106,277.242253,65.570857,1.124753,-0.266900,268.563100
146.138,275.427201,65.221589,1.500000,1.596641,268.616916
146.169,276.740898,63.915115,1.500000,0.330926,268.670171
146.206,292.860547,69.412244,-1.500000,-15.727751,268.737843
146.243,293.571634,66.266077,-1.500000,-16.377285,268.806158
146.279,281.903662,70.090290,-1.500000,-4.646599,268.875763
146.310,274.495948,66.866307,1.500000,2.816396,268.937118
146.342,283.535746,67.366377,-1.500000,-6.163806,269.003263
146.374,283.718507,66.736071,-1.500000,-6.284148,269.072541
146.404,281.433826,65.517893,-1.500000,-3.941206,269.137204
146.434,271.158487,69.404281,1.500000,6.395488,269.205299
146.465,273.625432,68.347745,1.500000,3.991079,269.274707
146.497,278.168766,64.670488,0.916206,-0.483089,269.351473
146.529,277.489720,67.436352,1.166546,0.265945,269.429150
146.563,277.269899,61.269029,1.500000,0.561815,269.513556
146.599,284.492160,64.967802,-1.500000,-6.579473,269.603427
146.631,281.698545,63.850578,-1.500000,-3.711397,269.686069
146.661,290.240956,66.575297,-1.500000,-12.180280,269.767677
146.694,271.635054,65.285261,1.500000,6.504806,269.855562
146.726,283.600829,65.144120,-1.500000,-5.380856,269.944475
146.760,274.704565,65.307655,1.500000,3.602294,270.040909
146.792,273.848144,63.312629,1.500000,4.542453,270.133847
146.823,283.585095,68.672760,-1.500000,-5.111464,270.226006
146.856,272.824179,72.889275,1.500000,5.738090,270.324384
146.881,277.648742,65.875373,1.500000,0.981644,270.399984
146.920,289.819244,70.696077,-1.500000,-11.080914,270.519788
146.950,283.313110,66.647465,-1.500000,-4.487639,270.616505
146.982,274.626643,66.817959,1.500000,4.291798,270.719689
147.015,290.528588,67.936551,-1.500000,-11.513037,270.827470
147.048,283.122287,62.167155,-1.500000,-4.009185,270.935740
147.081,273.693180,65.586783,1.500000,5.522054,271.049095
147.113,273.883401,65.137318,1.500000,5.430490,271.158592
147.149,280.966225,65.783174,-0.361952,-1.540875,271.282297
147.183,281.967185,67.996243,-1.500000,-2.431901,271.404311
147.215,279.904869,66.309510,-1.500000,-0.267453,271.517666
147.246,273.613794,64.351657,1.500000,6.127103,271.632516
147.278,272.993018,63.979333,1.500000,6.855547,271.752014
147.307,290.451220,64.730883,-1.500000,-10.506649,271.858570
147.338,278.465988,71.238544,0.047913,1.583230,271.974714
147.372,280.127130,64.005014,0.287899,0.042708,272.108588
147.405,286.731308,68.665546,-1.500000,-6.445552,272.237243
147.443,279.386810,61.659737,-0.470731,1.031889,272.384794
147.475,269.826613,68.329878,1.500000,10.709078,272.514640
147.508,272.066240,69.806937,1.500000,8.587236,272.645368
147.543,277.713592,75.137734,1.500000,3.071502,272.791448
147.574,286.614652,69.350870,-1.500000,-5.713805,272.919919
147.603,286.173624,68.748437,-1.500000,-5.165547,273.038931
147.634,272.373740,68.913685,1.500000,8.754451,273.172243
147.666,274.492870,67.268969,1.500000,6.757245,273.307564
147.698,280.298242,65.928240,1.500000,1.077972,273.447518
147.731,293.814210,70.685543,-1.500000,-12.310827,273.588660
147.762,283.005850,65.903084,-1.500000,-1.377514,273.727343
147.796,284.911923,68.345242,-1.500000,-3.147457,273.878431
147.832,287.667057,68.059252,-1.500000,-5.756210,274.040896
147.862,269.395747,61.651384,1.500000,12.637178,274.176387
147.897,281.168941,59.684404,1.500000,1.010312,274.338794
147.928,281.845920,69.179269,1.500000,0.460089,274.479476
147.957,285.532834,64.722130,-1.500000,-3.103707,274.616122
147.990,286.071636,69.737971,-1.500000,-3.505154,274.768570
148.022,282.692140,65.573656,-1.486601,0.011039,274.920287
148.055,271.420935,67.480605,1.500000,11.425953,275.079788
148.089,279.011079,66.983942,1.500000,3.984821,275.245172
148.122,287.906507,62.780865,-1.500000,-4.765513,275.406209
148.154,281.599906,64.395203,0.164934,1.680075,275.560467
148.193,277.854935,68.056144,1.500000,5.602067,275.756939
148.218,288.558856,68.376632,-1.500000,-4.992805,275.877970
148.251,279.059384,64.963905,1.500000,4.657795,276.045704
148.283,285.382188,67.611006,0.027211,-1.521058,276.205471
148.316,278.106425,68.894557,1.500000,5.909510,276.377287
148.350,289.006356,65.949465,-1.500000,-4.836030,276.548641
148.383,300.185422,71.934155,-1.500000,-15.861492,276.719123
148.414,286.410356,68.733450,-1.500000,-1.939646,276.882031
148.445,272.661859,66.291529,1.500000,11.952970,277.041986
148.481,281.886632,70.548155,1.500000,2.900067,277.232741
148.513,289.533435,70.005259,-1.500000,-4.592780,277.403613
148.544,290.303030,66.007111,-1.500000,-5.214385,277.567863
148.580,283.516013,62.842531,0.615240,1.750493,277.765267
148.610,287.020830,67.581724,-1.070761,-1.608370,277.927258
148.644,277.739134,67.866838,1.500000,7.837015,278.108934
148.677,279.287965,69.449239,1.500000,6.451610,278.290316
148.707,278.227867,62.364357,1.500000,7.660015,278.454918
148.739,289.058076,64.145148,-1.500000,-3.010452,278.632213
148.769,281.345279,64.904228,1.500000,4.854328,278.800896
148.802,289.920497,65.243711,-1.500000,-3.554734,278.985309
148.842,285.413787,66.842112,-0.475353,1.150182,279.205293
148.878,292.823408,66.698665,-1.500000,-6.075893,279.409006
148.908,278.287503,67.378001,1.500000,8.615396,279.581464
148.938,281.808509,70.721299,1.500000,5.246550,279.750343
148.971,288.258361,64.317356,0.253703,-1.031368,279.941169
149.003,293.274137,65.732676,-1.500000,-5.882493,280.123911
149.033,294.501483,64.957584,-1.500000,-6.952632,280.298393
149.066,282.249610,67.940228,1.500000,5.469369,280.487214
149.098,284.694526,60.472240,1.500000,3.194831,280.676311
149.140,295.581937,64.868058,-1.500000,-7.471444,280.921746
149.165,298.209619,70.774850,-1.500000,-9.964109,281.071599
149.204,280.734040,67.990109,1.500000,7.715195,281.297708
149.231,293.181552,66.129784,-1.500000,-4.584923,281.461298
149.259,282.289262,62.687789,1.500000,6.457775,281.628232
149.294,284.292859,68.220263,1.500000,4.642362,281.837093
149.326,290.578710,72.818191,-0.281515,-1.474307,282.024864
149.358,298.276011,71.125392,-1.500000,-8.996574,282.219130
149.394,300.542782,68.488570,-1.500000,-11.070969,282.432645
149.429,287.618388,64.872089,0.973270,2.046794,282.647261
149.466,279.527600,67.715954,1.500000,10.336966,282.868552
149.494,294.411248,67.165981,-1.500000,-4.391150,283.041174
149.527,291.806346,69.790378,-1.500000,-1.605031,283.242303
149.561,285.971697,72.358321,1.500000,4.418257,283.451669
149.590,291.379045,61.965905,0.860862,-0.831140,283.626975
149.621,311.646846,68.761811,-1.500000,-20.923801,283.821359
149.650,305.443221,68.720533,-1.500000,-14.562602,283.996248
149.677,284.043176,68.325768,1.500000,6.989725,284.165261
149.707,286.880486,65.574248,1.500000,4.319534,284.350744
149.737,294.226694,72.032455,-1.500000,-2.857300,284.538728
149.773,280.524515,63.494943,1.500000,11.047194,284.763273
149.805,301.912436,74.709911,-1.500000,-10.163083,284.960436
149.842,286.514943,69.322142,1.500000,5.446183,285.195478
149.870,296.418904,69.701402,-1.500000,-4.300883,285.369613
149.901,285.328873,68.060717,1.500000,6.964353,285.564070
149.934,287.242580,65.663731,1.500000,5.238099,285.772119
149.964,295.521174,65.001574,-1.500000,-2.874252,285.956628
149.993,286.462191,68.984197,1.500000,6.353300,286.143719
150.028,294.071504,70.344532,0.586636,-1.058086,286.363394
150.057,294.668168,67.248047,-1.320675,-1.486392,286.550251
150.092,302.782240,68.303458,-1.500000,-9.400776,286.771881
150.131,290.053892,68.106469,1.500000,3.547675,287.016168
150.163,300.424324,66.103971,-1.500000,-6.637369,287.221925
150.195,296.546959,64.811507,-1.500000,-2.579879,287.421842
150.225,283.675927,73.709818,1.500000,10.465042,287.614838
150.256,291.715643,73.474262,1.500000,2.601247,287.810088
150.291,298.302701,66.760937,-1.500000,-3.782640,288.035584
150.323,285.753699,59.486628,1.500000,8.951219,288.240753
150.356,299.400317,64.266732,-1.500000,-4.506212,288.450727
150.390,287.147481,70.084675,1.500000,7.944359,288.670188
150.423,303.149997,69.331725,-1.500000,-7.870475,288.878493
150.459,295.881729,63.633669,-1.500000,-0.391961,289.111840
150.490,286.710840,67.014330,1.500000,8.959983,289.312788
150.518,286.291551,70.626400,1.500000,9.539738,289.490887
150.548,297.351370,67.254610,-0.127695,-1.347008,289.682976
150.581,296.739926,64.653173,-0.982207,-0.543243,289.896430
150.614,294.076308,65.046940,1.500000,2.309487,290.106321
150.648,304.130188,67.723426,-1.500000,-7.549093,290.323080
150.682,288.946683,71.813334,1.500000,7.833241,290.543756
150.713,294.140106,64.444099,1.500000,2.820240,290.744002
150.746,300.321812,66.490170,-1.500000,-3.173022,290.953152
150.783,301.837051,61.716173,-1.500000,-4.471533,291.193694
150.815,288.818087,68.652599,1.500000,8.728618,291.394789
150.839,299.821103,64.760856,-0.715210,-2.135476,291.548976
150.869,299.298099,63.346990,-1.500000,-1.434821,291.746146
150.901,296.995790,59.978802,-0.325334,1.051154,291.949994
150.932,297.233505,75.396307,1.018822,0.994108,292.150514
150.966,309.269524,66.899688,-1.500000,-10.850130,292.363367
151.001,299.097220,71.136288,-1.500000,-0.472129,292.591666
151.039,288.636714,67.746889,1.500000,10.204685,292.831741
151.073,290.695919,69.581556,1.500000,8.343294,293.051290
151.104,294.424766,65.127466,1.500000,4.791660,293.247976
151.146,300.924483,66.744581,-0.268493,-1.463530,293.519371
151.180,309.361102,65.538809,-1.500000,-9.707593,293.733084
151.209,286.011598,65.223722,1.500000,13.811284,293.921067
151.241,317.073414,69.129059,-1.500000,-17.068165,294.123474
151.270,294.562073,70.940653,1.500000,5.606040,294.304232
151.300,298.686310,70.006737,1.500000,1.655861,294.497415
151.334,306.866925,69.189802,-1.500000,-6.330870,294.712603
151.373,302.045950,70.366566,-1.500000,-1.286340,294.960721
151.399,303.801554,69.130002,-1.500000,-2.897722,295.120790
151.438,292.136156,64.372008,1.500000,8.990106,295.367660
151.470,301.083081,65.950137,1.500000,0.225818,295.570365
151.506,301.216202,69.463684,1.500000,0.299062,295.799405
151.537,306.605831,71.281889,-1.500000,-4.916062,295.993084
151.570,306.448918,61.629066,-1.500000,-4.576752,296.195522
151.600,304.274942,68.279609,-1.500000,-2.232763,296.384216
151.630,300.504625,68.937286,0.561839,1.706299,296.571503
151.660,297.822054,66.662681,1.500000,4.558044,296.759266
151.690,301.324602,67.445137,1.500000,1.223473,296.945699
151.722,300.511860,71.275513,1.500000,2.217744,297.147175
151.754,309.293304,68.771339,-1.500000,-6.386838,297.343469
151.786,313.052266,66.226833,-1.500000,-9.967819,297.541007
151.823,300.399917,64.715308,1.500000,2.889931,297.768977
151.854,307.740423,68.316200,-1.500000,-4.280613,297.957614
151.889,300.108444,73.399010,1.500000,3.548083,298.175945
151.921,312.936388,62.862299,-1.500000,-9.104553,298.370515
151.952,311.537383,64.438410,-1.500000,-7.539287,298.555045
151.985,296.138032,66.909874,1.500000,8.043040,298.758127
152.016,313.657839,66.305376,-1.500000,-9.306031,298.947622
152.053,312.265377,65.199066,-1.500000,-7.715537,299.167413
152.082,290.453649,65.228139,1.500000,14.256981,299.345871
152.114,305.696078,63.147727,0.882230,-0.813457,299.536760
152.146,297.214406,66.052912,1.500000,7.840312,299.727768
152.178,308.485161,68.174924,-1.500000,-3.257773,299.919411
152.207,300.960375,69.642187,1.500000,4.424084,300.093739
152.241,315.542808,72.094468,-1.500000,-9.979296,300.292465
152.273,304.088718,69.582786,0.126782,1.648501,300.485260
152.306,309.947895,63.704257,-1.500000,-4.036164,300.678946
152.348,297.134794,67.830924,1.500000,8.997991,300.924290
152.383,303.950282,72.359647,1.500000,2.367859,301.130012
152.411,306.280318,62.027436,1.500000,0.183437,301.291625
152.444,316.635248,69.418842,-1.500000,-9.998055,301.484120
152.478,296.813065,63.065459,1.500000,10.000647,301.680035
152.505,319.630579,66.672923,-1.500000,-12.676518,301.835806
152.537,311.698989,60.057637,-1.500000,-4.579927,302.018936
152.664,294.637465,65.961406,1.500000,13.130465,302.739101
152.697,328.077979,70.162656,-1.500000,-20.143630,302.923806
152.729,315.824735,66.223351,-1.500000,-7.730346,303.101430
152.757,317.177372,71.033705,-1.500000,-8.938815,303.261440
152.787,289.795998,70.899088,1.500000,18.588149,303.423027
152.815,295.428594,63.373606,1.500000,13.098807,303.582021
152.844,302.699638,68.361268,1.500000,5.972234,303.742367
152.878,320.905417,75.685958,-1.500000,-12.069676,303.924241
152.910,301.581754,66.856067,1.500000,7.412287,304.099935
152.942,313.700625,67.273352,-1.500000,-4.551767,304.271763
152.979,311.987226,69.876623,-1.500000,-2.655329,304.474913
153.012,304.490337,65.966322,1.500000,4.998023,304.648568
153.046,315.945573,69.398541,-1.500000,-6.292919,304.830914
153.082,297.296265,66.225134,1.500000,12.527862,305.021230
153.111,306.805880,64.842588,1.500000,3.158976,305.177421
153.141,304.714628,68.896084,1.500000,5.388420,305.330797
153.174,315.049714,68.753665,-1.500000,-4.790860,305.503722
153.204,309.003022,68.136881,-0.178689,1.395697,305.658956
153.238,308.551711,67.165248,1.500000,2.005417,305.834770
153.271,314.109870,67.331792,-1.500000,-3.398057,306.006451
153.304,315.485905,63.606000,-1.500000,-4.621409,306.175911
153.344,311.696704,69.044532,-1.500000,-0.651425,306.376559
153.373,307.266639,68.469448,1.500000,3.911526,306.524045
153.403,306.256634,68.720351,1.500000,5.053536,306.670555
153.437,312.289553,69.072230,0.502638,-0.825352,306.841510
153.463,311.645100,65.658724,0.302214,-0.065435,306.969662
153.494,329.544303,64.883163,-1.500000,-17.828013,307.121299
153.527,303.408739,70.789879,1.500000,8.452392,307.282054
153.558,314.350918,69.100165,-0.978408,-2.353294,307.433544
153.589,317.587967,65.269491,-1.500000,-5.453442,307.585489
153.630,317.316376,71.069702,-1.500000,-5.006043,307.780614
153.664,301.789807,66.692876,1.500000,10.663855,307.939692
153.699,311.821554,67.285598,1.500000,0.782939,308.107095
153.731,313.374885,65.215744,0.731753,-0.635740,308.256542
153.763,326.824402,67.191727,-1.500000,-13.952646,308.403725
153.794,309.390471,65.736353,1.500000,3.612519,308.549379
153.826,324.139158,65.990427,-1.500000,-11.006058,308.693785
153.855,320.385077,68.402445,-1.500000,-7.134188,308.824515
153.887,315.276045,71.253902,-1.500000,-1.893565,308.970566
153.918,321.622607,71.032584,-1.500000,-8.116615,309.107650
153.949,303.870045,72.895424,1.500000,9.762792,309.248432
153.984,302.173051,69.519042,1.500000,11.599348,309.403328
154.016,312.790771,65.348346,1.500000,1.107691,309.543243
154.050,304.086460,68.659515,1.500000,9.944170,309.689933
154.084,321.379064,66.553379,-1.500000,-7.214779,309.838274
154.115,317.489671,61.184507,-1.500000,-3.207955,309.968609
154.147,315.961507,61.960695,-1.500000,-1.556427,310.105527
154.177,301.518290,68.262085,1.500000,12.999222,310.230313
154.210,299.078040,67.709838,1.500000,15.561637,310.365901
154.241,308.097004,66.408971,1.500000,6.660833,310.497044
154.273,319.382078,62.130015,-1.500000,-4.506286,310.627960
154.312,310.428927,65.136026,1.500000,4.587940,310.784536
154.346,326.444480,63.877857,-1.500000,-11.305750,310.919789
154.383,314.719987,65.404736,-1.199750,0.550681,311.066224
154.412,307.717714,71.124767,1.500000,7.659089,311.184021
154.444,322.477841,64.297429,-1.500000,-6.991758,311.305309
154.478,314.227065,66.373179,-0.201223,1.377048,311.436307
154.507,310.778810,66.654104,1.500000,4.928191,311.550501
154.541,318.453601,68.110285,-1.471734,-2.630713,311.679121
154.578,306.137209,66.459147,1.500000,9.808744,311.815708
154.610,320.836841,69.422175,-1.500000,-4.783968,311.934377
154.641,308.602349,67.685798,1.500000,7.555174,312.050525
154.674,296.583206,71.093645,1.500000,19.682075,312.170124
154.707,314.607157,69.379048,1.500000,1.763676,312.287273
154.739,323.976386,64.055090,-1.500000,-7.504371,312.399573
154.770,335.364432,64.306169,-1.500000,-18.794154,312.508633
154.802,319.105603,70.320406,-1.500000,-2.433616,312.621518
154.834,314.112422,70.231214,1.500000,2.658034,312.730805
154.864,321.844284,67.913989,-1.500000,-4.980028,312.834912
154.897,317.022431,65.946293,-1.500000,-0.060390,312.943442
154.931,314.282337,68.306457,1.500000,2.783156,313.058262
154.969,314.753976,67.920315,1.500000,2.423965,313.183065
154.996,312.747553,68.253846,1.500000,4.510397,313.271865
155.034,317.285370,71.624167,1.500000,0.081121,313.392333
155.062,324.693352,65.458516,-1.500000,-7.246644,313.481363
155.093,345.737931,56.504719,-1.500000,-28.204086,313.578074
155.126,317.859811,76.483241,-1.500000,-0.234617,313.679460
155.155,312.244730,67.728024,1.500000,5.461507,313.769408
155.186,326.306391,64.045726,-1.500000,-8.516939,313.861767
155.223,313.694929,68.523614,1.500000,4.193711,313.971853
155.255,323.059125,66.572420,-1.500000,-5.084279,314.067533
155.294,316.311139,63.952913,0.268647,1.765907,314.180961
155.326,307.534730,67.861808,1.500000,10.624447,314.272117
155.366,319.309072,63.698236,0.382395,-1.048923,314.384183
155.396,320.812060,68.358201,-1.500000,-2.478429,314.465740
155.426,312.213918,68.778325,1.500000,6.193945,314.548128
155.455,313.606404,68.439490,1.500000,4.870556,314.624817
155.481,325.087504,70.950418,-1.500000,-6.546664,314.695716
155.511,326.499962,70.771354,-1.500000,-7.889303,314.773206
155.543,317.250709,67.782403,0.233911,1.434911,314.856404
155.575,319.475558,76.051549,-0.421144,-0.716755,314.937627
155.610,318.067651,66.748176,0.430586,0.770826,315.026057
155.637,315.865694,67.951914,1.500000,3.031601,315.091337
155.674,316.395715,69.506044,1.500000,2.582008,315.180602
155.703,332.706576,66.255720,-1.500000,-13.664586,315.251931
155.738,327.590343,67.835926,-1.500000,-8.474545,315.333849
155.773,323.625554,64.830287,-1.500000,-4.437101,315.414487
155.807,315.577698,68.320249,1.500000,3.679263,315.490523
155.846,306.040185,65.959288,1.500000,13.294451,315.576733
155.877,313.467560,67.292524,1.500000,5.928849,315.645294
155.913,339.012736,59.478537,-1.500000,-19.547219,315.721994
155.941,331.002687,65.113536,-1.500000,-11.484342,315.780627
155.974,322.878835,70.604825,-1.500000,-3.299897,315.847878
156.004,314.024136,69.747532,1.500000,5.609136,315.908182
156.036,318.061785,71.330943,1.500000,1.629906,315.973020
156.065,325.401525,70.212388,-1.500000,-5.659968,316.028366
156.097,321.372515,70.866665,-1.500000,-1.574655,316.090854
156.133,325.540010,67.875129,-1.500000,-5.681640,316.158013
156.165,309.284884,66.887154,1.500000,10.626476,316.216825
156.201,313.160873,66.398214,1.500000,6.807148,316.279713
156.232,320.704299,61.298184,0.670826,-0.686162,316.335335
156.260,327.411057,69.975215,-1.500000,-7.350645,316.382255
156.298,314.406437,64.849032,1.500000,5.711760,316.446390
156.330,317.093908,67.673910,1.500000,3.071594,316.498893
156.363,317.262568,67.355463,1.500000,2.950427,316.551604
156.393,336.307346,66.827688,-1.500000,-16.053222,316.597252
156.425,334.020636,69.264163,-1.500000,-13.722311,316.646310
156.455,327.941695,67.392055,-1.500000,-7.603197,316.690897
156.486,315.803407,67.753753,1.500000,4.574960,316.735146
156.517,317.527954,65.028834,1.500000,2.890206,316.779312
156.549,334.851023,71.361564,-1.500000,-14.392978,316.823579
156.582,322.961326,60.563999,-1.500000,-2.464483,316.866640
156.616,322.194342,64.518018,-1.500000,-1.657648,316.910870
156.655,311.156635,71.633494,1.500000,9.423830,316.959451
156.682,325.690364,67.316032,-1.500000,-5.079437,316.993259
156.713,311.172149,67.711809,1.500000,9.471758,317.029863
156.745,325.028653,66.785436,-1.500000,-4.351877,317.066345
156.778,316.089893,65.358996,1.500000,4.619069,317.102067
156.809,321.669052,64.247496,0.741707,-0.929752,317.135739
156.843,320.598895,62.623129,0.857003,0.171765,317.170544
156.877,329.590899,67.168179,-1.500000,-8.789190,317.205004
156.915,324.784717,74.352108,-1.500000,-3.950319,317.241285
156.951,310.114404,65.619819,1.500000,10.749765,317.274328
156.990,307.573141,61.681595,1.500000,13.321048,317.307645
157.020,301.675758,69.070255,1.500000,19.240813,317.332487
157.044,313.138872,68.371362,1.500000,7.795566,317.352317
157.076,329.493949,68.139053,-1.500000,-8.537388,317.376872
157.106,326.713368,69.093490,-1.500000,-5.736754,317.399127
157.137,329.476599,64.072053,-1.500000,-8.480789,317.420433
157.170,322.124180,62.870202,-1.500000,-1.108522,317.442461
157.202,314.895440,69.480045,1.500000,6.138508,317.462761
157.238,315.763858,69.368753,1.500000,5.289491,317.484294
157.274,318.579026,67.254143,1.500000,2.492621,317.504603
157.307,328.651340,65.886362,-1.500000,-7.564085,317.521926
157.338,326.861545,67.320986,-1.500000,-5.760672,317.537040
157.368,318.253697,65.986119,1.500000,2.859295,317.550490
157.399,335.692463,69.661407,-1.500000,-14.567779,317.563468
157.433,319.920857,65.195295,-0.396017,1.215839,317.576799
157.466,308.633638,62.976627,1.500000,12.513588,317.588487
157.504,337.299559,71.233420,-1.500000,-16.141481,317.600530
157.537,312.519867,68.020633,1.500000,8.646645,317.609891
157.577,313.592109,67.557098,1.500000,7.583203,317.619658
157.602,329.280030,64.290801,-1.500000,-8.100022,317.624870
157.633,325.705317,66.001026,-1.500000,-4.520244,317.630491
157.664,303.911370,72.117823,1.500000,17.277817,317.635058
157.693,319.243447,63.771197,1.500000,1.948916,317.638582
157.726,328.005980,63.435759,-1.500000,-6.810878,317.641623
157.757,309.881704,66.735104,1.500000,11.315033,317.643437
157.790,323.496365,68.790215,-0.912579,-2.298816,317.644339
157.828,334.138901,64.001318,-1.500000,-12.941600,317.644064
157.860,321.752060,61.982599,-1.500000,-0.555927,317.642766
157.895,299.834610,68.839840,1.500000,21.359283,317.640280
157.927,317.300427,68.904059,1.500000,3.890406,317.636885
157.954,327.641254,72.440747,-1.500000,-6.453565,317.633395
157.988,321.527922,66.990508,-1.500000,-0.345269,317.627806
158.018,310.134268,62.932723,1.500000,11.043322,317.622186
158.050,324.565589,68.796105,-1.500000,-3.394393,317.615090
158.082,302.462869,65.434647,1.500000,18.701182,317.607160
158.115,312.739945,72.088524,1.500000,8.416006,317.598170
158.149,312.689710,69.578013,1.500000,8.456901,317.587803
158.181,319.265055,70.884205,1.500000,1.871615,317.576770
158.218,329.650592,66.510646,-1.500000,-8.526112,317.563242
158.250,320.697115,67.104714,-1.362315,0.416145,317.550787
158.282,318.343900,71.188438,1.500000,2.756937,317.536999
158.311,321.182805,66.009220,1.500000,-0.093820,317.523846
158.343,338.581860,61.015693,-1.500000,-17.506556,317.508661
158.378,333.249542,69.718174,-1.500000,-12.189937,317.491237
158.409,334.116253,63.353843,-1.500000,-13.071865,317.474349
158.440,324.670317,71.741706,-1.500000,-3.641468,317.457102
158.479,320.994807,72.964233,-1.483209,0.013846,317.434687
158.512,314.422404,65.067798,1.500000,6.567814,317.414226
158.542,305.250518,63.603723,1.500000,15.722185,317.394786
158.581,314.078258,67.439606,1.500000,6.871253,317.369047
158.609,331.272806,65.778915,-1.500000,-10.341013,317.349382
158.643,321.534010,62.227224,-1.500000,-0.623770,317.325460
158.673,311.212970,66.649857,1.500000,9.676822,317.302766
158.704,310.904820,65.758760,1.500000,9.963964,317.279449
158.737,328.500189,70.108018,-1.500000,-7.655060,317.253194
158.772,316.948703,68.104472,1.500000,3.870608,317.224541
158.805,321.409667,72.586866,1.122380,-0.614712,317.197509
158.842,333.110494,63.023223,-1.500000,-12.344319,317.165566
158.870,328.401691,64.862511,-1.500000,-7.658294,317.140285
158.902,319.331062,68.073395,0.175145,1.386276,317.111363
158.939,313.440622,68.180282,1.500000,7.246064,317.077343
158.968,311.934894,66.119569,1.500000,8.726880,317.049694
158.998,320.901745,65.131649,1.178110,-0.266341,317.020426
159.029,335.630881,74.958513,-1.500000,-15.023310,316.989535
159.061,338.789101,64.496806,-1.500000,-18.211133,316.956679
159.095,328.205983,60.540724,-1.500000,-7.659706,316.921505
159.249,319.575290,63.207532,-0.508954,0.820126,316.754069
159.279,325.670057,68.581329,-1.500000,-5.305599,316.719709
159.309,317.302722,65.764125,1.500000,3.029469,316.683897
159.341,330.703830,68.945001,-1.500000,-10.405349,316.646483
159.373,308.363348,69.184111,1.500000,11.900653,316.608215
159.409,313.390146,68.840444,1.500000,6.834569,316.564611
159.436,324.608308,67.470143,-1.500000,-4.414290,316.530541
159.473,307.212903,67.533987,1.500000,12.939357,316.484195
159.506,314.742063,62.864624,1.500000,5.373214,316.443149
159.541,317.476505,67.032547,1.500000,2.597635,316.397492
159.573,320.072927,70.500550,1.456332,-0.036089,316.356091
159.601,333.712836,66.918193,-1.500000,-13.709462,316.318951
159.632,323.468401,68.225028,-1.500000,-3.502260,316.277626
159.663,321.581300,71.281978,-1.500000,-1.652928,316.235707
159.695,316.210867,66.985813,1.500000,3.678855,316.192811
159.729,324.830616,65.638806,-1.500000,-4.983338,316.145702
159.767,324.707684,66.260193,-1.500000,-4.907967,316.092916
159.800,326.400916,67.434899,-1.500000,-6.643629,316.045824
159.829,301.259823,64.177597,1.500000,18.460408,316.004697
159.866,311.577262,61.966694,1.500000,8.095895,315.952449
159.892,307.634115,69.573466,1.500000,12.004678,315.914310
159.925,318.470593,68.321714,1.500000,1.125165,315.866547
159.952,321.801053,68.057249,-1.207248,-2.240430,315.827550
159.986,325.640254,69.668566,-1.500000,-6.125402,315.776751
160.018,312.604579,62.728788,1.500000,6.867371,315.729135
160.052,320.927919,68.031126,0.049379,-1.502713,315.677254
160.098,320.791068,71.424857,-1.500000,-1.428497,315.607737
160.133,312.630975,70.472438,1.500000,6.683939,315.554844
160.170,325.623962,71.928656,-1.500000,-6.360453,315.497790
160.202,324.659816,65.148337,-1.500000,-5.440628,315.448599
160.227,325.417934,65.812216,-1.500000,-6.234120,315.409339
160.255,319.530565,64.795706,-1.500000,-0.385566,315.366258
160.285,321.379023,64.632815,-1.500000,-2.276977,315.318586
160.317,293.567782,63.794640,1.500000,25.489195,315.268565
160.353,307.042903,66.121105,1.500000,11.962101,315.210881
160.390,307.129236,67.544485,1.500000,11.823022,315.152339
160.423,310.895247,61.748062,1.500000,8.009478,315.099583
160.459,306.583776,70.434380,1.500000,12.268657,315.041546
160.482,307.802675,65.817647,1.500000,11.016292,315.004403
160.511,310.105280,65.276236,1.500000,8.670669,314.956658
160.546,322.304426,63.902934,-1.500000,-3.578984,314.900601
160.576,321.373265,66.719299,-1.500000,-2.692289,314.851250
160.610,313.093906,69.613009,1.500000,5.537740,314.796499
160.643,331.283654,65.150013,-1.500000,-12.701575,314.741486
160.677,331.897872,72.657099,-1.500000,-13.366662,314.685028
160.716,314.035678,67.939283,1.500000,4.438180,314.621373
160.742,326.959401,67.526989,-1.500000,-8.524431,314.578213
160.778,327.524112,72.647136,-1.500000,-9.142044,314.519498
160.803,323.430503,62.076932,-1.500000,-5.086172,314.477615
160.840,311.470478,69.947260,1.500000,6.818604,314.416295
160.870,309.073278,65.579416,1.500000,9.169956,314.365409
160.899,314.099510,65.330954,1.500000,4.101119,314.318123
160.933,325.397230,68.094113,-1.500000,-7.247971,314.261109
160.966,314.350900,57.070521,1.500000,3.748582,314.205863
160.997,325.531730,66.427049,-1.500000,-7.479228,314.153720
161.031,340.636664,63.458902,-1.500000,-22.634262,314.098115
161.061,314.269760,67.948532,1.500000,3.686532,314.046939
161.093,319.452843,65.554607,-0.001143,-1.544524,313.993695
161.134,315.145084,70.979183,1.500000,2.701779,313.925486
161.168,328.681907,70.293943,-1.500000,-10.886300,313.868598
161.201,326.317287,69.722636,-1.500000,-8.570774,313.814110
161.234,322.453138,61.132748,-1.500000,-4.755854,313.759472
161.264,314.269093,62.965395,1.500000,3.382774,313.709064
161.294,313.887041,67.128975,1.500000,3.719601,313.658869
161.326,326.212022,70.264168,-1.500000,-8.652621,313.606439
161.355,318.183573,71.264167,-1.500000,-0.667141,313.558748
161.388,312.966698,65.402223,1.500000,4.500487,313.504090
161.423,311.810048,61.650787,1.500000,5.605638,313.446932
161.452,317.425155,72.769676,1.436772,-0.052276,313.399421
161.489,320.947883,58.947944,-1.500000,-3.629897,313.338497
161.524,317.191144,67.232172,-1.500000,0.075342,313.281339
161.554,305.654593,62.263209,1.500000,11.567391,313.231947
161.585,316.410454,72.268740,1.500000,0.767446,313.183019
161.617,313.728974,67.245576,1.500000,3.401047,313.129879
161.649,334.502604,64.566283,-1.500000,-17.418128,313.079329
161.683,334.323612,65.634966,-1.500000,-17.287890,313.025218
161.717,325.784920,72.528935,-1.500000,-8.799297,312.969615
161.752,307.569330,64.241304,1.500000,9.366722,312.914598
161.787,327.545948,68.185552,-1.500000,-10.660210,312.858755
161.816,312.247145,65.343449,1.500000,4.598035,312.813740
161.845,325.752039,64.217780,-1.500000,-8.948171,312.767889
161.877,308.656586,67.662585,1.500000,8.102778,312.718495
161.910,320.423320,65.408657,-1.500000,-3.709286,312.668184
161.944,323.028463,64.469434,-1.500000,-6.361431,312.616018
161.978,310.791536,66.124283,1.500000,5.828305,312.563642
162.012,305.622494,71.185454,1.500000,10.951437,312.512687
162.044,311.984077,68.875470,1.500000,4.545418,312.463369
162.075,324.333829,69.993732,-1.500000,-7.846007,312.417117
162.103,308.056979,68.642302,1.500000,8.393386,312.375544
162.137,316.258589,69.721580,1.500000,0.146587,312.325390
162.170,327.240834,64.603377,-1.500000,-10.878978,312.277310
162.201,321.425123,72.830646,-1.500000,-5.104376,312.231683
162.237,321.400988,67.705968,-1.500000,-5.126498,312.180343
162.269,312.939849,62.850571,1.500000,3.293430,312.134606
162.301,319.960852,74.508374,-1.500000,-3.767857,312.089895
162.338,305.009781,66.337083,1.500000,11.136769,312.038347
162.369,310.922580,67.334254,1.500000,5.184901,311.994984
162.406,317.759206,65.819266,-0.551135,-1.697441,311.944245
162.438,317.501920,62.917171,-1.500000,-1.478687,311.901480
162.469,317.558711,69.968734,-1.500000,-1.573170,311.859646
162.495,321.414368,65.490564,-1.500000,-5.460804,311.824155
162.526,303.895367,66.570426,1.500000,12.022379,311.784402
162.555,312.147107,62.565939,1.500000,3.736790,311.746834
162.584,318.773160,67.891707,-1.500000,-2.923639,311.708680
162.615,310.997031,73.135422,1.500000,4.816992,311.669282
162.646,317.893080,63.136746,-0.689110,-2.113876,311.630638
162.685,308.263633,69.362244,1.500000,7.471952,311.582225
162.720,319.828715,67.295110,-1.500000,-4.131357,311.539798
162.751,306.296068,63.711867,1.500000,9.367017,311.501758
162.782,307.703051,64.401585,1.500000,7.926950,311.465039
162.813,326.548223,65.235593,-1.500000,-10.950117,311.429640
162.843,314.479768,70.246095,-0.551714,1.086987,311.394844
162.877,312.614794,68.001867,1.500000,2.916977,311.356017
162.909,310.257566,70.737872,1.500000,5.242035,311.320312
162.941,332.288563,58.549701,-1.500000,-16.820373,311.285449
162.978,316.554666,62.039944,-1.500000,-1.122187,311.245815
163.011,320.556932,69.839153,-1.500000,-5.156441,311.210311
163.046,308.239938,66.967413,1.500000,7.128756,311.175021
163.082,314.100815,66.897137,1.500000,1.234516,311.137992
163.108,323.983507,64.648563,-1.500000,-8.671202,311.112436
163.137,313.513812,61.047389,0.276644,1.772524,311.083614
163.167,313.181253,65.992616,1.500000,2.079665,311.055403
163.198,317.390468,63.957949,-0.955810,-2.155596,311.026494
163.230,316.666088,63.475689,-1.500000,-1.457876,310.996905
163.261,313.256132,64.583973,0.762191,1.926934,310.968997
163.294,306.712385,68.285875,1.500000,8.445042,310.940540
163.341,323.128220,64.746149,-1.500000,-8.006902,310.900464
163.369,307.655143,62.457074,1.500000,7.445099,310.877073
163.406,320.227274,63.136054,-1.500000,-5.153649,310.847531
163.442,319.275961,64.561595,-1.500000,-4.227052,310.820099
163.473,303.296024,66.042238,1.500000,11.732130,310.797063
163.502,317.682899,64.522404,-1.365609,-2.673737,310.775985
163.529,308.356431,69.937766,1.500000,6.635333,310.756674
163.558,314.286357,68.359247,1.500000,0.687119,310.736377
163.589,322.471069,67.597158,-1.500000,-7.515916,310.716040
163.621,323.546667,72.464553,-1.500000,-8.609695,310.695863
163.656,323.748046,70.993395,-1.500000,-8.831032,310.673712
163.690,303.556908,65.112629,1.500000,11.342559,310.654237
163.725,317.740464,70.217822,-1.500000,-2.858853,310.634418
163.756,297.747894,70.240894,1.500000,17.118698,310.617748
163.785,313.943257,66.044034,1.500000,0.909862,310.602796
163.817,316.131948,66.436915,-0.062401,-1.292971,310.587100
163.852,320.957274,62.504063,-1.500000,-6.132855,310.570942
163.881,310.482597,64.298583,1.500000,4.330140,310.557977
163.918,313.190699,68.891099,1.500000,1.608649,310.543116
163.952,318.470532,66.742968,-1.500000,-3.683115,310.529875
163.990,315.468404,61.391894,-1.500000,-0.692989,310.516553
164.016,307.704381,66.958761,1.500000,7.063425,310.508109
164.052,316.706300,69.257175,-0.489064,-1.948321,310.497203
164.094,312.247959,67.442220,1.500000,2.500054,310.486141
164.124,310.884470,68.341024,1.500000,3.857110,310.479001
164.154,316.175755,67.527535,-0.239809,-1.439791,310.472768
164.181,321.473633,71.592238,-1.500000,-6.742190,310.467750
164.208,322.402408,67.504850,-1.500000,-7.675017,310.463253
164.237,322.496642,66.130529,-1.500000,-7.772864,310.459243
164.267,298.577777,70.453894,1.500000,16.142963,310.455871
164.297,321.964995,64.706585,-1.500000,-7.246599,310.453269
164.329,303.609275,62.635822,1.500000,11.107431,310.451395
164.365,307.484055,66.723350,1.500000,7.231724,310.450365
164.393,311.723193,66.774007,1.500000,2.992581,310.450360
164.426,311.599875,72.367069,1.500000,3.116690,310.451238
164.459,325.168044,66.482206,-1.500000,-10.449748,310.453159
164.495,328.285240,71.507667,-1.500000,-13.564047,310.456375
164.530,329.136301,72.643294,-1.500000,-14.411292,310.460610
164.563,317.744977,68.360550,-1.500000,-3.015419,310.465659
164.596,307.214236,66.165422,1.500000,7.520612,310.471530
164.633,312.381945,67.098887,1.500000,2.360148,310.479571
164.663,309.685050,68.699513,1.500000,5.063688,310.486946
164.697,312.546753,62.906852,1.500000,2.210429,310.496318
164.726,324.701261,68.547718,-1.500000,-9.936012,310.505270
164.757,316.877204,65.196562,-1.500000,-2.102710,310.515532
164.794,322.050734,64.293864,-1.500000,-7.263849,310.529285
164.829,311.129276,66.361524,1.500000,3.670341,310.543414
164.861,315.737880,62.567047,0.746421,-0.925850,310.557192
164.894,319.306658,67.671020,-1.500000,-4.480848,310.572485
164.927,314.375689,66.821724,-1.211630,0.464927,310.588919
164.957,320.538775,63.108141,-1.500000,-5.683986,310.604649
164.990,307.120377,70.919973,1.500000,7.751042,310.623107
165.022,323.557809,73.195225,-1.500000,-8.669199,310.642186
165.057,308.254517,62.510350,1.500000,6.653343,310.663551
165.089,316.616904,63.341317,-0.176921,-1.689995,310.684693
165.121,314.542133,69.533792,0.108100,0.404778,310.706893
165.152,311.834191,67.374967,1.500000,3.132562,310.728916
165.185,316.747089,67.605634,-0.455077,-1.758178,310.753509
165.215,311.742630,69.312822,1.500000,3.267507,310.777066
165.252,314.729782,62.349179,1.500000,0.307395,310.807078
165.286,329.365524,64.900015,-1.500000,-14.302478,310.835790
165.319,316.034398,70.505263,-1.500000,-0.944924,310.865121
165.353,318.216149,67.866028,-1.500000,-3.098616,310.896264
165.383,309.525760,67.304382,1.500000,5.617217,310.924503
165.413,301.673257,64.717119,1.500000,13.496585,310.954320
165.442,320.932336,65.335860,-1.500000,-5.736084,310.983632
165.474,305.094803,70.770632,1.500000,10.130875,311.016291
165.506,314.535656,64.606154,1.500000,0.720889,311.050549
165.543,328.261211,70.856021,-1.500000,-12.967650,311.091632
165.574,321.385389,64.595150,-1.500000,-6.059508,311.127504
165.608,314.118700,62.458183,0.002608,1.243488,311.167800
165.648,322.631443,62.024735,-1.500000,-7.225533,311.216326
165.685,313.088417,68.222739,1.166732,2.358287,311.261603
165.710,307.695487,69.157230,1.500000,7.780979,311.294635
165.741,317.769244,67.502938,-1.186656,-2.256966,311.334382
165.773,313.930416,63.799576,0.445648,1.621502,311.378378
165.801,318.060859,68.306552,-1.500000,-2.474602,311.416489
165.833,316.241646,70.334076,-1.500000,-0.614791,311.461548
165.867,301.678880,65.284011,1.500000,13.992457,311.510918
165.908,308.829052,67.026635,1.500000,6.895598,311.570089
165.928,312.335286,67.924809,1.500000,3.417200,311.600983
165.972,313.446622,63.783965,1.500000,2.366569,311.668358
165.996,322.340644,73.020206,-1.500000,-6.492843,311.706771
166.046,314.682954,63.329903,-0.369760,1.237569,311.787484
166.073,326.024760,66.687887,-1.500000,-10.063985,311.832159
166.107,319.505069,65.466627,-1.500000,-3.493384,311.888662
166.137,314.810206,64.595576,0.008671,1.248505,311.940856
166.172,318.262609,67.307977,-1.500000,-2.148174,312.002702
166.198,297.220872,66.466927,1.500000,18.934254,312.047864
166.234,317.161425,67.859774,0.721362,-0.946589,312.114136
166.262,312.169256,71.493509,1.500000,4.092064,312.165727
166.297,317.758856,65.084684,-0.144326,-1.439219,312.230451
166.334,311.943550,65.845226,1.500000,4.440274,312.301691
166.365,313.627327,74.431880,1.500000,2.810984,312.362165
166.395,320.729341,64.859860,-1.500000,-4.237355,312.421738
166.426,324.317370,68.929119,-1.500000,-7.768535,312.484833
166.455,308.892188,63.636178,1.500000,7.709819,312.543848
166.487,319.053668,67.439237,-1.025873,-2.392576,312.609425
166.519,323.842202,67.500296,-1.500000,-7.119268,312.678063
166.552,320.125297,69.925901,-1.500000,-3.339235,312.748126
166.586,326.699863,69.963472,-1.500000,-9.848141,312.821000
166.621,295.819314,72.024437,1.500000,21.101721,312.897929
166.659,303.166364,63.758123,1.500000,13.833009,312.984876
166.691,307.525144,69.994012,1.500000,9.538265,313.055948
166.721,315.054075,63.271548,1.500000,2.072886,313.126482
166.751,323.960323,67.780198,-1.500000,-6.769935,313.196879
166.781,318.516578,66.712168,-1.500000,-1.262633,313.267420
166.811,317.087710,59.897789,-1.221958,0.230053,313.338250
166.840,304.357783,60.902516,1.500000,13.025301,313.410748
166.873,314.292855,67.534755,1.500000,3.162876,313.491377
166.905,324.860937,65.801563,-1.500000,-7.333090,313.571417
166.945,310.130831,70.257090,1.500000,7.487829,313.672209
166.984,318.544071,63.164173,0.854617,-0.836309,313.771101
167.014,309.910901,65.545882,1.500000,7.867717,313.849743
167.043,327.481062,63.935180,-1.500000,-9.633710,313.926028
167.077,320.184814,72.009079,-1.500000,-2.256595,314.015781
167.106,320.295187,70.700173,-1.500000,-2.296094,314.094443
167.137,322.405696,71.211880,-1.500000,-4.332332,314.176875
167.168,317.586307,60.324717,-0.816553,0.565561,314.264004
167.201,303.624672,66.649677,1.500000,14.608604,314.354357
167.236,309.190148,62.633116,1.500000,9.131026,314.451914
167.273,304.314056,70.901524,1.500000,14.101974,314.557192
167.303,320.692967,65.415280,-1.157032,-2.198873,314.643834
167.335,318.598941,63.469934,-1.500000,-0.020670,314.737260
167.365,316.536080,66.178382,1.022294,2.121919,314.825748
167.394,314.424496,68.440225,1.500000,4.310132,314.910798
167.425,316.374470,66.519953,1.500000,2.441724,315.001325
167.458,328.373038,65.378380,-1.500000,-9.467386,315.100613
167.489,316.632881,69.266444,0.985069,2.358807,315.196102
167.525,329.224567,64.893169,-1.500000,-10.134302,315.305510
167.561,316.051663,66.260598,1.500000,3.139743,315.417764
167.595,316.871734,74.307317,1.500000,2.416697,315.525451
167.622,332.809454,67.546636,-1.500000,-13.444792,315.610058
167.654,333.669669,77.001626,-1.500000,-14.211522,315.713815
167.685,324.751605,95.320983,-1.500000,-5.204447,315.812606
167.717,316.358886,96.201376,1.500000,3.281175,315.915717
167.749,304.289346,102.013143,1.500000,15.443932,316.019177
167.786,292.290296,116.409452,1.500000,27.553034,316.141321
167.817,271.206456,115.235285,1.500000,48.732541,316.247499
167.854,242.756657,118.689331,1.500000,77.293726,316.371124
167.886,226.315303,119.821207,1.500000,93.831557,316.478202
167.916,225.725187,124.626622,1.500000,94.514289,316.580994
167.949,223.075864,126.397097,1.500000,97.266826,316.695549
167.978,219.620837,127.555895,1.500000,100.810361,316.793782
168.010,207.377317,134.209458,1.500000,113.155576,316.906651
168.044,193.880601,131.661155,1.500000,126.761167,317.027489
168.078,183.701405,141.620499,1.500000,137.046815,317.145638
168.108,179.647237,142.744985,1.500000,141.199512,317.254994
168.149,171.911953,143.790779,1.500000,149.066248,317.400888
168.177,167.534971,139.166471,1.500000,153.534426,317.502105
168.211,162.479166,138.583376,1.500000,158.702226,317.626406
168.239,158.432745,150.308072,1.500000,162.842624,317.730709
168.272,165.700693,137.919286,1.500000,155.683617,317.851620
168.305,159.335433,145.148343,1.500000,162.158647,317.973451
168.336,152.165132,133.317051,1.500000,169.435571,318.091789
168.369,156.740976,133.486409,1.500000,164.971151,318.215457
168.402,170.211009,124.916516,1.500000,151.611750,318.338246
168.437,172.789848,121.071080,1.500000,149.153302,318.471865
168.469,176.573188,119.577924,1.500000,145.481872,318.596071
168.494,185.541570,114.968632,1.500000,136.601453,318.693700
168.527,192.102205,117.406189,1.500000,130.153759,318.819051
168.557,197.000798,105.785557,1.500000,125.361250,318.936790
168.588,208.710333,90.339453,1.500000,113.762707,319.059977
168.622,205.958808,77.227346,1.500000,116.632811,319.191585
168.655,223.830051,90.553490,1.500000,98.878959,319.321875
168.689,219.164446,73.089570,1.500000,103.668669,319.459617
168.726,231.602273,86.137825,1.500000,91.362561,319.605810
168.763,230.640938,75.212966,1.500000,92.458734,319.755463
168.796,247.351426,82.209219,1.500000,75.869253,319.889766
168.828,245.020454,60.710021,1.500000,78.316690,320.019027
168.862,247.083920,76.137615,1.500000,76.380982,320.160823
168.887,263.706228,88.925917,1.500000,59.849310,320.261419
168.916,281.673483,72.579392,1.500000,41.989390,320.380547
168.951,283.603242,83.418737,1.500000,40.192873,320.528429
168.985,287.132538,64.034039,1.500000,36.790196,320.668961
169.018,306.731947,78.133304,1.500000,17.314381,320.806135
169.049,307.553559,95.349447,1.500000,16.609602,320.935806
169.081,322.547368,75.355887,1.500000,1.738181,321.071642
169.111,332.488045,87.565536,-1.500000,-8.089326,321.197246
169.140,331.374008,73.823385,-1.500000,-6.863163,321.321693
169.173,329.612523,68.906678,-1.500000,-4.975472,321.461766
169.210,341.162299,62.620426,-1.500000,-16.381806,321.620968
169.238,346.667203,68.990447,-1.500000,-21.780154,321.739233
169.275,365.151667,65.840023,-1.500000,-40.120587,321.899089
169.305,381.117925,64.649927,-1.500000,-55.966345,322.032831
169.337,386.048760,63.857394,-1.500000,-60.772547,322.171158
169.369,398.054390,66.776590,-1.500000,-72.653241,322.309821
169.399,398.987744,65.449547,-1.500000,-73.467397,322.442117
169.433,401.403536,71.229073,-1.500000,-75.750518,322.589365
169.465,403.188068,72.629095,-1.500000,-77.406700,322.731818
169.511,387.369845,64.244420,-1.500000,-61.408433,322.931645
169.549,392.820865,68.648160,-1.500000,-66.704921,323.103156
169.582,401.948366,73.033593,-1.500000,-75.703451,323.246299
169.611,399.545989,68.068952,-1.500000,-73.182055,323.378395
169.640,414.484430,67.572776,-1.500000,-88.004350,323.507303
169.669,393.976571,64.879637,-1.500000,-67.379748,323.636874
169.698,400.110009,66.235826,-1.500000,-73.395211,323.767811
169.733,361.260595,70.097545,-1.500000,-34.405556,323.923461
169.762,359.004998,64.284048,-1.500000,-32.031002,324.055490
169.800,373.564079,68.359325,-1.500000,-46.436430,324.226025
169.832,337.010573,69.492992,-1.500000,-9.749450,324.374166
169.862,333.005246,65.104651,-1.500000,-5.621532,324.510227
169.894,321.809577,69.420581,1.500000,5.704884,324.655340
169.925,316.285178,65.722148,1.500000,11.355410,324.795325
169.957,316.838791,63.819591,1.500000,10.931087,324.938820
169.989,319.768733,65.567010,1.500000,8.136175,325.088688
170.022,324.190565,66.078314,1.500000,3.848914,325.238046
170.054,313.967009,70.793429,1.500000,14.205966,325.386211
170.089,324.069325,68.373353,1.500000,4.246769,325.545055
170.125,324.835748,62.250415,1.500000,3.628050,325.708988
170.157,332.826206,67.214941,-1.500000,-4.228862,325.857208
170.189,335.619120,72.500566,-1.500000,-6.890207,326.003233
170.221,329.982261,66.709938,-1.500000,-1.119184,326.152138
170.249,321.688714,68.009014,1.500000,7.292105,326.282818
170.281,318.416574,67.274442,1.500000,10.696058,326.429114
170.315,325.373179,69.012595,1.500000,3.882903,326.588326
170.348,336.700629,67.961731,-1.500000,-7.306321,326.741740
170.381,318.117068,71.566433,1.500000,11.413056,326.892479
170.418,324.249238,69.363417,1.500000,5.436850,327.065581
170.449,342.569123,72.302189,-1.500000,-12.754304,327.208456
170.481,335.771001,71.348821,-1.500000,-5.823542,327.355671
170.513,329.079370,67.323687,-0.290934,1.000556,327.502693
170.543,328.025754,66.173219,1.500000,2.183195,327.645893
170.577,340.952405,69.505487,-1.500000,-10.602965,327.801820
170.608,329.786755,72.333893,-1.030416,0.690820,327.944034
170.641,316.582710,72.204945,1.500000,14.034876,328.099430
170.672,334.045665,66.638650,-1.500000,-3.297328,328.244548
170.709,326.786172,61.277244,1.500000,4.115381,328.414599
170.741,325.587873,68.366907,1.500000,5.447411,328.563023
170.773,337.895801,62.701116,-1.500000,-6.727419,328.710745
170.808,323.572307,69.725492,1.500000,7.741818,328.872503
170.837,341.337793,74.173622,-1.500000,-9.903099,329.006319
170.870,324.246031,68.357150,1.500000,7.328075,329.161050
170.899,326.883111,65.111652,1.500000,4.810674,329.293879
170.933,330.874672,72.179331,1.500000,0.961436,329.451840
170.965,343.564125,65.947075,-1.500000,-11.596201,329.598140
170.996,341.460107,66.994317,-1.500000,-9.361408,329.743285
171.029,351.249060,67.140713,-1.500000,-19.015505,329.892958
171.063,341.392505,65.049130,-1.500000,-9.017809,330.049608
171.096,327.873287,64.594675,1.500000,4.639586,330.202967
171.134,336.640295,64.160468,-1.500000,-3.971030,330.376542
171.167,318.505068,71.372147,1.500000,14.300290,330.527589
171.196,336.208673,66.395020,-1.500000,-3.285716,330.658110
171.228,317.575975,61.272218,1.500000,15.480036,330.805783
171.258,336.600007,63.929119,-1.500000,-3.420481,330.942870
171.293,340.063271,69.494012,-1.500000,-6.741784,331.100429
171.332,332.086350,69.110463,0.186376,1.395571,331.278492
171.357,313.523929,62.393677,1.500000,20.060291,331.392031
171.391,327.053943,63.054036,1.500000,6.666856,331.543617
171.427,318.722282,67.526380,1.500000,15.146468,331.707825
171.454,330.342760,71.794765,1.500000,3.632776,331.826344
171.487,350.230910,68.332317,-1.500000,-16.120923,331.975568
171.524,338.860854,69.259693,-1.500000,-4.601156,332.141729
171.554,325.248710,66.802591,1.500000,9.128268,332.271896
171.585,327.609170,62.077271,1.500000,6.893495,332.411393
171.617,335.612463,68.742312,0.313509,-0.981873,332.553374
171.647,339.100870,70.359975,-1.500000,-4.349358,332.687583
171.681,337.420107,66.136307,-1.500000,-2.535795,332.834974
171.715,337.392203,71.328433,-1.500000,-2.374587,332.982926
171.748,327.430663,67.708730,1.500000,7.720047,333.130644
171.787,336.877760,65.113866,-0.038850,-1.575730,333.298591
171.820,335.724118,65.665366,-0.580969,-0.293662,333.441128
171.851,326.750192,67.036004,1.500000,8.801982,333.576220
171.880,345.648585,68.709943,-1.500000,-9.983825,333.701177
171.911,335.352107,72.982857,-1.343063,0.432078,333.833723
171.941,326.549702,64.275222,1.500000,9.350757,333.962773
171.973,345.117871,61.234476,-1.500000,-9.095798,334.097750
172.004,324.012726,63.294617,1.500000,12.130293,334.231986
172.037,330.798851,72.476170,1.500000,5.468521,334.370003
172.072,335.050841,66.747711,1.500000,1.349615,334.517710
172.108,335.994603,67.274673,1.500000,0.538626,334.665072
172.142,355.210536,64.107437,-1.500000,-18.548646,334.807869
172.169,353.244112,64.567881,-1.500000,-16.480960,334.920257
172.200,352.951314,66.915779,-1.500000,-16.072148,335.049018
172.233,342.655116,67.020510,-1.500000,-5.656246,335.181875
172.264,341.261642,75.324320,-1.500000,-4.147217,335.310128
172.297,325.528967,67.842994,1.500000,11.704787,335.442567
172.332,332.719149,74.415320,1.500000,4.641692,335.583620
172.366,334.102151,65.906966,1.500000,3.382142,335.720636
172.401,339.933607,69.207944,-1.309645,-2.325173,335.858416
172.429,335.247100,66.391785,1.320796,2.459937,335.967854
172.460,332.456368,67.314471,1.500000,5.362207,336.091649
172.493,344.621059,71.042218,-1.500000,-6.687801,336.218932
172.525,352.022391,67.765953,-1.500000,-13.976129,336.344353
172.556,335.530822,68.925063,1.500000,2.622736,336.463438
172.594,341.818002,65.526803,-1.500000,-3.533820,336.608415
172.624,337.158296,69.438685,-0.377696,1.231002,336.725081
172.657,333.440995,70.178208,1.500000,5.058145,336.846993
172.694,340.364441,68.204630,-0.374144,-1.740143,336.985902
172.732,346.366253,68.432547,-1.500000,-7.614750,337.127084
172.765,339.901255,66.328026,-1.500000,-1.040755,337.248057
172.795,324.833898,68.958246,1.500000,14.126237,337.358641
172.825,338.402973,68.969609,1.500000,0.654174,337.466312
172.855,328.735625,62.840030,1.500000,10.420813,337.576513
172.885,354.777666,64.327319,-1.500000,-15.527617,337.680409
172.914,354.865347,69.152768,-1.500000,-15.520639,337.785470
172.946,336.930840,70.439071,1.500000,2.515529,337.898300
172.981,333.117731,61.502816,1.500000,6.436739,338.018280
173.013,348.004935,70.101313,-1.500000,-8.349970,338.129816
173.051,330.170848,70.959236,1.500000,9.600925,338.259459
173.085,354.622559,73.990461,-1.500000,-14.747594,338.373989
173.117,343.202749,69.310034,-1.500000,-3.232924,338.479273
173.146,344.343983,67.107887,-1.500000,-4.287860,338.575053
173.177,324.928327,67.424850,1.500000,15.219645,338.676994
173.206,342.858490,71.054577,-1.308293,-2.626303,338.770463
173.236,326.855310,71.467384,1.500000,13.465259,338.868556
173.271,333.691178,66.042048,1.500000,6.727716,338.977685
173.304,337.650662,65.554672,1.500000,2.864017,339.083994
173.340,340.400206,67.469456,1.500000,0.214979,339.195544
173.373,344.173591,64.135358,-1.500000,-3.468011,339.295871
173.402,354.203091,67.524871,-1.500000,-13.418999,339.383009
173.441,349.411035,70.659710,-1.500000,-8.522092,339.499382
173.469,337.214669,67.437708,1.500000,3.749542,339.582920
173.498,343.751743,69.370822,-1.412019,-2.712145,339.666590
173.529,341.657872,70.592154,-1.500000,-0.538432,339.755206
173.561,331.574193,72.367608,1.500000,9.626339,339.845208
173.593,335.342950,69.646543,1.500000,5.939685,339.936332
173.625,330.152650,65.392081,1.500000,11.210010,340.025150
173.661,349.005609,67.115834,-1.500000,-7.555636,340.122056
173.696,337.901822,69.785440,1.500000,3.633474,340.216755
173.728,347.279219,68.886462,-1.500000,-5.668674,340.300272
173.756,333.842342,68.493863,1.500000,7.833350,340.372578
173.788,356.439244,72.127892,-1.500000,-14.689888,340.454335
173.821,335.594641,62.670171,1.500000,6.230152,340.538061
173.855,352.159353,70.392068,-1.500000,-10.259015,340.621906
173.889,331.776386,68.482064,1.500000,10.199461,340.705712
173.922,346.359746,67.640905,-1.500000,-4.314554,340.782677
173.959,347.324294,67.269679,-1.500000,-5.201141,340.869204
173.992,345.898738,66.238224,-1.500000,-3.707520,340.944748
174.020,335.123532,65.705141,1.500000,7.123896,341.007135
174.048,347.283406,63.737365,-1.500000,-4.980512,341.068695
174.082,337.830142,68.692286,1.500000,4.539647,341.142940
174.112,338.465408,69.464417,1.500000,3.962418,341.207355
174.146,350.571536,68.206216,-1.500000,-8.080466,341.277547
174.181,338.210200,65.769025,1.500000,4.344577,341.348255
174.212,345.483064,65.345566,-1.500000,-2.872383,341.410300
174.248,343.247966,62.637634,-1.500000,-0.575501,341.478874
174.280,342.665377,68.553609,-1.426137,0.061078,341.538796
174.310,328.659119,67.559908,1.500000,14.116961,341.593873
174.341,327.915858,66.979928,1.500000,14.909600,341.648677
174.379,332.701478,73.503226,1.500000,10.184624,341.715985
174.406,340.793088,67.942185,1.500000,2.133603,341.761033
174.440,349.236681,65.423112,-1.500000,-6.260259,341.816229
174.472,351.226079,71.658356,-1.500000,-8.202631,341.868421
174.504,337.907336,65.524808,1.500000,5.160890,341.918119
174.539,346.706799,65.422960,-1.500000,-3.592180,341.969610
174.571,352.820402,66.667535,-1.500000,-9.663826,342.016177
174.607,344.178093,70.314627,-1.500000,-0.977487,342.065045
174.638,321.539415,71.194357,1.500000,21.698770,342.106753
174.669,324.820717,64.939130,1.500000,18.454077,342.147385
174.705,334.128603,70.388214,1.500000,9.185667,342.191199
174.737,338.999960,71.927061,1.500000,4.348806,342.229486
174.768,342.150688,69.646860,1.500000,1.228729,342.263504
174.798,351.611561,65.347510,-1.500000,-8.202278,342.296652
174.829,348.286634,67.810936,-1.500000,-4.849405,342.327669
174.860,343.654531,71.479992,-1.500000,-0.189689,342.358315
174.895,332.774553,67.081842,1.500000,10.719768,342.391033
174.932,339.448316,63.744604,1.500000,4.074710,342.422893
174.960,341.563135,71.259733,1.500000,1.979811,342.445001
174.996,362.578844,62.541197,-1.500000,-19.010776,342.472884
175.036,340.719967,71.092793,1.500000,2.872640,342.500119
175.061,358.396848,65.102809,-1.500000,-14.789639,342.516326
175.092,353.945079,67.294688,-1.500000,-10.321714,342.534256
175.125,355.957922,72.198032,-1.500000,-12.318656,342.551905
175.155,352.954513,66.764834,-1.500000,-9.302090,342.566508
175.195,354.929932,65.270227,-1.500000,-11.262313,342.583373
175.222,330.896209,67.869616,1.500000,12.780192,342.593120
175.259,338.174678,72.083504,1.500000,5.511866,342.604378
175.294,344.451602,69.787830,0.584889,-0.757283,342.613007
175.325,332.162242,70.032715,1.500000,11.537147,342.618634
175.358,340.659142,67.916375,1.500000,3.044104,342.622915
175.385,339.993568,67.564689,1.500000,3.711520,342.624959
175.414,341.768564,64.007496,1.500000,1.937206,342.625716
175.444,355.101520,64.357003,-1.500000,-11.396465,342.624922
175.477,356.427187,65.119440,-1.500000,-12.724612,342.622170
175.514,365.301086,64.866080,-1.500000,-21.603470,342.616667
175.544,362.974391,69.940221,-1.500000,-19.282385,342.610439
175.577,357.006943,70.985519,-1.500000,-13.322810,342.601701
175.612,361.142336,65.814379,-1.500000,-17.468401,342.590382
175.643,353.947700,67.930241,-1.500000,-10.284687,342.578260
175.679,333.334216,67.414346,1.500000,10.314579,342.562480
175.710,341.825152,62.148057,1.500000,1.809143,342.546388
175.740,360.437782,66.092178,-1.500000,-16.818988,342.529184
175.774,327.583233,64.980339,1.500000,16.016400,342.507917
175.801,332.086341,63.603078,1.500000,11.496711,342.489514
175.828,355.053132,69.329843,-1.500000,-11.487813,342.469832
175.863,328.331780,68.981176,1.500000,15.208982,342.442578
175.892,339.577066,70.348016,1.500000,3.941323,342.417747
175.930,342.955329,68.418089,1.500000,0.531731,342.382974
175.959,346.029629,63.692072,-1.500000,-2.568382,342.354324
175.993,357.919529,69.991081,-1.500000,-14.489917,342.319215
176.027,343.241012,69.067883,-1.312674,0.154978,342.281898
176.060,343.375751,63.815599,-1.307951,-0.014914,342.242882
176.093,349.086006,64.743012,-1.500000,-5.761568,342.202485
176.127,321.903749,63.234725,1.500000,21.381873,342.159403
176.155,330.506570,61.781602,1.500000,12.744893,342.121491
176.190,317.406395,73.071114,1.500000,25.799374,342.070775
176.225,342.600156,73.741198,1.500000,0.559584,342.019690
176.253,335.831410,71.367736,1.500000,7.288784,341.975799
176.293,340.266845,74.908921,1.500000,2.796458,341.912657
176.322,349.931755,66.995365,-1.500000,-6.912333,341.863953
176.351,357.559032,72.148196,-1.500000,-14.585644,341.812861
176.385,354.408317,67.304886,-1.500000,-11.488798,341.753073
176.420,343.131644,65.305630,-1.500000,-0.270707,341.688055
176.447,352.356033,65.428906,-1.500000,-9.542150,341.635830
176.484,346.145453,68.792493,-1.500000,-3.397544,341.562606
176.509,322.434805,68.971208,1.500000,20.267155,341.511610
176.546,324.574861,66.924801,1.500000,18.056485,341.433236
176.574,333.291496,62.930454,1.500000,9.283973,341.371220
176.611,334.265207,73.365131,1.500000,8.236556,341.289415
176.642,347.100813,65.655722,-1.500000,-4.663898,341.217441
176.673,334.870219,71.023423,1.500000,7.501181,341.144728
176.704,339.461715,67.828128,1.500000,2.841653,341.069221
176.741,345.667939,66.636873,-1.500000,-3.448433,340.976144
176.768,345.267441,65.934485,-1.500000,-3.109459,340.907861
176.805,344.633693,62.276489,-1.500000,-2.561650,340.812479
176.840,355.855086,66.971029,-1.500000,-13.869704,340.716295
176.867,347.122608,64.424438,-1.500000,-5.202427,340.643929
176.904,334.976002,64.079491,1.500000,6.849909,340.539302
176.937,331.274505,68.659775,1.500000,10.464895,340.443285
176.969,347.003689,71.213571,-1.500000,-5.348763,340.349530
176.999,339.668596,62.962482,0.436052,1.904449,340.258651
177.033,333.118431,61.841038,1.500000,8.359672,340.153277
177.063,317.120792,67.933994,1.500000,24.272295,340.058921
177.094,334.805771,61.991343,1.500000,6.497782,339.959548
177.134,337.671211,67.575047,1.500000,3.515397,339.829754
177.160,347.153662,67.970551,-1.500000,-6.047630,339.740324
177.198,342.744533,65.527976,-1.500000,-1.753944,339.612197
177.227,350.968140,68.460988,-1.500000,-10.068487,339.511269
177.258,331.472457,66.473515,1.500000,9.327356,339.400459
177.287,349.015382,66.568893,-1.500000,-8.308052,339.297813
177.316,343.603531,65.506219,-1.500000,-2.993655,339.189651
177.349,314.070688,68.241584,1.500000,26.428838,339.067176
177.389,328.638409,67.229868,1.500000,11.727275,338.918628
177.424,331.037117,66.837806,1.500000,9.204776,338.781234
177.458,351.186194,63.805684,-1.500000,-11.065305,338.646936
177.490,347.357163,70.374364,-1.500000,-7.349821,338.520912
177.518,337.343496,60.448709,1.500000,2.561126,338.406906
177.553,349.645548,67.916773,-1.500000,-9.872973,338.260350
177.586,338.899560,72.052844,-0.961099,0.748185,338.121804
177.615,328.580313,64.559729,1.500000,10.959592,338.002114
177.645,335.089131,64.806341,1.500000,4.332392,337.870725
177.681,344.959662,68.253189,-1.500000,-5.679637,337.713680
177.716,349.049823,66.007868,-1.500000,-9.911707,337.556178
177.748,329.800475,66.332501,1.500000,9.206176,337.410268
177.781,332.195621,66.156160,1.500000,6.677434,337.261993
177.810,341.462116,63.254829,-1.500000,-2.711169,337.126467
177.844,349.362603,69.088451,-1.500000,-10.757472,336.964630
177.880,329.038164,74.352612,1.500000,9.414677,336.795605
177.908,338.409245,61.740616,1.500000,-0.079063,336.659470
177.943,344.814451,61.766502,-1.500000,-6.639081,336.487647
177.974,322.495320,68.036277,1.500000,15.542363,336.334832
178.005,327.456680,66.280846,1.500000,10.438947,336.177166
178.036,353.758632,65.005603,-1.500000,-16.003791,336.020912
178.074,343.134373,68.151305,-1.500000,-5.558379,335.822412
178.107,344.533488,67.896748,-1.500000,-7.110591,335.652495
178.141,322.226437,65.665324,1.500000,15.030711,335.468533
178.172,353.080018,65.745689,-1.500000,-15.972895,335.302023
178.206,328.099858,69.537658,1.500000,8.843881,335.120687
178.238,337.570129,68.203091,0.914649,-0.786627,334.942843
178.266,346.721618,67.830224,-1.500000,-10.076260,334.789521
178.295,341.764965,65.675051,-1.500000,-5.266344,334.626661
178.328,350.666325,63.987628,-1.500000,-14.335926,334.439954
178.365,327.384388,66.834118,1.500000,8.753790,334.226613
178.398,336.780043,62.879301,0.882716,-0.813054,334.036613
178.434,330.524692,65.492068,1.500000,5.252463,333.825921
178.466,326.145480,64.349028,1.500000,9.459022,333.634298
178.502,337.803691,69.530994,-1.389958,-2.391639,333.420702
178.533,342.050179,69.978818,-1.500000,-6.810714,333.229151
178.561,319.198743,69.346353,1.500000,15.885558,333.056939
178.590,336.642512,66.954902,-0.209602,-1.717041,332.880656
178.621,338.347143,68.572547,-1.500000,-3.593663,332.689768
178.653,327.368329,61.393544,1.500000,7.200252,332.484551
178.691,328.118025,59.744867,1.500000,6.232691,332.242749
178.721,332.978703,66.619982,1.500000,1.202156,332.054227
178.756,345.996067,70.148278,-1.500000,-12.023865,331.822644
178.791,338.531382,68.756577,-1.500000,-4.763320,331.596074
178.823,355.466755,72.563993,-1.500000,-21.891480,331.382104
178.850,326.736859,68.797495,1.500000,6.678708,331.204847
178.889,339.848595,63.187492,-1.500000,-6.669283,330.942632
178.915,322.883522,67.698228,1.500000,10.137526,330.766979
178.945,332.438570,65.715927,1.500000,0.393841,330.557615
178.980,336.151082,71.883240,-1.500000,-3.536520,330.315829
179.014,341.941398,65.860181,-1.500000,-9.539816,330.079447
179.050,329.941324,68.667382,1.202623,2.236603,329.831218
179.086,338.038109,64.194672,-1.500000,-6.089161,329.577079
179.119,319.813623,68.251190,1.500000,11.921681,329.339960
179.144,318.788799,66.319441,1.500000,12.785178,329.160907
179.179,345.070847,74.209441,-1.500000,-13.726322,328.906243
179.210,320.339563,65.295782,1.500000,10.800373,328.679174
179.241,335.144068,67.340443,-1.500000,-4.214630,328.445547
179.277,321.878831,67.098532,1.500000,8.814155,328.183114
179.308,320.460146,66.380248,1.500000,10.022704,327.949889
179.344,340.768821,66.397935,-1.500000,-10.528727,327.680459
179.383,333.922961,63.546003,-1.500000,-3.953372,327.380232
179.412,331.797339,67.912670,-1.500000,-2.030795,327.154876
179.454,331.664809,64.247649,-1.500000,-2.186978,326.834440
179.485,306.447897,74.527590,1.500000,22.810049,326.590395
179.524,325.231679,70.387266,1.500000,3.753611,326.287780
179.552,324.486932,70.399896,1.500000,4.295720,326.062877
179.580,331.488351,64.241728,-1.500000,-2.906076,325.840483
179.607,325.695959,70.838890,1.386002,2.690614,325.623278
179.636,331.112748,65.293407,-1.500000,-2.935540,325.390907
179.672,334.474121,68.188700,-1.500000,-6.560976,325.097831
179.704,328.709653,71.314691,-1.500000,-1.031010,324.837562
179.734,302.401109,66.080683,1.500000,25.056268,324.591984
179.769,330.879352,64.930539,-1.500000,-3.682785,324.302516
179.805,313.354810,66.349994,1.500000,13.574050,324.005394
179.835,323.164478,68.121895,1.500000,3.536629,323.752616
179.870,317.715822,65.492019,1.500000,8.720367,323.458590
179.899,329.759317,71.747358,-1.500000,-3.544943,323.212402
179.932,325.717986,65.550028,-1.500000,0.241217,322.929194
179.965,309.003035,69.043712,1.500000,16.705804,322.651319
180.005,321.396611,68.006699,1.500000,3.999972,322.304754
180.046,325.883784,65.212693,0.522779,-0.808684,321.947946
180.076,333.998992,63.512534,-1.500000,-9.157654,321.688500
180.108,325.225287,74.093218,-1.500000,-0.640749,321.403484
180.135,308.609208,66.905210,1.500000,15.763017,321.167841
180.159,320.223124,65.933429,1.500000,3.954170,320.951491
180.190,334.058458,66.070348,-1.500000,-10.127902,320.677644
180.220,321.252001,68.673152,1.075569,2.433704,320.405888
180.251,321.744214,65.842686,1.500000,1.693109,320.130214
180.291,330.814110,67.507656,-1.500000,-7.706340,319.764450
180.317,329.636216,67.739986,-1.500000,-6.738745,319.531044
180.355,326.770933,66.970021,-1.500000,-4.185477,319.184746
180.391,327.227998,61.002979,-1.500000,-4.939110,318.855592
180.423,317.428621,68.804049,1.500000,4.590221,318.555874
180.457,309.270796,62.381737,1.500000,12.464295,318.240944
180.487,316.225832,66.086766,1.500000,5.257043,317.961016
180.516,333.699249,67.157868,-1.500000,-12.456600,317.694393
180.545,311.812885,68.369419,1.500000,9.183392,317.420951
180.577,312.409423,71.116269,1.500000,8.315358,317.119623
180.610,321.911868,72.206997,-0.281969,-1.474683,316.800428
180.650,333.634000,63.794706,-1.500000,-13.537491,316.422319
180.686,345.500552,70.508810,-1.500000,-25.711422,316.081166
180.718,334.574632,68.511169,-1.500000,-15.071182,315.764095
180.751,311.309337,71.821594,1.500000,7.913488,315.452637
180.783,332.701543,65.358483,-1.500000,-13.760390,315.140015
180.809,311.907560,67.489380,1.500000,6.808123,314.889770
180.837,314.728023,69.591767,1.500000,3.737523,314.612149
180.868,325.879800,66.095816,-1.500000,-7.684963,314.311694
180.900,316.507010,68.706200,-0.175903,1.398003,313.990026
180.932,315.274894,65.095747,1.500000,2.347732,313.676610
180.970,321.296355,65.127340,-1.500000,-4.009830,313.303580
181.004,323.428173,66.588517,-1.500000,-6.452372,312.958713
181.037,308.804744,69.960515,1.500000,7.872497,312.627349
181.074,308.520074,61.961172,1.500000,7.829106,312.263240
181.106,324.964548,67.065082,-1.500000,-8.904013,311.942880
181.137,310.037074,74.330810,1.500000,5.734582,311.622260
181.163,328.765177,67.158518,-1.500000,-13.229335,311.360535
181.192,314.970286,70.070581,-1.496768,0.304873,311.071208
181.224,308.787167,70.241770,1.500000,6.186756,310.736874
181.256,316.132278,65.092448,0.113058,-1.449687,310.413531
181.293,320.011346,64.827509,-1.500000,-5.666712,310.038439
181.332,309.127335,65.883041,1.500000,4.850643,309.631497
181.362,334.980036,69.484593,-1.500000,-21.277897,309.325349
181.400,330.909884,66.309319,-1.500000,-17.566385,308.927302
181.426,294.330941,57.123869,1.500000,18.766217,308.653894
181.457,306.672351,68.589572,1.500000,6.135501,308.332800
181.490,303.539102,71.031511,1.500000,8.963585,307.994103
181.520,314.160487,65.423310,-0.843472,-1.939374,307.681590
181.556,309.023064,74.311211,1.500000,2.856862,307.302915
181.591,315.568509,66.686506,-1.500000,-4.022115,306.932734
181.624,312.632363,66.701294,-1.500000,-1.404799,306.578872
181.655,310.953088,68.416226,-1.500000,-0.016075,306.256397
181.689,300.785413,68.279434,1.500000,9.824936,305.893839
181.718,313.419281,69.107867,-1.500000,-3.083972,305.588577
181.750,297.771997,68.034071,1.500000,12.256442,305.247990
181.781,294.034853,69.898241,1.500000,15.687788,304.908591
181.812,310.656201,69.173273,0.020235,-1.224583,304.585591
181.842,300.711705,68.343529,1.500000,8.427899,304.261491
181.876,298.086007,64.452528,1.500000,10.719713,303.890921
181.910,315.641064,70.089775,-1.500000,-7.162710,303.527584
181.946,305.109253,68.598803,1.500000,3.016622,303.136375
181.981,316.678823,66.787588,-1.500000,-8.893975,302.757877
182.009,315.261781,71.756944,-1.500000,-7.748292,302.456702
182.049,311.419854,65.548756,-1.500000,-4.300530,302.019227
182.073,308.045672,69.419436,-1.500000,-1.157158,301.763057
182.101,291.199608,65.329469,1.500000,15.415322,301.459412
182.133,295.640499,66.743333,1.500000,10.656770,301.106847
182.162,295.361660,67.293431,1.500000,10.656411,300.796971
182.195,310.426638,64.781671,-1.500000,-4.732765,300.437150
182.232,299.096978,67.067781,1.500000,6.225265,300.024688
182.264,301.808697,71.117425,1.500000,3.198620,299.675159
182.298,304.494565,71.139382,1.500000,0.179261,299.305022
182.333,319.179330,64.721408,-1.500000,-14.850778,298.921811
182.364,318.723367,72.366292,-1.500000,-14.703650,298.579043
182.395,319.256790,73.109314,-1.500000,-15.545077,298.237195
182.428,305.871906,67.754066,-1.500000,-2.487811,297.873580
182.457,311.376587,68.052591,-1.500000,-8.281919,297.552351
182.484,292.732672,72.577062,1.500000,10.093574,297.254434
182.517,303.168831,70.413666,1.057761,-0.668189,296.893054
182.554,304.921264,71.983064,-1.500000,-2.792683,296.480112
182.590,305.500201,63.691950,-1.500000,-3.728350,296.084185
182.620,288.217997,66.031268,1.500000,13.252110,295.749287
182.651,295.604998,68.252987,1.500000,5.552551,295.402386
182.684,305.488715,73.087757,-1.500000,-4.656846,295.040919
182.711,297.720886,70.351219,1.500000,2.845087,294.745808
182.746,295.211730,71.011107,1.500000,5.003195,294.356187
182.782,294.494889,69.904463,1.500000,5.355882,293.952021
182.808,299.783844,56.627141,1.261994,-0.196920,293.659183
182.842,309.406884,69.854757,-1.500000,-10.158645,293.283284
182.882,310.751384,67.649731,-1.500000,-11.899085,292.843840
182.912,311.384202,64.980903,-1.500000,-12.840381,292.501466
182.943,304.804638,65.720984,-1.500000,-6.564930,292.163938
182.974,301.300873,70.541698,-1.500000,-3.370496,291.820618
183.004,286.908756,64.053717,1.500000,10.719350,291.485135
183.034,290.592578,62.591690,1.500000,6.729068,291.145001
183.067,291.947188,65.379112,1.500000,5.042911,290.777025
183.097,299.440919,70.069860,-1.500000,-2.750270,290.444671
183.130,300.269134,63.015216,-1.500000,-3.906091,290.081069
183.166,287.056902,69.947402,1.500000,8.949815,289.685590
183.200,294.415579,68.986632,1.500000,1.241601,289.297647
183.238,298.772311,60.740349,-1.500000,-3.494072,288.877069
183.270,291.327565,66.197764,1.500000,3.634225,288.525849
183.303,299.571051,67.558082,-1.500000,-4.941401,288.157214
183.332,297.721001,63.733069,-1.500000,-3.375588,287.841746
183.357,294.071779,64.239510,-1.476600,0.019315,287.559483
183.392,280.305115,68.541077,1.500000,13.432090,287.166709
183.423,288.869428,68.245534,1.500000,4.561434,286.826705
183.455,284.783793,66.757196,1.500000,8.324673,286.468885
183.488,299.675305,64.154348,-1.500000,-6.889475,286.110800
183.521,294.595661,66.831667,-1.500000,-2.139551,285.744851
183.551,279.579938,64.139736,1.500000,12.582519,285.418931
183.584,293.294611,67.032982,0.098524,-1.462041,285.052797
183.621,278.365255,74.230414,1.500000,13.098602,284.643570
183.655,291.388975,65.050719,1.349112,-0.266021,284.265210
183.688,291.800456,66.552942,0.124811,-0.997962,283.909538
183.721,302.600849,73.884178,-1.500000,-12.124929,283.547081
183.749,294.702491,65.263472,-1.500000,-4.509531,283.233030
183.781,295.454643,67.796264,-1.500000,-5.569391,282.891512
183.810,285.889297,66.414416,1.500000,3.702328,282.565621
183.844,286.190086,72.942653,1.500000,3.071011,282.198776
183.877,295.264311,70.125821,-1.500000,-6.324976,281.841659
183.909,290.910947,65.698852,-1.500000,-2.285295,281.493509
183.947,290.364267,65.463067,-1.500000,-2.114280,281.076566
183.985,277.206055,61.401029,1.500000,10.670970,280.662625
184.013,271.447489,66.741595,1.500000,16.165375,280.369439
184.045,290.239288,67.357008,-1.500000,-2.939981,280.021428
184.074,281.675547,65.448473,1.500000,5.345604,279.712709
184.103,276.193541,61.989424,1.500000,10.546551,279.400767
184.135,281.755737,68.187630,1.500000,4.666839,279.048364
184.170,287.257410,71.302893,0.083980,-1.171829,278.674342
184.202,299.517947,70.269197,-1.500000,-13.739775,278.333154
184.238,295.377525,60.394489,-1.500000,-9.946472,277.947895
184.269,280.406684,65.669969,1.500000,4.728242,277.619230
184.307,293.456800,60.636855,-1.500000,-8.681166,277.220460
184.334,288.663028,64.424773,-1.500000,-4.141232,276.938730
184.368,278.138458,63.972327,1.500000,6.056433,276.575905
184.395,281.957874,64.957217,1.500000,1.981878,276.292732
184.428,283.483473,64.934845,1.500000,0.147213,275.949707
184.461,297.763247,65.978215,-1.500000,-14.444161,275.603869
184.500,283.948309,66.602108,-1.500000,-0.995119,275.197768
184.533,282.937428,67.087098,-1.500000,-0.296604,274.851080
184.565,278.447357,71.542947,1.500000,3.899367,274.524666
184.596,284.063505,68.040254,-0.568073,-2.013708,274.195114
184.631,283.660927,69.131107,-1.500000,-1.929823,273.841403
184.660,280.913741,67.164355,-0.950381,0.548698,273.543218
184.684,277.602385,68.729253,1.500000,3.635770,273.294289
184.716,276.756491,64.259896,1.500000,4.189274,272.969773
184.747,279.661342,63.587596,1.500000,1.002951,272.657374
184.781,284.120132,70.206758,-1.500000,-3.767536,272.311427
184.815,286.020261,66.857243,-1.500000,-5.974013,271.971418
184.853,266.898085,67.403955,1.500000,12.799880,271.584867
184.886,282.492704,66.099217,-1.500000,-3.092383,271.254518
184.917,263.552823,67.104006,1.500000,15.568371,270.944722
184.949,270.305241,65.004831,1.500000,8.531697,270.629232
184.984,275.345723,72.901033,1.500000,3.180300,270.284154
185.017,280.599051,72.943073,-1.366626,-2.372330,269.951966
185.043,273.627980,68.848965,1.500000,4.374752,269.703365
185.076,282.206272,68.094289,-1.500000,-4.497356,269.377265
185.108,283.066948,72.981801,-1.500000,-5.637462,269.067132
185.145,277.273398,69.472369,-1.500000,-0.163745,268.712156
185.172,273.149471,65.642085,1.500000,3.720031,268.445619
185.211,274.277174,70.755741,1.500000,2.261170,268.078073
185.242,278.984613,74.447925,-1.500000,-2.716864,267.777746
185.279,262.870170,69.115372,1.500000,13.084872,267.430679
185.304,282.474661,72.377689,-1.500000,-6.734336,267.192369
185.334,270.995913,66.201451,1.500000,4.488640,266.908494
185.364,279.944498,68.731989,-1.500000,-4.714866,266.625563
185.395,275.798307,73.830289,-1.500000,-0.829448,266.336136
185.430,270.517611,66.902411,1.500000,4.164839,266.018258
185.462,269.428408,60.344085,1.500000,4.984935,265.719581
185.495,277.032111,69.183108,-1.500000,-2.893453,265.414715
185.529,278.687658,72.006960,-1.500000,-4.830298,265.102509
185.561,276.221548,67.955312,-1.500000,-2.620242,264.818320
185.599,266.439146,72.857652,1.500000,6.849785,264.471622
185.632,267.305340,69.013068,1.500000,5.719146,264.178120
185.658,274.222831,70.679231,-0.198928,-1.405959,263.947694
185.690,263.285742,65.515219,1.500000,9.277554,263.666256
185.721,267.424854,58.562502,1.500000,4.893248,263.394119
185.753,271.179125,70.257080,1.500000,0.882801,263.109796
185.795,288.129456,64.439621,-1.500000,-16.392691,262.748906
185.828,283.172943,68.479947,-1.500000,-11.692277,262.464669
185.854,277.453909,71.566256,-1.500000,-6.174861,262.240896
185.891,279.986925,71.109849,-1.500000,-8.991426,261.926192
185.923,267.381920,70.751642,1.500000,3.370723,261.656651
185.952,276.584100,70.295793,-1.500000,-6.052128,261.411733
185.984,269.713219,67.313670,-1.161520,0.582320,261.149321
186.014,258.477922,64.585838,1.500000,11.588564,260.895101
186.047,263.690762,64.446114,1.500000,6.135953,260.628984
186.085,273.620502,67.051812,-1.500000,-4.075402,260.316426
186.118,273.901657,67.886425,-1.500000,-4.593301,260.053669
186.152,264.303446,58.211689,1.500000,4.756558,259.778029
186.186,274.901576,66.646635,-1.500000,-6.087538,259.505037
186.219,259.239805,65.578495,1.500000,9.343838,259.249326
186.251,259.920105,61.686614,1.500000,8.439461,259.000629
186.283,265.171656,66.214742,1.500000,2.964968,258.753190
186.314,276.302738,70.631064,-1.500000,-8.385756,258.509415
186.341,266.769181,68.577364,-0.700889,0.963532,258.304897
186.372,273.183407,60.942345,-1.500000,-5.663587,258.068613
186.405,264.434451,64.957117,1.500000,2.866876,257.826112
186.446,266.103903,69.165942,1.500000,0.921544,257.519919
186.473,262.568140,67.353484,1.500000,4.275453,257.318082
186.512,279.704598,66.941467,-1.500000,-13.113632,257.037698
186.538,268.050676,81.225033,-1.500000,-1.628454,256.850412
186.574,262.620811,70.081869,1.500000,3.571213,256.594921
186.599,267.815679,65.116162,-0.294073,-1.786949,256.413685
186.637,261.347521,71.371392,1.500000,4.441714,256.147876
186.665,264.189626,69.597883,1.500000,1.426794,255.956071
186.696,268.741428,72.428526,-1.500000,-3.314995,255.745208
186.732,266.443356,67.949115,-1.500000,-1.239770,255.497875
186.771,262.067381,70.206366,1.500000,2.898595,255.234158
186.805,265.143831,64.104884,1.404843,-0.380949,255.008748
186.842,276.671663,66.669693,-1.500000,-12.125161,254.768593
186.872,259.094815,68.472967,1.500000,5.277991,254.575812
186.902,271.483459,69.718600,-1.500000,-7.281320,254.386392
186.935,262.809815,66.877304,-0.410200,1.204102,254.177488
186.962,259.221889,70.094605,1.500000,4.638210,254.006769
186.994,272.447275,66.758456,-1.500000,-8.766273,253.807994
187.025,265.855919,61.194197,-1.500000,-2.343182,253.621239
187.057,260.584427,65.170136,1.500000,2.751371,253.424858
187.090,263.964787,69.118587,0.895563,-0.802422,253.232369
187.124,261.184897,67.449183,1.500000,1.795311,253.030198
187.166,270.216898,63.486993,-1.500000,-7.452265,252.790936
187.200,265.302592,68.002783,-1.500000,-2.711919,252.597862
187.234,266.884189,66.862555,-1.500000,-4.463729,252.408945
187.270,260.376192,69.326128,0.753155,1.864630,252.209569
187.294,258.627318,73.560771,1.500000,3.494813,252.077837
187.326,264.865128,64.146337,-1.500000,-2.896470,251.907501
187.357,260.555271,72.594848,-0.336942,1.264729,251.742509
187.389,253.168610,64.640171,1.500000,8.500507,251.575047
187.421,257.613926,68.928928,1.500000,3.909225,251.413043
187.454,259.338751,69.354564,1.500000,2.036840,251.249269
187.494,270.126458,67.960628,-1.500000,-8.929636,251.050857
187.527,257.463505,63.181981,1.500000,3.590122,250.891928
187.558,262.634359,67.675607,-0.204581,-1.712886,250.745253
187.590,275.536618,62.656960,-1.500000,-14.750572,250.594946
187.621,261.796882,67.867784,-1.500000,-1.140070,250.451513
187.650,262.116553,64.793883,-1.500000,-1.577821,250.320456
187.685,256.607637,60.814216,1.500000,3.794124,250.168436
187.721,266.705684,70.286959,-1.500000,-6.445836,250.010930
187.756,251.150501,65.328813,1.500000,8.976252,249.863211
187.790,265.938710,65.701979,-1.500000,-5.939744,249.721382
187.822,252.655778,58.987977,1.500000,7.227154,249.592599
187.846,254.957874,68.620546,1.500000,4.838734,249.496790
187.886,262.981612,69.449737,-1.500000,-3.325031,249.341378
187.919,257.605867,66.253118,0.478373,1.939473,249.217914
187.949,248.558607,69.166203,1.500000,10.887490,249.107765
187.977,254.255593,65.118064,1.500000,5.099448,249.006705
188.010,262.058348,61.567751,-1.500000,-2.806779,248.891863
188.046,259.272706,64.495593,-1.500000,-0.133981,248.766621
188.076,254.422329,60.918421,1.500000,4.626433,248.666772
188.112,263.320637,68.254856,-1.500000,-4.375738,248.551497
188.146,260.221864,69.544667,-1.500000,-1.373788,248.444035
188.177,265.017963,67.626081,-1.500000,-6.254622,248.349990
188.202,258.303729,70.265909,-1.026084,0.392156,248.275122
188.236,256.175269,68.384739,1.500000,2.432277,248.177077
188.267,248.708805,66.193215,1.500000,9.822443,248.092394
188.296,256.934077,64.250397,1.500000,1.524972,248.012263
188.332,258.612409,65.665255,1.212479,-0.237898,247.918437
188.369,260.619778,63.409978,-1.500000,-2.328541,247.826012
188.399,251.522869,66.662790,1.500000,6.704198,247.754791
188.429,260.157532,65.586557,-0.541161,-1.991435,247.687122
188.463,255.456708,61.384901,1.500000,2.641413,247.611678
188.496,257.814722,64.299847,1.500000,0.220506,247.541874
188.527,259.768268,69.260371,-0.663476,-1.790412,247.478197
188.561,265.784065,69.493465,-1.500000,-7.865479,247.412414
188.594,263.671353,64.037390,-1.500000,-5.806742,247.352509
188.624,252.727085,65.979914,1.500000,5.091900,247.301870
188.655,256.556185,68.013688,1.500000,1.215762,247.249665
188.693,266.804800,66.619523,-1.500000,-9.085095,247.191681
188.725,257.971806,62.765846,-1.500000,-0.292200,247.147176
188.758,252.735596,69.737223,1.500000,4.904233,247.103028
188.786,261.961158,70.213232,-1.500000,-4.353132,247.067731
188.825,259.638649,67.496810,-1.500000,-2.070482,247.023493
188.853,255.141212,64.421033,1.401714,2.401368,246.995094
188.889,259.028494,73.277810,-0.077262,-1.516276,246.961396
188.919,260.163034,71.207508,-1.500000,-2.673155,246.936603
188.946,262.994436,69.614757,-1.500000,-5.522723,246.916440
188.982,251.758808,68.583285,1.500000,5.691902,246.893129
189.013,255.739495,65.731504,1.500000,1.696107,246.876361
189.048,262.390378,68.617717,-1.500000,-4.968610,246.861008
189.082,251.625925,68.136724,1.500000,5.785661,246.849707
189.113,264.691880,61.838817,-1.500000,-7.286848,246.842433
189.153,254.357094,67.039434,1.500000,3.043540,246.837552
189.178,255.217450,70.877090,1.500000,2.182717,246.837033
189.211,260.066512,70.765363,-1.500000,-2.664313,246.839289
189.241,258.217183,70.739746,-1.500000,-0.810322,246.844463
189.271,247.136437,64.236067,1.500000,10.277575,246.852400
189.303,255.141227,68.144635,1.500000,2.283192,246.863949
189.339,255.157859,66.530035,1.500000,2.281714,246.880768
189.377,262.036344,66.311159,-1.500000,-4.577133,246.902565
189.413,252.684042,68.805182,1.500000,4.797827,246.927713
189.442,266.673825,70.133777,-1.500000,-9.170948,246.951028
189.473,257.724144,63.330107,-1.500000,-0.196088,246.978974
189.508,253.346099,68.209662,1.500000,4.213509,247.013993
189.538,261.523079,70.643459,-1.500000,-3.933862,247.046855
189.572,257.203759,68.029180,-1.354496,0.422615,247.088096
189.597,253.201751,69.445473,1.500000,4.454603,247.121370
189.632,250.880208,61.810334,1.500000,6.819520,247.169510
189.664,263.439447,68.561477,-1.500000,-5.696007,247.218025
189.702,252.544983,65.422335,1.500000,5.253619,247.279248
189.737,265.081496,65.688439,-1.500000,-7.227824,247.340369
189.771,260.112339,63.729595,-1.500000,-2.202702,247.402483
189.804,254.567352,69.186530,1.500000,3.400069,247.466615
189.837,259.318863,69.564650,0.306729,-1.289733,247.535106
189.865,252.776193,72.019467,1.500000,5.306682,247.594756
189.894,264.372772,58.634332,-1.500000,-6.231242,247.659856
189.924,257.575140,68.239594,-1.103569,0.630279,247.730766
189.962,252.404476,70.162627,1.500000,5.884030,247.822982
189.993,255.956731,66.091033,1.500000,2.402650,247.901644
190.032,260.887518,69.987374,-1.441055,-2.433926,248.006206
190.056,265.935155,65.036964,-1.500000,-7.421913,248.072410
190.106,256.724567,66.283551,0.812468,1.919655,248.217783
190.140,255.859486,67.948455,1.500000,2.877508,248.320747
190.169,260.646382,68.041058,-0.626064,-1.828719,248.410280
190.199,260.898786,64.557550,-1.500000,-1.995583,248.505220
190.229,254.475501,60.180272,1.500000,4.516854,248.604168
190.257,258.273610,62.555268,1.500000,0.807422,248.702588
190.288,267.747318,68.279423,-1.500000,-8.569757,248.809723
190.324,258.983447,65.924288,-1.490564,0.310007,248.938351
190.356,256.791888,65.293478,1.500000,2.609740,249.058410
190.398,254.104565,63.911054,1.500000,5.444155,249.221665
190.433,266.919670,63.557601,-1.500000,-7.247515,249.358662
190.465,258.748709,69.009552,-0.609672,1.039021,249.486937
190.494,256.909052,63.677416,1.500000,2.988756,249.609110
190.526,263.459556,66.297440,-1.500000,-3.439341,249.744967
190.557,255.694394,65.653750,1.500000,4.449227,249.881932
190.591,261.097162,67.397323,0.875875,-0.818716,250.031572
190.624,265.282358,64.647595,-1.500000,-4.866560,250.184016
190.654,267.841619,67.391479,-1.500000,-7.300969,250.322585
190.689,252.936988,61.325746,1.500000,7.754687,250.490205
190.720,255.000323,71.690557,1.500000,5.827184,250.640963
190.755,262.488412,63.011499,-0.314860,-1.501903,250.817435
190.788,266.487592,65.456956,-1.500000,-5.350986,250.984025
190.817,261.225829,71.458758,-1.500000,0.045119,251.133128
190.847,263.346913,69.368436,-1.500000,-1.929703,251.295461
190.884,256.525449,71.648916,1.500000,5.070578,251.493926
190.925,255.702463,64.371491,1.500000,6.097969,251.720790
190.957,263.195646,70.185682,0.010412,-1.232712,251.901148
190.990,252.014979,69.677168,1.500000,10.118665,252.090615
191.021,260.678671,67.164332,1.500000,1.618315,252.271905
191.046,274.928798,72.169601,-1.500000,-12.499914,252.418295
191.084,270.549157,61.403329,-1.500000,-7.912232,252.649196
191.120,260.301386,64.198175,1.500000,2.534138,252.869615
191.152,268.251225,67.269555,-1.500000,-5.238448,253.066345
191.182,262.282360,65.968751,-0.772262,0.904465,253.259517
191.213,263.781087,63.339955,-1.185078,-0.414911,253.458576
191.245,259.217603,62.838413,1.500000,4.337160,253.667884
191.277,265.502787,65.853087,-0.297522,-1.758075,253.878703
191.309,262.554892,67.798073,1.153550,1.381937,254.091930
191.341,263.941175,63.763813,1.500000,0.193580,254.311604
191.376,273.049991,67.182320,-1.500000,-8.696354,254.554536
191.405,263.090194,64.852512,-0.119548,1.444641,254.755644
191.443,272.107484,62.877421,-1.500000,-7.328369,255.026765
191.471,265.660655,65.017065,-1.500000,-0.698876,255.229500
191.500,258.700315,65.498137,1.500000,6.453173,255.442273
191.534,261.648243,70.810808,1.500000,3.732554,255.694558
191.566,266.206398,69.164160,0.762275,-0.610481,255.933315
191.596,273.797406,69.712332,-1.500000,-7.994333,256.163233
191.628,262.528528,70.304690,1.500000,3.498765,256.412090
191.660,268.319458,68.417032,-0.631170,-2.065925,256.663188
191.694,274.687654,65.832049,-1.500000,-8.192002,256.931911
191.733,261.677199,67.031561,1.500000,5.100110,257.244516
191.765,266.869241,68.865403,1.500000,0.138026,257.499741
191.794,265.460735,75.354057,1.500000,1.759344,257.735937
191.824,273.730076,63.148283,-1.500000,-6.282276,257.988680
191.856,271.461596,67.940573,-1.500000,-3.772265,258.256750
191.891,279.119204,69.144499,-1.500000,-11.159897,258.556390
191.925,263.764450,63.770940,1.500000,4.452932,258.842821
191.953,268.681117,62.821419,1.500000,-0.247635,259.082666
191.992,275.433556,66.162609,-1.500000,-6.687817,259.429233
192.031,271.649121,66.462355,-1.500000,-2.595281,259.771187
192.054,268.852869,66.316721,-1.028143,0.390452,259.981489
192.108,264.316597,69.789106,1.500000,5.367591,260.470797
192.142,267.061310,69.050937,1.500000,2.907318,260.786490
192.309,262.423328,68.498140,1.500000,8.968471,262.366037
192.335,278.763047,68.191322,-1.500000,-7.137458,262.625514
192.362,267.639576,63.751983,1.500000,4.223523,262.889121
192.398,265.528806,64.970829,1.500000,6.654648,263.244677
192.423,286.630465,61.811045,-1.500000,-14.218020,263.498829
192.447,281.238544,65.428230,-1.500000,-8.606171,263.742922
192.475,272.531574,65.444749,-1.073796,0.352670,264.022469
192.504,275.710142,66.850576,-1.500000,-2.557606,264.320241
192.537,274.578594,64.550368,-1.500000,-1.118603,264.661478
192.568,267.058752,68.689878,1.500000,6.690296,264.982295
192.605,270.178273,65.916513,1.500000,3.916012,265.365467
192.637,281.663667,70.805223,-1.500000,-7.256886,265.712298
192.673,273.081645,67.661573,0.147843,1.665931,266.090539
192.707,268.651926,69.041865,1.500000,6.423568,266.454489
192.742,276.015099,67.824334,0.951067,-0.590468,266.841987
192.769,278.387678,69.072096,-1.500000,-2.698688,267.135394
192.798,277.498183,69.592323,-1.500000,-1.524057,267.451860
192.828,263.765268,67.836958,1.500000,12.513251,267.789699
192.863,267.207562,69.372453,1.500000,9.419001,268.175986
192.895,277.382600,70.001701,0.980532,-0.429855,268.538009
192.929,284.921605,59.861972,-1.500000,-7.622799,268.922093
192.963,275.413910,66.830271,0.901638,2.237424,269.313357
192.996,284.956943,63.885936,-1.500000,-6.970980,269.684754
193.032,276.814203,68.549800,0.077880,1.547745,270.102051
193.056,276.637806,65.643995,1.500000,1.982477,270.388771
193.111,298.664903,65.846046,-1.500000,-19.469020,271.027617
193.142,281.731284,67.152644,-1.500000,-2.199592,271.400324
193.172,277.793902,69.703327,0.985878,2.057228,271.754862
193.202,273.802128,65.827923,1.500000,6.378420,272.120475
193.228,288.076553,69.997763,-1.500000,-7.615594,272.431696
193.259,273.033328,61.703353,1.500000,7.772249,272.814182
193.284,279.025481,77.493882,1.500000,2.055216,273.119530
193.318,289.527428,64.636813,-1.500000,-8.069327,273.538403
193.353,280.113513,65.257910,0.220975,1.726454,273.962228
193.383,280.057893,61.236283,1.500000,2.125180,274.343033
193.417,284.303481,68.148754,-0.443636,-1.737337,274.768195
193.446,297.740249,68.937771,-1.500000,-14.846151,275.132185
193.480,292.273706,69.999594,-1.500000,-8.991940,275.562448
193.513,292.243220,68.330965,-1.500000,-8.591816,275.972702
193.549,291.300871,70.625696,-1.500000,-7.224148,276.444753
193.579,273.720559,71.421785,1.500000,10.703055,276.829761
193.612,278.110469,72.105119,1.500000,6.690830,277.248944
193.647,290.546630,63.600311,-1.500000,-5.337117,277.702012
193.677,273.977251,64.237752,1.500000,11.590995,278.100162
193.709,280.085571,65.720012,1.500000,5.859917,278.518855
193.738,280.458154,65.461967,1.500000,5.827880,278.896819
193.772,286.057677,67.622285,1.500000,0.637179,279.350561
193.805,293.144558,66.455215,-1.500000,-6.043838,279.801021
193.839,293.692097,69.333568,-1.500000,-6.186719,280.250141
193.875,290.613856,64.650623,-1.500000,-2.673412,280.733013
193.909,284.457722,72.663526,1.500000,3.905868,281.202652
193.944,288.972095,69.110089,1.500000,-0.185862,281.671735
193.966,297.301301,69.364428,-1.500000,-8.235875,281.981605
194.006,305.702763,65.204494,-1.500000,-16.142548,282.530760
194.032,295.725320,69.659267,-1.500000,-5.849033,282.881562
194.074,278.202050,67.493374,1.500000,12.200769,283.465948
194.103,296.211837,64.747117,-1.500000,-5.441391,283.873970
194.134,285.400943,62.924453,1.500000,5.758572,284.305788
194.163,277.909806,62.586286,1.500000,13.610937,284.706708
194.197,298.875482,62.585412,-1.500000,-6.914431,285.195396
194.228,291.464716,68.011860,-0.800974,0.880703,285.621996
194.260,294.645010,68.800771,-1.500000,-1.889970,286.076626
194.293,281.739627,71.078288,1.500000,11.450128,286.559107
194.325,283.718059,66.021163,1.500000,9.880107,287.012393
194.354,288.894706,70.900678,1.500000,5.084575,287.435384
194.391,299.196047,68.476080,-1.500000,-4.745506,287.958426
194.420,293.189779,71.096658,0.122054,1.644588,288.384425
194.452,288.201201,69.842695,1.500000,7.046812,288.843521
194.484,302.664569,67.644611,-1.500000,-6.985517,289.321922
194.516,296.381001,60.872034,-1.500000,-0.289242,289.779976
194.546,286.152686,68.983619,1.500000,10.333606,290.217860
194.580,293.247237,66.233446,1.500000,3.702725,290.732478
194.613,299.796439,65.254045,-1.421820,-2.418008,291.208026
194.646,298.910653,67.814573,-1.500000,-1.090281,291.698526
194.680,295.067007,68.091953,1.500000,3.213490,292.209208
194.709,298.756462,63.302963,1.500000,-0.085931,292.642099
194.740,300.522626,64.667296,-0.231491,-1.432908,293.107345
194.772,295.972759,59.754962,1.500000,3.543915,293.581214
194.804,314.966834,68.607261,-1.500000,-15.012718,294.066721
194.841,306.247580,63.388579,-1.500000,-5.790427,294.625032
194.870,297.411621,69.679483,1.500000,3.440537,295.063439
194.905,310.070074,68.695615,-1.500000,-8.728912,295.606174
194.941,293.203002,66.894339,1.500000,8.621163,296.142247
194.972,302.057648,63.739642,1.500000,0.204516,296.628373
195.008,307.611759,64.896695,-1.500000,-4.857478,297.174562
195.038,312.027670,68.604465,-1.500000,-8.865206,297.627596
195.067,305.587933,67.694831,-1.500000,-2.012521,298.085918
195.097,304.491596,71.258197,-1.500000,-0.498546,298.549445
195.132,298.594072,68.225657,1.500000,5.888399,299.092642
195.165,297.391374,66.142604,1.500000,7.539568,299.590391
195.199,298.139897,67.601767,1.500000,7.272197,300.124411
195.234,302.086410,61.442693,1.500000,3.822733,300.676075
195.266,309.728566,62.650649,-1.500000,-3.369986,301.174894
195.297,313.849136,71.371847,-1.500000,-7.061677,301.650899
195.325,315.730660,70.122253,-1.500000,-8.541567,302.096663
195.356,303.847526,64.629621,1.500000,3.787219,302.591282
195.385,306.718091,64.576393,1.500000,1.323464,303.042792
195.417,316.523612,63.438123,-1.500000,-8.032176,303.542104
195.449,305.513383,67.573267,1.500000,3.437307,304.051820
195.482,326.227292,65.698576,-1.500000,-16.806640,304.573421
195.516,314.063925,68.284562,-1.500000,-4.160223,305.109547
195.553,295.907077,64.986020,1.500000,14.520650,305.691151
195.584,314.802976,70.491883,-1.500000,-3.919377,306.197113
195.625,298.211005,68.147243,1.500000,13.252244,306.840454
195.658,301.341281,60.947029,1.500000,10.594787,307.365225
195.690,308.180564,66.469053,1.500000,4.226961,307.888486
195.716,321.063207,64.851001,-1.500000,-8.288526,308.295983
195.748,306.381039,71.220375,1.500000,6.858126,308.811504
195.782,321.540098,71.383337,-1.500000,-7.809034,309.357452
195.811,320.372806,62.658357,-1.500000,-6.214797,309.831309
195.844,304.278650,67.046292,1.500000,10.355763,310.360059
195.885,326.211547,62.502599,-1.500000,-10.989337,311.012441
195.915,324.332231,65.204169,-1.500000,-8.665276,311.506055
195.947,318.674395,66.044313,-1.500000,-2.554891,312.008328
195.981,306.573966,74.658617,1.500000,10.051871,312.570296
196.013,316.528857,64.110180,1.500000,0.553777,313.077285
196.041,306.637626,67.710378,1.500000,10.857941,313.535591
196.076,318.017361,55.680253,1.479864,-0.016614,314.096279
196.107,318.098088,67.448988,1.500000,0.367483,314.612176
196.144,329.274709,67.253153,-1.500000,-10.268336,315.212402
196.173,324.071024,71.444910,-1.500000,-4.646029,315.677020
196.198,339.358436,69.449925,-1.500000,-19.572607,316.077502
196.235,321.215641,63.014017,-1.500000,-0.887266,316.679661
196.266,318.462942,72.417206,1.297504,2.315125,317.178765
196.299,318.959054,63.886144,1.500000,2.314481,317.728673
196.330,311.139928,71.151220,1.500000,10.581688,318.225990
196.362,325.795757,66.512017,-1.500000,-3.610988,318.740032
196.393,337.351748,64.020192,-1.500000,-14.701465,319.256696
196.429,337.507912,71.054804,-1.500000,-14.338548,319.832813
196.463,336.336409,65.983930,-1.500000,-12.664469,320.390610
196.498,313.874031,67.368162,1.500000,10.315901,320.965519
196.525,317.793938,65.330162,1.500000,6.790852,321.403762
196.553,320.705863,63.723463,1.500000,4.291105,321.861230
196.592,321.852388,71.719729,1.500000,3.710290,322.489098
196.616,334.500706,71.149619,-1.500000,-8.584918,322.881008
196.650,332.967417,67.144603,-1.500000,-6.557935,323.428947
196.680,323.278616,71.556981,1.500000,3.579027,323.926352
196.714,329.675602,68.788788,-0.941905,-2.323086,324.475601
196.746,328.804776,69.026690,-1.500000,-0.980135,324.999602
196.785,326.465577,65.474685,0.757110,1.924130,325.626756
196.817,326.978111,71.058324,1.500000,1.882996,326.149952
196.850,323.963793,68.458953,1.500000,5.382689,326.688659
196.882,346.377195,65.986408,-1.500000,-16.564328,327.206290
196.912,338.765997,65.859079,-1.500000,-8.510740,327.697289
196.944,332.709359,66.278809,-1.500000,-1.993302,328.208720
196.973,331.385076,73.694203,-1.500000,-0.233380,328.692227
197.004,315.792587,68.998015,1.500000,15.806744,329.189047
197.041,323.254558,64.636231,1.500000,8.875384,329.777960
197.071,332.734201,67.988394,1.313782,-0.154061,330.277625
197.104,329.162087,72.738793,1.500000,3.886142,330.797146
197.136,345.824825,72.674474,-1.500000,-12.311641,331.313190
197.173,334.572762,77.104994,-1.500000,-0.509958,331.923201
197.205,332.251532,64.408136,1.235335,2.263675,332.425313
197.237,329.346763,68.894146,1.500000,5.640849,332.949625
197.269,332.541742,68.595165,1.500000,2.908790,333.463410
197.298,343.440553,65.503347,-1.500000,-7.570148,333.929417
197.329,335.322767,66.942613,-0.670478,0.988700,334.418942
197.362,341.110523,68.428310,-1.500000,-4.322102,334.948303
197.399,342.208004,65.624686,-1.500000,-4.892729,335.533047
197.451,334.930613,73.380433,1.500000,3.135026,336.365858
197.478,343.880034,68.906541,-1.500000,-5.425394,336.797603
197.510,337.036075,64.763958,0.396215,1.871480,337.300282
197.542,344.487198,66.273584,-1.500000,-5.119813,337.810638
197.586,317.075261,67.918035,1.500000,22.928022,338.516408
197.615,348.267241,71.007474,-1.500000,-7.853528,338.971935
197.642,342.909126,71.887069,-1.500000,-2.111917,339.397568
197.673,340.641064,70.208067,-0.778844,0.596769,339.886607
197.700,313.128989,69.248361,1.500000,28.487439,340.306801
197.730,310.726820,67.282466,1.500000,31.314815,340.778729
197.763,330.564975,69.128884,1.500000,11.942040,341.295245
197.793,325.678523,62.823996,1.500000,17.245764,341.758365
197.830,339.927688,66.639315,1.500000,3.513950,342.332562
197.855,334.072850,63.993574,1.500000,9.730847,342.734404
197.892,333.518230,68.261696,1.500000,10.802379,343.308112
197.927,346.402210,73.709034,-0.438138,-1.603926,343.838274
197.957,356.741721,72.957072,-1.500000,-11.522666,344.305277
197.988,336.634989,65.475157,1.500000,9.010555,344.778628
198.020,354.282607,66.793981,-1.500000,-8.189868,345.274960
198.055,362.752487,70.303510,-1.500000,-16.176057,345.811797
198.084,364.414466,66.155646,-1.500000,-17.433128,346.261197
198.117,356.329823,67.055788,-1.500000,-8.899017,346.760050
198.147,351.309862,67.485989,-1.500000,-3.464003,347.220709
198.181,333.388408,67.009939,1.500000,14.911714,347.724885
198.212,344.759553,66.572560,1.500000,3.965023,348.195977
198.247,352.575483,65.957809,-1.500000,-3.368132,348.731799
198.280,355.397600,69.026268,-1.500000,-5.753745,349.216265
198.312,335.166637,64.141990,1.500000,14.913249,349.700207
198.344,345.859016,68.350530,1.500000,4.652020,350.178730
198.379,371.379672,67.238760,-1.500000,-20.407903,350.690088
198.414,341.595404,72.373759,1.500000,9.850899,351.216763
198.447,344.533293,66.489380,1.500000,7.350448,351.702265
198.481,362.920344,68.357181,-1.500000,-10.592065,352.195649
198.513,373.378063,65.805644,-1.500000,-20.615174,352.678012
198.543,337.435654,60.299727,1.500000,15.713100,353.106275
198.572,354.253565,68.922396,0.986186,-0.727424,353.525129
198.606,369.549852,67.723075,-1.500000,-15.578942,354.018768
198.636,357.821354,67.704400,-1.500000,-3.455900,354.456663
198.674,339.870623,67.364896,1.500000,14.981869,354.997217
198.706,342.863316,66.490721,1.500000,12.403285,355.456826
198.740,353.596678,69.198886,1.500000,2.115337,355.951183
198.772,362.083699,71.251797,-1.500000,-5.967053,356.400273
198.800,356.284099,64.525388,-1.500000,0.191152,356.798281
198.836,362.292930,65.411810,-1.500000,-5.363565,357.302291
198.865,353.681428,68.573888,1.500000,3.616353,357.711189
198.893,354.558796,68.987104,1.500000,3.084573,358.094750
198.924,357.496370,67.789699,1.500000,0.540941,358.531977
198.956,369.629213,70.456362,-1.500000,-11.196149,358.971214
198.994,372.288546,64.383099,-1.500000,-13.376450,359.502880
199.032,377.946958,64.628398,-1.500000,-18.565864,360.023412
199.059,358.118708,62.176913,0.418835,1.587951,360.384749
199.095,369.212095,68.876235,-1.500000,-9.057226,360.882207
199.128,334.152739,68.236455,1.500000,26.401120,361.325038
199.157,350.874745,65.649557,1.500000,10.031793,361.716468
199.186,362.823737,65.550359,-0.400581,-1.572845,362.098659
199.216,353.984664,66.299189,1.500000,7.621452,362.492915
199.250,367.150984,67.647659,-1.500000,-5.138250,362.944211
199.290,362.592807,65.540471,-1.500000,-0.107744,363.468438
199.316,364.731713,66.592190,-1.500000,-1.933919,363.815531
199.353,361.782906,66.433980,0.245492,1.444495,364.292342
199.381,357.505914,68.043847,1.500000,6.047817,364.654530
199.416,355.287173,66.161737,1.500000,8.668047,365.100133
199.449,359.427302,66.238279,1.500000,4.909168,365.523274
199.477,364.300174,65.151552,1.500000,0.364754,365.887823
199.509,378.064516,74.861659,-1.500000,-13.041946,366.284761
199.542,353.609311,63.111160,1.500000,11.784975,366.697320
199.577,376.971061,67.236579,-1.500000,-11.178233,367.139654
199.609,375.125396,66.962759,-1.500000,-8.971981,367.539862
199.646,356.553577,58.974058,1.500000,10.003999,367.988430
199.682,382.401742,67.235610,-1.500000,-15.446335,368.429974
199.713,392.154748,68.881410,-1.500000,-24.855715,368.811358
199.742,375.218223,67.632034,-1.500000,-7.613110,369.151068
199.772,366.571066,68.210313,0.140689,1.357761,369.510352
199.807,347.630767,64.105526,1.500000,20.674556,369.928217
199.838,365.177979,68.537341,1.500000,3.460239,370.297689
199.870,358.382123,69.399938,1.500000,10.588360,370.666463
199.902,380.879811,62.849780,-1.500000,-11.570117,371.042945
199.937,374.186359,75.549325,-1.500000,-4.512000,371.447679
199.969,347.989902,66.669576,1.500000,22.013771,371.813177
200.005,370.018481,66.427029,1.500000,0.350715,372.218863
200.033,374.046390,66.494649,-1.500000,-3.385440,372.542675
200.062,361.063131,68.058680,1.500000,9.891213,372.868307
200.098,373.364300,64.715975,-0.614117,-2.051812,373.265802
200.134,372.525336,67.153048,-1.500000,-0.857654,373.660025
200.161,378.629435,63.875789,-1.500000,-6.691076,373.960443
200.193,372.378681,59.631434,-1.500000,-0.136266,374.297908
200.228,369.160388,67.731967,1.500000,3.428716,374.682690
200.266,365.140897,70.860333,1.500000,7.803703,375.077248
200.298,395.776280,65.343774,-1.500000,-22.524259,375.418448
200.334,371.478481,67.176083,0.684574,2.110122,375.792011
200.358,368.703284,66.297722,1.500000,5.114115,376.045948
200.395,377.238391,65.422667,-1.500000,-3.081606,376.422625
200.429,364.288635,72.386948,1.500000,10.177214,376.765649
200.461,386.226216,67.506177,-1.500000,-11.472570,377.085067
200.491,357.015390,64.676345,1.500000,18.008039,377.384494
200.521,363.615915,67.889290,1.500000,11.677039,377.683634
200.553,380.246750,62.536737,-1.500000,-4.668281,378.000520
200.594,362.883969,66.444413,1.500000,13.043430,378.387791
200.620,369.334175,68.011302,1.500000,6.821569,378.641225
200.663,373.972665,63.626472,1.500000,2.551396,379.050012
200.685,393.223372,57.417610,-1.500000,-16.519376,379.249719
200.720,375.387406,68.586057,0.081912,1.611367,379.576884
200.746,410.047252,70.427960,-1.500000,-32.833003,379.816036
200.785,398.105671,74.618982,-1.500000,-20.577177,380.164810
200.814,383.371940,65.940379,-1.500000,-5.604847,380.429626
200.846,395.081686,65.200594,-1.500000,-17.064554,380.707139
200.880,391.486368,63.612165,-1.500000,-13.198195,381.007962
200.916,383.779964,61.559610,-1.500000,-5.214376,381.315858
200.960,361.723601,72.797102,1.500000,17.177539,381.688280
200.987,369.400595,68.679449,1.500000,9.703058,381.913045
201.032,373.615611,63.086570,1.500000,5.823774,382.285666
201.057,380.940325,66.903764,-0.091618,-1.317151,382.489649
201.096,374.804837,66.540860,1.500000,5.099382,382.801575
201.126,366.883390,70.086800,1.500000,13.235396,383.039718
201.149,372.017467,68.865584,1.500000,8.265936,383.222423
201.176,397.369296,65.900161,-1.500000,-16.898722,383.430160
201.203,382.777856,62.893466,-1.500000,-2.116094,383.642355
201.232,396.169418,64.525766,-1.500000,-15.310828,383.860810
201.266,376.104765,63.725106,1.500000,4.980908,384.112845
201.297,394.655472,64.524642,-1.500000,-13.366831,384.338114
201.328,385.226403,68.803072,-1.500000,-3.733226,384.565124
201.360,385.706232,62.002862,-1.500000,-4.006536,384.794336
201.395,379.653301,68.355434,1.236278,2.264455,385.036355
201.432,375.117157,73.667868,1.500000,7.029216,385.290093
201.458,369.888637,69.946799,1.500000,12.418287,385.468284
201.489,366.106539,72.396149,1.500000,16.386499,385.674849
201.521,384.702321,66.924808,-0.945796,-2.024057,385.880427
201.551,368.252918,67.740960,1.500000,14.603190,386.077811
201.584,395.473823,65.554792,-1.500000,-12.430071,386.286073
201.620,380.185257,67.242464,1.500000,3.062341,386.512318
201.657,413.289400,67.325772,-1.500000,-29.842657,386.733344
201.690,372.598369,66.952855,1.500000,11.026193,386.930701
201.725,405.843057,75.638109,-1.500000,-22.036914,387.132235
201.758,369.696232,68.725987,1.500000,14.282062,387.323301
201.787,374.042640,65.070199,1.500000,10.080747,387.484336
201.814,399.317259,69.840697,-1.500000,-15.059164,387.633846
201.846,402.555576,67.430025,-1.500000,-18.142768,387.805558
201.880,423.829758,59.824889,-1.500000,-39.255324,387.984943
201.911,398.705405,65.031135,-1.500000,-13.984831,388.147141
201.944,372.486962,74.064292,1.500000,12.380012,388.309627
201.976,390.466415,67.617595,-1.500000,-5.455531,388.469349
202.008,402.234717,67.002198,-1.500000,-17.089368,388.618590
202.043,371.394822,64.736112,1.500000,13.898737,388.783084
202.082,397.835897,63.790001,-1.500000,-12.382797,388.960155
202.110,380.601248,60.523743,1.500000,4.961505,389.081857
202.141,387.999157,68.861170,-0.930420,-2.313581,389.218176
202.172,379.496876,62.576154,1.500000,6.304163,389.346325
202.204,385.340108,66.007871,1.500000,0.576738,389.474857
202.371,393.802814,63.284035,-1.500000,-7.334109,390.087353
202.392,381.824537,71.102180,1.500000,4.707097,390.157197
202.421,388.892041,66.112189,-0.883948,-2.275121,390.251853
202.447,388.895370,64.841278,-1.500000,-2.206539,390.331666
202.475,382.355518,63.756338,1.500000,4.410982,390.417869
202.504,386.513355,65.564421,1.500000,0.327380,390.500261
202.532,396.012308,69.318756,-1.500000,-9.100585,390.579049
202.566,378.473495,65.460399,1.500000,8.520377,390.670224
202.595,387.614140,73.065556,1.196551,-0.553329,390.744519
202.627,397.597144,60.750089,-1.500000,-10.466770,390.821726
202.670,370.123175,70.726685,1.500000,17.095855,390.920122
202.700,373.002659,69.738745,1.500000,14.273883,390.983953
202.733,394.116559,66.394020,-1.500000,-6.779533,391.051084
202.762,417.349717,66.367302,-1.500000,-29.964275,391.104818
202.792,387.295110,67.388803,-1.332267,0.138763,391.158572
202.829,392.016169,70.167890,-1.500000,-4.526479,391.220521
202.859,384.441113,66.782033,1.500000,3.089158,391.265561
202.891,366.276541,72.408138,1.500000,21.294071,391.310336
202.925,380.474595,63.791830,1.500000,7.134700,391.353269
202.957,403.102460,72.106904,-1.500000,-15.460076,391.389994
202.990,391.253194,59.668129,-1.500000,-3.580442,391.423698
203.025,390.855002,69.073098,-1.500000,-3.154754,391.454215
203.056,383.542632,68.680421,1.500000,4.178318,391.477192
203.088,377.280377,61.961051,1.500000,10.458651,391.497256
203.120,376.935999,68.292288,1.500000,10.817246,391.513035
203.154,397.298666,61.991942,-1.500000,-9.534101,391.525599
203.185,380.839756,68.201664,1.500000,6.931298,391.532801
203.214,380.267237,68.995687,1.500000,7.506885,391.536207
203.246,406.270148,71.244289,-1.500000,-18.496114,391.536109
203.284,369.334656,72.049231,1.500000,18.434490,391.530683
203.318,394.245854,66.042845,-1.500000,-6.485431,391.521003
203.349,403.571445,71.226139,-1.500000,-15.822778,391.507954
203.381,405.526768,64.670281,-1.500000,-17.793570,391.490786
203.412,384.608237,69.040351,1.500000,3.106706,391.470525
203.443,399.876624,68.554140,-1.500000,-12.183861,391.445908
203.475,407.290884,68.231555,-1.500000,-19.624522,391.416606
203.513,401.119828,67.391635,-1.500000,-13.489134,391.377018
203.544,390.719832,64.143312,-1.500000,-3.123202,391.339212
203.580,363.176918,69.039310,1.500000,24.377360,391.292206
203.615,369.098421,70.851999,1.500000,18.410318,391.241663
203.654,382.077953,66.141355,1.500000,5.374052,391.178695
203.676,397.647112,65.161910,-1.500000,-10.230621,391.139279
203.705,385.114516,67.824897,0.859759,2.255103,391.087257
203.740,391.193107,68.602565,-1.500000,-3.885102,391.018874
203.773,377.771108,64.582914,1.500000,9.474258,390.949351
203.803,389.872653,64.433916,-1.383195,-2.688291,390.881645
203.841,387.345636,63.744805,-1.500000,-0.240498,390.793715
203.872,375.325417,64.255713,1.500000,11.709851,390.716169
203.905,360.962055,67.984672,1.500000,25.995356,390.629757
203.938,377.258497,72.277258,1.500000,9.615325,390.536983
203.964,365.349409,63.328977,1.500000,21.458806,390.464168
203.998,380.545822,69.506585,1.500000,6.170254,390.361905
204.029,373.285167,62.677624,1.500000,13.345422,390.267025
204.062,371.854075,68.048642,1.500000,14.677653,390.157301
204.096,424.842470,71.503058,-1.500000,-38.411984,390.044935
204.128,406.155287,67.147368,-1.500000,-19.827522,389.930927
204.165,394.847600,71.575099,-1.500000,-8.640822,389.796646
204.195,394.228141,71.378341,-1.500000,-8.123398,389.683399
204.226,405.575305,69.192157,-1.500000,-19.578600,389.563490
204.257,414.002480,62.371080,-1.500000,-28.116460,389.440644
204.289,393.034533,65.676839,-1.500000,-7.271268,389.304400
204.325,351.890755,69.293174,1.500000,33.735940,389.152824
204.355,356.495609,68.297455,1.500000,29.011851,389.020489
204.388,396.234721,63.646422,-1.500000,-10.861958,388.870991
204.420,380.348682,70.031818,1.500000,4.890502,388.722735
204.457,385.771574,66.544091,1.031020,-0.690320,388.547452
204.483,368.404470,70.326048,1.500000,16.558434,388.416098
204.525,384.442787,72.461910,1.500000,0.332688,388.208074
204.547,382.372592,64.788524,1.500000,2.297076,388.090642
204.596,401.008764,66.380334,-1.500000,-16.572078,387.832060
204.615,401.527581,65.697529,-1.500000,-17.184086,387.728629
204.649,394.612622,61.908335,-1.500000,-10.435868,387.543568
204.680,396.618835,66.657294,-1.500000,-12.603391,387.364533
204.715,373.687550,60.341747,1.500000,10.146356,387.163048
204.748,381.387882,65.210346,1.500000,2.267189,386.964563
204.776,378.356604,67.639344,1.500000,5.150773,386.800640
204.811,417.400872,68.219121,-1.500000,-34.092047,386.580271
204.844,405.684251,68.280038,-1.500000,-22.562429,386.372721
204.881,405.050255,68.445185,-1.500000,-22.138167,386.139943
204.914,387.998758,67.978777,-1.500000,-5.283858,385.921088
204.943,356.450920,70.260530,1.500000,26.093261,385.731611
204.971,398.806404,71.163303,-1.500000,-16.437107,385.537511
205.003,375.746469,68.931222,1.500000,6.428001,385.321277
205.036,397.529269,67.912123,-1.500000,-15.568003,385.084645
205.072,386.357724,70.152602,-1.500000,-4.629006,384.826547
205.106,363.416597,63.793476,1.500000,18.093830,384.584270
205.140,358.758489,69.379245,1.500000,22.525681,384.333152
205.171,366.844338,65.952350,1.500000,14.224652,384.094329
205.203,366.256948,71.556494,1.500000,14.592453,383.850611
205.236,372.154014,64.555784,1.500000,8.466482,383.596556
205.264,409.675247,62.835488,-1.500000,-29.251116,383.378614
205.293,381.540255,77.566104,-1.500000,-1.329359,383.141949
205.328,390.878127,62.803971,-1.500000,-10.916951,382.864790
205.364,381.360739,73.659940,-1.500000,-1.671443,382.563037
205.394,366.275898,61.039073,1.500000,13.188845,382.313810
205.434,374.561524,69.879162,1.500000,4.600202,381.977498
205.463,368.372615,63.535273,1.500000,10.562822,381.726346
205.496,366.550454,68.699069,1.500000,12.127205,381.440244
205.531,366.204791,73.740497,1.500000,12.197511,381.134630
205.554,378.998559,69.791623,0.548383,-0.787494,380.922380
205.589,399.517128,66.286452,-1.500000,-21.591780,380.605271
205.620,401.776359,62.702208,-1.500000,-24.100561,380.328299
205.657,388.301897,65.051549,-1.500000,-10.937873,379.982268
205.694,381.367180,64.077134,-1.500000,-4.319505,379.631160
205.726,380.655579,66.575282,-1.500000,-3.878737,379.330569
205.757,378.902406,65.055593,-1.500000,-2.397187,379.029101
205.785,374.212107,68.361136,0.974489,2.047803,378.756837
205.816,345.636377,63.833136,1.500000,30.349932,378.453172
205.848,387.717965,67.599632,-1.500000,-12.015753,378.137861
205.880,373.451200,65.718681,0.499832,1.957232,377.811800
205.913,363.802705,70.515899,1.500000,11.308337,377.481733
205.943,383.773281,70.475437,-1.500000,-8.944906,377.168007
205.980,362.963143,65.164260,1.500000,11.522619,376.787750
206.013,391.265644,73.079634,-1.500000,-17.094445,376.438623
206.045,389.717746,70.047233,-1.500000,-15.855446,376.095782
206.076,351.443887,67.483414,1.500000,22.119231,375.763727
206.108,354.415887,63.013490,1.500000,18.832757,375.414700
206.139,377.395595,67.963344,-1.500000,-4.452096,375.076025
206.176,344.651339,68.993531,1.500000,27.924982,374.668503
206.208,362.995423,62.416112,1.500000,9.263062,374.315743
206.240,364.711457,66.479516,1.500000,7.218043,373.950610
206.272,366.098707,65.359549,1.500000,5.510592,373.595227
206.304,358.720862,65.480802,1.500000,12.554969,373.225118
206.336,373.206093,67.240947,-1.239564,-2.267175,372.851186
206.368,375.799564,73.022378,-1.500000,-5.198033,372.476727
206.403,382.770522,68.787077,-1.500000,-12.536704,372.068610
206.438,377.031320,68.604901,-1.500000,-7.169298,371.655962
206.465,372.059254,64.992034,-1.500000,-2.493289,371.327375
206.498,355.934904,67.438270,1.500000,13.275622,370.932881
206.540,374.165356,73.792469,-1.500000,-5.417985,370.418835
206.573,341.698979,69.450730,1.500000,26.681799,370.011962
206.606,367.705610,68.021009,1.500000,0.303131,369.599047
206.641,378.207400,59.621508,-1.500000,-10.595202,369.158933
206.666,352.402370,62.256937,1.500000,14.929184,368.847452
206.702,367.028070,62.614761,1.500000,-0.110482,368.388000
206.729,369.715778,68.223281,-1.500000,-3.102050,368.050752
206.767,361.383210,63.349234,1.500000,4.780767,367.551585
206.797,384.880669,64.890862,-1.500000,-19.061511,367.168876
206.829,368.412886,65.815936,-1.500000,-2.968878,366.752505
206.859,372.403611,73.976540,-1.500000,-7.315754,366.357222
206.894,363.642084,67.665966,-0.264207,1.022675,365.887635
206.928,366.904390,68.404705,-1.500000,-2.647681,365.434749
206.960,342.623148,64.902664,1.500000,21.240689,364.998709
206.996,353.872628,68.242646,1.500000,9.554217,364.513701
207.027,342.458524,66.502039,1.500000,20.587594,364.091141
207.063,355.845424,67.675848,1.500000,6.756338,363.597961
207.089,372.094446,71.135444,-1.500000,-9.815236,363.239966
207.124,364.860059,66.007971,-1.500000,-3.016595,362.756341
207.158,362.406721,69.175249,-1.500000,-0.996627,362.275354
207.195,338.044271,63.203940,1.500000,22.898955,361.757187
207.221,335.236506,63.490875,1.500000,25.369639,361.383069
207.253,355.417455,69.489070,1.500000,4.784933,360.934948
207.285,370.887362,71.662388,-1.500000,-11.097844,360.476712
207.316,366.963260,65.776059,-1.500000,-7.587208,360.017816
207.347,348.651366,66.057347,1.500000,10.320025,359.568692
207.379,361.051614,64.789738,-1.153858,-2.498495,359.104461
207.410,361.268727,62.196317,-1.500000,-3.128294,358.646430
207.442,355.452690,63.106197,1.202017,2.270975,358.183868
207.480,343.828173,62.760745,1.500000,13.384231,357.616431
207.512,365.019529,72.284534,-1.500000,-8.238508,357.137647
207.544,357.061188,67.450968,-1.500000,-0.712415,356.657906
207.576,342.020884,69.361581,1.500000,13.893163,356.175413
207.608,349.927469,67.819774,1.500000,5.547954,355.688594
207.640,355.718177,70.634588,0.687326,-0.672507,355.211619
207.671,353.306489,75.062686,1.500000,1.307312,354.732298
207.708,367.700652,74.374491,-1.500000,-13.600628,354.162069
207.742,365.450164,65.671667,-1.500000,-11.819535,353.641098
207.772,354.169433,65.057734,-1.500000,-0.961409,353.172058
207.805,351.407903,61.687089,0.112973,1.334824,352.655635
207.843,339.166263,67.477926,1.500000,13.043140,352.063710
207.872,327.013367,70.227874,1.500000,24.790452,351.613561
207.899,352.626952,64.172688,0.029698,-1.216751,351.176693
207.930,347.295816,69.152573,1.500000,3.671651,350.685313
207.961,369.787379,64.818461,-1.500000,-19.267088,350.189001
207.992,346.898240,70.289314,1.500000,3.181844,349.700425
208.029,349.981721,70.918414,1.341069,-0.433727,349.109871
208.062,367.851311,63.119866,-1.500000,-18.790462,348.569199
208.093,373.939740,63.371809,-1.500000,-25.337647,348.060037
208.129,379.918124,65.957516,-1.500000,-31.829940,347.489660
208.165,354.181362,61.151122,-1.500000,-6.631873,346.891774
208.194,352.204198,72.679058,-1.500000,-5.087594,346.411325
208.224,351.334699,73.418612,-1.500000,-4.657696,345.923422
208.255,336.280352,62.631058,1.500000,9.943129,345.420068
208.285,335.713750,66.104641,1.500000,10.056161,344.916660
208.315,353.716101,64.576195,-1.500000,-8.402456,344.410260
208.348,337.619692,71.368032,1.500000,7.201294,343.863469
208.380,332.982499,69.897638,1.500000,11.363919,343.336758
208.418,336.054768,66.000707,1.500000,7.714406,342.696087
208.453,354.392101,70.218540,-1.500000,-11.165965,342.093380
208.489,335.356916,69.851335,1.500000,7.330477,341.495442
208.516,342.153996,61.121619,1.500000,0.116419,341.032647
208.547,347.791589,68.815058,-1.500000,-6.003017,340.497860
208.581,342.920190,69.176860,-1.500000,-1.642538,339.930802
208.610,358.821314,64.839766,-1.500000,-17.995584,339.429223
208.643,354.606786,69.018182,-1.500000,-14.295322,338.858451
208.679,334.839208,61.186245,1.500000,4.916689,338.241839
208.712,339.718897,62.639930,1.281129,-0.483333,337.664333
208.745,333.194087,67.878094,1.500000,5.530248,337.096932
208.781,345.837192,70.427798,-1.500000,-7.668129,336.480647
208.813,338.993816,72.577880,-1.500000,-1.329277,335.920687
208.841,334.826099,64.578587,1.387182,2.389342,335.422243
208.871,344.515031,63.241045,-1.500000,-7.769420,334.900789
208.901,317.647947,72.847692,1.500000,18.616187,334.366409
208.941,336.090146,74.007922,1.327147,-0.445249,333.679130
208.972,346.188496,72.218301,-1.500000,-11.050289,333.116767
209.006,318.352746,66.054302,1.500000,16.256554,332.529745
209.041,326.181154,66.617614,1.500000,7.869193,331.909375
209.073,345.284430,69.534162,-1.500000,-11.748680,331.338235
209.097,335.343072,68.695699,-1.500000,-2.196651,330.906128
209.133,343.390398,64.081267,-1.500000,-10.815033,330.272325
209.161,327.583482,70.835163,1.500000,4.543326,329.774481
209.194,328.141052,65.391981,1.500000,3.452580,329.182722
209.228,337.957816,71.336366,-1.500000,-6.920448,328.565337
209.273,352.294950,65.921263,-1.500000,-21.986104,327.756766
209.302,329.989714,68.194753,-1.500000,-0.144450,327.242246
209.343,311.237533,59.229350,1.500000,17.929346,326.489323
209.373,327.100287,62.609746,1.500000,1.582957,325.952546
209.400,331.030793,65.228888,-1.500000,-2.789006,325.462582
209.432,323.045877,71.546920,1.500000,4.668157,324.876841
209.466,324.091836,68.837063,1.500000,3.078589,324.273501
209.497,330.377282,65.660879,-1.500000,-3.717922,323.706282
209.532,340.626350,66.302971,-1.500000,-14.539885,323.070438
209.563,314.495172,70.026499,1.500000,11.081289,322.504396
209.599,325.657713,67.877477,1.054398,-0.670973,321.849879
209.631,321.789301,69.678479,1.500000,2.667053,321.261214
209.662,329.679243,65.965121,-1.500000,-5.740573,320.686648
209.697,324.462223,62.724209,-1.500000,-1.086040,320.062356
209.727,319.778303,65.993360,1.500000,3.092803,319.501782
209.761,331.703500,63.069529,-1.500000,-9.384175,318.889373
209.791,315.920364,67.791799,1.500000,5.900148,318.335751
209.820,325.111883,67.189044,-1.500000,-3.780798,317.792548
209.854,335.137559,63.610951,-1.500000,-14.359527,317.178727
209.890,299.718250,61.757444,1.500000,20.460655,316.513768
209.926,311.778586,70.148732,1.500000,7.805400,315.853481
209.961,323.542677,66.048896,-1.500000,-4.543656,315.204241
209.994,310.176292,65.344154,1.500000,8.275194,314.596543
210.022,319.135843,67.189354,0.463935,-1.159632,314.069047
210.055,323.882711,65.502794,-1.500000,-6.453460,313.461988
210.083,325.117117,65.597405,-1.500000,-8.154023,312.944611
210.117,309.528215,70.658922,1.500000,6.880653,312.329488
210.147,312.937596,61.117231,1.500000,2.964206,311.766706
210.186,316.174147,63.348337,0.377647,-0.928794,311.038128
210.220,315.191361,61.942378,-0.379906,-0.513914,310.407821
210.252,317.362315,66.696559,-1.500000,-3.217297,309.816890
210.284,322.035415,64.066903,-1.500000,-8.419914,309.229191
210.316,320.831153,71.948052,-1.500000,-7.750029,308.636098
210.342,302.886005,65.103157,1.500000,9.769417,308.163620
210.382,303.329393,61.610201,1.500000,8.655570,307.419492
210.411,313.792465,70.504940,-1.262204,-2.285911,306.888517
210.446,292.331751,71.708052,1.500000,18.592541,306.242277
210.477,304.039564,64.059138,1.500000,6.368714,305.669565
210.507,304.999629,71.212703,1.500000,4.903302,305.108692
210.541,316.436048,65.536423,-1.500000,-7.096706,304.483176
210.571,312.183180,71.549447,-1.500000,-3.350719,303.920601
210.602,306.937823,66.851296,0.179365,1.389769,303.360257
210.635,306.788787,64.425167,1.500000,0.976434,302.736094
210.671,318.251243,67.738455,-1.500000,-11.074814,302.082606
210.706,300.808565,63.553201,1.500000,5.791447,301.442855
210.740,310.313065,64.585010,-1.500000,-4.293009,300.799175
210.769,309.828751,76.228972,-1.500000,-4.279870,300.276227
210.801,309.250149,67.517355,-1.500000,-4.228838,299.690689
210.832,293.977562,69.077255,1.500000,10.520763,299.110239
210.862,297.538656,68.296437,1.500000,6.472934,298.570023
210.893,302.510960,65.599451,1.500000,0.985636,297.998442
210.925,308.840774,66.764679,-1.500000,-5.878526,297.405382
210.957,304.947277,61.205667,-1.500000,-2.504893,296.828395
210.988,294.587986,68.342425,1.500000,7.331985,296.248581
211.029,302.727374,65.504727,0.082086,-1.475645,295.506913
211.062,303.345036,65.875526,-1.500000,-2.633096,294.907813
211.093,292.939336,72.370127,1.500000,7.260611,294.339563
211.124,295.337710,64.193035,1.500000,4.354922,293.776506
211.157,306.638911,65.687817,-1.500000,-7.491192,293.171719
211.191,300.311770,72.052939,-1.500000,-1.712343,292.563182
211.224,295.714169,68.347379,1.323284,2.336461,291.954084
211.258,296.060216,65.552957,1.500000,1.443669,291.347263
211.293,305.907136,63.828099,-1.500000,-8.979575,290.707615
211.326,297.609353,62.016471,-1.500000,-1.220141,290.110112
211.350,296.157761,68.520793,-1.500000,-0.155464,289.680685
211.386,292.135464,64.829715,1.500000,3.281630,289.031181
211.411,286.081900,64.630862,1.500000,8.932259,288.583972
211.442,293.657381,62.530569,1.500000,0.857548,288.029889
211.476,301.942555,57.754182,-1.500000,-7.972921,287.424678
211.513,296.383863,64.734112,-1.500000,-3.011617,286.761649
211.546,294.904615,59.592897,-1.500000,-2.059771,286.176298
211.586,284.778675,72.099437,1.500000,7.411965,285.450212
211.611,292.173222,67.134136,1.410427,-0.376328,285.013201
211.642,287.311054,66.554247,1.500000,3.993754,284.467045
211.675,300.797314,68.866242,-1.500000,-10.019622,283.882011
211.706,285.016984,65.299578,1.500000,5.272207,283.339835
211.737,303.169662,66.240933,-1.500000,-13.376421,282.789391
211.767,292.837365,66.639829,-1.500000,-3.516334,282.265296
211.799,285.485449,70.014185,1.500000,3.331054,281.705331
211.840,283.315327,69.802389,1.500000,4.862932,280.996957
211.876,295.251808,63.333626,-1.500000,-7.643918,280.363918
211.908,293.200730,63.909748,-1.500000,-6.093231,279.808545
211.939,291.833993,65.010904,-1.500000,-5.219628,279.261226
211.971,279.684667,69.067460,1.500000,6.434155,278.711235
212.003,279.619921,66.559857,1.500000,6.006659,278.164906
212.037,286.361412,69.854616,-0.021635,-1.259233,277.582884
212.067,275.670080,63.338055,1.500000,8.975694,277.076332
212.096,279.263793,64.081573,1.500000,4.928532,276.573058
212.129,295.024485,66.238118,-1.500000,-11.331753,276.018570
212.162,286.366968,69.530548,-1.500000,-3.178393,275.459018
212.200,283.228711,62.904534,-1.500000,-0.620031,274.815405
212.232,279.762059,69.354770,1.354406,2.362217,274.277776
212.268,287.637625,62.964120,-1.500000,-6.068078,273.662095
212.300,271.535648,69.224543,1.500000,9.552278,273.127555
212.333,275.336527,71.462949,1.500000,5.261050,272.583325
212.364,281.451436,67.693096,-0.100628,-1.324608,272.060852
212.394,288.936231,61.451763,-1.500000,-9.252211,271.569389
212.424,271.241957,64.967302,1.500000,7.995484,271.073741
212.458,274.335250,64.274029,1.500000,4.402592,270.519248
212.497,284.914099,66.462554,-1.500000,-6.753085,269.879038
212.528,288.660998,64.689405,-1.500000,-10.953229,269.375993
212.556,274.448450,60.380581,1.500000,2.843215,268.914169
212.593,279.560048,68.819600,-1.500000,-2.805840,268.317656
212.623,274.478063,67.243030,0.362367,1.843468,267.837437
212.655,278.453663,63.120968,-1.500000,-2.598300,267.320048
212.689,275.725739,62.081776,-1.500000,-0.361881,266.774537
212.719,266.241650,74.258671,1.500000,8.700591,266.306594
212.748,267.845811,69.307127,1.500000,6.678591,265.842844
212.783,276.058128,63.951243,-0.960953,-2.036600,265.284714
212.816,270.178717,67.198520,1.500000,3.379186,264.770148
212.848,269.426505,65.926925,1.500000,3.688517,264.278604
212.879,281.775071,69.220042,-1.500000,-9.108054,263.781373
212.911,277.215164,66.218195,-1.500000,-4.990894,263.289978
212.946,274.826718,66.762823,-1.500000,-3.091387,262.747315
212.976,270.692311,67.923937,-0.736167,0.632088,262.291231
213.013,260.957468,66.859771,1.500000,9.863482,261.732463
213.048,267.395300,63.479924,1.500000,2.943635,261.197487
213.075,259.347537,64.301799,1.500000,10.625722,260.791631
213.108,273.869172,70.074108,-1.500000,-4.342519,260.295952
213.144,269.069466,74.499600,-1.500000,-0.034672,259.750049
213.175,268.180479,72.139582,-0.967897,0.440311,259.290555
213.212,261.926116,68.445898,1.500000,6.209165,258.751699
213.242,260.087940,61.630749,1.500000,7.646365,258.306665
213.268,266.889580,73.945030,1.500000,0.498256,257.922127
213.301,273.749026,56.802691,-1.500000,-6.785119,257.451617
213.335,269.837975,62.486696,-1.500000,-3.321836,256.954649
213.364,261.795139,66.127755,1.500000,4.352887,256.546088
213.393,264.125943,68.393440,1.500000,1.641102,256.123246
213.429,275.101439,66.841148,-1.500000,-9.792334,255.614989
213.460,264.502423,64.021401,-1.371333,0.408681,255.173256
213.492,260.869234,70.784606,1.500000,3.637010,254.723911
213.524,264.954378,66.061054,0.821850,-0.850463,254.277376
213.554,271.087448,71.303307,-1.500000,-7.357450,253.862372
213.595,261.112585,70.841290,0.763653,2.107243,253.296147
213.628,262.803722,70.586252,1.059406,0.016750,252.852910
213.660,274.957946,70.473371,-1.500000,-12.534431,252.412336
213.688,268.110705,67.450261,-1.500000,-6.030783,252.030990
213.715,262.339985,58.053308,-1.500000,-0.584774,251.670600
213.746,261.637795,71.852742,-1.500000,-0.248501,251.264478
213.782,256.040453,72.139365,1.500000,4.917544,250.785790
213.817,248.508480,65.153245,1.500000,12.039608,250.330841
213.851,258.365401,63.969250,1.500000,1.782597,249.886791
213.884,261.242289,73.241354,-0.291361,-1.482456,249.455975
213.915,257.726753,66.402019,1.500000,1.670297,249.053330
213.948,268.121287,67.627908,-1.500000,-9.098511,248.637932
213.976,257.143365,62.385679,0.017591,1.558136,248.281354
214.009,259.795463,69.123740,-1.500000,-1.468570,247.865586
214.040,258.116503,58.159866,-1.500000,-0.134602,247.482687
214.076,254.008986,73.435854,1.500000,3.575944,247.042097
214.107,252.585596,73.442546,1.500000,4.650118,246.654511
214.139,254.997585,66.789490,1.500000,1.889276,246.267326
214.177,263.019190,72.222452,-1.500000,-6.539169,245.815783
214.207,261.034932,69.585304,-1.500000,-4.875812,245.459623
214.241,255.913636,70.017803,-1.500000,-0.116669,245.057677
214.273,249.723106,65.566597,1.500000,5.725454,244.670988
214.301,251.936353,64.197133,1.500000,3.223055,244.350065
214.339,254.246900,64.450724,1.500000,0.523119,243.917891
214.368,251.207000,66.599750,1.500000,3.263765,243.585755
214.400,261.590668,73.099280,-1.500000,-7.450061,243.219320
214.431,258.042168,67.490824,-1.500000,-4.216913,242.869318
214.461,255.523397,65.680659,-1.500000,-1.995645,242.539125
214.492,250.252414,64.710716,1.500000,2.970607,242.200911
214.532,260.067229,71.101375,-1.500000,-7.238135,241.763699
214.555,250.973633,73.797951,0.107829,1.632815,241.516591
214.592,257.990799,61.239717,-1.500000,-5.737641,241.124482
214.631,252.018675,61.938054,-1.500000,-0.139253,240.709681
214.665,237.593283,64.019905,1.500000,13.968600,240.357251
214.696,245.005078,65.569713,1.500000,6.266643,240.035207
214.728,252.576152,64.850462,-0.434613,-1.601009,239.706042
214.760,248.591676,71.262266,1.500000,2.093444,239.384151
214.796,254.009360,65.297465,-1.500000,-3.651628,239.020790
214.828,244.422682,67.203576,1.500000,5.654924,238.709885
214.860,246.833336,73.374680,1.500000,2.966353,238.401431
214.892,251.185661,68.166675,-0.510460,-1.663779,238.093099
214.924,247.525300,67.340620,1.319941,1.717317,237.783149
214.961,246.118777,65.591694,1.500000,2.812540,237.437645
214.994,252.952267,71.245115,-1.500000,-4.295230,237.133227
215.024,258.059911,71.605149,-1.500000,-9.649492,236.859511
215.056,253.381739,67.451854,-1.500000,-5.235815,236.565954
215.092,245.853494,65.514831,0.923066,2.005246,236.247214
215.132,247.554531,69.733254,1.198278,-0.016311,235.891476
215.162,255.049808,58.531513,-1.500000,-7.743873,235.633668
215.195,246.066263,68.589175,-0.635052,0.987619,235.353920
215.229,243.702264,64.332312,1.500000,3.090307,235.063897
215.261,254.458744,67.888697,-1.500000,-7.906475,234.797192
215.285,241.364152,67.204328,1.500000,5.012289,234.602044
215.313,248.296764,68.484143,-0.704315,-2.126459,234.373258
215.346,250.127020,64.517906,-1.500000,-4.191385,234.112802
215.380,241.435342,68.969025,1.500000,4.257298,233.843108
215.412,248.226872,65.990085,-1.462588,-2.753995,233.599197
215.448,249.555940,68.291239,-1.500000,-4.328164,233.327166
215.481,242.788097,66.127560,1.173234,2.216050,233.078965
215.513,247.608089,66.272269,-1.500000,-2.817877,232.841523
215.545,238.861997,65.241121,1.500000,5.720715,232.611223
215.579,239.185715,62.674247,1.500000,5.175920,232.365855
215.606,240.545115,65.198265,1.500000,3.648310,232.179162
215.635,241.508194,66.081666,1.500000,2.504442,231.978508
215.668,245.717884,73.417874,-0.801230,-1.904416,231.757456
215.700,251.797614,86.191713,-1.500000,-8.173688,231.547088
215.741,237.266208,93.168551,1.500000,6.117403,231.280368
215.773,231.794822,102.592223,1.500000,11.404365,231.075679
215.805,225.992305,109.038980,1.500000,17.026414,230.875382
215.836,218.818842,105.617796,1.500000,24.027654,230.684235
215.867,197.619493,113.381480,1.500000,45.060479,230.499414
215.896,186.431770,123.781550,1.500000,56.095751,230.330212
215.925,192.175457,117.330798,1.500000,50.202115,230.163787
215.956,192.889122,118.296781,1.500000,49.329423,229.987286
215.992,181.852670,118.369743,1.500000,60.187692,229.789525
216.039,170.413191,128.046703,1.500000,71.397933,229.535099
216.070,169.422759,132.117584,1.500000,72.245298,229.376311
216.100,161.775463,133.749564,1.500000,79.751842,229.220095
216.132,156.493533,136.195904,1.500000,84.895127,229.066215
216.163,157.865937,137.555174,1.500000,83.387404,228.916028
216.189,141.465672,138.253393,1.500000,99.675813,228.791882
216.226,146.029093,136.777959,1.500000,94.961177,228.624051
216.254,140.939303,135.085092,1.500000,99.937515,228.498134
216.283,143.913161,134.167865,1.500000,96.850078,228.372074
216.316,154.812707,128.729693,1.500000,85.822063,228.229490
216.350,145.480612,125.936989,1.500000,95.030241,228.091957
216.389,151.102462,129.278835,1.500000,89.270028,227.938390
216.428,159.557431,118.981941,1.500000,80.683790,227.792698
216.459,168.727641,112.928271,1.500000,71.410738,227.678556
216.490,172.541357,114.527901,1.500000,67.498983,227.569744
216.523,181.690254,111.155866,1.500000,58.249252,227.457831
216.552,177.890484,105.593954,1.500000,61.962221,227.361493
216.585,186.606834,96.165833,1.500000,53.154223,227.259776
216.615,189.398450,95.663852,1.500000,50.278864,227.166831
216.648,203.652341,71.989095,1.500000,35.941566,227.074258
216.690,195.526276,84.274520,1.500000,43.962269,226.957320
216.723,204.236216,67.460786,1.500000,35.175135,226.871644
216.755,218.175016,81.483822,1.500000,21.166089,226.793679
216.789,216.525161,68.630246,1.500000,22.745330,226.715306
216.813,227.703149,75.049652,1.500000,11.519978,226.662738
216.848,238.694236,89.414407,1.500000,0.462896,226.589492
216.880,232.244796,68.466704,1.500000,6.856926,226.527994
216.909,248.957794,84.039563,-1.500000,-9.903912,226.474897
216.941,262.319771,65.974089,-1.500000,-23.314639,226.420790
216.975,254.908210,67.600094,-1.500000,-15.951023,226.367578
217.013,268.233973,66.150526,-1.500000,-29.325250,226.313788
217.050,273.356880,72.137844,-1.500000,-34.489737,226.267640
217.079,282.215795,61.309738,-1.500000,-43.377899,226.235179
217.117,292.218043,71.997079,-1.500000,-53.413728,226.197908
217.147,295.526022,73.044656,-1.500000,-56.744907,226.172159
217.175,292.016936,61.764171,-1.500000,-53.254527,226.151397
217.207,302.359100,67.829014,-1.500000,-63.614026,226.132158
217.237,303.373342,72.510466,-1.500000,-64.641515,226.117456
217.268,305.365045,67.168767,-1.500000,-66.643105,226.106482
217.300,299.007747,65.775005,-1.500000,-60.292499,226.099054
217.335,304.566852,69.778563,-1.500000,-65.854540,226.095795
217.368,309.181604,63.039199,-1.500000,-70.467953,226.097281
217.400,324.311903,59.702645,-1.500000,-85.593105,226.102994
217.436,315.391805,67.372505,-1.500000,-76.662713,226.114420
217.462,313.003693,69.505641,-1.500000,-74.264383,226.125760
217.498,323.842525,68.210778,-1.500000,-85.084936,226.146048
217.532,311.117434,64.859241,-1.500000,-72.337586,226.170752
217.560,303.530721,65.294654,-1.500000,-64.730036,226.193880
217.591,307.484171,66.057537,-1.500000,-68.657267,226.222978
217.628,290.048029,72.276689,-1.500000,-51.184172,226.263992
217.662,290.600965,66.711249,-1.500000,-51.699788,226.305413
217.701,290.489999,69.949457,-1.500000,-51.539760,226.359865
217.729,270.961209,67.241349,-1.500000,-31.972776,226.402256
217.767,259.052867,63.641603,-1.500000,-20.007751,226.465168
217.792,259.146596,68.934806,-1.500000,-20.060631,226.510505
217.830,239.356765,70.439102,-1.500000,-0.204976,226.583562
217.859,238.642358,64.998212,-0.821219,0.561700,226.641573
217.889,237.393196,64.538670,1.500000,1.870338,226.707585
217.920,237.266175,66.643995,1.500000,2.059877,226.776972
217.953,239.921088,65.466624,0.868770,-0.522347,226.857648
217.987,236.660796,59.045448,1.500000,2.816544,226.944884
218.030,237.306874,62.590423,1.500000,2.273573,227.059319
218.055,228.686668,63.171887,1.500000,10.959775,227.132567
218.087,238.165982,64.851565,1.500000,1.565671,227.227140
218.125,239.423030,67.399126,1.500000,0.413583,227.343633
218.153,244.448819,65.642519,-1.500000,-4.530143,227.434713
218.199,232.790337,67.359965,1.500000,7.266995,227.588604
218.224,239.650458,71.396080,1.500000,0.487018,227.677554
218.250,248.838449,70.527344,-1.500000,-8.616394,227.771426
218.279,245.295078,65.291205,-1.500000,-4.976787,227.878236
218.312,235.275706,64.646580,1.500000,5.156167,228.004298
218.340,237.072808,70.060726,1.500000,3.457880,228.113972
218.366,238.663318,68.488245,1.500000,1.964736,228.222036
218.402,242.617797,67.005438,-0.739444,-1.853283,228.373489
218.432,243.366651,68.602688,-1.500000,-2.487372,228.500866
218.464,239.528760,67.734678,0.194559,1.478969,228.643428
218.493,234.087133,61.854057,1.500000,7.039928,228.775872
218.540,237.283291,70.728989,1.500000,4.043375,228.997409
218.566,242.431173,69.777235,0.304906,-0.988993,229.125615
218.597,247.639302,66.417735,-1.500000,-6.058526,229.279441
218.631,238.139833,63.729065,1.500000,3.592679,229.447850
218.662,255.382481,72.182409,-1.500000,-13.503345,229.610583
218.694,240.688154,72.124595,-0.240666,1.344406,229.780866
218.732,245.943013,69.387851,-1.500000,-3.723375,229.988499
218.777,240.932371,67.881694,0.178486,1.515919,230.242275
218.798,240.339794,70.593042,1.500000,2.220104,230.366147
218.827,240.667126,65.797856,1.500000,2.044140,230.534146
218.861,245.838511,69.031139,-1.500000,-2.945995,230.735311
218.888,242.091905,63.762768,-0.720417,0.947371,230.898197
218.919,241.411946,67.890764,1.500000,1.802378,231.092480
218.951,242.303553,73.242209,1.500000,1.090120,231.291535
218.983,245.151713,66.888624,-0.396250,-1.569260,231.501058
219.014,249.753935,65.606612,-1.500000,-5.988134,231.704551
219.054,248.463009,67.300940,-1.500000,-4.458354,231.969650
219.088,241.795072,64.091879,1.422212,2.418332,232.201337
219.332,246.632319,68.183346,0.796757,-0.811980,233.984838
219.359,239.178679,68.934797,1.500000,6.829072,234.192842
219.386,244.579323,65.617413,1.500000,1.622027,234.407714
219.420,251.178111,66.299526,-1.500000,-4.729342,234.682318
219.449,250.428191,61.942071,-1.500000,-3.763916,234.921505
219.479,252.617007,70.501771,-1.500000,-5.737636,235.160234
219.513,247.911716,69.544863,-1.500000,-0.776047,235.444693
219.548,241.547321,67.423418,1.500000,5.857290,235.743187
219.583,246.998045,67.336400,1.500000,0.674963,236.041075
219.616,249.400047,68.441087,-0.274773,-1.468727,236.327769
219.647,242.847670,70.163703,1.500000,5.335802,236.607626
219.677,246.982498,66.543980,1.500000,1.436594,236.869136
219.706,251.636089,69.805380,-1.500000,-2.975448,237.137226
219.744,248.220707,62.609701,-0.960557,0.748634,237.479846
219.775,253.469095,63.366291,-1.500000,-4.241750,237.766199
219.810,254.217314,66.877099,-1.500000,-4.694545,238.094083
219.839,254.419026,65.146165,-1.500000,-4.646255,238.371555
219.872,240.148216,70.379585,1.500000,9.906098,238.684034
219.904,247.654619,62.624900,1.500000,2.677079,238.991896
219.939,246.457911,77.449459,1.500000,4.183843,239.336020
219.972,255.706583,69.639186,-1.500000,-4.771034,239.662097
220.004,246.736305,68.642799,1.500000,4.494083,239.989332
220.031,247.380749,64.787605,1.500000,4.091567,240.257843
220.058,255.995185,64.714675,-1.500000,-4.275461,240.532435
220.096,250.667593,67.437408,-0.171560,1.401597,240.920300
220.131,249.780954,67.378141,1.500000,2.620580,241.289160
220.163,255.538355,68.393177,-1.500000,-2.837169,241.621738
220.190,256.905148,61.838784,-1.500000,-3.941467,241.913076
220.234,246.732965,69.099866,1.500000,6.650617,242.379114
220.261,253.595011,64.702459,1.500000,0.058963,242.679216
220.296,256.558633,70.966632,-1.500000,-2.562420,243.059060
220.324,252.285259,66.331886,0.537157,1.988122,243.366682
220.352,249.919462,63.661865,1.500000,4.633653,243.677153
220.379,262.017733,72.544495,-1.500000,-7.193899,243.977618
220.409,262.258024,67.018098,-1.500000,-7.128943,244.316406
220.439,259.088072,66.028432,-1.500000,-3.649355,244.660063
220.474,253.207694,68.835562,1.500000,2.589169,245.057561
220.506,252.443012,61.147818,1.500000,3.690390,245.431079
220.544,255.772712,64.392460,1.500000,0.756084,245.869919
220.578,266.741556,74.299626,-1.500000,-9.853323,246.268849
220.607,263.327569,63.606121,-1.500000,-6.126308,246.616272
220.636,262.311455,66.438904,-1.500000,-4.795181,246.965898
220.667,257.645019,71.658145,-1.251162,0.205885,247.337297
220.698,245.982952,69.350231,1.500000,12.207704,247.714379
220.731,253.537144,59.974903,1.500000,5.018685,248.119677
220.767,255.134296,63.559578,1.500000,3.817536,248.559192
220.799,260.854291,69.418729,-0.369105,-1.546795,248.953935
220.836,250.391896,73.406283,1.500000,9.337492,249.422185
220.876,263.409659,69.909515,-1.500000,-3.229651,249.922318
220.906,257.347427,69.604281,1.500000,3.172521,250.299609
220.943,261.518916,72.973359,1.174212,-0.571816,250.773696
220.977,260.980539,58.787328,1.500000,0.370039,251.221506
221.005,270.416951,63.366673,-1.500000,-8.739165,251.584668
221.036,271.295188,64.318655,-1.500000,-9.259159,251.982274
221.066,258.771201,65.356006,1.500000,3.624822,252.381824
221.096,275.106527,71.144840,-1.500000,-12.361399,252.769288
221.126,269.053089,71.014162,-1.500000,-5.940212,253.177444
221.159,264.676376,75.744235,-1.500000,-1.168863,253.615442
221.194,258.668778,66.414528,1.500000,5.265078,254.088631
221.240,265.537797,67.781389,0.604466,-1.043330,254.710840
221.275,269.461086,71.805770,-1.500000,-4.537156,255.187492
221.303,260.038436,63.566390,1.500000,5.225210,255.564535
221.335,269.134538,67.650792,-1.500000,-3.477026,256.001679
221.367,272.346906,65.143934,-1.500000,-6.290901,256.443957
221.403,266.476530,69.914480,-1.461390,0.031903,256.946097
221.436,256.360469,70.390083,1.500000,10.575652,257.420778
221.467,259.416729,68.713423,1.500000,7.904560,257.848268
221.501,262.936259,66.676965,1.500000,4.819156,258.330094
221.532,263.171884,64.833704,1.500000,4.988556,258.779623
221.560,267.589020,59.351378,1.500000,0.928381,259.175805
221.606,282.424658,67.097114,-1.500000,-13.313657,259.834630
221.636,283.095493,69.684811,-1.500000,-13.587551,260.275185
221.667,268.835387,69.240800,-0.192850,1.081729,260.729319
221.697,270.067890,68.314337,0.256125,0.239921,261.162942
221.729,275.422521,67.464667,-1.500000,-4.690072,261.634239
221.759,268.651429,63.495697,1.276785,2.474908,262.071406
221.796,273.408316,66.282221,-0.540306,-1.783509,262.624647
221.827,265.216802,66.839741,1.500000,6.819421,263.081269
221.856,278.857175,73.652305,-1.500000,-6.438527,263.505713
221.891,268.820448,65.465075,1.500000,4.073694,264.033453
221.924,280.904448,62.885757,-1.500000,-7.564758,264.527958
221.956,277.810556,67.163133,-1.500000,-4.032558,265.014426
221.988,267.366779,67.237968,1.500000,6.846732,265.497793
222.024,271.870725,68.116921,1.500000,2.839521,266.049108
222.056,280.237911,64.365528,-1.500000,-5.082788,266.542867
222.087,281.659080,69.080546,-1.500000,-6.069131,267.025471
222.122,267.501629,70.422041,1.500000,8.564056,267.553480
222.156,278.140390,71.845821,-0.060884,-1.593964,268.087043
222.183,281.260197,65.530686,-1.500000,-4.340583,268.501236
222.221,271.023477,67.823147,1.500000,6.433300,269.097422
222.253,279.798115,67.565375,-0.420648,-1.891700,269.596465
222.285,275.097001,61.053886,1.500000,3.255861,270.091967
222.313,279.174574,61.036547,1.233314,-0.414160,270.544300
222.346,290.141686,73.798744,-1.500000,-10.912927,271.064106
222.379,281.708404,69.120722,-1.500000,-2.015839,271.578874
222.407,277.376439,74.412893,1.500000,2.722740,272.030166
222.442,284.107918,72.436591,-1.500000,-3.511426,272.582122
222.474,282.798183,66.743804,-1.500000,-1.733610,273.101635
222.504,278.663470,65.862624,1.500000,2.832763,273.580724
222.543,283.664578,63.837306,-0.075139,-1.605761,274.205124
222.570,278.042381,67.883057,1.500000,4.416627,274.649288
222.604,285.456669,63.796069,-1.332864,-2.503084,275.198208
222.635,280.293358,61.708094,1.500000,3.106959,275.694026
222.666,282.081754,69.311088,1.500000,1.778114,276.204071
222.704,295.805126,65.244236,-1.500000,-11.388571,276.821925
222.741,290.288022,66.411065,-1.500000,-5.329418,277.423534
222.778,283.317449,71.101645,1.141126,2.185709,278.027922
222.803,293.205108,65.995940,-1.500000,-7.331041,278.439586
222.837,275.836322,64.772965,1.500000,10.544971,279.002545
222.868,294.533052,68.788361,-1.500000,-7.688461,279.516749
222.898,291.115714,72.949302,-1.500000,-3.830231,280.006086
222.929,278.706854,64.562290,1.500000,9.039841,280.517975
222.959,286.049918,61.278419,1.500000,2.150189,281.021207
222.995,292.158093,64.512270,-1.500000,-3.421693,281.616426
223.027,293.633278,62.775994,-1.500000,-4.412737,282.153763
223.059,278.103978,68.927579,1.500000,11.603567,282.694279
223.095,294.903439,63.894834,-1.500000,-4.662546,283.286229
223.129,281.221313,69.893663,1.500000,9.531175,283.854037
223.163,284.169729,60.366053,1.500000,7.097945,284.425831
223.195,290.691452,70.868610,1.500000,1.062069,284.965061
223.226,298.191938,69.907018,-1.500000,-5.957790,285.498499
223.255,296.215247,67.070059,-1.500000,-3.540323,285.987707
223.283,297.287483,63.902285,-1.500000,-4.189139,286.457652
223.316,297.019154,69.076717,-1.500000,-3.421077,287.012294
223.348,283.293911,65.767033,1.500000,10.797792,287.560159
223.380,284.574260,61.963548,1.500000,10.000516,288.096311
223.414,289.274704,67.196321,1.500000,5.831727,288.686383
223.456,293.951911,63.270176,1.500000,1.786265,289.387543
223.481,295.007609,64.253748,1.500000,1.123829,289.824016
223.512,304.459590,68.337784,-1.500000,-7.856176,290.347852
223.543,303.625846,62.959187,-1.500000,-6.546853,290.875686
223.587,306.846318,64.768806,-1.500000,-9.094982,291.621905
223.615,293.308476,68.344413,1.500000,4.877134,292.103896
223.645,303.853253,60.206290,-1.500000,-5.203235,292.619332
223.674,297.597023,67.772842,-0.040329,1.510202,293.126776
223.703,298.384956,62.867692,1.500000,1.158805,293.611277
223.735,302.198703,68.161269,-0.923580,-2.160858,294.159650
223.766,296.783581,64.644944,1.500000,3.739672,294.698394
223.798,302.495698,65.216168,0.019732,-1.469174,295.256964
223.835,306.494818,63.732639,-1.500000,-4.896050,295.892085
223.864,314.710875,68.901572,-1.500000,-12.662620,296.390960
223.901,303.871584,68.599594,-1.500000,-1.250139,297.027131
223.932,294.223138,66.583238,1.500000,8.877892,297.559411
223.964,298.070691,67.582198,1.500000,5.523930,298.107237
223.996,306.777377,64.316938,-1.500000,-2.688537,298.655760
224.027,299.877965,69.248331,1.500000,4.694113,299.192095
224.059,314.455918,62.793279,-1.500000,-9.388060,299.742351
224.091,293.196633,64.218385,1.500000,12.362128,300.287193
224.128,302.784529,72.876583,1.500000,3.348980,300.925093
224.162,316.222884,69.341117,-1.500000,-9.548885,301.524971
224.194,312.207658,70.562871,-1.500000,-5.035143,302.078263
224.224,305.107993,66.216886,1.500000,2.529878,302.594752
224.252,302.363189,66.807209,1.500000,5.708533,303.076272
224.287,314.843641,66.966934,-1.500000,-6.233269,303.674109
224.318,301.404331,67.036946,1.500000,7.693050,304.214629
224.356,314.017716,69.897995,-1.500000,-4.339448,304.859343
224.394,296.635803,75.730809,1.500000,13.628524,305.509797
224.428,311.850348,63.355045,0.586837,-1.057920,306.095925
224.460,311.635024,63.287018,0.069110,-0.336513,306.657614
224.492,311.782157,66.027275,0.018525,0.010247,307.205776
224.524,318.106454,73.159873,-1.500000,-5.818559,307.755710
224.549,332.131273,66.352282,-1.500000,-19.451620,308.190514
224.583,324.312160,66.731084,-1.500000,-11.117048,308.762610
224.615,318.361574,64.246185,-1.500000,-4.674532,309.308593
224.649,321.968157,69.509914,-1.500000,-7.756813,309.890504
224.688,308.036766,68.865930,1.500000,6.775596,310.557560
224.720,313.261158,64.192089,1.500000,2.049329,311.110419
224.752,308.975005,66.224720,1.500000,6.831850,311.661327
224.782,312.284919,66.034527,1.500000,3.989493,312.180258
224.814,307.761955,69.255439,1.500000,9.000389,312.721803
224.847,316.029006,64.431628,1.500000,1.238987,313.283010
224.876,321.699801,66.134611,-1.500000,-3.985778,313.778050
224.909,317.954376,70.055214,-1.500000,0.262560,314.336222
224.946,318.511872,58.697132,-1.177099,0.267178,314.960100
224.981,322.144080,66.292106,-1.500000,-2.829825,315.554113
225.012,307.939109,68.213941,1.500000,11.846101,316.076815
225.042,321.411399,65.573916,0.451609,-1.169832,316.583316
225.072,319.896556,62.198274,1.300379,0.808005,317.097182
225.102,317.792941,64.884433,1.500000,3.371077,317.607123
225.139,328.870860,66.458686,-1.500000,-7.148672,318.226623
225.174,327.551900,77.339543,-1.500000,-5.295139,318.819934
225.205,319.196427,68.564143,1.500000,3.521587,319.331869
225.235,322.780847,72.363961,1.500000,0.382538,319.826176
225.267,332.236522,70.888540,-1.500000,-8.585467,320.367431
225.298,323.408746,70.116315,-1.014550,0.703951,320.879796
225.334,323.360086,60.741171,0.619204,1.303112,321.490787
225.370,323.712199,66.363226,1.500000,1.487060,322.085748
225.400,337.970218,64.478866,-1.500000,-12.328355,322.576984
225.436,327.501076,68.842153,-1.500000,-1.324492,323.170460
225.465,340.455603,70.859348,-1.500000,-13.840444,323.657224
225.492,328.068553,64.338970,-1.500000,-1.055206,324.099164
225.526,322.116997,66.063894,1.500000,5.397201,324.655048
225.556,328.009655,70.274828,1.500000,-0.047053,325.152721
225.587,331.168141,64.985046,-1.500000,-2.747877,325.660670
225.619,333.552875,70.893444,-1.500000,-4.664417,326.180309
225.652,322.387725,67.401361,1.500000,6.987844,326.720942
225.692,315.022619,64.989570,1.500000,14.930859,327.362352
225.734,326.626901,68.555196,1.500000,3.938701,328.041734
225.774,339.718206,72.576075,-1.500000,-8.564827,328.694094
225.801,319.204250,72.606628,1.500000,12.333602,329.120812
225.833,341.566703,68.960364,-1.500000,-9.564933,329.635705
225.861,319.615980,61.392836,1.500000,12.789767,330.084070
225.892,326.689164,65.886254,1.500000,6.161068,330.577394
225.924,344.071345,68.455883,-1.500000,-10.758332,331.091024
225.961,338.316449,72.405958,-1.500000,-4.466110,331.687390
225.997,328.024071,60.489919,1.500000,6.335256,332.252305
226.025,348.775021,69.137377,-1.500000,-14.016470,332.695395
226.056,331.265804,63.825819,1.500000,3.932593,333.183570
226.090,341.911819,66.310724,-1.500000,-6.243489,333.705138
226.122,344.250945,66.613121,-1.500000,-8.133900,334.203157
226.152,332.351955,64.820063,1.500000,4.186001,334.670317
226.182,338.626661,66.241975,-0.152284,-1.669606,335.135465
226.215,331.893928,69.769620,1.500000,5.530156,335.653811
226.255,337.061300,67.366993,1.500000,0.913609,336.265159
226.292,337.514740,71.141094,1.500000,0.970188,336.831219
226.322,355.188651,68.004636,-1.500000,-16.283372,337.297757
226.357,356.783776,65.620235,-1.500000,-17.403560,337.824879
226.389,346.467277,66.748675,-1.500000,-6.644089,338.316525
226.414,327.567454,71.929220,1.500000,12.585827,338.682887
226.446,336.863751,70.913106,1.500000,3.720609,339.161332
226.480,357.531524,67.723628,-1.500000,-16.475637,339.684669
226.511,345.055014,66.891214,-1.500000,-3.582591,340.146974
226.546,352.381065,63.183993,-1.500000,-10.448087,340.658133
226.578,352.467520,64.122355,-1.500000,-10.100849,341.139479
226.615,333.865464,69.957520,1.500000,8.982239,341.673366
226.646,343.678598,65.195507,1.365997,-0.413098,342.137070
226.680,340.039168,66.746933,1.500000,3.664445,342.623322
226.705,347.089273,66.490462,-1.500000,-3.050846,342.994924
226.743,334.488140,68.435417,1.500000,10.046340,343.545484
226.775,350.645840,65.945484,-1.500000,-5.706329,343.995017
226.803,346.739085,66.086373,-1.500000,-1.427398,344.408087
226.835,333.770502,71.680770,1.500000,11.946277,344.857691
226.866,351.240819,64.781224,-1.500000,-5.125384,345.300150
226.899,331.105001,63.812814,1.500000,15.423993,345.759150
226.941,340.380182,67.950687,1.500000,6.687118,346.356604
226.977,343.970773,64.821698,1.500000,3.545519,346.854930
227.020,358.539589,76.127439,-1.500000,-10.484927,347.452455
227.056,354.390378,67.767757,-1.500000,-5.883458,347.954407
227.087,339.578964,67.890484,1.500000,9.305341,348.373257
227.113,357.847927,67.736892,-1.500000,-8.640824,348.731524
227.141,342.796299,64.295740,1.500000,6.748571,349.106404
227.170,339.202748,69.385599,1.500000,10.702187,349.506033
227.203,358.515434,64.043042,-1.500000,-8.215538,349.944390
227.239,361.988184,65.348010,-1.500000,-11.249892,350.430957
227.274,346.906579,70.744988,1.500000,4.244127,350.888686
227.306,344.022292,67.253445,1.500000,7.509379,351.311511
227.337,357.221943,63.719380,-1.500000,-5.321488,351.720815
227.367,357.436541,65.278711,-1.500000,-5.181733,352.114104
227.406,340.969235,61.004385,1.500000,11.736317,352.614375
227.432,346.334174,60.929741,1.500000,6.673806,352.950033
227.465,349.690587,68.154516,1.500000,3.695790,353.370008
227.498,368.599542,69.830477,-1.500000,-14.833555,353.791328
227.531,360.793262,72.692707,-1.500000,-6.650974,354.208976
227.568,355.259455,61.342058,-1.500000,-0.700474,354.671455
227.595,358.709894,68.293707,-1.500000,-3.847454,355.008258
227.631,348.890507,71.491428,1.500000,6.377377,355.458252
227.663,355.456000,62.562755,1.500000,0.156606,355.840850
227.695,365.737120,68.823989,-1.500000,-9.765580,356.239224
227.728,358.165201,60.851516,-1.500000,-1.837687,356.634310
227.765,354.262659,62.687735,1.474801,2.461854,357.074931
227.791,369.661581,65.937609,-1.500000,-12.652448,357.390824
227.828,341.470528,73.582582,1.500000,15.930660,357.825958
227.860,359.695626,71.377930,-0.497180,-1.955037,358.202652
227.897,366.364833,57.149741,-1.500000,-8.228782,358.641567
227.924,346.750069,63.349850,1.500000,11.657308,358.942705
227.957,356.108114,72.179501,1.500000,2.644825,359.326236
227.987,351.242975,64.790459,1.500000,7.815862,359.665746
228.018,365.594000,70.896285,-1.500000,-6.211558,360.024908
228.052,365.232731,65.188075,-1.500000,-5.514497,360.397596
228.080,350.102380,65.263182,1.500000,9.895892,360.708404
228.112,357.990900,67.784778,1.500000,2.331297,361.067921
228.149,346.901100,67.409693,1.500000,13.789091,361.476350
228.186,357.041307,64.669560,1.500000,4.007284,361.874129
228.217,380.951071,62.686183,-1.500000,-19.602931,362.206593
228.252,380.774173,73.622962,-1.500000,-19.092636,362.576622
228.282,375.695185,75.330272,-1.500000,-13.725666,362.896248
228.308,363.964530,74.884683,-1.500000,-1.755475,363.162103
228.343,361.822761,67.770873,-0.637576,0.713680,363.525462
228.373,369.193938,67.784504,-1.500000,-6.373681,363.840463
228.404,358.948338,69.520528,1.500000,4.152682,364.152076
228.439,362.042077,68.119686,1.500000,1.376548,364.504579
228.470,367.926958,68.274129,-1.500000,-4.225251,364.818765
228.503,371.613296,68.464565,-1.500000,-7.621252,365.141004
228.535,349.617594,73.536738,1.500000,14.657179,365.454798
228.571,369.545620,67.334795,-1.500000,-4.960074,365.799718
228.603,364.015766,66.480614,-0.835600,0.852047,366.113000
228.630,343.974003,66.517633,1.500000,21.126324,366.371062
228.666,352.002332,75.952599,1.500000,13.403055,366.709641
228.700,339.409867,71.718546,1.500000,26.278447,367.023656
228.733,357.116650,71.703005,1.500000,8.842633,367.324400
228.763,371.863957,67.896624,-1.500000,-5.660035,367.595917
228.796,359.121078,64.580096,1.500000,7.349016,367.891337
228.829,363.010731,66.944192,1.500000,3.727246,368.188653
228.862,370.797951,63.862255,-1.500000,-3.801032,368.476048
228.898,381.998443,73.649707,-1.500000,-14.724267,368.783769
228.931,360.679291,64.197988,1.500000,6.849316,369.066157
228.961,370.970142,69.591349,-1.500000,-3.209699,369.323466
228.995,358.492255,64.341958,1.500000,9.522401,369.605611
229.029,362.697663,68.268554,1.500000,5.572533,369.889230
229.054,369.941672,63.891285,-0.303082,-1.492156,370.088253
229.086,388.901925,65.123122,-1.500000,-20.216522,370.350059
229.118,406.754133,64.683515,-1.500000,-37.837479,370.606720
229.164,392.414665,73.386629,-1.500000,-23.173675,370.966692
229.206,387.405205,67.599958,-1.500000,-17.879120,371.283113
229.234,372.830416,71.129547,-1.500000,-3.107872,371.501159
229.272,365.699699,65.345426,1.500000,4.275283,371.781334
229.311,384.018784,67.327459,-1.500000,-13.787007,372.066346
229.335,379.959521,67.912233,-1.500000,-9.573881,372.237114
229.362,354.198082,69.559185,1.500000,16.364448,372.433440
229.391,351.567260,68.585467,1.500000,19.177702,372.635917
229.422,360.212225,74.525058,1.500000,10.731302,372.856301
229.454,358.745271,69.313562,1.500000,12.389823,373.068917
229.495,362.074496,70.237619,1.500000,9.312434,373.348424
229.519,361.939874,67.850472,1.500000,9.589602,373.506632
229.555,373.301394,67.071501,-0.384050,-1.559163,373.742765
229.584,390.385706,61.091249,-1.500000,-18.475990,373.928653
229.618,368.147579,57.695284,1.500000,3.952981,374.140466
229.656,379.060131,64.956574,-1.500000,-6.749458,374.373665
229.684,390.882929,63.661749,-1.500000,-18.417830,374.545060
229.715,367.778882,67.134840,1.500000,4.850001,374.726840
229.751,375.307397,77.055690,-1.142831,-2.489369,374.936769
229.783,362.601910,65.705968,1.500000,10.383587,375.122639
229.812,378.334882,72.360033,-1.500000,-5.201402,375.286881
229.847,366.954460,69.681095,1.500000,6.351914,375.478773
229.876,389.532997,67.459599,-1.500000,-16.085484,375.635420
229.914,381.291184,68.142778,-1.500000,-7.659794,375.839500
229.943,358.372371,69.307230,1.500000,15.391492,375.986530
229.978,382.823692,66.641812,-1.500000,-8.900487,376.163380
230.008,366.163476,67.289305,1.500000,7.894557,376.313023
230.038,360.314544,72.008941,1.500000,13.873543,376.457367
230.074,378.166522,66.176217,-1.500000,-3.820924,376.632185
230.106,368.095676,66.838955,1.500000,6.381197,376.777883
230.138,347.664935,66.466673,1.500000,26.940491,376.920562
230.174,398.605572,71.480891,-1.500000,-23.856838,377.079616
230.207,380.256100,64.565865,-1.500000,-5.377990,377.223208
230.237,373.239562,70.791164,0.614694,1.750041,377.346951
230.270,382.582648,59.124103,-1.500000,-7.474273,377.478773
230.303,374.846766,69.254370,-1.299078,0.379284,377.609379
230.331,366.187049,61.185700,1.500000,9.138138,377.719409
230.361,385.421543,66.722882,-1.500000,-9.997883,377.828701
230.398,355.924534,72.190088,1.500000,19.621760,377.964811
230.435,378.092886,66.473926,-1.072882,-2.431480,378.092570
230.464,375.768436,67.650061,-1.408967,-0.018972,378.190304
230.498,364.686892,68.077615,1.500000,11.162741,378.301480
230.545,350.031273,64.795297,1.500000,25.950607,378.448258
230.568,375.585670,74.964419,1.500000,0.460685,378.519816
230.598,365.539011,64.219417,1.500000,10.585191,378.606217
230.622,382.661028,64.262633,-1.500000,-6.475079,378.674749
230.652,363.558313,70.954436,1.500000,12.700874,378.756035
230.682,388.649906,69.496262,-1.500000,-12.319792,378.834755
230.715,393.893721,68.800886,-1.500000,-17.490143,378.916291
230.750,379.040839,63.387056,-1.500000,-2.561492,379.000385
230.782,367.014575,70.179021,1.500000,9.530399,379.073223
230.811,369.963540,66.869630,1.500000,6.638134,379.136153
230.847,369.525179,66.573874,1.500000,7.142375,379.209272
230.885,393.631732,62.370836,-1.500000,-16.897511,379.283265
230.914,378.168116,66.520891,-1.500000,-1.385989,379.336434
230.945,395.661981,64.934169,-1.500000,-18.831890,379.389668
230.977,399.465040,67.990727,-1.500000,-22.589837,379.439737
231.005,378.886938,70.113243,-1.500000,-1.973996,379.481623
231.039,359.621616,67.246606,1.500000,17.334099,379.529095
231.071,369.856856,69.671004,1.500000,7.135439,379.569694
231.108,379.811166,63.190497,-1.500000,-2.780019,379.612816
231.141,374.135219,63.020607,1.500000,2.926317,379.646543
231.176,370.127749,63.045860,1.500000,6.962296,379.678185
231.206,372.475852,68.224912,1.500000,4.635665,379.702017
231.231,392.377155,65.461482,-1.500000,-15.249482,379.719948
231.271,375.288248,60.318839,0.383458,1.860922,379.743807
231.295,376.962379,63.363037,0.851099,0.197306,379.755477
231.326,372.299211,71.663260,1.500000,4.871280,379.767470
231.362,384.390251,69.333316,-1.500000,-7.210989,379.777205
231.398,384.872707,61.296320,-1.500000,-7.688540,379.782650
231.436,355.159162,66.863221,1.500000,22.025785,379.783514
231.465,384.169533,66.468100,-1.500000,-6.987038,379.780793
231.501,388.483409,64.243216,-1.500000,-11.307377,379.773621
231.526,375.728985,63.215567,0.240054,1.439994,379.765792
231.558,370.478270,65.778666,1.500000,6.679202,379.753022
231.594,378.639958,64.879162,-0.158448,-1.499397,379.734252
231.625,378.662294,66.543575,-1.500000,-1.539213,379.714852
231.657,363.633965,64.187198,1.500000,13.467303,379.690641
231.696,369.026269,65.820111,1.500000,8.045372,379.657758
231.726,367.404316,64.071054,1.500000,9.640357,379.627828
231.761,376.040970,68.612753,1.500000,0.969762,379.590158
231.787,381.878051,66.615050,-1.500000,-4.895621,379.558746
231.822,382.256374,65.946114,-1.500000,-5.315002,379.513177
231.853,407.988801,64.210880,-1.500000,-31.086385,379.469940
231.891,399.155373,63.510532,-1.500000,-22.303859,379.413445
231.920,370.453261,69.824514,1.500000,6.355267,379.365735
231.952,399.972975,70.997114,-1.500000,-23.213975,379.310765
231.983,381.616870,67.632677,-1.500000,-4.910161,379.252729
232.015,387.394621,65.270955,-1.500000,-10.744469,379.189958
232.054,350.961024,65.313986,1.500000,25.617187,379.110113
232.079,358.129669,66.544403,1.500000,18.400808,379.057133
232.113,361.026805,67.847982,1.500000,15.433609,378.979372
232.139,379.425098,63.827785,-1.500000,-3.020623,378.917287
232.175,374.649637,63.168917,0.159405,1.675499,378.829230
232.206,377.109088,62.277336,-0.673589,-0.856508,378.748702
232.245,377.413188,67.187094,-1.500000,-1.253677,378.645406
232.274,352.565194,65.917832,1.500000,23.521386,378.564462
232.304,369.311804,66.386016,1.500000,6.695982,378.477010
232.337,396.980902,63.818870,-1.500000,-21.060311,378.380234
232.368,359.926866,70.214285,1.500000,15.904620,378.281339
232.399,356.900001,69.727114,1.500000,18.843866,378.184092
232.431,371.353985,65.384541,1.500000,4.295184,378.078988
232.470,372.970959,65.962228,1.500000,2.556697,377.944125
232.502,391.718629,72.628155,-1.500000,-16.292591,377.831341
232.536,364.289416,72.244958,1.500000,11.026909,377.709573
232.563,402.627879,73.235983,-1.500000,-27.402562,377.608564
232.593,388.777096,64.682697,-1.500000,-13.654952,377.494055
232.626,368.079298,71.833490,1.500000,6.926038,377.364413
232.663,384.117453,66.045999,-1.500000,-9.244079,377.217951
232.695,382.652280,65.399698,-1.500000,-7.900490,377.083008
232.736,379.255234,66.727641,-1.500000,-4.659611,376.909682
232.776,379.822179,67.508088,-1.500000,-5.383425,376.735577
232.807,366.053244,58.379351,1.500000,8.262440,376.598983
232.837,367.851325,66.993597,1.500000,6.340453,376.461463
232.876,378.973357,62.474805,-1.500000,-4.945592,376.279428
232.904,376.077681,61.007025,-1.500000,-2.172649,376.143210
232.932,357.568929,70.615174,1.500000,16.215185,376.009005
232.965,357.386005,70.678354,1.500000,16.251393,375.846169
232.996,358.975423,68.266602,1.500000,14.517735,375.686079
233.026,359.700095,66.455877,1.500000,13.653762,375.531473
233.058,371.595334,68.331086,1.500000,1.609619,375.366208
233.093,373.947272,65.606966,0.402889,-0.907904,375.182429
233.134,396.161074,62.860358,-1.500000,-23.324396,374.957466
233.172,374.260413,69.938907,-1.500000,-1.612679,374.747763
233.205,375.735574,70.982276,-1.500000,-3.260586,374.556036
233.239,396.447445,66.115233,-1.500000,-24.147314,374.361966
233.267,375.854153,74.509267,-1.500000,-3.701583,374.198191
233.300,371.926637,70.407777,-1.438493,0.050852,374.003873
233.331,371.603417,63.141193,-1.186594,0.202221,373.813139
233.363,337.447246,67.025655,1.500000,34.182128,373.617508
233.396,361.546172,66.667902,1.500000,9.900884,373.415157
233.430,367.277200,69.553623,1.500000,3.975126,373.199030
233.465,355.911487,66.654750,1.500000,15.140885,372.977105
233.495,378.372461,70.181660,-1.500000,-7.493353,372.784803
233.530,365.665298,64.111546,1.500000,5.006851,372.555104
233.562,371.054364,63.741659,1.169378,-0.575817,372.340230
233.593,345.909949,69.727848,1.500000,24.381435,372.132502
233.626,377.705612,64.341601,-1.500000,-7.621870,371.902045
233.657,372.882837,62.940752,-1.500000,-2.993056,371.686770
233.688,376.027146,65.653472,-1.500000,-6.333483,371.469105
233.719,337.890177,66.653213,1.500000,31.607531,371.251619
233.755,358.020926,66.735305,1.500000,11.241819,370.990838
233.788,366.413994,71.165751,1.500000,2.632170,370.750460
233.825,377.282162,64.980123,-1.500000,-8.479265,370.480463
233.856,373.774302,61.128669,-1.500000,-5.180188,370.248739
233.891,365.222257,69.459884,1.500000,3.133957,369.984699
233.919,386.932041,62.198033,-1.500000,-18.771476,369.767552
233.950,363.138239,63.489932,1.500000,4.809082,369.530878
233.980,385.952464,73.593048,-1.500000,-18.213213,369.299945
234.010,378.605521,59.970222,-1.500000,-11.083369,369.058993
234.041,379.653697,69.878280,-1.500000,-12.346777,368.820110
234.074,362.149364,66.971799,1.500000,4.915198,368.551123
234.107,367.554390,73.697198,0.982947,-0.730105,368.284445
234.147,370.305008,63.823760,-1.500000,-3.770841,367.962449
234.180,354.261545,67.126829,1.500000,12.023702,367.686178
234.208,375.755892,68.530106,-1.500000,-9.683846,367.449551
234.240,360.017391,69.620108,1.500000,5.817939,367.186826
234.272,343.844279,65.117991,1.500000,21.746031,366.914884
234.306,354.355796,67.859453,1.500000,10.967510,366.618542
234.339,387.199463,65.030255,-1.500000,-22.134149,366.332202
234.372,373.386618,63.546363,-1.500000,-8.576585,366.048872
234.403,382.514658,67.633646,-1.500000,-17.948652,365.778031
234.437,362.489168,73.344555,0.679608,1.803763,365.474951
234.478,361.151794,69.694298,1.500000,2.809964,365.107389
234.504,366.883679,73.982300,-1.500000,-3.137880,364.867701
234.538,362.041458,69.910494,-0.142958,1.425268,364.557964
234.566,365.074501,68.513056,-1.500000,-1.840136,364.300073
234.597,365.051716,70.691767,-1.500000,-2.071700,364.017776
234.627,328.632801,70.024147,1.500000,34.095835,363.738774
234.658,341.335848,68.467913,1.500000,21.130207,363.447342
234.691,326.325608,67.705341,1.500000,35.859988,363.136067
234.727,344.824943,64.747578,1.500000,17.054429,362.796195
234.762,352.690497,67.406217,1.500000,8.888111,362.462383
234.798,346.941514,64.525444,1.500000,14.324321,362.115245
234.834,367.467174,71.479016,-1.500000,-6.518233,361.763531
234.862,389.605175,72.228826,-1.500000,-28.907216,361.484971
234.894,361.403897,68.746251,-1.500000,-0.990544,361.169093
234.924,368.456792,69.083140,-1.500000,-8.306909,360.876673
234.953,363.548997,64.440020,-1.500000,-3.662114,360.584775
234.983,347.019381,69.409063,1.500000,12.596058,360.283506
235.016,368.407383,72.569822,-1.500000,-9.091374,359.951176
235.048,356.155130,65.546788,1.500000,2.871443,359.629937
235.080,334.055101,66.889249,1.500000,24.679012,359.305342
235.113,368.595294,67.069986,-1.500000,-10.166151,358.966863
235.152,350.329454,69.563373,1.500000,7.731725,358.558467
235.184,362.434468,70.952332,-1.500000,-4.671944,358.226997
235.215,343.755558,69.550515,1.500000,13.714287,357.902159
235.251,354.418871,64.769629,1.500000,2.709438,357.523095
235.286,353.251435,64.329703,1.500000,3.539597,357.148760
235.314,375.792738,69.024485,-1.500000,-19.270187,356.850778
235.344,370.185006,69.881284,-1.500000,-13.952705,356.528636
235.375,359.825381,66.296491,-1.500000,-3.888062,356.201242
235.409,353.331498,67.844983,1.243819,2.270696,355.829294
235.445,364.414180,61.893118,-1.500000,-9.159439,355.443664
235.477,346.041919,68.746322,1.500000,8.894003,355.089813
235.509,351.188865,68.296836,1.500000,3.435040,354.743513
235.539,361.021952,64.785773,-1.500000,-6.698638,354.409894
235.571,362.035288,69.697331,-1.500000,-8.023140,354.064537
235.601,357.722156,72.588735,-1.500000,-4.016659,353.724192
235.635,346.098700,63.209738,1.500000,7.268267,353.348465
235.666,357.700492,68.800150,-1.500000,-4.651864,352.995148
235.698,341.167885,64.617632,1.500000,11.560132,352.639309
235.732,348.192880,80.230687,1.500000,4.190846,352.257188
235.766,330.579795,69.303428,1.500000,21.453774,351.868556
235.801,328.672393,62.846767,1.500000,23.003057,351.471087
235.832,343.896411,66.265158,1.500000,7.460399,351.117435
235.863,348.882780,64.397780,1.500000,2.156185,350.764668
235.899,344.551039,63.914718,1.500000,6.112710,350.348223
235.931,346.367558,61.532721,1.500000,3.959826,349.974899
235.963,354.690571,66.313662,-1.500000,-4.694711,349.606948
235.998,353.040777,63.984673,-1.500000,-3.415034,349.196163
236.030,343.239286,64.743114,1.500000,6.043433,348.815448
236.057,363.880948,74.060804,-1.500000,-14.879710,348.503038
236.091,369.265126,67.989987,-1.500000,-20.627357,348.099632
236.127,345.681885,67.427703,1.500000,2.573478,347.675209
236.159,360.563446,69.332696,-1.500000,-12.645348,347.300886
236.191,351.507794,65.890796,-1.500000,-3.930142,346.923032
236.241,329.199313,64.695669,1.500000,17.838496,346.323873
236.264,333.393108,70.244774,1.500000,13.389447,346.040571
236.297,348.963746,69.377618,-1.500000,-2.531303,345.651991
236.338,350.350868,67.196437,-1.500000,-4.363244,345.158295
236.371,347.473557,73.069340,-1.500000,-1.851985,344.752023
236.397,331.121591,73.660810,1.500000,14.218213,344.439294
236.423,340.484475,71.570073,1.500000,4.568121,344.120529
236.454,334.414448,66.369561,1.500000,10.300405,343.745675
236.480,348.397783,66.044049,-1.500000,-3.965142,343.432454
236.506,334.332905,62.401508,1.500000,9.806664,343.107180
236.534,347.044160,69.466102,-1.500000,-3.213059,342.764818
236.567,342.992741,66.795661,-1.282052,0.482569,342.369934
236.604,340.802581,68.493427,1.480183,2.263979,341.916271
236.636,336.118610,57.496911,1.500000,6.586017,341.514569
236.668,352.705530,69.899125,-1.500000,-10.358665,341.117497
236.703,332.425545,72.987762,1.500000,9.531463,340.684803
236.735,353.489279,71.356432,-1.500000,-11.886493,340.291660
236.767,339.073427,71.458941,0.757306,2.170314,339.893165
236.796,342.576619,68.109228,-0.977201,-1.662827,339.526961
236.827,323.501249,67.553515,1.500000,17.063098,339.139120
236.858,341.923524,61.258103,-0.260072,-1.706138,338.754036
236.895,355.780172,64.442681,-1.500000,-15.979516,338.291516
236.930,341.637341,63.935561,-1.500000,-2.230632,337.854283
236.960,317.009951,61.987692,1.500000,22.058391,337.478737
236.991,352.708028,65.061188,-1.500000,-13.996347,337.082887
237.027,328.480993,64.718079,1.500000,9.824123,336.631649
237.062,345.733973,67.124072,-1.500000,-7.821217,336.196177
237.093,321.944232,67.008502,1.500000,15.612865,335.801440
237.123,332.069994,69.615039,1.500000,5.140067,335.416273
237.152,333.758175,67.758466,1.500000,3.129147,335.058071
237.187,336.478107,65.062198,1.500000,0.004086,334.608427
237.219,343.323927,58.914956,-1.500000,-7.199743,334.211081
237.253,357.668226,68.496101,-1.500000,-21.937190,333.774735
237.290,344.696826,67.957514,-1.500000,-9.387776,333.306383
237.319,332.398115,70.323659,1.500000,2.577226,332.936006
237.356,336.840679,67.790503,-0.900990,-2.289225,332.465543
237.388,331.270107,65.329768,1.500000,2.913069,332.056799
237.415,334.197244,70.587885,1.404642,-0.320765,331.716402
237.447,354.440278,66.042461,-1.500000,-20.942340,331.296269
237.481,331.930222,66.130741,-0.426314,1.181159,330.867238
237.512,344.740489,69.023738,-1.500000,-11.984143,330.473193
237.544,348.385928,65.835410,-1.500000,-16.005281,330.056212
237.578,334.779645,76.167458,-1.500000,-2.787461,329.625066
237.611,336.553014,69.475726,-1.500000,-4.939058,329.205279
237.645,310.527892,67.279800,1.500000,20.696561,328.772978
237.674,319.505185,70.091689,1.500000,11.378858,328.395164
237.710,313.366922,68.982749,1.500000,17.101238,327.933585
237.743,324.421961,67.782363,1.500000,5.667214,327.512958
237.772,336.622056,65.342699,-1.500000,-6.865402,327.143900
237.803,332.580708,58.748671,-1.500000,-3.182297,326.746294
237.839,331.624008,71.149344,-1.500000,-2.636565,326.290170
237.874,307.864243,67.725906,1.500000,20.710311,325.831912
237.907,312.373506,61.873711,1.500000,15.824834,325.414361
237.937,313.879436,66.501300,1.500000,13.967805,325.024685
237.971,327.952828,68.322438,0.903614,-0.493510,324.594137
237.999,326.996203,68.512386,1.006603,0.145267,324.241365
238.032,335.400279,68.439844,-1.500000,-8.648018,323.809391
238.062,329.008286,67.039037,-1.500000,-2.599371,323.428318
238.092,330.205266,66.517209,-1.500000,-4.138644,323.048415
238.122,313.953639,64.137541,1.500000,11.768521,322.666104
238.155,324.873325,70.171291,1.500000,0.473225,322.249223
238.195,318.935739,66.335154,1.500000,5.949710,321.737457
238.227,334.609922,74.580323,-1.500000,-10.092387,321.329118
238.262,320.483475,67.724867,1.500000,3.627568,320.877960
238.297,336.025638,64.486036,-1.500000,-12.313289,320.435459
238.325,325.545588,64.486337,-1.500000,-2.152554,320.081059
238.355,333.977910,66.139708,-1.500000,-10.937130,319.690101
238.392,324.848625,67.449419,-1.500000,-2.220536,319.232064
238.423,319.267039,65.515839,1.500000,3.001813,318.833355
238.452,314.322341,62.357442,1.500000,7.620033,318.471003
238.484,327.844147,64.762560,-1.500000,-6.267942,318.064601
238.519,321.733499,72.848832,-1.500000,-0.560549,317.617037
238.552,302.505495,69.819001,1.500000,18.296651,317.205490
238.583,310.412199,62.608830,1.500000,10.029303,316.805218
238.615,324.673843,72.242077,-1.500000,-4.590083,316.408168
238.651,305.331949,57.129299,1.500000,14.344121,315.955682
238.683,306.882466,69.426426,1.500000,12.435177,315.557873
238.716,313.005527,73.307478,1.500000,5.931426,315.135353
238.746,332.487864,63.744143,-1.500000,-13.882737,314.767066
238.779,318.485500,66.069996,-1.500000,-0.256142,314.350009
238.809,322.394373,63.983221,-1.500000,-4.499181,313.979125
238.838,306.250997,66.980408,1.500000,11.312966,313.611501
238.875,316.447316,63.951193,1.500000,0.705573,313.155260
238.909,316.191571,64.732174,1.500000,0.589050,312.742088
238.944,320.408686,68.445275,-1.500000,-4.019105,312.308080
238.972,318.281536,67.093257,-1.500000,-2.206603,311.958861
239.006,321.228704,70.879009,-1.500000,-5.528474,311.542985
239.031,317.424102,60.544492,-1.500000,-2.004338,311.231703
239.065,308.572020,68.316846,1.500000,6.473398,310.816225
239.097,303.845325,60.960963,1.500000,10.842699,310.419561
239.130,302.517402,66.018736,1.500000,11.803495,310.012094
239.168,318.186585,65.812502,-1.500000,-4.276887,309.555714
239.201,311.436480,68.463622,0.681738,2.107775,309.150116
239.235,307.831244,68.077986,1.500000,5.344342,308.740940
239.266,316.044164,67.561852,-1.500000,-3.213490,308.358128
239.292,318.763755,70.952322,-1.500000,-6.215875,308.044261
239.332,305.853881,62.262817,1.500000,6.259991,307.562566
239.363,316.048625,64.721749,-1.500000,-4.264953,307.196084
239.393,303.998660,65.193324,1.500000,7.458926,306.834168
239.427,312.229161,65.949914,0.498800,-1.130778,306.435498
239.457,309.134870,69.826787,1.500000,1.636864,306.072957
239.492,318.758920,64.561538,-1.500000,-8.358815,305.660493
239.530,310.701299,65.678700,-1.500000,-0.714448,305.201832
239.556,309.245584,68.085841,-0.928662,0.472781,304.903846
239.589,307.785891,66.277779,1.046501,1.577005,304.509318
239.622,307.690093,64.266887,1.500000,1.322287,304.120289
239.657,305.550162,63.676671,1.500000,3.099850,303.718104
239.688,313.112375,69.690301,-1.500000,-4.795425,303.348445
239.718,325.064814,66.894190,-1.500000,-17.060261,303.001724
239.749,312.239936,69.944076,-1.500000,-4.551869,302.650463
239.780,306.229073,70.523630,-0.129612,1.134064,302.289830
239.815,303.761211,70.285408,1.500000,3.235852,301.883533
239.839,310.990492,66.254622,-1.500000,-4.239144,301.610819
239.871,302.572391,64.786104,1.500000,3.846988,301.242374
239.910,316.769042,72.335504,-1.500000,-10.743530,300.805230
239.939,297.450698,69.727982,1.500000,8.277958,300.475755
239.983,298.974527,60.760856,1.500000,6.302850,299.974891
240.013,313.979292,66.467975,-1.500000,-9.002177,299.641637
240.042,294.286713,66.809141,1.500000,10.394528,299.313253
240.075,316.222198,59.077827,-1.500000,-11.876581,298.940751
240.105,308.640790,68.675829,-1.500000,-4.587044,298.616810
240.138,297.965438,69.258681,1.500000,5.754405,298.246219
240.173,309.799802,66.361875,-1.500000,-6.429620,297.858137
240.201,295.388058,73.086937,1.500000,7.711874,297.558194
240.239,296.653746,74.975432,1.500000,6.071113,297.141908
240.270,296.956247,64.983177,1.500000,5.460803,296.800278
240.303,307.928559,68.986509,-1.500000,-5.834532,296.441761
240.336,306.638164,68.960940,-1.500000,-4.857510,296.093956
240.366,303.854806,68.012009,-1.500000,-2.371391,295.764057
240.399,292.908535,68.720421,1.500000,8.261781,295.416555
240.430,297.372433,69.768625,1.500000,3.495081,295.080481
240.466,307.084611,62.069584,-1.500000,-6.556704,294.703559
240.499,303.873524,65.180849,-1.500000,-3.657011,294.357950
240.537,298.898310,67.948073,-0.339207,0.960606,293.961061
240.566,293.828886,70.056798,1.500000,5.756933,293.657957
240.594,292.579850,69.809113,1.500000,6.746963,293.370491
240.623,297.591450,70.291945,1.500000,1.466172,293.071723
240.656,310.581151,66.599846,-1.500000,-11.835290,292.725706
240.686,306.939249,62.068963,-1.500000,-8.468962,292.419851
240.718,296.121948,66.586442,0.990391,2.060963,292.100900
240.756,298.420148,69.112097,0.588314,-0.583609,291.716469
240.787,296.978782,61.295984,1.232855,0.573872,291.401392
240.823,293.055849,65.682652,1.500000,4.178559,291.048178
240.861,308.031897,65.276328,-1.500000,-11.136950,290.671417
240.891,309.107584,67.028529,-1.500000,-12.483374,290.370932
240.923,292.212012,62.785843,1.500000,4.126577,290.053929
240.949,307.656943,68.622621,-1.500000,-11.545934,289.801342
240.979,303.903087,72.693728,-1.500000,-8.054848,289.509699
241.009,294.890823,68.081341,-0.658647,0.696242,289.219828
241.041,302.841547,59.188165,-1.500000,-7.529702,288.914367
241.075,286.879979,69.819595,1.500000,8.145621,288.596671
241.106,298.635117,68.932488,-1.500000,-3.877563,288.299173
241.140,284.013040,66.026101,1.500000,10.457722,287.980868
241.172,290.115403,68.441840,1.500000,4.088596,287.684794
241.207,281.228690,64.974462,1.500000,12.677518,287.354283
241.240,305.706826,67.588284,-1.500000,-12.073831,287.051048
241.272,291.068532,70.892852,0.919072,2.304189,286.762177
241.303,290.040131,65.373913,1.500000,3.078279,286.479922
241.335,292.399367,66.203492,1.500000,0.451580,286.183070
241.366,307.448748,65.326230,-1.500000,-14.846096,285.907494
241.400,303.889407,72.139002,-1.500000,-11.557596,285.606893
241.436,300.589745,67.647870,-1.500000,-8.548694,285.284185
241.467,305.739059,73.125956,-1.500000,-13.938623,285.017132
241.502,301.052739,65.230541,-1.500000,-9.528618,284.710456
241.534,283.984351,68.418443,1.500000,7.293113,284.436696
241.572,281.457612,67.765964,1.500000,9.527331,284.112034
241.597,292.788039,68.233034,-0.917434,-2.000585,283.892846
241.629,284.360970,60.406359,1.500000,6.181890,283.621376
241.660,286.903931,67.559474,1.500000,3.409721,283.366983
241.695,288.963153,72.699893,1.500000,1.088166,283.075825
241.727,295.994771,66.795673,-1.500000,-6.182125,282.810929
241.761,284.292113,62.484819,1.500000,5.265890,282.528305
241.795,299.044142,69.719960,-1.500000,-9.732718,282.254633
241.822,290.702644,63.431095,-1.500000,-1.585635,282.038856
241.859,286.689582,69.224141,1.108669,2.158848,281.740767
241.886,294.114251,66.241478,-1.500000,-5.455332,281.530432
241.920,283.385218,74.296029,1.500000,5.029703,281.259624
241.953,289.641885,64.232665,0.109003,-1.453368,281.008343
241.987,291.686596,64.423236,-1.500000,-3.735744,280.744564
242.022,291.961116,69.836246,-1.500000,-4.254094,280.473943
242.060,280.878798,65.311753,1.500000,6.570168,280.187531
242.095,287.881693,69.049627,1.057305,-0.668566,279.925779
242.123,293.125902,66.249697,-1.500000,-6.097054,279.721251
242.160,285.830648,71.201236,-0.657285,0.955016,279.451348
242.191,282.648119,60.520781,1.500000,3.932221,279.223462
242.219,286.308263,66.250914,1.500000,0.091916,279.023506
242.248,294.170291,70.634837,-1.500000,-7.956754,278.816357
242.285,282.214928,65.842757,1.500000,3.765018,278.557099
242.314,296.035491,66.586786,-1.500000,-10.240515,278.351805
242.353,290.412370,69.988322,-1.500000,-4.857858,278.084919
242.387,286.714007,67.900084,-1.500000,-1.367094,277.854510
242.420,271.348813,68.241154,1.500000,13.795673,277.629840
242.451,278.519252,66.345614,1.500000,6.439322,277.423501
242.483,283.052462,67.384752,1.500000,1.715354,277.211782
242.512,288.618764,70.413394,-1.500000,-4.022820,277.021026
242.546,276.920508,65.339816,1.500000,7.473446,276.796840
242.574,291.527858,69.261032,-1.500000,-7.292040,276.621330
242.607,283.274140,68.156348,-0.934219,0.770431,276.409069
242.639,284.780730,65.650269,-1.500000,-0.913085,276.212703
242.680,284.891532,67.251495,-1.500000,-1.250712,275.960954
242.713,264.412405,66.179427,1.500000,19.046444,275.758988
242.745,264.445471,68.900394,1.500000,18.840230,275.566816
242.785,271.663677,59.371273,1.500000,11.406265,275.327350
242.817,271.802032,63.632021,1.500000,11.096505,275.137111
242.846,281.610952,69.457811,1.500000,1.140747,274.974139
242.875,280.964963,66.667289,1.500000,1.638135,274.809210
242.904,288.146566,72.109864,-1.500000,-5.691501,274.644911
242.934,290.396822,65.049276,-1.500000,-8.096001,274.473720
242.969,286.878694,68.509489,-1.500000,-4.749754,274.282952
242.998,283.507526,63.312544,-1.500000,-1.518540,274.127621
243.032,281.502984,67.782648,-1.112975,0.320246,273.943652
243.065,274.917003,62.473444,1.500000,6.750724,273.771062
243.097,278.042138,71.757207,1.500000,3.475065,273.603998
243.135,279.255455,68.694793,1.500000,2.085033,273.407868
243.163,287.375839,73.978396,-1.500000,-6.162332,273.266933
243.193,281.671474,67.920214,-1.500000,-0.592843,273.117238
243.227,282.441653,68.139367,-1.500000,-1.511951,272.951944
243.263,274.687870,77.279634,1.500000,6.083828,272.776580
243.290,275.270725,65.653602,1.500000,5.384407,272.647206
243.328,282.224603,64.566852,-0.588583,-1.728432,272.470778
243.361,279.892279,65.122230,-0.277581,0.467754,272.319682
243.395,282.536608,68.163667,-1.500000,-2.314669,272.166414
243.427,278.001905,69.281359,0.879125,2.092039,272.024355
243.457,284.537692,67.851046,-1.500000,-4.561745,271.893394
243.485,268.529043,69.936477,1.500000,11.341943,271.776899
243.513,274.352447,69.684872,1.500000,5.412032,271.658689
243.546,266.966181,67.492954,1.500000,12.674966,271.521806
243.578,280.172519,73.379225,0.713733,-0.650654,271.389418
243.609,288.904794,69.225537,-1.500000,-9.495412,271.264575
243.644,277.290230,61.765026,0.642439,1.996035,271.127930
243.682,287.056050,67.304058,-1.500000,-7.901366,270.981891
243.717,290.560638,66.063204,-1.500000,-11.522598,270.852431
243.744,271.631358,66.615907,1.500000,7.315604,270.751346
243.777,271.096257,68.317766,1.500000,7.743971,270.632883
243.806,288.962364,64.954319,-1.500000,-10.212352,270.532755
243.835,279.387194,74.017153,-1.500000,-0.728561,270.431335
243.867,278.199867,68.271203,-1.063359,0.361308,270.323169
243.900,270.688760,67.345326,1.500000,7.775083,270.215143
243.934,276.505073,66.705236,1.500000,1.857304,270.102528
243.971,279.861139,65.863536,-0.434980,-1.601312,269.988709
243.999,284.462565,66.870026,-1.500000,-6.281995,269.900744
244.039,273.265462,63.521226,1.500000,4.808168,269.782053
244.067,280.299290,75.431984,-0.912663,-2.298885,269.700782
244.100,277.246208,70.717645,-0.398273,0.668727,269.605920
244.127,275.417175,74.624784,1.500000,2.431681,269.532583
244.157,282.184796,67.070460,-1.500000,-4.408462,269.452091
244.191,283.611588,66.986581,-1.500000,-5.915749,269.362752
244.223,271.051354,72.471866,1.500000,6.570130,269.280226
244.261,277.634700,66.819915,1.500000,-0.097197,269.187017
244.296,274.286358,69.555100,1.500000,3.176627,269.104312
244.328,282.956796,69.524154,-1.500000,-5.560411,269.030394
244.360,274.183767,61.635601,1.500000,3.147056,268.957628
244.392,285.274417,63.065234,-1.500000,-8.005892,268.888485
244.424,276.814259,62.783661,-1.387815,0.395041,268.822752
244.455,275.822989,72.040763,0.234533,1.331280,268.761674
244.484,270.558553,68.512332,1.500000,6.544829,268.705197
244.519,276.781901,61.823644,1.500000,0.262419,268.639646
244.552,282.706668,66.109575,-1.500000,-5.714908,268.581311
244.582,282.037460,66.360641,-1.500000,-5.092393,268.529486
244.614,279.907307,65.662747,-1.500000,-3.009424,268.477118
244.649,273.611089,69.525141,1.500000,3.237097,268.421961
244.684,281.047526,70.485816,-1.500000,-4.245023,268.371257
244.717,268.640449,68.034015,1.500000,8.120358,268.324980
244.750,266.655198,65.717711,1.500000,10.065653,268.280634
244.782,279.944727,65.035343,-1.500000,-3.259179,268.241451
244.809,278.997855,73.533777,-1.500000,-2.341420,268.209140
244.840,275.126656,71.093133,0.310377,1.498192,268.174082
244.875,272.587465,70.062345,1.500000,4.005053,268.138200
244.906,272.462600,65.745038,1.500000,4.102889,268.108201
244.940,276.551307,70.097845,1.483596,-0.013525,268.077450
244.978,291.587685,63.192819,-1.500000,-15.077499,268.046821
245.004,280.014837,70.783266,-1.500000,-3.522022,268.027541
245.040,274.383905,71.633995,1.022275,2.087349,268.003612
245.071,278.638588,62.458127,-1.309913,-2.184154,267.984943
245.104,269.351491,70.315017,1.500000,7.087666,267.967988
245.134,274.072629,68.757043,1.500000,2.354124,267.954220
245.166,281.013186,67.621527,-1.500000,-4.597501,267.941936
245.200,280.888835,63.980667,-1.500000,-4.482538,267.931518
245.236,272.247186,64.848775,1.500000,4.151454,267.923018
245.266,279.762076,70.612895,-1.500000,-3.367816,267.918158
245.302,276.984913,64.070551,-1.500000,-0.593473,267.915028
245.330,275.077403,74.716603,0.087334,1.313605,267.914549
245.361,280.223510,72.677842,-1.500000,-3.831202,267.915991
245.398,266.039715,66.590810,1.500000,10.356613,267.920453
245.426,271.230392,65.231141,1.500000,5.170719,267.925761
245.457,271.570592,71.360814,1.500000,4.837675,267.933703
245.491,276.126686,71.536429,1.500000,0.291583,267.944805
245.523,277.043479,70.031865,0.758388,-0.613697,267.957582
245.554,291.699040,68.276010,-1.500000,-15.256242,267.972029
245.587,285.117028,62.730323,-1.500000,-8.658605,267.989372
245.621,300.228440,65.993528,-1.500000,-23.751665,268.009739
245.652,284.469409,70.157330,-1.500000,-7.973673,268.030783
245.688,273.143418,71.245865,1.500000,3.376248,268.057343
245.719,278.096198,69.993299,-0.012472,-1.553899,268.082463
245.751,276.542613,64.096501,-0.166266,0.025053,268.110616
245.782,269.702273,66.025842,1.500000,6.892300,268.140480
245.815,282.382121,66.639714,-1.500000,-5.758275,268.172970
245.846,276.514749,61.103713,-1.500000,0.139221,268.206404
245.879,263.923364,66.482209,1.500000,12.765389,268.245008
245.911,265.073247,68.601138,1.500000,11.649979,268.283270
245.943,269.355061,70.687028,1.500000,7.404582,268.323689
245.977,272.777008,66.332079,1.500000,4.024405,268.370048
246.008,279.567133,68.269031,-1.500000,-2.727422,268.412554
246.040,281.151454,67.830810,-1.500000,-4.268811,268.460203
246.076,278.975287,62.740021,-1.500000,-2.043190,268.515091
246.108,268.736795,69.291952,1.500000,8.242814,268.567824
246.145,277.589136,69.434499,1.194753,-0.554817,268.628545
246.178,283.652491,67.361613,-1.500000,-6.565661,268.686825
246.208,279.514398,75.517811,-1.500000,-2.379228,268.740478
246.243,268.173149,70.227389,1.500000,9.021202,268.806160
246.275,269.368260,66.052896,1.500000,7.882271,268.868513
246.308,276.599430,65.629884,1.500000,0.709659,268.933506
246.345,283.775064,65.777442,-1.500000,-6.396001,269.011169
246.376,275.097264,69.390621,0.963535,2.340986,269.076859
246.407,285.102556,66.458570,-1.500000,-7.604609,269.143116
246.438,281.126177,68.281653,-1.500000,-3.564121,269.214268
246.471,279.675840,66.056160,-1.500000,-2.046042,269.289454
246.503,281.140675,64.444016,-1.500000,-3.442996,269.364793
246.536,258.590540,61.555836,1.500000,19.179407,269.445002
246.564,267.318134,63.248729,1.500000,10.515102,269.515246
246.593,270.831079,67.326771,1.500000,7.069065,269.589506
246.630,276.363450,67.830531,1.500000,1.622886,269.685167
246.669,275.246082,72.344612,1.500000,2.832025,269.787022
246.696,280.739752,68.423818,-1.500000,-2.594223,269.861852
246.726,286.825729,69.010687,-1.500000,-8.605210,269.945083
246.756,274.599274,67.068578,1.500000,3.697501,270.029718
246.801,280.490777,66.558811,-0.643855,-2.076423,270.160215
246.839,280.486683,67.039899,-1.500000,-1.971021,270.272654
246.882,286.479953,69.699815,-1.500000,-7.846056,270.403882
246.911,282.110305,68.867897,-1.500000,-3.395864,270.493275
246.940,273.208561,65.963488,1.500000,5.587085,270.583403
246.971,276.183809,67.684192,1.500000,2.700619,270.681940
246.997,280.592176,63.164299,-0.470969,-1.631096,270.767014
247.024,281.790704,65.903335,-1.500000,-2.748663,270.856871
247.053,273.867549,69.568900,1.500000,5.261328,270.953248
247.082,268.068960,62.173920,1.500000,11.148844,271.051946
247.114,279.114396,68.782835,1.500000,0.202287,271.161691
247.150,281.043867,71.715226,-0.452246,-1.615602,271.285533
247.183,279.236382,63.385338,-0.328183,0.299311,271.404764
247.218,290.864680,70.289815,-1.500000,-11.217914,271.528042
247.252,286.922985,67.313598,-1.500000,-7.161675,271.655171
247.283,277.683490,71.357528,1.136005,2.181471,271.770213
247.313,281.491272,67.506110,-0.388150,-1.526896,271.880552
247.341,277.981798,67.302078,1.500000,2.078532,271.987048
247.374,283.969615,64.675026,-1.500000,-3.793145,272.115950
247.407,282.853674,65.206920,-1.500000,-2.563120,272.242568
247.439,281.129026,65.185030,-1.500000,-0.724901,272.368618
247.482,263.058973,68.655577,1.500000,17.499946,272.540421
247.509,272.746092,68.880899,1.500000,7.913338,272.651975
247.543,271.052778,68.200494,1.500000,9.729676,272.788518
247.580,280.525377,66.009167,1.500000,0.397929,272.944845
247.611,279.308965,71.252534,1.500000,1.730110,273.073335
247.641,288.045823,72.778748,-1.500000,-6.891123,273.201664
247.671,282.961320,63.059535,-1.500000,-1.692594,273.328219
247.700,289.654256,66.908939,-1.500000,-8.272530,273.453636
247.731,285.268130,60.976491,-1.500000,-3.764973,273.588409
247.762,274.498973,74.198924,1.500000,7.129414,273.727400
247.794,282.629511,70.990293,0.810596,-0.872739,273.869891
247.835,282.912899,73.363837,-0.471743,-0.991739,274.052342
247.870,278.111856,67.601195,1.500000,3.952706,274.211501
247.901,284.072097,64.222752,-0.530979,-1.879413,274.353701
247.932,282.219080,68.316114,-0.653957,0.102795,274.497087
247.963,281.919987,66.580850,-0.021699,0.535588,274.645476
247.992,284.725743,69.291535,-1.500000,-2.148114,274.780942
248.023,273.892274,66.687175,1.500000,8.816974,274.927023
248.055,286.400399,69.940822,-1.500000,-3.551660,275.081841
248.093,270.577811,68.132363,1.500000,12.435359,275.264340
248.130,284.194703,71.342010,0.631109,-1.021281,275.442200
248.157,289.566591,64.527803,-1.500000,-6.269634,275.579308
248.199,278.573475,69.165712,1.500000,4.907255,275.783274
248.228,286.824561,69.749321,-1.500000,-3.209477,275.932391
248.254,276.769328,63.906369,1.500000,6.961696,276.061070
248.284,272.406571,64.657628,1.500000,11.461556,276.213238
248.315,286.896173,58.767233,-1.500000,-2.886213,276.370655
248.345,278.855567,69.965841,1.500000,5.295262,276.527002
248.382,288.996845,72.301257,-1.500000,-4.673742,276.718206
248.418,287.601533,67.890386,-1.500000,-3.113950,276.900759
248.452,282.883486,66.297704,0.632472,1.764754,277.079067
248.491,282.068999,68.347063,1.500000,2.765648,277.285956
248.524,281.475890,67.912647,1.500000,3.518042,277.462743
248.556,289.042590,64.792862,-1.500000,-3.892497,277.636062
248.586,294.046831,65.726232,-1.500000,-8.753906,277.794590
248.615,278.828929,62.621957,1.500000,6.604990,277.951075
248.645,298.216872,67.063411,-1.500000,-12.633313,278.117158
248.674,294.354785,67.836388,-1.500000,-8.628759,278.275279
248.709,285.423359,61.012094,-0.927862,0.473444,278.464819
248.739,280.624284,70.074232,1.500000,5.420830,278.629427
248.776,277.188267,62.131325,1.500000,9.042217,278.835165
248.808,289.218634,72.346050,-1.500000,-2.827174,279.013829
248.841,280.261269,69.630551,1.500000,6.301004,279.203411
248.878,290.326939,63.197359,-1.500000,-3.578991,279.409487
248.908,287.802806,67.288228,-1.500000,-0.898328,279.583217
248.939,275.325910,68.856489,1.500000,11.736219,279.758189
248.970,278.418490,66.566262,1.500000,8.801590,279.933497
249.001,278.235858,67.598873,1.500000,9.145361,280.112340
249.039,284.375515,68.732728,1.500000,3.205428,280.334009
249.066,297.479885,67.501756,-1.500000,-9.759608,280.488654
249.116,286.300077,61.553357,0.171555,1.685555,280.783164
249.145,288.038788,60.642292,0.495002,0.099322,280.952396
249.174,293.483198,72.126029,-1.500000,-5.192062,281.122238
249.209,288.557026,68.057311,-1.500000,-0.079141,281.329506
249.236,290.141302,69.724299,-1.500000,-1.520071,281.488602
249.267,283.071202,70.004781,1.500000,5.719048,281.676192
249.299,279.152259,61.047083,1.500000,9.807129,281.863916
249.331,294.842495,67.420841,-1.500000,-5.711720,282.054134
249.368,291.664177,67.829859,-1.500000,-2.331022,282.278752
249.403,275.726215,68.075807,1.500000,13.796748,282.489414
249.435,282.814801,66.723762,1.500000,6.882556,282.682971
249.465,294.950064,63.583205,-1.500000,-5.085958,282.868042
249.497,295.031985,73.252157,-1.500000,-4.997606,283.057024
249.532,287.351218,69.569273,1.500000,2.876895,283.272045
249.559,289.586450,69.627723,1.500000,0.792478,283.439432
249.590,297.227328,65.938101,-1.500000,-6.676533,283.630183
249.630,285.002517,70.541619,1.500000,5.771194,283.877592
249.665,294.185901,65.762275,-1.500000,-3.217166,284.094046
249.697,290.762458,67.628179,-1.400148,0.384834,284.292222
249.731,280.538740,67.606066,1.500000,10.795478,284.499687
249.757,288.216098,70.011020,1.500000,3.264065,284.661668
249.791,291.382444,71.249969,1.500000,0.288322,284.873214
249.827,300.349249,61.207626,-1.500000,-8.475428,285.098581
249.857,297.950345,71.365661,-1.500000,-5.908940,285.284579
249.891,293.723360,61.804986,-1.500000,-1.487912,285.499943
249.923,288.014818,64.132946,1.500000,4.400446,285.699516
249.955,289.439601,66.004857,1.500000,3.159535,285.903592
249.987,294.258067,64.426999,-0.286636,-1.478545,286.103798
250.019,301.788347,67.998626,-1.500000,-8.822995,286.310046
250.051,293.633315,62.918134,-1.500000,-0.490750,286.506731
250.082,285.701290,69.564118,1.500000,7.620061,286.705162
250.119,283.399247,57.712344,1.500000,10.136811,286.943461
250.148,292.205702,64.390895,1.500000,1.495507,287.126758
250.188,309.674652,62.039926,-1.500000,-15.747181,287.377881
250.214,284.685532,69.778292,1.500000,9.392047,287.544483
250.243,302.237010,64.774593,-1.500000,-7.990028,287.732500
250.274,296.989073,65.968002,-1.500000,-2.568462,287.925206
250.304,292.691378,69.198952,0.802595,1.905545,288.120891
250.338,293.589278,65.135304,1.500000,1.203358,288.338109
250.374,307.879313,66.580270,-1.500000,-12.878596,288.569053
250.419,298.486696,68.103412,-1.500000,-3.227253,288.856207
250.465,294.113555,67.950116,0.201442,1.408040,289.147165
250.495,295.867658,67.052701,0.202079,-0.170843,289.341637
250.524,288.716020,71.175589,1.500000,7.151311,289.530889
250.554,290.259221,68.214667,1.500000,5.779197,289.720775
250.582,298.400820,67.666606,-1.159361,-2.200800,289.900134
250.613,301.773370,76.684785,-1.500000,-5.395696,290.097308
250.645,293.638076,66.970394,1.500000,2.926046,290.304242
250.678,293.259568,69.884843,1.500000,3.498946,290.519993
250.714,305.745836,62.432913,-1.500000,-8.780635,290.749391
250.749,306.442296,68.403773,-1.500000,-9.272671,290.976276
250.779,301.457488,66.577220,-1.500000,-4.118465,291.164287
250.814,297.608918,63.179836,-1.500000,-0.064856,291.391856
250.847,284.695160,64.380043,1.500000,13.038086,291.601826
250.875,289.811443,66.979563,1.500000,8.084507,291.782408
250.905,289.819082,65.800397,1.500000,8.251382,291.976097
250.939,299.496514,67.317314,0.014520,-1.229313,292.194452
250.971,301.655437,69.426647,-1.500000,-3.205535,292.397228
251.007,291.852557,66.740707,1.500000,6.808506,292.631590
251.046,299.228035,62.705814,1.447346,-0.345774,292.877093
251.070,299.037220,64.840416,1.423647,-0.014358,293.033142
251.107,316.115003,66.208047,-1.500000,-16.879967,293.268630
251.140,314.991085,71.735274,-1.500000,-15.568549,293.476733
251.168,307.522381,68.892480,-1.500000,-7.940049,293.654087
251.196,299.654652,67.135799,-1.387440,0.093103,293.837686
251.230,291.498682,67.622425,1.500000,8.444919,294.055051
251.262,298.857332,70.475036,1.500000,1.268739,294.257571
251.301,300.054206,66.820176,1.500000,0.294897,294.505109
251.336,312.707972,62.703575,-1.500000,-12.158467,294.727531
251.369,309.924174,67.535987,-1.500000,-9.188306,294.934370
251.395,301.035718,64.288065,-1.500000,-0.155059,295.095071
251.437,296.674777,68.608556,1.500000,4.444751,295.360185
251.463,299.178199,69.867847,1.500000,2.090801,295.526082
251.493,303.166244,73.983132,-0.588734,-1.728557,295.713305
251.524,298.411816,65.156288,1.500000,3.200872,295.907534
251.553,308.082344,66.747630,-1.500000,-6.304401,296.090947
251.584,306.691310,64.175045,-1.500000,-4.737989,296.285595
251.614,302.022232,66.646860,-1.376478,0.102175,296.475480
251.650,294.948436,66.162309,1.500000,7.373715,296.694951
251.687,298.965994,59.993332,1.500000,3.566307,296.928191
251.723,308.308315,67.050625,-1.500000,-5.572983,297.153531
251.758,304.137617,70.331272,-1.500000,-1.207007,297.370265
251.794,287.599049,70.331991,1.500000,15.530290,297.590832
251.824,288.237117,62.719602,1.500000,15.060430,297.777521
251.853,298.830489,66.564599,1.500000,4.625287,297.953136
251.883,306.988726,69.265414,-1.500000,-3.369223,298.134853
251.915,306.597977,61.707923,-1.500000,-2.800687,298.332175
251.947,303.035748,65.553147,-0.367281,0.937373,298.527326
251.979,294.263808,68.373806,1.500000,9.884723,298.722010
252.012,306.607552,66.757839,-1.026067,-2.278616,298.922237
252.046,301.441080,62.779421,1.500000,3.073633,299.128428
252.286,307.391622,71.775523,-0.110127,-1.586969,300.560104
252.315,310.341312,68.152854,-1.500000,-4.384982,300.728446
252.346,302.462499,69.256531,1.500000,3.660981,300.913963
252.378,311.349866,69.129011,-1.500000,-5.058876,301.099877
252.410,296.698181,69.383815,1.500000,9.759945,301.285378
252.441,294.715223,63.571391,1.500000,11.907143,301.467664
252.479,310.161683,68.714443,-1.500000,-3.344960,301.683378
252.515,305.729956,72.449778,-0.322509,1.276674,301.894151
252.547,301.657534,67.398441,1.500000,5.511920,302.074866
252.574,309.747690,63.128127,-1.224596,-2.438405,302.230061
252.610,313.659498,67.233627,-1.500000,-6.165612,302.434945
252.639,304.302895,64.848271,1.500000,3.339359,302.599616
252.670,304.523876,67.140662,1.500000,3.276157,302.774732
252.702,304.783506,65.328187,1.500000,3.176754,302.952564
252.742,320.695603,69.156878,-1.500000,-12.532394,303.177813
252.776,313.356666,65.627448,-1.500000,-5.027067,303.362485
252.807,310.405666,65.492542,-1.500000,-1.920036,303.535660
252.840,320.760272,64.583055,-1.500000,-12.109479,303.718972
252.868,302.655011,61.378519,1.500000,6.132732,303.870969
252.899,309.026245,69.095858,1.500000,-0.083797,304.042672
252.936,310.746320,65.608470,-0.461086,-1.622917,304.243510
252.963,309.503281,67.434232,-1.001099,-0.249379,304.388349
252.994,301.611466,63.247973,1.500000,7.793445,304.555950
253.031,299.895190,67.287684,1.500000,9.685419,304.750953
253.064,311.385002,61.702207,-0.489580,-1.646498,304.926198
253.101,322.032027,67.552403,-1.500000,-12.116071,305.123147
253.134,309.995890,69.521612,-1.500000,0.074480,305.294529
253.166,316.611300,64.147983,-1.500000,-6.389704,305.462371
253.200,301.116628,67.261063,1.500000,9.265341,305.640365
253.227,300.187879,67.727791,1.500000,10.318248,305.778165
253.264,312.147771,63.890619,-0.278104,-1.471484,305.967023
253.292,308.697617,72.525161,1.500000,2.112057,306.115066
253.326,313.772684,65.039370,-1.500000,-2.808582,306.286462
253.359,300.770653,65.635828,1.500000,10.340335,306.449488
253.393,313.742123,66.108336,-1.128324,-2.477363,306.620155
253.430,312.541329,67.361776,-1.500000,-1.110363,306.804624
253.459,302.825794,70.358981,1.500000,8.736084,306.949920
253.496,304.554570,69.826215,1.500000,7.169913,307.130391
253.521,307.417658,62.886297,1.500000,4.419793,307.255773
253.550,323.380830,65.815567,-1.500000,-11.419257,307.393533
253.584,310.658751,66.926278,-0.107588,1.454540,307.561921
253.609,316.284221,71.832047,-1.500000,-4.065581,307.678845
253.639,303.262797,67.766522,1.500000,9.086139,307.823458
253.676,325.577880,65.823566,-1.500000,-13.071681,307.998002
253.715,303.240163,62.900874,1.500000,9.430056,308.180043
253.744,318.522212,66.594401,-1.500000,-5.729294,308.316225
253.782,324.559850,69.299679,-1.500000,-11.606360,308.494440
253.823,316.994053,71.308284,-1.500000,-3.873848,308.679472
253.850,297.241959,69.599901,1.500000,15.988462,308.801798
253.884,312.620642,65.829624,1.500000,0.751429,308.959014
253.913,310.837930,70.830082,1.500000,2.650462,309.088116
253.938,326.159081,68.136233,-1.500000,-12.571857,309.197807
253.967,311.066708,63.058252,1.322702,2.638228,309.328452
253.996,321.834668,67.417521,-1.500000,-8.014957,309.455839
254.030,319.765874,60.966358,-1.500000,-5.814699,309.601749
254.066,312.811168,69.996376,0.047587,1.280711,309.757913
254.099,310.609923,69.427055,1.500000,3.609120,309.899049
254.122,315.189888,69.875948,0.611381,-0.881688,309.998002
254.161,301.629695,67.178999,1.500000,12.828588,310.164576
254.196,324.306338,69.825730,-1.500000,-9.717962,310.308963
254.224,315.450081,65.776426,-1.500000,-0.757428,310.424698
254.255,302.274346,65.936571,1.500000,12.532085,310.550978
254.286,321.896490,70.244793,-1.500000,-6.974741,310.678967
254.321,309.391967,73.585416,1.500000,5.656548,310.819662
254.352,328.973997,68.586917,-1.500000,-13.814104,310.943278
254.385,307.304402,69.650612,1.500000,7.975925,311.076945
254.426,302.454917,64.662890,1.500000,12.969736,311.237129
254.453,321.329211,61.478914,-1.500000,-5.809674,311.342439
254.485,316.199622,69.049226,-1.500000,-0.570414,311.464160
254.519,307.397589,64.481039,1.500000,8.349975,311.595520
254.546,313.958951,67.763641,1.500000,1.878920,311.695751
254.574,311.801117,66.145759,1.500000,4.132223,311.801709
254.606,325.453972,66.601369,-1.500000,-9.413525,311.920585
254.639,324.459777,68.561291,-1.500000,-8.311098,312.040709
254.678,318.067392,66.261506,-1.500000,-1.788927,312.184756
254.712,313.407047,64.609857,1.500000,2.979544,312.304763
254.745,313.839273,71.580579,1.500000,2.653349,312.422444
254.772,326.329740,66.526919,-1.500000,-9.750544,312.518530
254.803,317.842079,66.030244,-1.500000,-1.167996,312.623843
254.837,312.510328,63.449589,1.500000,4.271306,312.743212
254.866,326.586657,70.868407,-1.500000,-9.716369,312.841607
254.900,325.775302,74.169515,-1.500000,-8.801878,312.956076
254.940,310.299064,61.547333,1.500000,6.791940,313.086576
254.976,304.368129,65.204838,1.500000,12.830117,313.205600
255.011,322.693138,65.006987,-1.500000,-5.393420,313.318222
255.045,300.825483,68.975396,1.500000,16.573392,313.428273
255.070,318.743293,65.395297,0.325854,-1.273905,313.506535
255.106,318.385648,66.495366,-0.801924,-0.815089,313.618823
255.139,307.632639,67.932176,1.500000,10.030550,313.721630
255.169,324.705052,66.337474,-1.500000,-6.960105,313.812371
255.198,320.407991,63.741760,-1.500000,-2.585238,313.898727
255.234,313.810911,63.793733,1.500000,4.107455,314.004846
255.266,305.014531,67.624652,1.500000,12.988546,314.098865
255.304,318.730044,63.593541,0.740006,-0.628910,314.207696
255.335,325.548412,66.170020,-1.500000,-7.366676,314.297154
255.370,336.190991,66.504042,-1.500000,-17.922690,314.393231
255.395,326.483408,70.865425,-1.500000,-8.152787,314.462398
255.430,310.354722,69.137850,1.500000,8.061991,314.557949
255.466,314.391853,65.662891,1.500000,4.111129,314.653698
255.495,318.897535,68.925948,1.109064,-0.323483,314.732578
255.525,332.670122,64.884521,-1.500000,-14.027168,314.809049
255.558,316.588244,62.634379,0.759170,2.132470,314.895354
255.589,326.006785,64.235930,-1.500000,-7.215636,314.973527
255.627,308.604316,68.311211,1.500000,10.270888,315.066819
255.663,326.488827,67.973482,-1.500000,-7.534708,315.154405
255.694,301.146907,61.527642,1.500000,17.874523,315.229112
255.731,325.653452,70.249914,-1.500000,-6.553509,315.316252
255.760,308.853587,69.947927,1.500000,10.308450,315.385169
255.789,316.288589,63.029151,1.500000,2.931590,315.449699
255.819,324.422785,72.036078,-1.500000,-5.141227,315.517823
255.852,323.363660,69.873058,-1.500000,-4.017099,315.589968
255.882,321.583449,74.311991,-1.500000,-2.177904,315.655432
255.918,318.886755,65.549613,-0.788761,0.588562,315.732871
255.953,303.982093,72.354088,1.500000,15.558070,315.804842
255.986,313.751662,66.555695,1.500000,5.850335,315.873470
256.017,320.270258,75.208670,0.759665,-0.612640,315.935202
256.049,314.040750,68.458842,1.500000,5.674002,315.998615
256.080,315.558952,70.004552,1.500000,4.209367,316.058067
256.112,331.850620,62.743323,-1.500000,-12.028696,316.117564
256.141,333.166275,65.069071,-1.500000,-13.294733,316.172632
256.173,330.050258,61.776310,-1.500000,-10.126209,316.230909
256.207,325.251846,71.734660,-1.500000,-5.273154,316.291556
256.241,317.104853,60.713085,1.500000,2.925877,316.349312
256.274,321.744252,63.828647,-0.144037,-1.662780,316.405629
256.308,324.099209,67.425937,-1.500000,-3.966073,316.462969
256.343,313.781287,68.916352,1.500000,6.401984,316.518614
256.374,324.463582,70.264817,-1.500000,-4.235506,316.568342
256.408,317.864431,59.302718,1.046979,2.410043,316.619838
256.437,306.444709,67.924488,1.500000,13.870107,316.664612
256.471,322.855105,73.026482,-1.461032,-2.496100,316.713657
256.503,317.458651,72.990481,1.500000,2.941577,316.759410
256.534,318.307924,68.403697,1.500000,2.131519,316.802933
256.567,318.391452,64.400783,1.500000,2.087470,316.846750
256.600,327.408400,69.238500,-1.500000,-6.889668,316.890935
256.634,340.346449,67.041149,-1.500000,-19.788575,316.934378
256.666,331.250833,66.811014,-1.500000,-10.657945,316.973239
256.699,318.054060,73.684639,1.500000,2.574968,317.013349
256.731,326.541554,66.526187,-1.500000,-5.879470,317.050038
256.777,307.373315,67.218703,1.500000,13.334668,317.100981
256.807,324.746988,66.797636,-1.500000,-4.009785,317.133410
256.838,330.740075,62.038779,-1.500000,-9.974038,317.165413
256.872,303.529786,73.552138,1.500000,17.267697,317.200315
256.903,312.365316,72.265031,1.500000,8.458483,317.229522
256.934,316.260348,63.780871,1.500000,4.589599,317.258543
256.966,332.529068,67.917937,-1.500000,-11.653668,317.286792
257.000,330.307179,70.388949,-1.500000,-9.405316,317.316163
257.034,317.622097,72.549204,1.500000,3.305180,317.344369
257.071,328.620961,61.360748,-1.500000,-7.667706,317.373202
257.097,326.873618,67.785362,-1.500000,-5.903003,317.392469
257.131,315.563064,60.045590,1.500000,5.429555,317.416891
257.161,315.926906,71.121891,1.500000,5.083497,317.436630
257.192,320.474103,65.204450,1.500000,0.554667,317.457015
257.236,330.705160,66.371771,-1.500000,-9.652718,317.483288
257.266,323.525585,69.747073,-1.500000,-2.458082,317.500003
257.296,330.714419,65.882618,-1.500000,-9.632327,317.516195
257.322,316.018037,68.643750,1.500000,5.075865,317.529303
257.361,326.259595,67.711162,-1.500000,-5.149196,317.547612
257.396,317.117741,66.169868,1.500000,4.005925,317.562337
257.428,317.467284,61.544465,1.500000,3.667719,317.574919
257.456,317.212480,71.725229,1.500000,3.931749,317.585160
257.486,328.223178,64.624330,-1.500000,-7.069928,317.595172
257.518,324.425771,71.053116,-1.500000,-3.263890,317.604751
257.557,317.328210,68.831759,1.500000,3.842713,317.614786
257.591,338.630568,69.260847,-1.500000,-17.452675,317.622523
257.624,309.127095,65.027976,1.500000,12.056598,317.628960
257.658,322.541206,65.885724,0.230639,-1.352704,317.634297
257.691,316.266275,71.294526,1.500000,4.925886,317.638359
257.715,328.433857,59.581523,-1.500000,-7.239530,317.640763
257.744,326.209207,76.316777,-1.500000,-5.013070,317.642771
257.774,319.867689,66.695324,0.106631,1.329575,317.644022
257.806,324.267801,67.944737,-1.500000,-3.070199,317.644397
257.838,306.042173,67.047130,1.500000,15.154872,317.643779
257.875,321.126766,66.131624,1.500000,0.068519,317.641826
257.907,330.803923,61.490761,-1.500000,-9.611070,317.639126
257.942,311.159988,62.241286,1.500000,10.029180,317.635036
257.976,328.245274,67.520758,-1.500000,-7.060643,317.630002
258.006,324.094768,64.095819,-1.500000,-2.915050,317.624549
258.034,318.090251,61.133122,1.500000,3.084268,317.618778
258.067,312.343528,71.944378,1.500000,8.824126,317.611158
258.098,322.405170,66.768726,-0.004455,-1.245016,317.602835
258.139,330.631917,61.051887,-1.500000,-9.482544,317.590869
258.172,323.607575,70.365707,-1.500000,-2.467932,317.580070
258.200,308.817741,65.936433,1.500000,12.313046,317.570241
258.238,314.414927,65.563178,1.500000,6.702568,317.555489
258.262,338.894967,65.659352,-1.500000,-17.786296,317.545695
258.302,312.130578,66.680712,1.500000,8.962164,317.528016
258.328,315.088939,61.231136,1.500000,5.993027,317.516056
258.363,326.310210,70.300896,-1.500000,-5.243844,317.498741
258.391,333.914293,69.652719,-1.500000,-12.861054,317.484172
258.425,323.459174,70.591433,-1.500000,-2.422699,317.465566
258.458,314.937999,65.071283,1.500000,6.081624,317.446863
258.495,327.987625,66.435783,-1.500000,-6.987806,317.424883
258.528,311.257445,66.077856,1.500000,9.723781,317.404246
258.562,316.585959,61.199168,1.500000,4.375256,317.382037
258.590,314.090523,57.294065,1.500000,6.853157,317.362576
258.618,323.943801,62.634482,-1.500000,-3.017817,317.342935
258.657,324.567441,63.549856,-1.500000,-3.666481,317.315161
258.682,321.899006,66.670152,-1.500000,-1.015551,317.295733
258.720,320.929401,62.251265,-1.500000,-0.072049,317.266762
258.750,301.963642,68.037755,1.500000,18.871956,317.242617
258.786,310.913882,63.753378,1.500000,9.894831,317.212779
258.819,308.133893,70.325245,1.500000,12.650253,317.185512
258.848,317.896954,62.112583,1.500000,2.864246,317.160044
258.884,322.294498,63.535973,-0.387853,-1.562311,317.127844
258.911,314.157213,70.489489,1.500000,6.553016,317.103472
258.947,334.814185,69.815644,-1.500000,-14.134467,317.069609
258.983,328.716193,61.737542,-1.500000,-8.068050,317.034566
259.013,325.668185,68.609623,-1.500000,-5.046647,317.005037
259.044,318.166666,66.581896,1.433451,2.427633,316.974805
259.078,325.204552,66.259231,-1.500000,-4.642111,316.939446
259.114,324.723197,67.169939,-1.500000,-4.194361,316.902148
259.143,311.456047,63.552621,1.500000,9.044678,316.870948
259.179,321.582055,66.312049,0.515442,-1.117005,316.831353
259.209,311.976308,62.527274,1.500000,8.459565,316.798970
259.244,319.460540,68.395067,1.500000,0.939219,316.758888
259.279,332.982040,60.047009,-1.500000,-12.618516,316.718672
259.311,319.244272,66.384319,-0.552905,1.086001,316.681769
259.339,323.826212,67.838017,-1.500000,-3.525595,316.648853
259.366,313.668705,68.621616,1.500000,6.603164,316.616947
259.397,323.912981,76.736802,-1.500000,-3.675052,316.579277
259.430,326.367947,64.885824,-1.500000,-6.167067,316.538158
259.469,313.055542,69.874485,1.500000,7.101176,316.489143
259.502,326.798762,64.738852,-1.500000,-6.678846,316.448298
259.534,315.174084,65.694631,1.500000,4.908755,316.407146
259.563,306.351139,62.871839,1.500000,13.696766,316.368374
259.596,333.385454,60.990895,-1.500000,-13.376214,316.325460
259.628,309.920121,66.000091,1.500000,10.050687,316.282806
259.659,326.968228,68.323991,-1.500000,-7.034796,316.241323
259.691,314.078582,71.125476,1.500000,5.815512,316.197662
259.727,314.042303,68.582745,1.500000,5.807827,316.148867
259.764,325.363673,61.678235,-1.500000,-5.560538,316.096709
259.797,320.622559,62.897538,-1.500000,-0.861295,316.050238
259.830,312.962570,69.011734,1.500000,6.756709,316.003640
259.857,314.999104,67.123815,1.500000,4.684861,315.964444
259.897,321.954375,68.718202,-1.305607,-2.321831,315.907374
259.930,327.056551,64.716636,-1.500000,-7.467095,315.859552
259.959,306.532877,72.969868,1.500000,13.017658,315.816355
259.991,319.913208,59.541724,1.375776,-0.405005,315.769371
260.023,327.787956,64.264617,-1.500000,-8.322817,315.721575
260.053,332.325053,68.178901,-1.500000,-12.900211,315.676851
260.084,310.890871,69.689020,1.500000,8.491491,315.629702
260.114,322.196520,62.274668,-1.500000,-2.855726,315.583566
260.145,317.214670,65.199120,0.652017,2.083178,315.535903
260.178,321.455080,67.006368,-1.500000,-2.202753,315.485379
260.217,322.336091,70.065594,-1.500000,-3.137392,315.425859
260.251,304.532070,70.383521,1.500000,14.618211,315.372121
260.284,320.161583,61.372599,0.586115,-1.058517,315.319718
260.314,305.837512,66.522191,1.500000,13.223421,315.272955
260.343,305.881324,70.403842,1.500000,13.138406,315.227225
260.373,309.082267,60.529335,1.500000,9.893656,315.178606
260.407,326.577336,64.786186,-1.500000,-7.649262,315.125499
260.443,333.164678,61.383007,-1.500000,-14.289502,315.066788
260.478,314.395029,65.255128,1.500000,4.428954,315.009970
260.509,320.468788,65.635717,-0.175449,-1.688777,314.961166
260.538,317.362343,68.608456,1.280946,1.374043,314.912748
260.577,341.205360,67.472553,-1.500000,-22.526381,314.849034
260.605,320.646400,66.393136,-1.500000,-2.007654,314.804379
260.634,326.168419,69.878507,-1.500000,-7.572230,314.757146
260.669,324.460020,64.932867,-1.500000,-5.916511,314.698678
260.701,304.620162,65.747632,1.500000,13.875517,314.645593
260.734,317.588806,67.275485,1.500000,0.858904,314.592353
260.770,319.359616,69.007006,0.331750,-0.966777,314.531453
260.804,313.640622,70.695851,1.500000,4.702362,314.476120
260.830,314.751979,65.897462,1.500000,3.550920,314.431631
260.870,325.646588,70.868140,-1.500000,-7.403154,314.365632
260.898,321.558842,67.839723,-1.500000,-3.357364,314.319066
260.927,321.693892,62.373677,-1.500000,-3.535610,314.271122
260.954,323.629475,65.522633,-1.500000,-5.511954,314.225884
260.986,315.478908,67.149486,1.500000,2.591113,314.173165
261.018,325.407762,66.029399,-1.500000,-7.386591,314.118947
261.050,304.114442,62.879851,1.500000,13.858401,314.065308
261.086,305.472136,70.057071,1.500000,12.447424,314.006171
261.123,329.881175,67.191135,-1.500000,-12.017133,313.944554
261.148,315.891526,62.294829,0.472088,1.934271,313.902105
261.189,304.967406,68.438539,1.500000,12.797522,313.834548
261.223,312.679760,59.724065,1.500000,5.034095,313.777864
261.251,328.231738,63.771349,-1.500000,-10.560181,313.730918
261.282,326.725729,68.124134,-1.500000,-9.100333,313.679685
261.314,314.469370,66.563008,1.500000,3.108045,313.626433
261.348,318.120552,66.667985,1.147662,-0.593789,313.570214
261.382,327.668702,68.480949,-1.500000,-10.191777,313.514899
261.501,320.886203,70.709182,-1.500000,-3.585851,313.318927
261.537,323.497483,67.637112,-1.500000,-6.249760,313.260513
261.569,301.013691,66.892604,1.500000,16.187573,313.208950
261.595,307.694375,69.167207,1.500000,9.468064,313.165859
261.626,306.855154,67.500494,1.500000,10.262254,313.115880
261.656,322.822798,68.804420,-1.500000,-5.748276,313.068282
261.692,328.591560,65.743719,-1.500000,-11.568669,313.010977
261.723,310.638943,65.776439,1.500000,6.339247,312.961364
261.757,314.148690,67.164986,1.500000,2.779737,312.906134
261.786,327.231153,68.219642,-1.500000,-10.343424,312.860965
261.821,315.979666,64.795210,-0.828021,0.858319,312.805755
261.853,311.874726,64.408069,1.500000,4.917888,312.755398
261.888,322.504752,65.957396,-1.500000,-5.759891,312.702399
261.915,313.245192,66.574715,1.500000,3.461756,312.660320
261.943,316.559820,67.551899,1.500000,0.107834,312.616708
261.973,333.370448,67.345741,-1.500000,-16.744457,312.570467
262.011,323.654392,70.572968,-1.500000,-7.079629,312.513611
262.044,308.098519,71.651387,1.500000,8.431404,312.463843
262.076,330.557583,65.715867,-1.500000,-14.071062,312.415673
262.114,308.782628,66.971776,1.500000,7.653828,312.360107
262.142,332.030224,70.112992,-1.500000,-15.631922,312.317761
262.183,310.987218,71.367055,1.500000,5.358226,312.259094
262.206,326.450930,68.185250,-1.500000,-10.136295,312.224900
262.238,317.842493,64.116048,-1.500000,-1.569108,312.179118
262.270,316.169334,75.982044,-1.423794,0.063017,312.133575
262.429,304.880556,70.954563,1.500000,11.153415,311.913397
262.460,299.916615,66.503709,1.500000,16.079461,311.871339
262.498,306.495574,64.067685,1.500000,9.454970,311.820804
262.573,318.235781,63.498099,-1.367412,-2.372980,311.723420
262.597,310.702409,75.360792,1.500000,5.132354,311.692301
262.625,310.902692,69.411029,1.500000,4.899954,311.656654
262.652,324.601092,64.911446,-1.500000,-8.828104,311.623738
262.681,314.896711,66.405691,-0.845896,0.843526,311.587388
262.711,324.630408,63.982865,-1.500000,-8.923856,311.550002
262.734,313.341377,62.954063,1.248829,2.340743,311.522885
262.768,323.109231,63.581045,-1.500000,-7.463708,311.482267
262.801,310.104139,68.100059,1.500000,5.506759,311.443837
262.834,323.795342,66.603039,-1.500000,-8.219431,311.405006
262.861,314.619170,73.787585,-0.743062,0.928630,311.373807
262.894,302.706231,72.019086,1.500000,12.808499,311.337103
262.936,317.109204,66.303159,-0.203472,-1.635707,311.291340
262.965,311.635460,67.557745,1.500000,3.809289,311.259432
263.001,320.611841,68.776787,-1.500000,-5.201000,311.221799
263.032,315.981633,69.211744,-1.500000,-0.600519,311.188806
263.063,305.708303,72.235202,1.500000,9.644815,311.157734
263.100,301.176187,69.238617,1.500000,14.143116,311.120204
263.143,304.304366,66.662282,1.500000,10.977311,311.078443
263.172,315.104023,66.161157,1.500000,0.152638,311.050679
263.198,322.735995,70.395281,-1.500000,-7.501510,311.026065
263.226,327.427618,66.747184,-1.500000,-12.216284,311.000371
263.258,319.067717,66.232163,-1.500000,-3.882503,310.971381
263.287,324.241177,65.515899,-1.500000,-9.078849,310.945980
263.317,303.063681,64.852563,1.500000,12.075538,310.920332
263.349,313.093007,71.321869,1.500000,2.022036,310.893499
263.383,320.300203,63.076369,-1.500000,-5.210104,310.865815
263.416,313.482670,74.127317,0.049303,1.584380,310.840233
263.447,306.911713,66.760713,1.500000,8.133364,310.815846
263.479,314.403607,61.565211,1.500000,0.620546,310.792623
263.510,324.228996,70.041270,-1.500000,-9.225129,310.770107
263.547,318.257646,71.651987,-1.500000,-3.276921,310.744424
263.579,312.026358,66.992021,1.500000,2.934576,310.722457
263.609,326.700971,74.418830,-1.500000,-11.757493,310.703084
263.645,313.277663,66.060113,0.123561,1.645835,310.680908
263.670,315.352084,62.796233,-0.213055,-0.442102,310.665907
263.707,321.179319,65.140438,-1.500000,-6.288842,310.644258
263.744,313.949401,68.990749,-0.541338,0.922985,310.624179
263.779,301.920813,74.016853,1.500000,12.935123,310.605922
263.809,304.444024,82.674698,1.500000,10.398207,310.590712
263.838,292.065963,91.133597,1.500000,22.764290,310.577417
263.869,275.153468,98.158627,1.500000,39.664105,310.563344
263.899,261.494553,108.554782,1.500000,53.311384,310.550430
263.938,244.385496,108.975618,1.500000,70.406879,310.535377
263.966,233.254149,111.388548,1.500000,81.528645,310.524744
264.005,213.363371,116.264561,1.500000,101.407488,310.511497
264.041,210.814220,112.944169,1.500000,103.946760,310.500532
264.074,211.301632,109.071639,1.500000,103.450993,310.491259
264.103,199.563163,113.000451,1.500000,115.182938,310.484019
264.131,190.356304,127.170809,1.500000,124.383967,310.477549
264.160,176.324428,126.445940,1.500000,138.410378,310.471482
264.192,166.932210,123.342809,1.500000,147.797471,310.465795
264.231,168.730223,122.602439,1.500000,145.994230,310.459992
264.266,164.551668,123.050530,1.500000,150.169175,310.455985
264.298,159.731152,133.465196,1.500000,154.987212,310.453235
264.335,143.013183,141.875018,1.500000,171.703292,310.451138
264.380,138.291462,120.384346,1.500000,176.424232,310.450271
264.401,136.260858,117.995405,1.500000,178.455032,310.450489
264.433,136.543070,121.506900,1.500000,178.173822,310.451600
264.460,135.243977,116.526792,1.500000,179.474367,310.453212
264.486,136.921127,116.460807,1.500000,177.799187,310.455398
264.517,146.790485,109.931901,1.500000,167.932998,310.458915
264.549,159.712061,113.086719,1.500000,155.015421,310.463355
264.581,162.207222,110.379532,1.500000,152.525119,310.468746
264.618,165.655887,98.149085,1.500000,149.083157,310.476186
264.648,163.047297,91.504019,1.500000,151.698065,310.483198
264.687,173.847461,65.598727,1.500000,140.907239,310.493563
264.718,175.954276,88.199462,1.500000,138.808604,310.502641
264.749,185.325254,74.408778,1.500000,129.446800,310.512822
264.774,188.782184,85.621838,1.500000,125.997955,310.521796
264.804,199.987322,73.346910,1.500000,114.803036,310.533140
264.837,198.488387,82.223576,1.500000,116.314300,310.546822
264.875,199.195154,64.760172,1.500000,115.622791,310.563757
264.908,208.070528,72.858380,1.500000,106.761564,310.579458
264.946,216.246050,100.047996,1.500000,98.603509,310.598844
264.973,226.757547,79.019953,1.500000,88.105209,310.613492
265.005,236.690637,88.870395,1.500000,78.188461,310.631630
265.029,234.685564,77.610646,1.500000,80.206925,310.646492
265.065,241.642634,86.213641,1.500000,73.270007,310.668858
265.099,249.174018,64.584667,1.500000,65.758790,310.691241
265.130,259.636577,85.953986,1.500000,55.315653,310.712798
265.170,265.770036,67.038592,1.500000,49.208501,310.741995
265.198,284.932504,77.254547,1.500000,30.065248,310.763321
265.238,289.561088,82.027656,1.500000,25.465985,310.795864
265.260,294.954707,69.974646,1.500000,20.088388,310.813646
265.298,305.870379,83.780248,1.500000,9.202356,310.846543
265.322,315.050732,67.006258,1.500000,0.040935,310.867554
265.360,313.969065,77.475517,1.500000,1.154598,310.903067
265.392,335.884544,88.769610,-1.500000,-20.733576,310.933373
265.440,337.825000,67.270267,-1.500000,-22.630547,310.981635
265.461,344.423138,69.780945,-1.500000,-29.209108,311.003362
265.490,342.085690,65.498450,-1.500000,-26.844223,311.033814
265.523,346.652754,69.660884,-1.500000,-31.378861,311.069804
265.553,365.131979,67.017462,-1.500000,-49.827455,311.103800
265.578,377.004785,72.831242,-1.500000,-61.675350,311.131448
265.613,394.092109,69.874125,-1.500000,-78.724813,311.173469
265.646,420.017028,66.024763,-1.500000,-104.614204,311.212901
265.674,403.830390,65.283085,-1.500000,-88.396184,311.247731
265.713,421.385567,71.441149,-1.500000,-105.906240,311.297811
265.741,419.424683,65.443422,-1.500000,-103.912346,311.334447
265.774,420.282225,65.408430,-1.500000,-104.729756,311.378988
265.810,440.867955,69.112538,-1.500000,-125.271142,311.428205
265.840,406.966542,64.721948,-1.500000,-91.330388,311.471869
265.875,416.840130,70.154397,-1.500000,-101.158488,311.522355
265.903,407.967956,70.235090,-1.500000,-92.248768,311.564027
265.933,391.624213,71.910755,-1.500000,-75.864449,311.609061
265.966,390.274330,65.522604,-1.500000,-74.469391,311.659200
266.004,402.655357,68.209649,-1.500000,-86.795532,311.720116
266.034,364.423977,67.066472,-1.500000,-48.520593,311.768462
266.076,370.936634,69.452212,-1.500000,-54.972197,311.836223
266.097,367.656014,65.555537,-1.500000,-51.658457,311.872983
266.130,356.229959,62.891328,-1.500000,-40.182334,311.928553
266.167,343.767619,62.142906,-1.500000,-27.661015,311.994011
266.197,331.862159,60.582926,-1.500000,-15.708156,312.046619
266.237,314.549577,67.285714,0.517604,1.669691,312.119054
266.269,294.070048,65.186125,1.500000,22.202236,312.177896
266.296,297.974042,63.374010,1.500000,18.344995,312.229786
266.335,306.624011,66.517813,1.500000,9.761413,312.303467
266.357,302.864343,60.853900,1.500000,13.559271,312.345853
266.387,297.069991,67.232293,1.500000,19.406918,312.405005
266.418,300.536005,71.020906,1.500000,15.997872,312.468232
266.450,303.281547,71.898866,1.500000,13.310856,312.533189
266.487,318.664203,74.193749,-0.920088,-2.002781,312.609791
266.528,298.553772,66.252056,1.500000,18.185095,312.695746
266.551,306.430475,68.278372,1.500000,10.353441,312.745744
266.581,305.727276,69.035137,1.500000,11.115959,312.811581
266.617,309.653508,64.293600,1.500000,7.260225,312.889825
266.645,317.594880,63.726761,0.743760,-0.625804,312.951250
266.679,328.391462,60.988606,-1.500000,-11.352588,313.028716
266.709,323.885624,74.743800,-1.500000,-6.784074,313.098280
266.742,323.233346,64.258519,-1.500000,-6.063516,313.174062
266.782,307.314666,59.135711,1.500000,9.941745,313.270157
266.814,309.160812,64.782133,1.500000,8.165121,313.347318
266.846,322.878857,63.291434,-1.500000,-5.484629,313.423116
266.876,318.160950,71.137239,-1.500000,-0.699373,313.497866
267.181,313.683504,62.032453,1.500000,4.500093,314.299220
267.210,311.905712,71.526802,1.500000,6.349201,314.378371
267.237,321.490855,68.115341,-1.500000,-3.166227,314.455747
267.268,321.742281,64.025455,-1.500000,-3.338118,314.544021
267.293,314.870526,63.077402,1.500000,3.597087,314.614443
267.321,316.153576,60.458067,1.500000,2.386767,314.695164
267.348,326.672845,64.318651,-1.500000,-8.060028,314.775602
267.378,324.025054,71.662933,-1.500000,-5.335052,314.861268
267.408,325.459859,72.049366,-1.500000,-6.688156,314.951946
267.439,308.839517,70.554706,1.500000,10.016416,315.045431
267.473,316.104788,64.820119,1.500000,2.843892,315.148369
267.505,310.175727,59.112040,1.500000,8.861594,315.246749
267.540,321.582408,68.067366,-1.458592,-2.448440,315.354015
267.573,315.966816,69.128062,1.500000,3.257860,315.454691
267.606,326.609244,64.848704,-1.500000,-7.289922,315.559735
267.638,317.121980,70.051247,0.900451,2.288779,315.661220
267.669,333.695563,70.212710,-1.500000,-14.195870,315.759925
267.700,327.529940,69.393285,-1.500000,-7.940621,315.859399
267.733,315.056440,70.104346,1.500000,4.630923,315.968216
267.765,322.111827,72.508863,-0.948570,-2.328601,316.074612
267.799,312.677320,70.131995,1.500000,7.206092,316.185807
267.833,332.517318,67.758774,-1.500000,-12.530987,316.300034
267.868,318.462980,69.515413,0.102174,1.628135,316.416332
267.900,322.783604,72.156032,-1.500000,-2.593319,316.526398
267.931,315.878412,63.371957,1.500000,4.408496,316.633638
267.960,315.563469,58.886558,1.500000,4.813756,316.733878
268.008,315.000166,64.893127,1.500000,5.526395,316.899624
268.038,326.681915,65.277240,-1.500000,-6.060523,317.004874
268.065,316.793203,65.188758,1.500000,3.914799,317.101001
268.094,325.981575,67.386773,-1.500000,-5.182476,317.202108
268.121,333.743931,67.980284,-1.500000,-12.857277,317.299283
268.148,320.695197,70.933553,-1.162042,0.279639,317.397154
268.178,301.315468,60.731474,1.500000,19.758089,317.506723
268.205,309.792031,71.900293,1.500000,11.369600,317.604474
268.239,318.338447,69.825771,1.500000,2.937274,317.731100
268.272,325.633434,62.548130,-1.500000,-4.248486,317.852328
268.305,316.941528,65.707051,1.500000,4.552324,317.973198
268.338,317.708527,64.603835,1.500000,3.895927,318.095953
268.368,327.386175,66.077909,-1.500000,-5.677144,318.212021
268.402,325.828578,72.013629,-1.500000,-4.006198,318.337825
268.437,320.078038,67.426590,0.753950,1.865288,318.472060
268.468,329.920925,71.436644,-1.500000,-7.868864,318.592743
268.502,326.409077,67.495883,-1.500000,-4.240722,318.721815
268.533,330.353669,69.045998,-1.500000,-8.076211,318.842906
268.563,318.087641,73.400178,1.500000,4.295200,318.959868
268.595,328.970280,65.373034,-1.500000,-6.472195,319.087775
268.628,323.486297,70.738380,-1.500000,-0.871841,319.216933
268.661,305.724202,74.690987,1.500000,17.006683,319.346155
268.693,316.321320,63.945023,1.500000,6.526674,319.476130
268.725,307.279132,69.900827,1.500000,15.683678,319.603563
268.757,323.404270,65.524830,1.107397,-0.324862,319.732972
268.792,326.265763,63.871538,-1.500000,-3.061120,319.871968
268.827,319.828766,72.026477,1.500000,3.506223,320.016636
