time,left,front,u,Xi,desired
0.061,407.043544,67.068430,-1.500000,-23.086315,372.857224
0.091,390.587984,64.940512,-1.500000,-6.273484,373.191122
0.121,349.021615,72.534950,1.500000,35.648087,373.523086
0.151,388.869320,66.564172,-1.500000,-3.854737,373.845405
0.178,407.535881,69.763292,-1.500000,-22.203795,374.142136
0.209,400.954269,67.347199,-1.500000,-15.264117,374.476778
0.239,391.872673,70.417595,-1.500000,-5.843508,374.793612
0.271,383.193685,71.371698,1.500000,3.201925,375.136084
0.303,386.045353,71.000529,1.500000,0.707610,375.470059
0.335,392.357456,77.660880,-1.500000,-5.248989,375.802305
0.367,353.241500,71.619772,1.500000,34.222227,376.134324
0.401,372.071576,68.106504,1.500000,15.763252,376.481148
0.434,373.008757,68.417745,1.500000,15.190732,376.821952
0.469,417.807136,61.117945,-1.500000,-29.238059,377.167362
0.500,397.323349,70.820667,-1.500000,-8.418584,377.481088
0.534,377.485762,64.694030,1.500000,11.775157,377.813943
0.565,377.302716,66.005931,1.500000,12.279395,378.114123
0.600,408.536565,67.108873,-1.500000,-18.596653,378.448515
0.632,394.255411,62.884865,-1.500000,-3.992976,378.749939
0.663,406.198209,71.961178,-1.500000,-15.616794,379.048052
0.699,400.656921,72.235770,-1.500000,-9.721581,379.378822
0.732,379.227873,69.964204,1.500000,12.033411,379.683444
0.769,369.492033,66.799467,1.500000,22.130782,380.021322
0.799,391.159500,69.104103,1.500000,0.753600,380.292616
0.831,383.422493,71.311860,1.500000,8.796125,380.578147
0.860,391.068414,65.308800,1.500000,1.417534,380.827989
0.891,406.494485,65.601372,-1.500000,-13.712163,381.104974
0.921,405.122116,71.925904,-1.500000,-12.065009,381.361782
0.953,396.343786,70.982968,-1.500000,-2.999036,381.630608
0.987,375.294885,68.939503,1.500000,18.353880,381.914734
1.019,385.071553,68.455611,1.500000,8.861964,382.180857
1.051,379.218564,66.868741,1.500000,14.994053,382.441698
1.087,392.641516,65.435366,1.500000,1.886042,382.736035
1.118,401.610962,65.082805,-1.500000,-6.822568,382.979808
1.151,394.939550,71.703548,-1.500000,0.125632,383.238488
1.183,398.174893,68.480347,-1.500000,-2.846879,383.484126
1.213,383.989051,68.602137,1.500000,11.584545,383.713641
1.246,405.969406,62.145920,-1.500000,-10.129195,383.962814
1.279,414.842815,65.179850,-1.500000,-18.739868,384.208361
1.311,395.903093,70.615813,-0.961073,0.445958,384.438366
1.349,398.465499,67.793698,-1.500000,-1.824441,384.711270
1.378,397.110816,70.401648,-1.500000,-0.248148,384.918381
1.413,390.705010,63.506689,1.500000,6.415575,385.159426
1.447,400.419594,64.645455,-1.500000,-3.052915,385.389420
1.479,344.234036,63.827126,1.500000,53.365860,385.607379
1.510,392.316780,64.386719,1.500000,5.499101,385.809235
1.539,377.397477,68.626404,1.500000,20.624762,386.002093
1.569,369.161986,65.407347,1.500000,29.060595,386.189328
1.598,405.063449,65.703511,-1.500000,-6.640988,386.376131
1.631,385.217764,70.344144,1.500000,13.421796,386.579028
1.663,390.937771,63.974668,1.500000,7.908137,386.771876
1.696,404.125935,72.584731,-1.500000,-5.069978,386.968184
1.731,405.745817,64.138965,-1.500000,-6.472842,387.171005
1.762,385.627873,63.479480,1.500000,13.834244,387.347773
1.795,405.448390,68.651634,-1.500000,-5.793231,387.528186
1.827,385.525966,75.086268,1.500000,14.319296,387.705852
1.858,416.715837,67.280203,-1.500000,-16.697733,387.867387
1.892,375.112654,72.284253,1.500000,25.096099,388.045563
1.923,393.148621,67.145791,1.500000,7.229192,388.203564
1.954,421.547402,71.115718,-1.500000,-21.002647,388.359584
1.988,418.531704,70.783916,-1.500000,-17.811502,388.523553
2.021,401.314704,66.732181,-1.500000,-0.422609,388.684201
2.055,389.901719,69.138042,1.500000,11.157348,388.840249
2.088,384.034911,64.757829,1.500000,17.179917,388.985820
2.119,408.082505,67.222907,-1.500000,-6.722325,389.121664
2.151,410.297282,69.952815,-1.500000,-8.790453,389.258718
2.182,370.712616,66.402261,1.500000,30.933089,389.388509
2.215,400.141581,68.588564,1.500000,1.641618,389.517009
2.249,403.424874,65.588137,-0.310738,-1.498491,389.650825
2.283,403.621294,70.128875,-1.500000,-1.558067,389.778717
2.318,410.766069,65.954995,-1.500000,-8.567497,389.905207
2.348,397.343472,68.276774,1.500000,4.969310,390.011946
2.382,389.546051,69.636474,1.500000,12.888647,390.125886
2.413,397.955894,69.590507,1.500000,4.584604,390.224764
2.443,405.297638,67.865804,-1.500000,-2.654162,390.321006
2.475,398.693768,69.985274,1.500000,4.050852,390.415533
2.507,393.650542,66.608510,1.500000,9.194355,390.509250
2.539,402.318957,67.050748,1.500000,0.620138,390.597285
2.572,424.696988,62.157044,-1.500000,-21.663526,390.685478
2.605,414.614793,70.261861,-1.500000,-11.492735,390.768279
2.640,404.440137,65.911367,-1.500000,-1.228252,390.852229
2.671,380.559320,69.507561,1.500000,22.726617,390.921436
2.703,420.576993,66.645329,-1.500000,-17.218322,390.989412
2.735,398.062878,71.515152,1.500000,5.364449,391.053576
2.771,419.277905,66.627566,-1.500000,-15.776414,391.122889
2.803,430.084783,65.685340,-1.500000,-26.525002,391.177366
2.834,416.511530,66.871890,-1.500000,-12.897072,391.228465
2.862,412.221482,71.902908,-1.500000,-8.562305,391.270259
2.895,400.588804,67.677231,1.500000,3.118547,391.315281
2.927,407.210848,61.502859,-1.500000,-3.460140,391.355802
2.960,384.874592,65.964221,1.500000,18.915775,391.392866
2.991,381.076292,66.102628,1.500000,22.747960,391.424534
3.022,405.085986,63.674680,0.010899,-1.232309,391.452034
3.057,397.924327,70.334830,1.500000,5.956863,391.477748
3.091,403.836406,62.553753,1.500000,0.067114,391.498617
3.123,402.180785,63.983667,1.500000,1.739547,391.514329
3.154,429.514277,65.971957,-1.500000,-25.582078,391.525419
3.186,423.957693,68.314090,-1.500000,-20.017319,391.533060
3.218,391.382338,67.666804,1.500000,12.561660,391.536447
3.251,408.407800,66.300960,-1.500000,-4.464575,391.535725
3.284,394.665729,62.426240,1.500000,9.272049,391.530634
3.316,433.466887,65.015783,-1.500000,-29.538766,391.521609
3.351,420.608279,66.758273,-1.500000,-16.695484,391.507285
3.383,434.405638,61.462800,-1.500000,-30.511593,391.489762
3.414,417.121706,62.036761,-1.500000,-13.250179,391.468717
3.447,405.887973,70.274638,-1.500000,-2.044116,391.442857
3.479,379.683529,68.248984,1.500000,24.127892,391.412543
3.510,399.769009,60.261182,1.500000,4.007194,391.379629
3.543,400.032981,67.307272,1.500000,3.701770,391.340889
3.574,395.462586,63.562265,1.500000,8.228590,391.300164
3.608,397.618494,67.188077,1.500000,6.020359,391.251264
3.643,406.362238,66.407630,-1.500000,-2.782668,391.195860
3.679,398.952841,67.885169,1.500000,4.560652,391.134106
3.713,417.568682,70.681594,-1.500000,-14.122024,391.071643
3.747,414.456321,68.138461,-1.500000,-11.082368,391.003694
3.779,389.583384,64.472403,1.500000,13.718577,390.936412
3.809,391.600861,73.437872,1.500000,11.627412,390.867545
3.839,416.345592,69.493839,-1.500000,-13.191726,390.798006
3.871,404.698871,70.032973,-1.500000,-1.629783,390.718773
3.904,405.519229,63.440734,-1.500000,-2.544076,390.630984
3.936,400.429257,73.256961,1.464928,2.453683,390.544804
3.966,415.313751,64.886004,-1.500000,-12.525231,390.456560
4.001,384.507444,67.103870,1.500000,18.170033,390.352782
4.034,400.257298,68.072158,1.500000,2.309749,390.249577
4.066,404.536145,69.917302,-1.015239,-2.081527,390.144503
4.099,409.506840,67.240907,-1.500000,-7.169175,390.035201
4.132,427.008171,63.521868,-1.500000,-24.795247,389.918621
4.163,389.507665,59.044133,1.500000,12.583489,389.804816
4.194,401.320609,77.201096,1.500000,0.644940,389.687429
4.227,403.024325,68.552667,0.055523,-1.195379,389.559763
4.262,402.237836,68.697887,-0.796582,-0.559710,389.418809
4.294,425.679462,69.630979,-1.500000,-24.145614,389.283971
4.331,385.674813,69.555918,1.500000,15.690324,389.126296
4.363,409.816441,66.839044,-1.500000,-8.601491,388.985935
4.697,389.497989,66.448624,1.500000,9.876862,387.266216
4.732,386.776322,68.863059,1.500000,12.383669,387.065413
4.761,386.150344,73.902694,1.500000,12.818918,386.887160
4.791,393.237402,69.221325,1.500000,5.539426,386.707316
4.819,408.566276,70.748533,-1.500000,-9.978342,386.530780
4.848,431.419899,66.478889,-1.500000,-33.026495,386.348976
4.878,412.616397,62.103663,-1.500000,-14.430165,386.155358
4.910,411.243345,63.495674,-1.500000,-13.278506,385.948447
4.942,401.603842,64.217503,-1.500000,-3.864873,385.737354
4.975,383.810471,68.731948,1.500000,13.686936,385.511595
5.010,391.159447,62.776268,1.500000,6.076676,385.267405
5.046,371.114571,62.822275,1.500000,25.852347,385.015812
5.074,404.881251,73.916700,-1.500000,-8.130577,384.813714
5.108,395.164319,65.003544,-0.269641,1.320427,384.565183
5.139,375.691786,63.633485,1.500000,20.547961,384.336212
5.170,383.324962,67.143775,1.500000,12.663658,384.101515
5.202,399.270079,66.789236,-1.500000,-3.542452,383.857596
5.234,381.691476,64.581155,1.500000,13.771552,383.610307
5.267,397.211030,61.858199,-0.584404,-2.027222,383.349353
5.301,419.996329,64.497703,-1.500000,-25.097185,383.083312
5.338,403.758817,61.881733,-1.500000,-9.183853,382.780340
5.373,411.067441,70.476238,-1.500000,-16.801486,382.491547
5.404,402.796142,66.140514,-1.500000,-8.807890,382.232011
5.438,383.365683,62.677665,1.500000,10.316801,381.946246
5.470,402.472888,64.027733,-1.500000,-9.092786,381.663646
5.502,363.876880,71.296163,1.500000,29.212076,381.391547
5.534,382.969351,66.896895,1.500000,9.812541,381.104572
5.565,375.887840,64.819779,1.500000,16.597159,380.827102
5.599,384.472654,63.723255,1.500000,7.683979,380.520218
5.631,398.471486,63.610864,-1.500000,-6.633490,380.222426
5.665,377.964158,66.166490,1.500000,13.532450,379.903372
5.700,374.892718,69.456206,1.500000,16.255650,379.577914
5.757,414.215445,67.440199,-1.500000,-23.654107,379.029288
5.791,387.330232,69.361039,1.500000,2.878776,378.700008
5.821,402.262877,67.316394,-1.500000,-12.368154,378.406282
5.850,414.739148,69.837599,-1.500000,-25.157911,378.113305
5.879,401.187772,63.027279,-1.500000,-11.911734,377.828072
5.909,381.581118,66.297928,1.500000,7.361060,377.516054
5.938,402.829128,69.089449,-1.500000,-14.202887,377.220786
5.970,394.440491,67.984860,-1.500000,-6.169898,376.888405
6.004,374.646301,64.808158,1.500000,13.249481,376.538114
6.034,369.594507,68.187701,1.500000,17.957109,376.216463
6.067,387.205895,66.854801,1.461754,-0.031602,375.863825
6.100,373.604529,67.786001,1.500000,13.185191,375.504411
6.134,388.005875,66.707819,-0.442692,-1.611548,375.134886
6.167,412.274854,64.879390,-1.500000,-26.269094,374.771738
6.199,391.526352,65.461552,-1.500000,-5.897828,374.419181
6.231,406.801359,66.531239,-1.500000,-21.557539,374.059644
6.264,392.966978,64.555410,-1.500000,-8.122192,373.686716
6.299,373.900090,69.999972,1.500000,10.515532,373.285628
6.332,376.134207,63.022881,1.500000,7.862328,372.893958
6.363,351.915557,66.043888,1.500000,31.694720,372.532968
6.394,379.113917,62.711536,1.500000,4.111848,372.173612
6.426,390.478613,67.814158,-1.500000,-7.664644,371.788756
6.458,406.874466,66.358598,-1.500000,-24.464692,371.411003
6.491,390.451321,63.831985,-1.500000,-8.465418,371.014862
6.526,371.219833,71.933536,1.500000,10.303977,370.583000
6.558,382.512955,67.270301,0.172947,-1.400450,370.198603
6.590,369.228075,59.559454,1.500000,11.457065,369.799196
6.621,381.072952,68.063341,0.695802,-0.799193,369.414728
6.654,407.421405,71.292915,-1.500000,-27.588506,369.002709
6.686,388.923325,70.495221,-1.500000,-9.534059,368.588099
6.718,368.524851,68.832425,1.500000,10.427696,368.179951
6.752,394.703137,66.456586,-1.500000,-16.207619,367.752820
6.787,391.087544,69.047510,-1.500000,-13.079249,367.297472
6.817,378.142072,66.846168,-1.500000,-0.560655,366.898520
6.849,359.033690,71.299077,1.500000,18.109544,366.489003
6.878,362.072109,71.347858,1.500000,14.660014,366.104788
6.909,376.098308,64.951542,1.500000,0.191860,365.691745
6.943,365.933021,73.610254,1.500000,9.865540,365.232300
6.976,380.184366,71.632285,-1.500000,-4.858798,364.790251
7.008,373.137959,65.238647,0.210417,1.717716,364.351098
7.043,383.986065,71.199533,-1.500000,-9.636383,363.878207
7.074,392.615345,74.421141,-1.500000,-18.735518,363.439091
7.107,381.270080,68.311595,-1.500000,-7.878576,362.982714
7.139,352.235420,59.288715,1.500000,20.690771,362.547842
7.168,372.976555,67.258413,1.268903,-0.493451,362.133742
7.199,393.439947,69.320017,-1.500000,-21.418427,361.702355
7.230,359.350792,71.050963,1.500000,12.196448,361.259103
7.262,389.230793,73.455635,-1.500000,-18.173014,360.801663
7.296,337.651356,69.838877,1.500000,32.877850,360.307669
7.330,359.740179,68.142910,1.500000,10.265310,359.818215
7.362,357.123772,69.079175,1.500000,12.382048,359.351233
7.394,362.347748,61.085740,1.500000,6.660904,358.886591
7.427,382.304825,66.344637,-1.500000,-13.811350,358.405117
7.456,387.800299,61.225404,-1.500000,-19.774502,357.968034
7.490,371.657385,66.392194,-1.500000,-4.165653,357.468909
7.522,366.233687,70.967970,-0.600893,0.744038,356.988528
7.555,352.191820,68.536207,1.500000,14.260067,356.497091
7.591,372.633088,61.529740,-1.500000,-6.758933,355.957154
7.624,367.248233,66.089570,-1.500000,-1.915182,355.451449
7.653,359.179585,66.442624,1.500000,5.674328,355.003657
7.687,368.131559,66.195725,-1.500000,-3.823823,354.493211
7.715,359.995932,67.819583,1.500000,3.839441,354.051750
7.747,356.167383,66.644175,1.500000,7.148187,353.565953
7.778,359.230050,65.859918,1.500000,3.558966,353.073847
7.810,374.126984,67.043435,-1.500000,-11.869374,352.577205
7.842,351.198292,65.451254,1.500000,10.518139,352.071432
7.879,359.642859,63.906447,1.500000,1.456409,351.494643
7.916,380.693335,67.522483,-1.500000,-20.218883,350.910702
7.949,368.388803,72.983908,-1.500000,-8.472188,350.389359
7.978,371.876467,64.709388,-1.500000,-12.457978,349.923822
8.008,349.487087,66.054150,1.500000,9.419884,349.445767
8.043,357.639784,70.538432,1.500000,0.662452,348.880594
8.075,349.106215,65.737726,1.500000,8.643416,348.364141
8.111,378.351039,64.876061,-1.500000,-21.226562,347.779886
8.143,385.087743,70.063857,-1.500000,-28.527593,347.252476
8.175,378.444055,63.905919,-1.500000,-22.445864,346.727282
8.207,373.300108,70.136763,-1.500000,-17.865634,346.200442
8.238,366.381714,64.561337,-1.500000,-11.497484,345.686196
8.270,327.620633,67.306117,1.500000,26.704503,345.163678
8.300,342.824316,66.646217,1.500000,10.962371,344.660455
8.334,346.918809,66.706541,1.500000,6.269705,344.101414
8.365,342.423373,69.023428,1.500000,10.203073,343.576118
8.401,360.849620,62.461745,-1.500000,-8.856435,342.984285
8.434,356.896300,69.165153,-1.500000,-5.504952,342.421820
8.467,351.560296,63.061330,-1.500000,-0.762621,341.866986
8.498,340.522791,70.294117,1.500000,9.702678,341.332214
8.530,345.837069,68.485924,1.500000,3.815700,340.796981
8.563,347.296513,67.879948,1.500000,1.747579,340.228123
8.595,354.409731,67.113561,-1.500000,-5.952792,339.679382
8.627,351.075064,72.261151,-1.500000,-3.195243,339.140020
8.660,334.820448,68.752744,1.500000,12.445308,338.566127
8.693,350.084305,69.186293,-1.500000,-3.433999,337.990940
8.727,352.753667,71.359894,-1.500000,-6.727791,337.407360
8.759,330.392131,73.130267,1.500000,15.041400,336.853767
8.791,341.258329,68.148992,1.500000,3.586433,336.303515
8.821,344.521726,69.594945,1.206924,-0.242495,335.774982
8.853,355.545908,60.423602,-1.500000,-11.857510,335.222802
8.886,348.199704,65.202268,-1.500000,-5.137452,334.637619
8.920,342.462844,66.375738,-1.500000,-0.034696,334.044998
8.952,339.421890,67.283396,1.401554,2.401236,333.479557
8.986,339.560579,65.675760,1.500000,1.608656,332.868444
9.018,341.129978,76.973531,0.848326,-0.549184,332.318499
9.048,338.847051,62.386580,1.500000,1.158471,331.780862
9.082,361.910088,71.028081,-1.500000,-22.555260,331.172737
9.112,342.367152,66.827645,-1.500000,-3.587798,330.634911
9.146,339.458990,66.041850,-1.500000,-1.331367,330.025816
9.178,334.939448,66.579353,1.500000,2.592149,329.468783
9.211,329.149070,65.486006,1.500000,7.734773,328.863404
9.248,344.740230,65.008969,-1.500000,-8.550437,328.214760
9.278,325.581590,63.005010,1.500000,10.020015,327.665051
9.310,335.196020,69.709729,1.500000,-0.207776,327.091816
9.342,333.501036,65.229414,1.500000,0.865163,326.510467
9.372,350.191034,69.684202,-1.500000,-16.407271,325.966134
9.402,348.728019,73.069137,-1.500000,-15.523620,325.424673
9.434,341.848362,71.190010,-1.500000,-9.260034,324.848905
9.467,337.058367,60.569614,-1.500000,-5.109171,324.251585
9.498,335.985861,68.105273,-1.500000,-4.643208,323.684722
9.534,313.540643,69.618634,1.500000,17.104123,323.032492
9.568,325.239531,63.579698,1.500000,4.742607,322.413213
9.601,321.287408,71.755342,1.500000,8.048442,321.809205
9.631,329.786135,62.682657,0.254126,-1.031018,321.266465
9.660,329.824389,65.749505,-1.500000,-1.645715,320.727733
9.690,330.068582,68.318307,-1.500000,-2.482369,320.174031
9.731,320.819528,65.808178,1.500000,5.977751,319.436709
9.763,316.261111,68.247951,1.500000,9.901701,318.843750
9.796,338.983350,66.917641,-1.500000,-13.464374,318.242034
9.826,323.655622,71.081321,-0.331564,1.269180,317.686731
9.855,319.255361,70.114382,1.500000,5.090919,317.146056
9.888,333.582724,73.271114,-1.500000,-9.883258,316.541556
9.917,323.765286,68.869114,-1.500000,-0.624893,316.019059
9.949,322.278317,67.062930,-1.218828,0.232644,315.430804
9.982,312.886291,76.239316,1.500000,8.971357,314.820232
10.013,312.919582,68.098434,1.500000,8.310978,314.234168
10.046,317.338442,60.788482,1.500000,3.256442,313.640078
10.083,324.132806,61.700963,-1.500000,-4.277063,312.949293
10.116,302.602584,69.218921,1.500000,16.591316,312.330748
10.149,316.918222,66.161425,1.500000,1.631922,311.729106
10.184,307.403807,67.062464,1.500000,10.449833,311.078168
10.216,333.375439,67.179864,-1.500000,-16.151433,310.489726
10.246,321.816706,63.556150,-1.500000,-5.185547,309.935662
10.278,323.574473,72.948933,-1.500000,-7.576978,309.343453
10.308,319.591750,66.295331,-1.500000,-4.191057,308.785695
10.342,311.737466,57.558784,1.500000,2.986606,308.153338
10.374,309.966917,69.267221,1.500000,4.122515,307.560217
10.407,333.324789,70.916427,-1.500000,-19.879417,306.958291
10.443,318.850005,68.748954,-1.500000,-6.110210,306.298873
10.475,305.535878,67.880229,1.500000,6.563206,305.700079
10.507,317.839052,66.688878,-1.500000,-6.377448,305.104303
10.540,301.113540,69.908852,1.500000,9.703078,304.501512
10.568,299.384192,67.253429,1.500000,10.880904,303.986071
10.598,317.046085,62.997274,-1.500000,-7.382502,303.423909
10.631,316.474613,64.433141,-1.500000,-7.463811,302.813834
10.663,302.253552,68.424880,1.500000,6.119979,302.218253
10.698,301.733639,72.693414,1.500000,5.962132,301.584833
10.734,305.866331,62.892275,1.500000,1.112008,300.914336
10.768,315.152371,66.769270,-1.500000,-8.848923,300.283596
10.801,321.040144,66.547840,-1.500000,-15.371947,299.689904
10.835,303.506333,66.409356,0.302792,1.491916,299.063784
10.868,300.092060,66.953188,1.500000,4.250919,298.451383
10.898,311.669970,70.430412,-1.500000,-7.921781,297.895504
10.930,308.730895,68.373101,-1.500000,-5.600664,297.317973
10.961,301.483088,65.831289,-0.238050,1.044322,296.754588
10.994,297.672147,64.743310,1.500000,4.197505,296.139861
11.026,299.798919,69.851209,1.500000,1.456090,295.565429
11.058,306.123453,66.023483,-1.500000,-5.501191,294.974077
11.095,308.599639,66.973520,-1.500000,-8.694067,294.304272
11.126,296.961488,66.976490,1.311541,2.326742,293.727318
11.158,298.739661,64.009329,1.500000,-0.072712,293.146682
11.192,304.014381,66.874183,-1.500000,-5.992318,292.543984
11.232,299.298616,64.881641,-1.500000,-2.056011,291.815518
11.261,299.262924,63.774123,-1.500000,-2.588553,291.284459
11.291,295.295998,62.682019,-0.530541,0.802260,290.746036
11.319,282.028245,62.831438,1.500000,13.536599,290.247518
11.348,283.127031,60.794651,1.500000,11.860677,289.708139
11.378,284.940897,63.623591,1.500000,9.481088,289.179425
11.408,292.044921,68.002613,1.500000,1.795863,288.636247
11.443,298.168036,66.306796,-1.500000,-4.995416,288.011794
11.474,282.899946,70.824846,1.500000,9.669818,287.448378
11.509,293.546913,68.107793,-0.122760,-1.645173,286.824057
11.542,300.633549,69.459893,-1.500000,-9.355114,286.241528
11.573,287.194755,68.153418,1.500000,3.488249,285.685051
11.607,291.732829,66.712739,-0.172733,-1.686529,285.090000
11.638,292.805671,68.313079,-1.500000,-3.357509,284.530993
11.669,292.494547,62.560828,-1.500000,-3.621859,283.993166
11.700,285.895092,67.665497,1.380560,2.383861,283.438274
11.735,288.707033,67.521430,0.425181,-1.080823,282.828234
11.768,290.926282,66.808712,-1.500000,-3.924080,282.245049
11.801,276.894861,70.077315,1.500000,9.495736,281.673455
11.836,285.175363,65.145551,1.500000,0.561034,281.062053
11.867,295.643664,67.128513,-1.500000,-10.489272,280.518123
11.898,296.917246,70.510950,-1.500000,-12.343836,279.975150
11.930,277.335358,70.891239,1.500000,6.646502,279.422300
11.963,296.822376,65.784839,-1.500000,-13.451951,278.850864
11.998,283.088137,73.318090,-1.500000,-0.356936,278.253459
12.030,275.200259,67.777964,1.500000,6.940596,277.701733
12.250,271.818163,63.888711,1.500000,6.319070,273.960031
12.279,273.823850,65.703910,1.500000,3.795339,273.475877
12.308,279.781474,64.285881,-1.500000,-2.679122,272.992853
12.341,279.244011,67.937592,-1.500000,-2.719505,272.452810
12.367,275.780079,61.882497,-1.161419,0.280154,272.018910
12.398,268.899175,66.180610,1.500000,6.604367,271.498638
12.431,270.853892,65.350560,1.500000,4.076099,270.962609
12.463,276.774996,69.146692,-1.410500,-2.408640,270.435847
12.494,269.920984,75.030674,1.500000,3.907758,269.933404
12.526,283.449366,62.712576,-1.500000,-10.194779,269.396810
12.560,268.034033,72.287137,1.500000,4.638066,268.852429
12.596,276.385487,64.227702,-1.500000,-4.331050,268.275175
12.630,271.629407,68.452079,-1.500000,-0.165886,267.722917
12.662,270.571323,62.129498,-1.078685,0.348624,267.214903
12.695,266.556205,64.869160,1.500000,3.800047,266.688087
12.726,266.917255,72.567660,1.500000,2.899436,266.183823
12.758,272.843766,70.825476,-1.500000,-3.570411,265.676033
12.790,263.319589,66.877256,1.500000,5.415000,265.172512
12.821,269.428193,71.555033,0.401670,-1.211161,264.688815
12.854,271.838790,62.352565,-1.500000,-4.170131,264.176316
12.890,264.631229,70.887900,1.219861,2.442462,263.620272
12.928,263.958739,71.172878,1.500000,2.488049,263.034381
12.958,272.801127,60.825675,-1.500000,-6.849727,262.571402
12.991,263.545630,66.975368,0.390099,1.866418,262.067334
13.023,270.164486,71.330235,-1.500000,-5.275619,261.578381
13.052,260.208495,68.894809,1.500000,4.200312,261.129727
13.087,264.711407,72.511406,0.836401,-0.851384,260.616844
13.119,273.820672,65.200718,-1.500000,-10.477004,260.134269
13.151,265.495268,65.662231,-1.500000,-2.669662,259.650099
13.186,262.940547,62.738492,-1.500000,-0.675321,259.126379
13.218,266.522074,73.797184,-1.500000,-4.753432,258.662282
13.251,254.764962,67.524438,1.500000,6.479512,258.172406
13.282,257.116409,66.245149,1.500000,3.641661,257.717822
13.315,258.570578,72.040157,1.500000,1.688583,257.251553
13.346,259.259651,64.932168,1.500000,0.516683,256.800312
13.377,256.723589,65.678839,1.500000,2.569475,256.348658
13.410,278.011251,69.827000,-1.500000,-19.212040,255.887113
13.446,269.792766,71.480660,-1.500000,-11.545443,255.371329
13.481,262.462934,65.911587,-1.500000,-4.747159,254.874556
13.514,262.869609,70.591453,-1.500000,-5.636758,254.423225
13.545,253.085989,68.691445,1.500000,3.675608,253.982801
13.579,257.065866,66.826120,0.898619,-0.799893,253.519601
13.608,254.057493,63.513685,1.500000,1.778200,253.117470
13.642,257.750206,72.362305,-1.343594,-2.413858,252.650792
13.674,256.659821,62.645372,-1.500000,-1.785061,252.219402
13.706,255.390406,61.889900,-1.500000,-0.971347,251.793513
13.743,248.310683,62.395553,1.500000,5.578330,251.298144
13.776,260.980924,68.237014,-1.500000,-7.551260,250.868845
13.807,244.733213,66.102552,1.500000,8.258492,250.459537
13.838,253.594524,64.090213,0.600631,-1.046504,250.044879
13.868,248.051680,73.159386,1.500000,4.086690,249.662028
13.900,255.284638,64.765078,-1.500000,-3.584382,249.252576
13.930,247.203325,66.458656,1.500000,4.086013,248.868540
13.963,251.281985,68.359754,1.325876,-0.446301,248.444564
13.998,247.863629,64.135105,1.500000,2.504674,248.007760
14.030,265.553683,69.825467,-1.500000,-15.612854,247.608252
14.064,252.809643,68.533021,-1.500000,-3.318743,247.187757
14.099,254.235374,64.729495,-1.500000,-5.208841,246.753769
14.130,251.170432,62.070976,-1.500000,-2.546674,246.377344
14.160,251.243856,68.360853,-1.500000,-3.004092,246.018471
14.190,237.059294,68.626639,1.500000,10.788515,245.652158
14.224,250.082842,65.942397,-1.347296,-2.658582,245.256318
14.254,236.850534,67.677733,1.500000,10.186808,244.894711
14.286,232.102052,70.602580,1.500000,14.536726,244.522223
14.320,244.711192,67.611780,1.500000,1.507132,244.129275
14.354,255.647841,73.088365,-1.500000,-9.849449,243.736815
14.391,245.301183,66.240443,-1.500000,0.051169,243.319954
14.422,239.233713,66.097926,1.500000,5.752517,242.977785
14.453,241.598553,68.748825,1.500000,3.010757,242.625523
14.487,243.726165,68.398040,1.500000,0.485086,242.253506
14.518,246.918261,68.483256,-1.500000,-3.070009,241.914255
14.549,240.078094,64.565163,1.500000,3.406949,241.574807
14.582,238.561543,75.314239,1.500000,4.546348,241.222327
14.613,257.898807,70.012339,-1.500000,-15.140010,240.896071
14.646,248.439150,68.932155,-1.500000,-6.049751,240.550840
14.682,244.696925,71.095572,-1.500000,-2.703573,240.180703
14.716,239.720585,65.095226,0.797622,1.901430,239.833659
14.748,242.845855,68.409012,-0.826673,-1.575678,239.504838
14.786,232.974425,63.645773,1.500000,7.889488,239.125152
14.816,238.681439,66.960642,1.500000,1.861727,238.825388
14.847,243.484211,68.194789,-1.500000,-3.259224,238.528024
14.880,237.281585,69.876280,1.278331,2.601507,238.208497
14.906,249.257670,66.748070,-1.500000,-9.645936,237.954891
14.938,246.456545,68.648640,-1.500000,-7.164234,237.656365
14.967,239.918918,62.356342,-1.500000,-0.925893,237.376659
14.998,230.868234,66.138583,1.500000,7.826184,237.097587
15.030,234.933475,65.305238,1.500000,3.446675,236.803878
15.063,244.649552,67.710144,-1.500000,-6.591780,236.502591
15.098,237.985651,64.122139,-1.500000,-0.261003,236.191260
15.130,231.032405,71.514063,1.500000,6.393231,235.911809
15.162,239.685067,61.163774,-1.227370,-2.559332,235.631528
15.195,231.375883,66.483838,1.500000,5.449448,235.350776
15.226,228.625655,70.465110,1.500000,7.922664,235.091887
15.257,236.048007,65.086244,1.500000,0.222647,234.832386
15.290,235.328411,64.364048,1.500000,0.652014,234.561145
15.323,236.691394,62.349913,0.300877,-0.992327,234.298193
15.356,245.033152,64.922534,-1.500000,-9.618990,234.031927
15.390,237.684132,68.314846,-1.500000,-2.552798,233.767602
15.421,234.008592,70.120552,-0.453540,0.865985,233.527642
15.454,230.301752,65.608840,1.500000,4.304066,233.276466
15.486,231.765898,68.025032,1.500000,2.587666,233.040714
15.526,232.313645,68.037044,1.500000,1.722376,232.743945
15.552,243.191803,72.816205,-1.500000,-9.353558,232.559108
15.586,237.656559,66.541334,-1.500000,-4.074299,232.319870
15.618,241.687571,69.465131,-1.500000,-8.345529,232.095366
15.650,233.910800,65.360075,-1.500000,-0.804529,231.875020
15.682,229.513544,69.288434,1.500000,3.364795,231.661999
15.713,233.338026,67.598530,1.044305,-0.679326,231.456730
15.746,237.921714,65.920562,-1.500000,-5.489016,231.245512
15.778,224.150762,65.636291,1.500000,8.063247,231.041130
15.811,235.766448,69.471345,-1.500000,-3.772787,230.835197
15.847,234.096356,67.402956,-1.500000,-2.337137,230.616093
15.879,221.579726,67.136490,1.500000,9.979957,230.429610
15.910,229.360734,69.036679,1.500000,2.005935,230.249224
15.941,236.050635,64.915547,-1.500000,-4.876549,230.069239
15.974,231.905200,70.782364,-1.500000,-0.929879,229.883477
16.006,231.197205,65.435220,-1.500000,-0.405136,229.712214
16.043,224.738939,68.061517,1.500000,5.842476,229.515342
16.078,226.807241,67.999221,1.500000,3.581234,229.335023
16.110,229.569358,72.902220,1.500000,0.645676,229.172929
16.142,236.009311,66.302501,-1.500000,-5.964704,229.013652
16.176,228.252522,66.116155,0.094765,1.622004,228.854697
16.204,228.581186,67.397188,1.500000,1.149497,228.720265
16.235,231.268245,65.559965,-0.367966,-1.687430,228.580201
16.266,225.639291,64.553294,1.500000,3.796269,228.444449
16.298,238.365561,66.098326,-1.500000,-9.076478,228.307554
16.330,233.542438,64.379473,-1.500000,-4.398027,228.172347
16.365,217.365507,65.630814,1.500000,11.630896,228.034021
16.398,230.324985,70.377230,0.089980,-1.469112,227.902685
16.430,224.842367,72.229246,1.500000,3.886262,227.783766
16.462,227.469202,71.142784,1.500000,1.136371,227.668760
16.495,230.263811,69.918165,-0.657195,-1.785215,227.550090
16.527,233.995624,63.542779,-1.500000,-5.629782,227.444712
16.558,230.425362,65.599072,-1.500000,-2.167804,227.343513
16.589,232.219832,65.567779,-1.500000,-4.067048,227.245593
16.626,223.103510,60.376431,1.500000,4.930715,227.134789
16.661,228.052705,66.996026,1.500000,-0.122617,227.037465
16.694,224.419838,62.747080,1.500000,3.414083,226.947590
16.727,237.261664,60.673151,-1.500000,-9.518133,226.863113
16.759,226.227971,70.185969,-0.134512,1.432258,226.785260
16.790,232.482572,66.812073,-1.500000,-4.899708,226.712957
16.821,229.524894,63.476012,-1.500000,-2.013183,226.646459
16.850,218.113127,69.003091,1.500000,9.335083,226.587112
16.882,227.785345,69.585605,1.376007,-0.404813,226.523862
16.914,226.111016,67.201944,1.500000,1.209015,226.467319
16.946,239.407036,66.544703,-1.500000,-12.144683,226.413414
16.982,231.137340,63.519494,-1.500000,-3.934199,226.358076
17.016,231.949948,65.247791,-1.500000,-4.797127,226.311048
17.048,218.556079,68.146603,1.500000,8.553193,226.270348
17.083,230.479568,64.172509,-1.500000,-3.412054,226.231322
17.114,225.416491,59.827776,0.089798,1.617893,226.200359
17.147,228.479404,67.223672,-1.499647,-1.475523,226.171851
17.177,214.760526,64.675387,1.500000,12.220180,226.150192
17.206,213.246893,64.457118,1.500000,13.715243,226.132838
17.238,218.470534,60.570632,1.500000,8.475029,226.117348
17.270,223.616753,67.073779,1.500000,3.316448,226.105796
17.302,232.900859,67.653339,-1.500000,-5.975266,226.098685
17.334,232.141138,66.864635,-1.500000,-5.218609,226.095822
17.369,226.812831,66.291100,-1.365373,0.111365,226.097379
17.401,227.042117,64.986695,-1.483972,-0.111664,226.103227
17.434,217.036660,65.597060,1.500000,9.904700,226.113421
17.465,220.636609,71.990260,1.500000,6.319470,226.127177
17.498,224.086109,66.484005,1.500000,2.890722,226.146571
17.530,222.274560,74.242307,1.500000,4.726274,226.169004
17.563,228.270689,67.132559,0.000971,-1.240526,226.196414
17.598,225.275590,64.265727,1.500000,1.791383,226.230816
17.630,227.641378,69.548467,1.034836,-0.535940,226.266764
17.663,228.827965,68.753576,-1.051384,-1.679611,226.306872
17.694,233.631530,73.149117,-1.500000,-6.436730,226.350280
17.726,235.387326,62.436654,-1.500000,-8.141586,226.397888
17.757,235.359527,64.442518,-1.500000,-8.060076,226.448085
17.792,230.526488,63.742470,-1.500000,-3.159956,226.510777
17.831,223.612154,66.902884,1.500000,3.833071,226.584323
17.858,224.795213,68.487118,1.500000,2.709800,226.640199
17.890,225.957478,65.159512,1.500000,1.621200,226.709045
17.920,236.124488,70.278173,-1.500000,-8.472518,226.777542
17.949,234.232289,67.739740,-1.500000,-6.505182,226.847764
17.982,226.160104,71.327845,0.502157,1.656907,226.931786
18.013,234.520244,71.368769,-1.500000,-6.614551,227.014666
18.046,228.605197,69.646770,-1.500000,-0.601891,227.105894
18.082,224.910366,64.663616,1.500000,3.205857,227.211423
18.116,220.755253,66.767266,1.500000,7.469905,227.313232
18.146,221.632625,65.284317,1.500000,6.696125,227.410047
18.178,224.851076,66.384837,1.500000,3.591473,227.516401
18.207,229.065948,66.256732,0.877835,-0.514845,227.617853
18.238,230.191244,60.731064,-1.041011,-1.525277,227.725203
18.270,235.205865,66.623673,-1.500000,-6.411684,227.845029
18.302,239.597037,66.512566,-1.500000,-10.674371,227.965109
18.334,238.882074,64.880414,-1.500000,-9.822279,228.093266
18.368,224.004606,63.891374,1.500000,5.202968,228.231377
18.402,230.350096,72.376588,0.666540,-0.991958,228.372091
18.434,226.411514,66.163494,1.500000,3.095949,228.511648
18.467,238.107670,70.780045,-1.500000,-8.446506,228.655294
18.498,226.505477,67.933468,1.500000,3.311201,228.800633
18.530,228.994248,69.334201,1.500000,0.980213,228.948095
18.563,234.933626,61.684127,-1.500000,-4.787012,229.108985
18.599,240.570021,65.371568,-1.500000,-10.235083,229.284988
18.630,225.935252,66.372956,1.500000,4.572923,229.446892
18.664,230.738196,67.248702,1.500000,-0.045226,229.619599
18.695,236.212944,68.268222,-1.500000,-5.343012,229.784983
18.727,235.983452,71.727222,-1.500000,-4.922980,229.963058
18.759,235.280728,69.951323,-1.500000,-4.031556,230.139413
18.790,225.405068,67.390367,1.500000,6.032698,230.315669
18.821,232.846577,64.227322,0.399260,-1.213156,230.498524
18.854,230.244200,69.845952,1.500000,1.598930,230.694514
18.890,233.789521,62.529502,-0.434141,-1.711517,230.914023
18.926,224.301605,63.056905,1.500000,8.011029,231.133302
18.958,246.751483,69.447589,-1.500000,-14.218962,231.338805
18.990,237.343408,62.038203,-1.500000,-4.590474,231.544799
19.020,235.621101,64.572703,-1.500000,-2.656177,231.742920
19.053,232.627413,61.657977,-0.810116,0.570888,231.961029
19.087,227.150641,69.054889,1.500000,6.294767,232.191970
19.117,235.961677,71.081301,-0.985505,-2.289663,232.403752
19.149,221.636786,66.663020,1.500000,12.274851,232.627698
19.186,232.314645,64.902925,1.500000,1.877494,232.889850
19.220,233.520807,69.585366,1.500000,0.940954,233.141833
19.253,245.309400,75.235375,-1.500000,-10.591345,233.381361
19.286,238.482277,66.048710,-1.500000,-3.493617,233.634261
19.317,226.116273,63.710712,1.500000,9.127571,233.872752
19.348,231.529093,67.574224,1.500000,3.970164,234.111455
19.382,242.214933,63.590479,-1.500000,-6.429626,234.378791
19.416,233.711221,61.174225,0.989673,2.362617,234.648447
19.447,244.176784,67.512996,-1.500000,-7.835960,234.897966
19.483,237.171458,66.126238,-1.500000,-0.512336,235.195442
19.514,227.577317,67.594469,1.500000,9.364660,235.459792
19.546,232.796981,63.670813,1.500000,4.430253,235.726386
19.578,238.517542,72.013274,0.295175,-0.997046,236.000463
19.607,242.162705,63.356667,-1.500000,-4.367740,236.256977
19.638,245.244152,71.239028,-1.500000,-7.161328,236.526004
19.671,236.966577,66.106060,0.226244,1.428566,236.817891
19.702,243.961649,64.980379,-1.500000,-5.268629,237.096280
19.735,229.799857,72.161783,1.500000,9.212102,237.394354
19.767,239.128098,67.014455,1.500000,0.207220,237.696559
19.803,236.033885,69.790731,1.500000,3.654681,238.026697
19.838,242.498475,74.902555,-1.462498,-2.451672,238.361498
19.872,237.450257,66.606741,1.500000,2.938878,238.681435
19.905,240.176013,69.979950,1.500000,0.554786,239.000747
19.938,249.618625,67.066944,-1.500000,-8.537198,239.328436
19.970,247.600872,71.956875,-1.500000,-6.185478,239.640555
20.001,240.956819,70.456432,-0.541144,0.793485,239.953556
20.030,242.457026,66.990801,-0.893211,-0.387919,240.251501
20.064,237.852577,69.826457,1.500000,4.586643,240.597402
20.094,243.153338,70.448954,1.317753,-0.391890,240.898550
20.126,246.309069,70.225786,-1.500000,-3.184672,241.237755
20.160,240.212372,73.456207,1.500000,3.288462,241.589565
20.194,245.548608,70.710637,-0.136271,-1.656354,241.955378
20.226,237.051650,63.785787,1.500000,7.209658,242.300288
20.259,246.785818,68.626527,-0.896689,-2.148270,242.651915
20.291,253.000387,65.683303,-1.500000,-7.991093,242.999340
20.320,248.272051,68.370159,-1.500000,-2.912317,243.326855
20.352,244.090487,67.751708,0.483682,1.641617,243.674864
20.387,254.884587,68.378158,-1.500000,-8.726347,244.073121
20.422,235.613326,65.154071,1.500000,10.961098,244.462078
20.454,247.154455,72.462957,1.500000,-0.184127,244.832082
20.487,245.673818,68.033874,1.500000,1.696465,245.205872
20.516,251.497350,69.649295,-1.500000,-3.760913,245.548072
20.546,253.607239,68.702709,-1.500000,-5.495990,245.898363
20.579,250.602249,68.235074,-1.500000,-2.081110,246.281439
20.609,243.668513,64.688102,1.500000,5.242268,246.645589
20.641,243.473182,67.695658,1.500000,5.849257,247.030317
20.675,249.129297,60.446187,1.500000,0.622290,247.431389
20.709,251.052662,65.758608,0.461748,-0.859192,247.844364
20.742,254.702569,60.207480,-1.500000,-4.075741,248.249372
20.778,257.771659,62.814284,-1.500000,-6.665339,248.697496
20.812,255.444739,65.449307,-1.500000,-3.889951,249.116625
20.847,248.847948,72.525840,1.500000,3.175103,249.554253
20.879,249.684878,68.508198,1.500000,2.771194,249.958946
20.910,258.317684,65.227565,-1.500000,-5.440740,250.352285
20.942,252.021230,65.937605,-0.292282,1.301689,250.769083
20.972,252.701402,68.017359,1.098304,1.029203,251.150098
21.003,246.985962,68.900105,1.500000,7.178069,251.555170
21.035,257.715031,61.624144,-1.500000,-3.101932,251.974858
21.066,258.916884,69.819911,-1.500000,-3.879950,252.370966
21.097,247.831124,66.384236,1.500000,7.649201,252.785351
21.130,252.274392,69.091156,1.500000,3.672307,253.221214
21.164,259.232548,70.758383,-1.500000,-2.790061,253.684567
21.198,250.093772,71.151032,1.500000,6.828306,254.132783
21.230,262.420550,70.013338,-1.500000,-5.030074,254.570538
21.263,253.916724,72.099748,1.500000,3.947932,255.013697
21.294,266.842958,62.927842,-1.500000,-8.518164,255.443733
21.326,261.370932,69.920419,-1.500000,-2.581454,255.878017
21.360,262.341439,75.358675,-1.500000,-3.047545,256.349434
21.394,249.839395,64.910909,1.500000,9.969036,256.830310
21.430,261.668758,68.635969,0.263881,-1.325194,257.330434
21.463,261.690667,68.729532,-0.908789,-0.845997,257.798757
21.494,256.301459,65.724873,1.500000,5.004232,258.229618
21.526,256.588975,69.194295,1.500000,5.215697,258.695955
21.556,260.954743,67.619899,1.500000,1.306251,259.122424
21.590,273.014809,66.409304,-1.500000,-10.238366,259.604152
21.622,266.433260,59.961444,-1.500000,-3.155827,260.072368
21.654,259.739707,64.550067,1.500000,4.023367,260.526237
21.687,268.277984,68.515736,-1.500000,-3.989323,261.017440
21.719,261.187061,71.696405,1.500000,3.603527,261.486530
21.752,266.955333,58.415875,-0.136679,-1.656692,261.961347
21.786,269.751600,66.760150,-1.500000,-3.905386,262.473097
21.817,264.885068,64.812951,0.091555,1.454453,262.934132
21.850,266.619978,64.178549,0.580675,0.244491,263.424737
21.882,271.311911,67.508565,-1.500000,-3.932050,263.906412
21.914,264.571200,69.835800,1.500000,3.316915,264.381416
21.946,272.213346,64.879765,-1.500000,-3.803051,264.869435
21.982,269.561438,63.704895,-1.500000,-0.566299,265.416018
22.016,258.814209,66.262966,1.500000,10.730644,265.929769
22.046,268.931374,68.824962,1.500000,1.100335,266.384775
22.078,270.371861,63.799061,1.500000,0.181747,266.872531
22.108,271.612591,65.342177,0.831018,-0.553590,267.344860
22.142,285.032290,63.126974,-1.500000,-13.419771,267.862168
22.174,276.387378,68.659284,-1.500000,-4.233554,268.368060
22.205,272.885252,63.100051,-1.500000,-0.213963,268.851672
22.237,267.591246,70.176505,1.500000,5.612993,269.349756
22.272,270.404325,62.933648,1.500000,3.381959,269.893723
22.308,275.611625,64.660064,0.035634,-1.211839,270.467090
22.343,275.544733,73.252968,-0.824306,-0.564190,271.009853
22.379,276.817903,62.184032,-1.500000,-1.227411,271.579899
22.411,271.180205,70.209454,1.500000,4.958066,272.091842
22.446,272.094279,60.147265,1.500000,4.636206,272.645314
22.478,283.939333,63.189109,-1.500000,-6.657891,273.160226
22.507,279.351253,67.351542,-1.500000,-1.567127,273.630025
22.539,271.058743,67.570691,1.500000,7.268610,274.137713
22.570,276.645422,68.543420,1.500000,2.229658,274.649608
22.602,289.881171,60.435152,-1.500000,-10.453462,275.166083
22.638,279.864705,70.869456,-1.500000,0.184723,275.747129
22.671,281.161143,66.562286,-1.500000,-0.539197,276.282193
22.702,278.346304,63.956135,1.500000,2.821687,276.792516
22.733,273.134546,69.638050,1.500000,8.564619,277.288939
22.765,283.040075,68.429866,0.556280,-0.780959,277.812257
22.797,289.192458,74.189115,-1.500000,-6.358361,278.349623
22.830,283.699089,73.473268,-1.500000,-0.287936,278.888928
22.864,270.993751,70.012687,1.500000,13.008334,279.441201
22.898,279.408951,65.541938,1.500000,5.202164,280.010389
22.930,292.838029,71.933403,-1.500000,-7.659941,280.540269
22.963,292.888212,68.998764,-1.500000,-7.130531,281.081945
22.995,279.228461,67.744063,1.500000,7.109454,281.624219
23.026,286.740270,67.701472,1.500000,0.142655,282.133575
23.057,287.395723,66.237671,1.500000,0.051795,282.661232
23.091,299.439301,60.578054,-1.500000,-11.396526,283.217547
23.121,290.404853,64.125787,-1.500000,-1.808401,283.735002
23.155,289.265825,70.531392,-1.500000,-0.057838,284.306530
23.193,284.885229,68.976135,1.500000,4.997317,284.936958
23.227,299.242681,63.806819,-1.500000,-8.753877,285.503555
23.258,289.647618,67.923673,-0.163385,1.408362,286.033627
23.290,288.205198,65.485296,1.500000,3.425134,286.570404
23.322,293.761595,71.061727,-0.175040,-1.553775,287.110112
23.352,292.691315,68.114651,-0.300058,0.065247,287.622955
23.386,287.154185,68.820220,1.500000,6.223318,288.203274
23.417,293.113102,68.398211,1.500000,0.833882,288.735499
23.452,297.753682,66.727960,-1.500000,-3.182116,289.319220
23.486,302.805139,66.598510,-1.500000,-7.608559,289.903345
23.518,289.103551,68.453390,1.500000,6.683649,290.455327
23.550,305.535016,72.375999,-1.500000,-9.169818,290.995512
23.582,294.200715,66.469201,1.468729,2.759078,291.551209
23.612,306.556204,66.718579,-1.500000,-9.048985,292.062821
23.643,295.343604,59.458457,1.433195,2.726520,292.588901
23.674,303.403594,73.411133,-1.500000,-4.770921,293.114648
23.705,294.774389,63.299130,1.500000,4.441300,293.659522
23.737,301.200415,67.739040,0.175386,-1.398431,294.207462
23.770,304.778015,61.335280,-1.500000,-4.378657,294.765755
23.804,308.820123,64.608560,-1.500000,-7.785566,295.359399
23.837,285.899035,64.176378,1.500000,15.742103,295.926297
23.871,302.975956,72.089192,0.993946,-0.721002,296.499957
23.904,302.214378,70.304331,1.500000,0.652396,297.071752
23.938,306.528978,66.670759,-1.500000,-3.026354,297.666004
23.971,295.535127,73.182613,1.500000,8.562572,298.222149
23.999,304.546489,68.594722,1.500000,0.079639,298.716008
24.030,320.462148,67.128055,-1.500000,-15.279545,299.236077
24.062,311.296999,66.795709,-1.500000,-5.515701,299.795605
24.094,311.609954,63.100040,-1.500000,-5.245524,300.340589
24.130,299.940841,63.778450,1.500000,7.085475,300.959174
24.164,316.163735,66.703228,-1.500000,-8.500819,301.554127
24.197,298.695604,63.278111,1.500000,9.580579,302.127274
24.229,313.310965,66.787984,-1.500000,-4.443380,302.679987
24.261,316.454722,69.557322,-1.500000,-7.009121,303.220188
24.290,306.477984,63.656392,1.500000,3.508649,303.725825
24.319,306.259095,70.731009,1.500000,4.258571,304.222118
24.352,319.424628,60.862266,-1.500000,-8.289807,304.798898
24.386,309.405100,67.869673,0.977293,2.352372,305.380815
24.419,310.301316,69.185143,1.500000,2.067114,305.951804
24.452,308.291329,67.846527,1.500000,4.673901,306.509560
24.486,330.036755,70.011739,-1.500000,-16.445154,307.094954
24.518,324.245050,64.532987,-1.500000,-10.065120,307.644794
24.547,326.545586,66.384728,-1.500000,-11.823288,308.151680
24.578,317.318570,67.608981,-1.500000,-2.036308,308.675012
24.611,306.714368,72.666848,1.500000,9.173658,309.241146
24.641,314.653664,64.327238,1.500000,1.795903,309.765951
24.674,324.098658,66.411280,-1.500000,-7.047994,310.327724
24.710,317.257797,69.796149,-1.329378,0.443403,310.935701
24.745,307.934892,66.446413,1.500000,10.421667,311.548186
24.777,313.643021,65.031116,1.500000,5.283178,312.080559
24.810,322.693962,64.652611,-1.500000,-3.153117,312.654996
24.842,306.182113,63.335891,1.500000,13.928383,313.187380
24.874,313.829847,69.161115,1.500000,6.874130,313.742034
24.905,319.084377,70.200642,1.500000,2.188451,314.273672
24.938,330.729734,72.917689,-1.500000,-8.858484,314.832943
24.970,330.394117,68.292960,-1.500000,-7.955690,315.363016
25.004,332.155497,71.185079,-1.500000,-9.097997,315.941588
25.038,320.542140,64.842979,1.500000,3.130392,316.516385
25.070,324.179353,64.040535,1.500000,0.068575,317.054138
25.101,338.959227,65.913334,-1.500000,-14.139726,317.588318
25.134,328.476199,68.460773,-1.500000,-3.074974,318.131986
25.166,327.431922,64.851345,-1.500000,-1.451560,318.673236
25.199,319.211431,68.318658,1.500000,7.358247,319.223998
25.229,318.918328,66.810904,1.500000,8.204549,319.741007
25.263,312.783825,68.118067,1.500000,14.943507,320.305917
25.297,332.154795,64.467010,-1.500000,-3.824584,320.869356
25.330,325.694806,60.841334,1.500000,3.216283,321.412233
25.362,338.168290,61.900721,-1.500000,-8.676073,321.955343
25.393,331.583629,72.504831,-1.500000,-1.539908,322.470767
25.425,337.681503,71.112078,-1.500000,-7.082179,322.990023
25.457,302.133391,66.319053,1.500000,29.044226,323.530483
25.489,323.563730,68.293730,1.500000,8.178282,324.057955
25.525,346.003055,67.536597,-1.500000,-13.628330,324.649276
25.558,329.816774,64.996071,1.500000,3.130888,325.184731
25.591,323.168005,64.586305,1.500000,10.352086,325.719711
25.621,337.548994,64.865170,-1.500000,-3.500992,326.213086
25.651,329.163514,66.365191,1.500000,5.407591,326.701968
25.682,347.754707,66.202666,-1.500000,-12.652141,327.198659
25.714,342.564632,68.043095,-1.500000,-6.901778,327.722294
25.746,337.248836,66.454944,-1.500000,-1.022255,328.249142
25.782,311.869582,72.903438,1.500000,24.977824,328.829352
25.816,339.278468,63.502638,-0.366391,-1.846798,329.375392
25.849,326.477866,68.583351,1.500000,11.516086,329.900890
25.883,320.080058,69.414404,1.500000,18.486764,330.436282
25.915,330.899510,67.232721,1.500000,8.223153,330.955759
25.945,347.124613,68.619541,-1.500000,-7.494068,331.430416
25.977,335.446293,67.294329,1.500000,4.728700,331.939246
26.009,336.923392,69.419528,1.500000,3.787408,332.440000
26.041,347.803310,66.166846,-1.500000,-6.551234,332.945866
26.073,339.147430,64.750388,1.329756,2.644066,333.449996
26.107,351.044516,60.317540,-1.500000,-8.682006,333.983654
26.142,344.261833,65.627665,-1.500000,-1.321906,334.523296
26.174,366.107408,57.903392,-1.500000,-22.638622,335.017557
26.206,331.702658,62.199605,1.500000,12.296720,335.513437
26.239,355.223942,59.554626,-1.500000,-10.686364,336.016428
26.267,357.182758,70.265039,-1.500000,-12.178846,336.452255
26.296,342.851780,69.208114,1.500000,2.634718,336.903269
26.330,344.997977,74.068350,1.500000,1.028014,337.407468
26.363,343.773618,72.364764,1.500000,2.791996,337.911789
26.397,364.955867,67.124177,-1.500000,-17.835998,338.429784
26.434,355.654498,69.997170,-1.500000,-7.939852,338.985651
26.469,353.768106,64.377066,-1.500000,-5.496423,339.506246
26.502,351.162335,69.269646,-1.500000,-2.362230,340.000098
26.534,342.779963,64.132601,1.500000,6.536054,340.482259
26.567,345.998330,61.348756,1.500000,3.842753,340.972975
26.598,363.518519,70.413585,-1.500000,-13.190797,341.427778
26.629,340.610418,69.568288,1.500000,10.200784,341.879628
26.659,350.717205,67.628706,1.500000,0.574005,342.328234
26.694,343.639445,68.044985,1.500000,8.183262,342.824960
26.726,362.090999,65.529997,-1.500000,-9.762764,343.297416
26.760,363.936714,66.866412,-1.500000,-11.082445,343.789037
26.794,354.978499,70.401368,-1.500000,-1.611432,344.268287
26.825,346.535659,68.052844,1.500000,7.315459,344.720671
26.856,340.887941,62.775042,1.500000,13.427782,345.154881
26.891,365.328153,61.331881,-1.500000,-10.487215,345.645736
26.922,355.926243,62.515001,-1.500000,-0.613788,346.086406
26.953,352.685816,66.866898,1.500000,3.098507,346.527405
26.990,351.656041,68.809335,1.500000,4.678136,347.041287
27.025,358.125473,64.548254,-0.042685,-1.276654,347.522260
27.057,353.102447,65.223045,1.500000,4.220995,347.965834
27.090,361.039447,72.577575,-1.500000,-3.236877,348.413617
27.120,357.318343,62.852198,-0.755474,0.918358,348.819347
27.152,370.384883,70.681291,-1.500000,-11.681048,349.255921
27.186,353.080174,64.874218,1.500000,6.113052,349.713295
27.218,365.858954,66.102311,-1.500000,-6.198665,350.149802
27.255,360.266582,67.616240,-1.500000,-0.081600,350.640170
27.298,350.036399,63.091709,1.500000,10.760794,351.212329
27.335,368.202069,66.086396,-1.500000,-6.891901,351.691746
27.368,353.830342,66.925246,1.500000,7.939212,352.121078
27.399,351.331101,63.554087,1.500000,10.874563,352.528658
27.433,372.046035,69.552167,-1.500000,-9.375389,352.963221
27.466,365.790736,67.330240,-1.500000,-2.669988,353.383877
27.500,349.608057,66.515846,1.500000,13.972703,353.813794
27.532,353.678863,71.772319,1.500000,10.341608,354.224739
27.556,361.190216,72.279114,1.500000,3.148125,354.521814
27.581,368.239587,71.509089,-1.500000,-3.563469,354.837494
27.609,356.816559,64.298018,1.500000,8.224775,355.178817
27.637,367.895916,63.569956,-1.142598,-2.489176,355.520317
27.665,360.306147,64.097222,1.500000,5.471551,355.867008
27.698,363.658307,59.728297,1.500000,2.554631,356.273774
27.730,384.745671,68.637006,-1.500000,-18.115784,356.663446
27.763,385.348712,66.539393,-1.500000,-18.293650,357.060806
27.799,386.331955,66.813822,-1.500000,-18.822526,357.485447
27.839,365.561314,69.884307,1.465607,2.454245,357.958467
27.876,382.571086,65.702813,-1.500000,-14.089343,358.394152
27.905,364.620026,66.389879,1.500000,4.219175,358.728225
27.938,384.469144,68.422921,-1.500000,-15.221785,359.109681
27.970,381.428663,61.327448,-1.500000,-11.793316,359.472287
27.998,376.872189,70.202414,-1.500000,-6.898831,359.788185
28.030,359.817784,71.698727,1.500000,10.550920,360.157667
28.064,369.779664,63.928738,1.500000,0.989485,360.531915
28.104,380.377344,70.851074,-1.500000,-9.125587,360.982951
28.137,373.438868,67.853556,-1.500000,-1.806735,361.338442
28.167,360.821676,72.041851,1.500000,11.156690,361.662024
28.198,359.996401,65.415600,1.500000,12.349693,362.005695
28.225,362.796354,69.857175,1.500000,9.857379,362.293208
28.253,361.092036,66.143346,1.500000,11.880924,362.591551
28.284,356.529388,66.638128,1.500000,16.791464,362.916684
28.316,372.548185,74.586267,1.500000,1.127744,363.248532
28.347,358.184124,64.918519,1.500000,15.834139,363.568470
28.386,396.572773,70.347791,-1.500000,-22.123642,363.971150
28.422,398.830947,66.344259,-1.500000,-23.996204,364.331536
28.454,385.754482,64.833679,-1.500000,-10.574972,364.653748
28.487,377.799054,64.144546,-1.500000,-2.263187,364.986791
28.520,400.176429,65.809145,-1.500000,-24.298193,365.306762
28.549,368.277412,66.838107,1.500000,7.909400,365.595152
28.585,420.694273,66.020086,-1.500000,-44.144886,365.934007
28.619,392.941076,70.606971,-1.500000,-16.040613,366.262116
28.645,367.255820,65.682246,1.500000,9.911603,366.511610
28.681,394.921876,70.778035,-1.500000,-17.397199,366.845492
28.705,391.835045,68.592579,-1.500000,-14.068473,367.071562
28.732,383.394322,67.676526,-1.500000,-5.362853,367.319129
28.766,369.359860,67.537510,1.500000,8.996400,367.622673
28.797,377.011667,68.508539,1.500000,1.643279,367.901819
28.831,367.231339,64.453769,1.500000,11.745604,368.202751
28.865,371.767722,69.455573,1.500000,7.526742,368.499499
28.897,377.433056,65.782801,1.500000,2.163780,368.782090
28.931,392.312673,66.130573,-1.500000,-12.407373,369.070374
28.964,378.992264,72.854178,-0.397382,1.214710,369.352313
28.998,373.806098,71.041703,1.500000,6.700511,369.632345
29.033,395.761058,64.769094,-1.500000,-14.949149,369.917673
29.057,392.286274,60.824172,-1.500000,-11.259216,370.118745
29.085,378.270851,64.212952,1.500000,2.989987,370.337232
29.111,380.326650,62.254685,1.500000,1.160259,370.548513
29.149,398.920022,64.058982,-1.500000,-17.114954,370.845859
29.183,375.963605,60.973234,1.500000,6.124758,371.110619
29.218,389.866095,69.886163,-1.500000,-7.493182,371.376554
29.247,392.974697,71.320748,-1.500000,-10.369405,371.593731
29.277,396.420085,67.252322,-1.500000,-13.575329,371.817529
29.309,383.219977,66.664998,-1.500000,-0.123407,372.052869
29.343,386.024334,68.064378,-1.500000,-2.664848,372.298585
29.376,360.131905,67.362168,1.500000,23.479203,372.533746
29.410,353.381299,73.121584,1.500000,30.478893,372.766534
29.443,366.316908,65.589550,1.500000,17.789807,372.996930
29.480,375.723348,72.502737,1.500000,8.648606,373.244817
29.510,365.847862,73.898406,1.500000,18.738447,373.445148
29.537,388.037264,70.648151,-1.500000,-3.262520,373.621256
29.569,382.397090,63.194703,1.275426,2.599103,373.828218
29.603,389.194268,62.952939,-1.500000,-3.964031,374.046951
29.637,395.564120,63.437418,-1.500000,-10.109582,374.256578
29.677,384.838025,73.044884,-0.437105,0.879587,374.502441
29.710,388.917026,65.579409,-1.500000,-2.986447,374.701476
29.744,387.071934,67.968131,-1.500000,-0.933020,374.896182
29.781,365.108346,63.821999,1.500000,21.259842,375.110457
29.807,379.244383,70.671345,1.500000,7.283660,375.259854
29.837,363.248845,72.432714,1.500000,23.453419,375.422677
29.865,372.046565,67.375781,1.500000,14.823729,375.579714
29.898,380.731631,69.709322,1.500000,6.326260,375.755038
29.930,373.279112,70.670261,1.500000,13.956246,375.920896
29.963,384.349484,59.676582,1.500000,3.063884,376.087260
29.993,387.525350,66.747298,1.500000,0.050914,376.239499
30.026,412.027402,62.158580,-1.500000,-24.278296,376.401033
30.065,419.343853,70.714257,-1.500000,-31.396597,376.586221
30.103,408.870423,72.286478,-1.500000,-20.733862,376.763141
30.133,424.762229,66.812235,-1.500000,-36.479728,376.899534
30.166,415.620877,62.859712,-1.500000,-27.183653,377.044135
30.198,402.775192,65.205215,-1.500000,-14.189763,377.182643
30.229,395.578420,68.069765,-1.500000,-6.850698,377.315628
30.264,394.715849,68.805920,-1.500000,-5.835700,377.458083
30.298,405.419798,66.486078,-1.500000,-16.397029,377.591374
30.330,373.505889,65.901214,1.500000,15.648010,377.713924
30.358,357.087934,69.763143,1.500000,32.177088,377.817777
30.389,383.773151,70.195819,1.500000,5.615066,377.932913
30.421,384.895227,71.044384,1.500000,4.613852,378.045868
30.451,361.880257,69.386695,1.500000,27.738263,378.148149
30.485,385.621548,67.373470,1.500000,4.115927,378.259322
30.524,405.776334,64.685953,-1.500000,-15.903660,378.385677
30.558,403.730588,72.958500,-1.500000,-13.748940,378.487522
30.589,404.835289,68.965274,-1.500000,-14.754314,378.580350
30.622,400.179712,62.981214,-1.500000,-9.998688,378.673854
30.655,382.799458,69.995766,1.500000,7.476888,378.762941
30.689,386.480969,67.680535,1.500000,3.889168,378.850596
30.722,393.306277,64.904044,-1.500000,-2.846878,378.934017
30.756,397.565898,64.203987,-1.500000,-7.019785,379.015059
30.780,380.869331,64.626346,1.500000,9.733899,379.068439
30.805,380.483546,65.180085,1.500000,10.179136,379.124002
30.834,385.312849,64.659293,1.500000,5.414397,379.184343
30.861,366.902946,68.694709,1.500000,23.882397,379.238639
30.892,386.374661,68.526518,1.500000,4.473146,379.297016
30.925,411.642940,65.126931,-1.500000,-20.733204,379.354894
30.956,425.897148,60.919395,-1.500000,-34.932540,379.406175
30.989,411.211952,64.586919,-1.500000,-20.191104,379.458737
31.020,401.201244,65.847917,-1.500000,-10.132272,379.503712
31.054,388.422419,65.684999,1.500000,2.694005,379.548059
31.091,397.468823,65.039652,-1.500000,-6.303862,379.593421
31.126,403.894628,65.808022,-1.500000,-12.689380,379.631073
31.157,357.787531,68.281716,1.500000,33.450348,379.661570
31.190,368.272854,68.960024,1.500000,22.995489,379.690041
31.222,397.418578,67.145474,-1.500000,-6.124990,379.713634
31.252,394.144871,67.028332,-1.500000,-2.830440,379.733112
31.285,385.369857,72.782828,1.500000,5.963483,379.750785
31.317,360.282247,68.431042,1.500000,31.065630,379.764372
31.349,398.673151,65.776521,-1.500000,-7.314739,379.774217
31.382,374.654605,68.436235,1.500000,16.710835,379.780785
31.417,398.156918,63.371980,-1.500000,-6.788378,379.783683
31.449,382.448427,66.093751,1.500000,8.919031,379.782671
31.481,404.525219,67.823054,-1.500000,-13.162610,379.778139
31.514,395.553281,68.263903,-1.500000,-4.199478,379.769909
31.545,372.227697,64.906590,1.500000,19.114000,379.758596
31.578,380.830957,69.323950,1.500000,10.494215,379.743151
31.609,378.912158,63.193845,1.500000,12.393830,379.725222
31.640,395.813740,60.169485,-1.500000,-4.530913,379.703577
31.674,384.232473,68.598295,1.500000,7.022214,379.677277
31.708,370.289879,72.763861,1.500000,20.931393,379.646049
31.747,386.297637,64.860163,1.500000,4.880897,379.606106
31.782,395.081993,67.651057,-1.500000,-3.946595,379.565792
31.815,413.290161,65.292642,-1.500000,-22.200335,379.523202
31.847,429.107355,68.371088,-1.500000,-38.065218,379.478633
31.881,388.712878,62.751055,1.248761,2.274786,379.427724
31.913,402.265310,66.308956,-1.500000,-11.332620,379.376346
31.945,376.096403,64.863980,1.500000,14.778012,379.321883
31.977,401.269950,65.161380,-1.500000,-10.457750,379.263739
32.009,377.547896,71.623522,1.500000,13.198409,379.202155
32.043,388.047640,67.412984,1.500000,2.626390,379.134607
32.077,399.540956,67.089038,-1.500000,-8.945781,379.060912
32.110,420.097296,67.173449,-1.500000,-29.582011,378.986248
32.141,402.778954,68.474527,-1.500000,-12.342282,378.912777
32.174,394.679288,70.576137,-1.500000,-4.329205,378.831853
32.203,392.965830,71.710085,-1.500000,-2.694880,378.757896
32.233,393.960067,67.320518,-1.500000,-3.775592,378.677080
32.265,373.955467,66.570652,1.500000,16.134897,378.589125
32.298,381.986461,64.402511,1.500000,8.003952,378.495713
32.334,383.681179,66.148788,1.500000,6.193352,378.387413
32.367,381.902209,70.356742,1.500000,7.862439,378.284718
32.397,401.479136,69.534131,-1.500000,-11.814250,378.191482
32.429,394.475140,65.685893,-1.500000,-4.924750,378.084476
32.459,375.324025,69.428060,1.500000,14.117752,377.982969
32.493,400.592649,68.448237,-1.500000,-11.278980,377.863242
32.526,374.756375,66.143287,1.500000,14.432336,377.746459
32.557,363.515678,66.012286,1.500000,25.549862,377.631346
32.590,393.834727,65.662148,-1.500000,-4.901527,377.507663
32.622,366.750557,64.516323,1.500000,22.047510,377.381371
32.654,369.136083,66.818981,1.500000,19.525338,377.253665
32.691,381.100109,62.968440,1.500000,7.399606,377.102538
32.722,383.734702,65.719754,1.500000,4.625005,376.971688
32.752,402.009878,68.992557,-1.500000,-13.791011,376.840063
32.785,388.216838,67.765075,-1.500000,-0.153517,376.694693
32.816,388.751555,65.470778,-1.500000,-0.834906,376.557616
32.847,387.539954,62.367738,-1.229228,0.224037,376.414945
32.881,385.248065,68.529814,1.500000,2.345885,376.256029
32.913,397.811957,66.452123,-1.500000,-10.386274,376.098769
32.947,397.789647,70.262601,-1.500000,-10.538809,375.935363
32.981,378.987237,68.582201,1.500000,8.080419,375.764164
33.015,393.007644,64.196235,-1.500000,-6.123720,375.592453
33.045,373.399000,68.592352,1.500000,13.316652,375.435189
33.078,400.336883,66.714541,-1.500000,-13.805833,375.262663
33.107,368.889361,68.117088,1.500000,17.472309,375.104365
33.137,368.465066,64.745887,1.500000,17.721961,374.941146
33.170,390.172408,62.098172,-1.500000,-4.180138,374.759130
33.201,386.930935,68.455636,-1.500000,-1.129452,374.580825
33.234,369.044868,69.386272,1.500000,16.555143,374.392534
33.267,365.180054,70.261463,1.500000,20.212755,374.198887
33.301,366.599745,64.752973,1.500000,18.574480,373.994603
33.338,384.547710,67.800799,1.500000,0.388411,373.772076
33.369,389.155849,69.053142,-1.500000,-4.424715,373.580499
33.401,387.901917,61.817344,-1.500000,-3.383304,373.381882
33.433,376.013427,65.054732,1.500000,8.291433,373.182112
33.464,399.077370,65.759459,-1.500000,-14.984089,372.984374
33.497,387.421634,60.936671,-1.500000,-3.559371,372.768470
33.529,382.856430,65.898401,-0.559895,0.777968,372.555512
33.561,383.040089,70.773349,-0.002452,0.366667,372.342763
33.597,370.313246,70.123519,1.500000,12.832236,372.098582
33.630,393.122979,62.496995,-1.500000,-10.215171,371.876456
33.663,376.968056,60.346317,1.500000,5.692210,371.645108
33.693,385.582977,64.764715,-1.500000,-3.145129,371.437241
33.725,361.498928,70.467478,1.500000,20.693464,371.207843
33.757,368.998304,66.509455,1.500000,12.948390,370.978219
33.789,373.897771,71.295351,1.500000,7.796832,370.742620
33.822,401.339892,69.055818,-1.500000,-19.902107,370.502603
33.855,395.956213,68.910682,-1.500000,-14.784356,370.254072
33.889,380.402483,66.643973,-0.901035,0.495645,369.998251
33.920,392.792453,66.816883,-1.500000,-12.146188,369.762864
33.953,383.141121,66.967191,-1.500000,-2.769877,369.505836
33.986,357.572357,67.720670,1.500000,22.524049,369.248978
34.017,359.220227,72.033616,1.500000,20.620734,369.010244
34.051,363.560802,61.808040,1.500000,15.985595,368.734950
34.085,362.090436,70.891161,1.500000,17.166873,368.464775
34.117,395.256727,67.672673,-1.500000,-16.274194,368.207975
34.146,384.972457,65.845572,-1.500000,-6.248181,367.966613
34.181,373.967643,61.299736,1.500000,4.445953,367.676258
34.212,380.090227,72.256923,-0.496700,-1.954640,367.416436
34.246,361.813419,64.188592,1.500000,16.020272,367.134290
34.281,394.052596,72.706341,-1.500000,-16.541561,366.832743
34.317,388.635718,63.887234,-1.500000,-11.454046,366.524928
34.347,367.380333,71.775020,1.500000,9.520498,366.262459
34.380,371.969746,68.698242,1.500000,4.621651,365.973268
34.412,380.268983,69.777399,-1.500000,-3.973504,365.696709
34.441,382.457614,74.338520,-1.500000,-6.438092,365.438806
34.474,374.560705,68.582970,-0.117522,1.144069,365.144649
34.505,358.235210,67.359642,1.500000,17.165941,364.860889
34.537,371.473937,66.365175,1.500000,3.618513,364.572382
34.570,391.685802,69.812876,-1.500000,-16.920730,364.266422
34.606,375.191564,70.501190,-1.500000,-0.777032,363.938815
34.642,348.929771,66.303827,1.500000,25.121524,363.599342
34.673,369.980823,66.114671,1.500000,3.756577,363.305981
34.705,389.824064,67.853282,-1.500000,-16.406485,363.007083
34.737,394.631861,70.368138,-1.500000,-21.545568,362.697470
34.768,354.735064,68.009898,1.500000,18.036883,362.403688
34.798,369.145907,66.849712,1.500000,3.309828,362.108164
34.834,355.638652,64.949890,1.500000,16.447556,361.762812
34.865,384.818831,75.448374,-1.500000,-13.058762,361.458009
34.897,380.731331,62.975851,-1.500000,-9.309513,361.141886
34.929,369.321604,64.526454,0.633396,1.765519,360.829087
34.963,389.714123,72.511474,-1.500000,-18.995983,360.484243
34.998,377.230654,64.366014,-1.500000,-6.885707,360.135465
35.029,368.431204,64.651087,0.410909,1.581392,359.824856
35.062,346.034038,66.012503,1.500000,23.614125,359.484265
35.093,371.911131,68.945015,-1.500000,-2.602697,359.166761
35.126,369.094537,76.524162,-1.500000,-0.146162,358.830257
35.157,358.982758,64.133799,1.500000,9.622185,358.509292
35.189,343.129549,73.654824,1.500000,25.112506,358.170145
35.222,367.971750,71.622151,1.384867,-0.095232,357.828521
35.255,370.764599,69.275650,-1.500000,-3.257872,357.482922
35.290,374.109126,71.965648,-1.500000,-7.007373,357.104442
35.322,344.031213,69.197486,1.500000,22.713691,356.770939
35.353,347.618317,68.363382,1.500000,18.766472,356.434382
35.386,373.753522,68.882249,-1.500000,-7.744507,356.083191
35.415,368.223183,67.136399,-1.500000,-2.549208,355.770070
35.447,373.131424,63.683050,-1.500000,-7.826077,355.425558
35.481,341.871737,63.324383,1.500000,23.030911,355.049203
35.513,355.361870,70.256723,1.500000,9.166979,354.699859
35.546,362.435391,68.248043,1.500000,1.699503,354.331677
35.582,356.944736,65.260739,1.500000,6.769728,353.938752
35.615,346.549304,69.180841,1.500000,16.773394,353.572615
35.645,374.179228,65.186180,-1.500000,-11.220203,353.232734
35.677,379.223582,68.033491,-1.500000,-16.642467,352.879547
35.705,360.647645,63.648972,0.426954,1.594670,352.562911
35.737,368.698776,67.571913,-1.500000,-6.841073,352.203461
35.767,375.630606,65.357555,-1.500000,-14.138974,351.861338
35.799,356.863919,73.505495,1.500000,4.231678,351.491213
35.833,363.182930,67.146128,-1.161373,-2.504714,351.101136
35.867,355.331385,63.834799,1.500000,4.928259,350.709948
35.902,359.870250,70.325738,1.500000,-0.036597,350.311826
35.935,368.260924,60.203053,-1.500000,-8.837396,349.928530
35.964,377.346760,59.142079,-1.500000,-18.288344,349.587305
35.998,351.883613,68.967817,1.500000,6.753073,349.193164
36.029,355.147721,67.689426,1.500000,3.098059,348.827832
36.060,375.696772,64.696223,-1.500000,-17.834343,348.469559
36.093,358.765133,68.806025,-1.500000,-1.321122,348.078515
36.126,365.208517,74.584904,-1.500000,-8.175092,347.694790
36.160,366.190349,68.884958,-1.500000,-9.591583,347.288566
36.193,336.910088,73.556239,1.500000,19.259881,346.887822
36.225,348.399722,85.178728,1.500000,7.362450,346.506704
36.259,318.419208,89.669675,1.500000,36.916684,346.108310
36.289,317.110198,93.558552,1.500000,37.830730,345.739185
36.319,295.506558,108.905368,1.500000,59.051373,345.381244
36.351,275.731707,101.534406,1.500000,78.418695,345.000376
36.385,244.684680,106.099062,1.500000,109.023746,344.587313
36.417,218.730103,109.572360,1.500000,134.562829,344.199002
36.451,222.544989,113.170799,1.500000,130.298733,343.779180
36.485,229.744789,113.724007,1.500000,122.655999,343.365222
36.517,207.034513,125.840626,1.500000,144.948223,342.974520
36.550,207.622082,127.233180,1.500000,143.933394,342.575211
36.583,186.705777,115.599934,1.500000,164.415024,342.168974
36.613,177.349517,138.741444,1.500000,173.369314,341.793300
36.645,175.293740,124.670401,1.500000,175.013592,341.408722
36.677,163.110816,125.881134,1.500000,186.768203,341.008429
36.710,152.880579,121.583160,1.500000,196.560488,340.599127
36.745,148.339693,120.542240,1.500000,200.637947,340.166019
36.782,147.021147,124.104926,1.500000,201.460583,339.702551
36.816,145.314931,118.394788,1.500000,202.715047,339.280354
36.849,141.108737,112.886776,1.500000,206.480647,338.868583
36.881,136.414662,116.531562,1.500000,210.740717,338.462971
36.913,135.939896,111.451418,1.500000,210.794817,338.069826
36.942,147.814834,109.792421,1.500000,198.534779,337.709919
36.973,152.619043,110.511726,1.500000,193.310596,337.317420
37.005,154.759387,99.234734,1.500000,190.732337,336.908153
37.037,158.003877,91.283573,1.500000,187.067081,336.514914
37.070,157.666687,77.544410,1.500000,186.958121,336.097951
37.103,176.704013,87.313663,1.500000,167.465287,335.672243
37.137,176.985700,74.449226,1.500000,166.731316,335.249548
37.169,174.631542,91.705078,1.500000,168.640830,334.833993
37.201,178.014148,81.757385,1.500000,164.824367,334.428518
37.234,182.317855,69.838228,1.500000,160.078056,334.014870
37.266,189.531394,66.960327,1.500000,152.434617,333.613094
37.300,192.902438,82.932271,1.500000,148.593600,333.173868
37.333,209.406126,72.887208,1.500000,131.646407,332.759376
37.366,210.696755,80.066133,1.500000,129.899416,332.332870
37.400,216.636403,62.928607,1.500000,123.495540,331.899012
37.433,220.002093,76.078268,1.500000,119.678020,331.476741
37.463,227.195134,91.939878,1.500000,112.083954,331.101951
37.494,237.046076,78.996314,1.500000,101.807793,330.704550
37.525,250.511789,90.889041,1.500000,87.914849,330.305269
37.560,250.421867,72.395795,1.500000,87.532641,329.864026
37.593,261.817384,87.407407,1.500000,75.684942,329.441426
37.625,268.398092,67.045423,1.500000,68.656599,329.023076
37.657,271.317323,73.657011,1.500000,65.298427,328.612850
37.689,289.624833,85.188621,1.500000,46.558487,328.208710
37.719,294.079473,69.535004,1.500000,41.695696,327.827261
37.752,312.460732,81.523982,1.500000,22.863037,327.405391
37.785,302.821405,66.658087,1.500000,32.041650,326.974817
37.819,322.910008,70.430180,1.500000,11.486559,326.538848
37.853,335.315993,90.419557,-0.166546,-1.379160,326.109190
37.887,333.225258,67.299581,-0.077590,0.241472,325.669841
37.917,343.277156,74.355646,-1.500000,-10.224764,325.282609
37.948,355.700915,67.623903,-1.500000,-23.073767,324.885185
37.981,363.556161,66.149990,-1.500000,-31.369661,324.473364
38.013,368.068307,70.004586,-1.500000,-36.323500,324.060567
38.045,390.983691,68.640506,-1.500000,-59.684105,323.644472
38.081,388.539387,65.730585,-1.500000,-57.730877,323.185523
38.116,410.854637,62.171930,-1.500000,-80.520091,322.742567
38.148,412.856340,67.561640,-1.500000,-82.964206,322.329097
38.182,420.939721,68.665506,-1.500000,-91.507339,321.899423
38.215,435.162386,67.563220,-1.500000,-106.186539,321.472754
38.245,446.951023,66.898599,-1.500000,-118.379818,321.094584
38.277,435.029861,62.140704,-1.500000,-106.893698,320.688002
38.309,417.213353,67.981663,-1.500000,-89.508838,320.284594
38.342,472.047364,68.583185,-1.500000,-144.789349,319.867304
38.374,476.514936,65.310800,-1.500000,-149.693405,319.459375
38.407,475.074712,72.375974,-1.500000,-148.708878,319.033490
38.441,467.789303,63.500723,-1.500000,-141.888571,318.598815
38.477,445.261339,62.210908,-1.500000,-119.847782,318.143511
38.509,430.039190,70.872393,-1.500000,-105.054808,317.742413
38.543,420.123517,69.232822,-1.500000,-95.596625,317.314853
38.573,392.289821,71.172851,-1.500000,-68.173184,316.931437
38.604,377.039023,67.671470,-1.500000,-53.328427,316.551959
38.637,369.321059,68.482363,-1.500000,-46.059343,316.132444
38.668,331.823275,63.828018,-1.500000,-8.983756,315.737869
38.702,342.486819,69.508921,-1.500000,-20.105162,315.309959
38.739,324.509293,72.396474,-1.500000,-2.611435,314.857812
38.769,308.806440,63.940571,1.500000,12.680903,314.474153
38.802,315.301704,68.264958,1.500000,5.754590,314.071302
38.834,317.618447,68.396272,1.500000,3.007069,313.668707
38.865,303.061595,66.294805,1.500000,17.152558,313.284256
38.898,310.576984,68.063497,1.500000,9.202078,312.877628
38.929,312.942457,65.898391,1.500000,6.416060,312.484596
38.962,303.614647,64.506031,1.500000,15.314400,312.083222
38.997,317.573129,63.440169,1.500000,0.895376,311.652808
39.029,316.995016,64.984085,1.500000,1.047911,311.255072
39.062,329.552439,71.113109,-1.500000,-11.949901,310.843493
39.156,306.476527,70.367674,1.500000,9.900932,309.698560
39.187,319.514614,61.641456,-1.500000,-3.540576,309.321531
39.215,313.215030,67.460521,1.034680,2.399864,308.985883
39.245,318.074688,70.014069,-1.500000,-2.852098,308.619243
39.273,312.473967,64.277213,1.072284,2.384104,308.278571
39.302,298.899407,64.767183,1.500000,15.590181,307.934194
39.333,316.761573,69.409342,-1.500000,-2.681677,307.551305
39.363,301.822919,59.083029,1.500000,11.872724,307.192189
39.397,315.605291,70.516587,-0.968294,-2.344924,306.785390
39.429,306.864891,61.755168,1.500000,5.986099,306.402794
39.462,311.517633,66.864278,1.500000,0.922641,306.018948
39.498,317.569873,67.976124,-1.500000,-5.598850,305.580396
39.530,306.620833,68.627339,1.500000,4.955968,305.211964
39.562,318.949826,68.965025,-1.500000,-7.784736,304.827187
39.593,322.092102,62.833844,-1.500000,-11.319236,304.460623
39.625,303.694045,64.555129,1.500000,6.676748,304.084853
39.657,310.301963,68.417490,1.476526,-0.321626,303.719941
39.690,314.588387,62.168692,-1.500000,-5.024979,303.330288
39.724,313.673080,73.175827,-1.500000,-4.535217,302.932582
39.757,323.182358,64.021853,-1.500000,-14.445789,302.557541
39.789,302.807839,69.256001,1.500000,5.529799,302.184709
39.820,316.266894,69.935875,-1.500000,-8.304399,301.834108
39.849,295.449334,68.653589,1.500000,12.153557,301.498030
39.881,308.987324,71.160416,-0.284880,-1.779340,301.128956
39.913,306.930743,70.202018,-0.634327,-0.109422,300.767589
39.947,290.786184,65.000674,1.500000,15.617452,300.377230
39.982,294.774194,65.505326,1.500000,11.216583,299.991381
40.015,291.458542,69.387109,1.500000,14.129375,299.614876
40.046,312.090458,67.731620,-1.500000,-6.877016,299.264899
40.081,305.126317,61.746116,-1.500000,-0.321670,298.882847
40.112,310.554725,73.046209,-1.500000,-6.124258,298.533146
40.143,299.539622,70.341491,1.500000,4.523188,298.189543
40.174,297.407581,67.418852,1.500000,6.294521,297.852432
40.206,305.848080,67.463788,-1.500000,-2.520419,297.502487
40.237,297.618414,68.108323,1.500000,5.337857,297.155393
40.272,301.010693,71.074799,1.500000,1.542298,296.778496
40.306,309.297958,67.187291,-1.500000,-7.132158,296.416636
40.337,306.725914,67.543366,-1.500000,-4.923320,296.077191
40.369,298.338400,64.808282,1.500000,3.094528,295.731709
40.401,309.380905,69.372290,-1.500000,-8.312494,295.391038
40.434,299.137059,69.600311,0.018259,1.558689,295.042755
40.466,297.152001,68.148727,1.500000,3.178608,294.701504
40.499,305.300260,68.862874,-1.500000,-5.342134,294.353388
40.534,300.044291,63.094730,-1.500000,-0.475725,293.989314
40.565,287.330798,71.310425,1.500000,11.889866,293.664173
40.598,291.510456,67.792481,1.500000,7.348335,293.325973
40.629,292.268382,65.861370,1.500000,6.246563,293.004621
40.663,302.218197,67.142810,-1.500000,-4.073426,292.658664
40.693,295.722721,67.888156,0.660239,2.089982,292.348320
40.726,299.445944,65.914759,-1.477514,-1.986768,292.017921
40.760,294.514999,63.471926,1.378972,2.579316,291.676930
40.794,297.942127,67.991539,0.254781,-1.218104,291.330862
40.825,306.146702,68.769596,-1.500000,-9.755872,291.019468
40.856,299.399938,67.160432,-1.500000,-3.337671,290.712398
40.889,292.248291,70.632459,1.500000,3.471261,290.392105
40.922,298.470139,62.409626,-1.500000,-3.096745,290.068592
40.955,287.417317,69.126113,1.500000,7.612617,289.747602
40.990,292.654065,67.349929,1.500000,2.010300,289.405949
41.026,308.246174,71.106590,-1.500000,-13.948959,289.062818
41.057,301.820475,69.366853,-1.500000,-7.845320,288.761827
41.090,291.072309,68.761482,1.500000,2.569264,288.450068
41.123,295.920171,66.360458,-1.288085,-2.609579,288.140740
41.151,298.116722,66.700584,-1.500000,-5.089289,287.876106
41.185,294.201335,67.217067,-1.500000,-1.508673,287.563235
41.216,277.126506,68.743459,1.500000,15.253307,287.270853
41.250,279.900178,65.059792,1.500000,12.148813,286.961674
41.285,278.655708,72.562669,1.500000,13.046664,286.637731
41.318,289.933098,63.708621,1.500000,1.451781,286.341008
41.350,303.026595,69.857147,-1.500000,-11.947487,286.055241
41.382,288.563003,66.321344,0.803302,2.208380,285.767647
41.412,300.578906,71.786292,-1.500000,-10.093834,285.500067
41.446,280.111983,64.777071,1.500000,10.048044,285.196287
41.477,284.784952,68.693885,1.500000,5.090386,284.930223
41.509,290.070003,64.457162,0.905193,-0.492203,284.652149
41.541,303.489983,64.232215,-1.500000,-14.211898,284.372042
41.578,294.710777,69.557583,-1.500000,-5.769381,284.057380
41.611,293.197654,62.964273,-1.500000,-4.555440,283.777770
41.645,292.114856,62.055129,-1.500000,-3.783357,283.487383
41.677,285.772049,64.743177,1.249471,2.275374,283.221890
41.709,282.648345,72.596619,1.500000,5.116819,282.958097
41.741,292.191503,65.241735,-1.500000,-4.707689,282.695154
41.773,279.502351,70.780722,1.500000,7.702272,282.434227
41.800,292.066529,70.487007,-1.500000,-5.096136,282.215321
41.833,279.592342,67.326390,1.500000,7.093058,281.948972
41.865,288.568479,62.981029,-0.742120,-2.157746,281.692273
41.898,281.008834,66.334665,1.500000,5.126259,281.434667
41.934,292.836662,70.724611,-1.500000,-7.004153,281.151878
41.967,280.026687,64.325690,1.500000,5.533474,280.897347
42.000,283.469612,64.758594,1.500000,1.823808,280.648056
42.033,283.739504,69.507053,1.500000,1.279734,280.391811
42.065,292.599232,64.503701,-1.500000,-7.831861,280.156421
42.098,292.726821,62.265274,-1.500000,-8.230192,279.903392
42.129,292.096785,69.533705,-1.500000,-7.842604,279.676805
42.162,295.744290,66.506373,-1.500000,-11.748531,279.435288
42.197,280.552257,68.462676,1.500000,3.171507,279.181088
42.229,285.823485,63.719039,-0.970658,-2.346881,278.950097
42.262,287.751833,69.134868,-1.500000,-4.524334,278.717289
42.294,273.714178,63.719761,1.500000,9.271038,278.490856
42.326,280.875491,66.901697,1.500000,1.873944,278.270500
42.359,284.890033,66.696299,-1.377629,-2.381436,278.045418
42.389,276.250370,66.845987,1.500000,6.033294,277.835201
42.423,285.551564,67.328280,-1.500000,-3.510668,277.608313
42.455,282.043875,62.552230,-1.500000,-0.229985,277.396159
42.489,272.147103,60.490620,1.500000,9.424824,277.170025
42.523,268.377089,64.926778,1.500000,12.955855,276.946676
42.554,274.966044,69.042213,1.500000,6.157929,276.751377
42.587,274.321710,67.778802,1.500000,6.576218,276.540120
42.615,285.368539,66.091767,-1.500000,-4.664063,276.359324
42.648,276.984911,75.788098,1.500000,3.502548,276.156504
42.681,285.763156,68.340804,-1.500000,-5.495195,275.951366
42.713,294.850185,71.593664,-1.500000,-14.791031,275.756218
42.748,280.158100,65.157312,-1.500000,-0.324775,275.545163
42.782,273.830189,69.128878,1.500000,5.791452,275.347328
42.814,289.379922,69.958413,-1.500000,-9.961015,275.157858
42.845,278.967255,70.252042,-1.500000,0.259965,274.978710
42.876,270.729906,70.601719,1.500000,8.305666,274.799600
42.907,274.301355,70.352284,1.500000,4.549266,274.626749
42.937,274.462415,65.742359,1.500000,4.207446,274.457814
42.969,280.553054,66.766106,-1.004647,-2.072761,274.280648
43.001,280.783867,69.404610,-1.500000,-2.488043,274.108247
43.037,271.982644,67.870656,1.500000,6.109679,273.918059
43.070,284.717336,67.724414,-1.500000,-6.813324,273.742067
43.101,275.797135,66.774287,0.471866,1.934087,273.580582
43.133,268.474866,69.315235,1.500000,9.083633,273.419159
43.165,278.901372,68.026060,-0.208189,-1.517208,273.256228
43.197,277.307916,60.941491,-0.529141,-0.093566,273.097523
43.229,278.507029,69.646517,-1.500000,-1.460105,272.941050
43.263,273.140260,66.605093,1.500000,3.730330,272.776252
43.297,274.660587,69.072809,1.500000,2.041342,272.618625
43.329,275.499483,68.071650,1.500000,1.040622,272.467388
43.359,289.141602,61.294200,-1.500000,-12.751163,272.327513
43.391,286.617396,68.822439,-1.500000,-10.379053,272.185367
43.420,279.363596,63.575608,-1.500000,-3.264753,272.054993
43.453,275.465099,64.843445,-0.919580,0.480297,271.911585
43.486,268.293349,68.546959,1.500000,7.503740,271.772980
43.520,271.878265,64.666294,1.500000,3.764260,271.628528
43.554,273.214100,69.439093,1.500000,2.277614,271.487582
43.586,286.185321,65.767007,-1.500000,-10.832545,271.357734
43.617,285.800138,67.800909,-1.500000,-10.579397,271.234337
43.648,271.526297,69.841382,1.500000,3.563341,271.111812
43.681,276.165956,68.686755,0.404998,-1.208407,270.988364
43.713,282.824484,68.072140,-1.500000,-7.997897,270.865970
43.745,282.897154,65.454534,-1.500000,-8.197055,270.747757
43.782,275.248608,64.144963,-1.500000,-0.687906,270.617479
43.815,274.970552,70.583483,-1.500000,-0.536288,270.499312
43.847,262.444108,62.703646,1.500000,11.874378,270.391109
43.882,263.081171,66.144373,1.500000,11.112645,270.274594
43.914,267.908589,67.084247,1.500000,6.172727,270.169454
43.945,264.489854,64.702016,1.500000,9.484699,270.069675
43.977,273.683209,71.586802,1.500000,0.184560,269.969877
44.007,276.697126,70.455842,-1.500000,-2.929632,269.876162
44.042,274.879868,60.510710,-1.500000,-1.223600,269.772213
44.147,268.565328,69.747386,1.500000,4.776621,269.478456
44.177,270.748420,66.757030,1.500000,2.507870,269.398401
44.207,278.028429,70.040719,-1.500000,-4.855862,269.320156
44.241,280.364268,66.040591,-1.500000,-7.281433,269.236294
44.270,265.733025,60.389975,1.500000,7.273752,269.165212
44.299,280.449499,64.713877,-1.500000,-7.517623,269.095211
44.329,273.257434,63.970455,-1.500000,-0.397376,269.028092
44.361,267.571138,69.740062,1.500000,5.212848,268.956996
44.394,271.299250,69.124396,1.500000,1.408977,268.886194
44.425,283.561649,64.730952,-1.500000,-10.922331,268.821793
44.460,274.808643,66.645259,-1.500000,-2.245425,268.750670
44.493,269.734555,66.049159,1.500000,2.760337,268.686815
44.524,273.643048,66.007254,0.404704,-1.208651,268.630278
44.556,270.821585,72.906857,1.500000,1.553403,268.574755
44.585,282.433706,64.236995,-1.500000,-10.111951,268.525004
44.614,270.991578,64.731858,-0.320485,1.278349,268.476566
44.647,274.413627,68.404370,-1.500000,-2.197633,268.426162
44.683,263.622499,73.345265,1.500000,8.536332,268.372739
44.714,268.435540,67.790869,1.500000,3.676364,268.328882
44.749,275.337680,64.775871,-1.500000,-3.275431,268.282476
44.786,268.057126,65.131042,1.500000,3.955933,268.236503
44.819,275.078161,69.836570,-1.500000,-3.106782,268.197550
44.851,271.526422,67.322581,-1.371961,0.408162,268.163163
44.881,266.862693,71.160949,1.500000,5.038167,268.131645
44.911,270.869547,72.659221,1.500000,1.001015,268.103329
44.946,273.290563,68.367597,-0.255557,-1.452824,268.072653
44.977,272.447565,67.322798,-1.238894,-0.636975,268.047280
45.011,260.629257,75.039575,1.500000,11.155047,268.022713
45.045,279.389401,75.089406,-1.500000,-7.628883,268.000485
45.077,270.211367,64.819029,-0.017741,1.528895,267.981554
45.108,268.993190,67.174937,1.500000,2.730117,267.965707
45.141,274.105182,62.779713,-1.211987,-2.397265,267.951324
45.173,266.780190,66.428202,1.500000,4.915061,267.939487
45.205,270.505342,71.185407,1.500000,1.179715,267.929960
45.237,285.707718,68.067082,-1.500000,-14.030341,267.922782
45.269,275.785215,65.279846,-1.500000,-4.113097,267.917868
45.301,269.027634,72.028007,1.500000,2.641532,267.915108
45.339,296.099651,74.718954,-1.500000,-24.430866,267.914753
45.371,295.991725,66.506714,-1.500000,-24.320598,267.916940
45.403,279.913756,68.437567,-1.500000,-8.237886,267.921374
45.437,276.933230,69.735127,-1.500000,-5.249946,267.928303
45.467,262.204389,67.652749,1.500000,9.487885,267.936705
45.499,262.488872,69.669832,1.500000,9.215191,267.947722
45.533,266.971520,61.081586,1.500000,4.747706,267.961894
45.566,270.459316,62.977503,1.500000,1.276869,267.977742
45.599,276.261292,71.302700,-1.500000,-4.505303,267.996252
45.633,275.472512,69.611370,-1.500000,-3.693687,268.017593
45.667,264.249200,65.055110,1.500000,7.555211,268.041506
45.697,272.809463,72.070983,0.680310,-0.980563,268.064393
45.735,270.395022,66.348709,1.500000,1.468115,268.096389
45.765,281.980097,67.919705,-1.500000,-10.087730,268.123707
45.793,274.918297,64.135228,-1.500000,-2.996761,268.150968
45.824,268.831653,70.630886,1.500000,3.123931,268.182789
45.855,272.231552,65.046601,1.500000,-0.239256,268.217099
45.889,280.192624,72.292606,-1.500000,-8.158776,268.255933
45.922,269.584630,65.233935,1.147180,2.492968,268.296821
45.953,280.223101,71.375490,-1.500000,-8.102985,268.336557
45.986,272.497043,68.345597,-1.500000,-0.327939,268.382340
46.020,270.735461,69.599924,0.294783,1.485288,268.430606
46.052,266.537348,62.200081,1.500000,5.733986,268.477882
46.086,275.918455,61.627468,-1.500000,-3.589776,268.531476
46.118,271.096929,69.172012,-0.309632,1.287331,268.583420
46.151,270.807434,72.061333,1.500000,1.637145,268.639794
46.185,270.390044,67.888969,1.500000,2.118481,268.699556
46.215,283.901918,70.479542,-1.500000,-11.335098,268.754038
46.245,273.662614,65.866037,-1.500000,-1.036851,268.809124
46.277,266.352993,60.008731,1.500000,6.340734,268.872642
46.311,280.377009,61.302647,-1.500000,-7.612149,268.939122
46.341,272.723240,68.749473,-1.500000,0.107870,269.001037
46.372,268.803565,68.799702,1.500000,4.099391,269.068183
46.407,271.468132,63.410503,1.500000,1.516358,269.144383
46.441,274.831691,63.877296,-0.632561,-1.764828,269.221367
46.477,267.267522,64.752006,1.500000,5.888361,269.304563
46.510,273.460376,65.411192,1.490432,-0.222723,269.380985
46.542,280.603137,67.212818,-1.500000,-7.282038,269.458970
46.574,279.472526,67.842586,-1.500000,-6.065081,269.539667
46.604,271.721524,70.680854,0.635155,1.766975,269.615419
46.638,277.266800,76.146800,-1.500000,-3.680635,269.706696
46.668,264.992932,64.854803,1.500000,8.678391,269.786283
46.702,269.197184,65.507045,1.500000,4.571304,269.877092
46.736,273.897272,68.646307,1.468941,-0.025653,269.973475
46.770,287.191070,65.603937,-1.500000,-13.216870,270.069345
46.801,285.625997,65.455053,-1.500000,-11.554128,270.160625
46.833,286.202847,64.694116,-1.500000,-12.030920,270.254138
46.863,278.595681,69.998656,-1.500000,-4.328046,270.343583
46.893,271.879765,63.427206,1.500000,2.486474,270.435738
46.925,269.769329,66.424280,1.500000,4.706621,270.538272
46.958,274.935285,65.376402,1.080409,-0.347197,270.643073
46.993,274.577853,67.493636,1.184581,0.128434,270.753539
47.024,281.648370,67.134003,-1.500000,-6.832678,270.855787
47.057,280.507848,63.672934,-1.500000,-5.574245,270.965984
47.089,278.562083,65.536328,-1.500000,-3.512907,271.073996
47.119,271.969964,66.204309,1.500000,3.191022,271.178492
47.151,273.694902,67.076899,1.500000,1.585128,271.289747
47.186,278.123985,70.034820,-1.500000,-2.712052,271.413022
47.217,276.557506,67.992987,-1.500000,-1.024155,271.526496
47.251,270.353517,66.122027,1.500000,5.313785,271.651685
47.286,273.646896,65.288265,1.500000,2.158500,271.780743
47.317,274.920410,71.556090,1.500000,1.010085,271.897659
47.349,285.748084,60.815014,-1.500000,-9.688812,272.018011
47.381,283.200799,65.131793,-1.500000,-7.009547,272.141357
47.411,270.884630,68.339512,1.500000,5.434043,272.260443
47.445,285.988404,62.018173,-1.500000,-9.528251,272.392666
47.477,276.918967,65.596377,-1.500000,-0.320757,272.521691
47.509,275.735001,70.501416,-0.287624,1.003295,272.652613
47.545,263.003997,71.341737,1.500000,13.888849,272.797053
47.578,266.453412,69.070452,1.500000,10.585962,272.933995
47.610,278.366488,75.937697,0.069704,-1.183643,273.068079
47.640,273.946621,62.038437,1.500000,3.375387,273.198138
47.671,280.691490,72.783455,-1.500000,-3.226908,273.331385
47.703,282.644566,59.020766,-1.500000,-5.035279,273.466623
47.737,272.343290,65.617755,1.500000,5.425515,273.615705
47.769,277.887812,70.104442,1.500000,0.032644,273.757436
47.803,294.618566,60.460632,-1.500000,-16.537025,273.907983
47.836,290.482742,64.674167,-1.500000,-12.239606,274.059005
47.868,280.879086,66.749937,-1.500000,-2.480011,274.204743
47.899,268.305457,67.285903,1.500000,10.245397,274.346593
47.933,284.615972,65.609290,-1.500000,-5.895729,274.504900
47.966,272.761844,69.081697,1.500000,6.119374,274.655344
47.999,277.369084,64.107992,1.500000,1.680428,274.812629
48.033,284.230441,64.885243,-1.500000,-5.008534,274.973745
48.065,272.979175,69.967984,1.500000,6.410714,275.130737
48.097,281.776751,63.002374,-0.820978,-2.223008,275.283872
48.129,274.382469,70.949920,1.500000,5.339788,275.441362
48.160,271.560740,73.408161,1.500000,8.324335,275.593528
48.188,284.060319,65.578878,-1.500000,-4.027537,275.731572
48.221,278.054973,74.661959,0.734227,2.151214,275.893633
48.254,285.954561,71.379312,-1.500000,-5.571484,276.058950
48.284,279.364385,69.548832,-0.341593,1.183729,276.213191
48.318,286.809450,65.341638,-1.500000,-6.074790,276.387532
48.353,280.965457,65.405212,-1.500000,-0.039770,276.566063
48.390,276.604006,64.564122,1.500000,4.524846,276.755936
48.422,280.319947,65.947337,1.500000,0.986848,276.922239
48.454,279.872354,62.378344,1.500000,1.616345,277.092242
48.490,290.344373,67.769463,-1.500000,-8.653771,277.280937
48.521,281.650593,63.292868,-1.500000,0.218525,277.447775
48.553,280.673778,67.981978,0.160903,1.374490,277.615204
48.581,269.917855,70.659983,1.500000,12.292614,277.766793
48.611,280.336669,66.407446,1.500000,2.050047,277.931511
48.645,282.910552,69.741668,1.101306,-0.329903,278.112756
48.677,291.799068,69.336421,-1.500000,-9.028771,278.289997
48.709,282.953201,72.697963,-1.500000,0.005639,278.466206
48.745,291.079109,66.742608,-1.500000,-7.907106,278.665423
48.777,290.850936,71.624925,-1.500000,-7.489873,278.842115
48.810,282.773190,66.763006,-0.552317,0.784239,279.025635
48.841,276.936100,69.467698,1.500000,6.807676,279.199790
48.872,270.887980,63.312772,1.500000,13.048188,279.379596
48.903,280.827343,64.268218,1.500000,3.294369,279.553002
48.937,286.089530,59.978534,-0.628582,-1.761535,279.745790
48.968,286.092199,68.531560,-1.500000,-1.570580,279.926746
49.001,276.723134,68.495086,1.500000,7.999665,280.114766
49.036,292.344170,63.247201,-1.500000,-7.403591,280.318298
49.069,281.160427,62.637925,1.500000,3.982045,280.506983
49.100,286.956582,67.874678,-0.090227,-1.618248,280.690031
49.133,287.364796,73.298766,-1.500000,-1.824590,280.878697
49.163,275.940866,58.943402,1.500000,9.789159,281.056098
49.195,282.168864,63.980065,1.500000,3.761525,281.243354
49.224,281.337702,66.934818,1.500000,4.781286,281.419614
49.258,293.023603,73.618609,-1.500000,-6.693355,281.617054
49.294,293.318416,72.431749,-1.500000,-6.757408,281.832718
49.329,288.563573,65.103437,-1.500000,-1.776932,282.043589
49.362,282.906747,60.513112,1.500000,4.089302,282.239298
49.394,287.471764,68.489094,1.500000,-0.266232,282.435076
49.425,284.688590,73.319840,1.500000,2.720092,282.624937
49.457,305.116299,67.071399,-1.500000,-17.501531,282.817540
49.489,294.992854,65.641016,-1.500000,-7.170293,283.011739
49.761,288.808989,64.025356,-0.528485,0.803962,284.685000
49.932,291.739687,59.948855,-1.500000,-0.979853,285.756855
49.959,289.786997,66.477453,-0.221181,1.156163,285.928187
49.999,282.532516,71.436480,1.500000,8.680457,286.180349
50.029,284.101265,65.641700,1.500000,7.314500,286.369875
50.068,296.363228,70.064614,-1.500000,-4.684070,286.616035
50.097,290.016452,67.923905,0.384219,1.861552,286.801872
50.127,300.853428,67.974636,-1.500000,-8.773413,286.990668
50.154,288.745418,66.315357,1.500000,3.516117,287.160314
50.181,290.859939,69.666110,1.500000,1.585695,287.332369
50.212,305.085602,72.809182,-1.500000,-12.426119,287.532227
50.242,297.953720,61.533217,-1.500000,-5.090921,287.722242
50.273,291.731471,64.332881,0.127935,1.347206,287.923998
50.305,287.417648,67.913341,1.500000,5.875594,288.124525
50.336,290.100841,65.107389,1.500000,3.407245,288.325313
50.369,297.187475,67.182943,-1.500000,-3.455375,288.534673
50.403,291.045507,67.751326,1.500000,2.917591,288.750558
50.436,296.035380,59.829617,-0.363043,-1.844027,288.963881
50.471,300.107456,66.125300,-1.500000,-5.678312,289.186116
50.503,293.396879,63.797987,-0.119848,1.256693,289.395861
50.543,292.784029,66.989167,1.500000,2.139032,289.647721
50.570,293.612623,73.758109,1.500000,1.501859,289.826619
50.603,301.345518,70.997323,-1.500000,-6.005763,290.037154
50.633,303.574422,64.918853,-1.500000,-8.030289,290.228161
50.663,303.090835,67.083388,-1.500000,-7.342811,290.418714
50.693,281.773324,71.486572,1.500000,14.184640,290.614919
50.731,284.972132,71.454520,1.500000,11.242844,290.855117
50.764,295.160124,69.006588,1.500000,1.283393,291.068707
50.805,294.647244,72.871674,1.500000,2.082050,291.335788
50.834,303.499235,65.588913,-1.500000,-6.576705,291.516383
50.872,310.487335,66.070392,-1.500000,-13.300757,291.763157
50.907,303.086105,64.704326,-1.500000,-5.659295,291.987673
50.938,299.092696,75.865785,-1.500000,-1.456027,292.183803
50.966,289.512177,69.110176,1.500000,8.317180,292.363885
50.997,294.227819,73.358613,1.500000,3.819508,292.567595
51.025,301.421563,71.964261,-1.500000,-3.183764,292.745607
51.052,291.764576,67.088289,1.500000,6.658228,292.918509
51.081,301.665042,61.353158,-1.500000,-3.043432,293.104308
51.113,276.909678,70.354170,1.500000,21.928051,293.306289
51.143,295.753241,63.050155,1.500000,3.286282,293.494881
51.177,300.073462,71.970803,0.532107,-0.800965,293.712615
51.207,305.310876,70.986104,-1.500000,-5.834577,293.903084
51.243,307.464121,65.436997,-1.500000,-7.738809,294.135806
51.274,302.738386,59.842127,-1.500000,-2.803936,294.331262
51.306,280.845099,70.168077,1.500000,19.305292,294.533076
51.342,294.340160,66.881348,1.500000,6.053327,294.760269
51.373,308.500432,64.966957,-1.500000,-7.891522,294.961599
51.401,298.954041,69.958337,0.358459,1.840234,295.134837
51.438,299.035500,67.379960,1.500000,2.010633,295.370218
51.469,305.729456,73.268559,-1.500000,-4.472939,295.566838
51.501,304.579544,71.319669,-1.500000,-3.108955,295.766905
51.531,295.108261,69.771307,1.500000,6.560881,295.952469
51.563,292.328171,66.997418,1.500000,9.560293,296.157442
51.599,310.661315,66.018742,-1.500000,-8.537752,296.377162
51.633,304.706526,69.991424,-1.500000,-2.354769,296.590427
51.671,306.371812,65.215742,-1.500000,-3.767274,296.826670
51.703,290.195679,68.936891,1.500000,12.622822,297.026637
51.739,299.923689,61.333607,1.500000,3.132432,297.248711
51.769,304.221042,62.026295,0.334404,-0.964581,297.435945
51.799,296.444762,72.206813,1.500000,7.009463,297.620771
51.831,305.743111,74.816635,-0.866697,-2.076029,297.819703
51.860,316.358141,62.736708,-1.500000,-12.505364,297.993249
51.889,297.962043,63.286982,1.500000,6.081574,298.171605
51.921,310.754244,69.330424,-1.500000,-6.499753,298.368683
51.960,304.118700,63.686208,-1.392978,0.390769,298.606980
51.993,306.390322,67.258574,-1.500000,-1.666223,298.807569
52.025,287.632423,63.918877,1.500000,17.295993,298.998520
52.058,303.163018,67.969181,1.500000,1.978116,299.197322
52.090,296.927966,59.983268,1.500000,8.425261,299.395539
52.124,304.706393,64.029005,1.500000,0.860757,299.595467
52.150,308.716519,68.615565,-1.500000,-2.978327,299.755320
52.182,309.221314,66.894541,-1.500000,-3.282333,299.942972
52.213,294.498274,63.093848,1.500000,11.638960,300.128255
52.247,311.240746,63.852597,-1.500000,-4.887274,300.330348
52.281,301.915855,69.523802,1.500000,4.651143,300.529905
52.313,312.559248,67.043914,-1.500000,-5.789376,300.719507
52.345,309.642020,69.515644,-1.500000,-2.671073,300.907427
52.377,302.004371,71.615531,1.500000,5.163825,301.091772
52.413,302.065926,73.693452,1.500000,5.330387,301.304965
52.448,314.246863,72.640683,-1.500000,-6.632605,301.508653
52.473,302.202099,76.460668,1.500000,5.563979,301.650540
52.510,309.377345,63.069184,0.191081,-1.385442,301.861592
52.673,316.020583,63.505512,-1.500000,-7.037088,302.788313
52.697,315.675413,71.770758,-1.500000,-6.546323,302.924383
52.737,307.301469,65.602071,0.995269,2.064999,303.146232
52.761,309.830659,63.671567,0.916520,-0.316518,303.284244
52.800,326.888437,67.825122,-1.500000,-17.146638,303.497008
52.825,308.776532,67.557471,-0.447058,1.114814,303.636771
52.857,314.651047,66.107402,-1.500000,-4.571718,303.812457
52.890,287.614504,67.949630,1.500000,22.653938,303.989198
52.934,311.836317,68.387345,0.284369,-1.308238,304.231850
52.969,308.194566,62.604114,1.500000,2.532348,304.417677
53.005,308.348563,64.945993,1.500000,2.585168,304.610963
53.040,316.846997,63.368720,-1.500000,-5.710735,304.800245
53.070,310.301872,71.925788,-0.654335,1.002059,304.956944
53.115,298.004386,63.862415,1.500000,13.556687,305.197265
53.154,306.611646,61.516508,1.500000,5.165751,305.399437
53.194,313.187922,66.636041,0.067273,-1.185655,305.609596
53.209,318.797128,63.901787,-1.500000,-6.715118,305.684121
53.235,324.051760,70.854963,-1.500000,-11.825208,305.819208
53.261,308.113978,64.192281,1.500000,4.256883,305.954075
53.289,314.600063,60.982028,-0.643791,-2.076370,306.096909
53.320,317.177243,64.253467,-1.500000,-4.485425,306.254036
53.347,316.014523,66.592509,-1.500000,-3.176815,306.390381
53.378,303.847637,69.137138,1.500000,9.156446,306.545872
53.414,315.085977,67.593656,-0.413475,-1.885764,306.729171
53.444,309.166461,64.283767,1.500000,4.192950,306.877954
53.478,315.437333,72.797273,-0.561587,-1.898872,307.045291
53.513,312.809205,66.965312,0.288933,0.911532,307.215642
53.540,308.030404,66.147297,1.500000,5.831955,307.347999
53.578,314.867262,67.155317,0.666851,-0.811467,307.528780
53.606,317.547252,74.722120,-1.500000,-3.345442,307.665243
53.644,326.379643,64.523668,-1.500000,-11.985458,307.845033
53.673,324.282062,68.157409,-1.500000,-9.739017,307.984154
53.705,313.880810,67.962492,-0.507511,0.821320,308.132832
53.732,307.146874,67.360447,1.500000,7.692089,308.260713
53.771,311.791455,66.556561,1.500000,3.243635,308.444009
53.806,316.600887,64.872022,-0.186766,-1.395894,308.602797
53.840,303.323404,66.377186,1.500000,12.047927,308.758253
53.867,322.072286,73.074851,-1.500000,-6.569277,308.881316
53.897,312.462067,64.055847,1.500000,3.184944,309.015899
53.926,319.619332,67.638254,-1.500000,-3.835961,309.143337
53.955,310.793243,70.201949,1.500000,5.127993,309.272183
53.987,315.853041,69.460190,1.500000,0.219501,309.413591
54.022,323.306399,65.066612,-1.500000,-7.066368,309.570123
54.053,318.876825,66.256981,-1.500000,-2.492622,309.704863
54.086,312.631355,68.496991,1.500000,3.903327,309.845497
54.118,325.298187,58.262264,-1.500000,-8.619571,309.980016
54.147,308.219482,68.838775,1.500000,8.593846,310.105914
54.181,326.743494,70.131764,-1.500000,-9.781335,310.245008
54.215,325.130901,77.686948,-1.500000,-8.017563,310.386297
54.252,311.702007,66.719027,1.500000,5.578107,310.542163
54.283,315.216490,72.371949,1.500000,2.197336,310.667127
54.311,317.943960,73.292879,1.004122,-0.410332,310.779092
54.353,326.484798,71.478723,-1.500000,-8.771320,310.947176
54.388,330.772419,67.542195,-1.500000,-12.907409,311.088794
54.414,320.664248,67.064949,-1.500000,-2.690699,311.190232
54.445,309.116057,74.763631,1.500000,8.987200,311.311455
54.473,319.975339,69.477903,-0.259816,-1.758598,311.417515
54.502,326.181594,65.744907,-1.500000,-7.843562,311.530871
54.541,307.515477,64.783071,1.500000,10.980750,311.678717
54.573,310.553605,64.651862,1.500000,8.070874,311.798578
54.618,319.274365,67.586202,0.929141,-0.472384,311.964468
54.637,329.010255,68.511063,-1.500000,-10.132399,312.035379
54.674,327.856697,65.508225,-1.500000,-8.835161,312.169659
54.775,313.584318,69.420184,1.500000,5.820841,312.528186
54.808,319.949082,64.796250,1.356095,-0.421292,312.642794
54.833,335.669546,66.977977,-1.500000,-16.050063,312.728489
54.860,312.335886,68.892207,1.500000,7.380463,312.819017
54.892,322.979215,64.175641,-1.500000,-3.144612,312.929535
54.923,322.131083,64.031363,-1.500000,-2.187386,313.031492
54.952,317.277854,74.282156,1.500000,2.767828,313.126806
54.982,314.132163,75.606735,1.500000,6.018305,313.224737
55.009,329.488271,71.367874,-1.500000,-9.243891,313.312505
55.044,325.213482,70.973967,-1.500000,-4.849798,313.424004
55.075,313.119757,72.171066,1.500000,7.350126,313.523256
55.138,327.009928,66.447152,-1.500000,-6.333622,313.716174
55.163,316.155270,70.429986,1.500000,4.603807,313.793530
55.197,318.968555,65.073897,1.500000,1.901149,313.896920
55.232,326.499529,68.899441,-1.500000,-5.519475,314.000050
55.265,326.925189,67.736393,-1.500000,-5.842129,314.096318
55.293,319.730983,70.580535,0.237158,1.437597,314.176243
55.331,316.727443,65.153627,1.500000,4.557715,314.285194
55.362,324.047802,64.989857,-1.500000,-2.670362,314.371440
55.395,315.608699,64.966928,1.500000,5.867524,314.463759
55.422,328.450153,66.631438,-1.500000,-6.896009,314.536584
55.516,324.688734,70.680760,-1.500000,-2.868137,314.785605
55.541,312.577233,64.100561,1.500000,9.312111,314.849855
55.576,318.857671,66.419970,1.500000,3.128292,314.940153
55.606,324.797214,76.813590,-1.500000,-2.729847,315.016231
55.629,329.294197,67.823936,-1.500000,-7.167133,315.072022
55.665,296.922158,65.254955,1.500000,25.300328,315.161202
55.699,302.262077,67.769042,1.500000,20.046996,315.242125
55.725,309.145103,66.451231,1.500000,13.229626,315.303485
55.757,317.783826,68.054971,1.500000,4.669477,315.376919
55.789,315.622972,69.551592,1.500000,6.907576,315.449110
55.830,331.620833,70.310300,-1.500000,-8.989736,315.543081
55.860,329.294955,69.107469,-1.500000,-6.593646,315.608700
55.899,335.638891,68.345429,-1.500000,-12.849455,315.691062
55.928,325.429823,69.806060,-1.500000,-2.573194,315.753859
55.962,323.835014,71.181434,-1.500000,-0.904503,315.822907
55.993,306.129245,70.579249,1.500000,16.870814,315.887905
56.023,320.822810,64.339917,1.500000,2.239757,315.946324
56.051,322.128492,72.860455,1.500000,0.993208,316.001589
56.081,331.898576,65.450651,-1.500000,-8.715347,316.059092
56.113,330.735594,67.044670,-1.500000,-7.487080,316.120106
56.196,318.594563,65.699996,1.500000,4.815376,316.270972
56.226,329.513591,65.731310,-1.500000,-6.046665,316.324229
56.255,325.422094,66.803663,-1.500000,-1.901806,316.374101
56.287,298.888554,66.664804,1.500000,24.690083,316.428633
56.307,317.317521,70.826951,1.500000,6.296507,316.461709
56.343,315.346067,72.701367,1.500000,8.328824,316.518589
56.369,331.025996,64.179902,-1.500000,-7.306363,316.560404
56.397,311.559496,64.820637,1.500000,12.205902,316.603175
56.431,332.549058,67.025395,-1.500000,-8.727735,316.655442
56.468,320.446125,67.671193,1.500000,3.432805,316.709280
56.514,328.573132,65.043484,-1.500000,-4.623463,316.775392
56.568,323.862585,73.942179,-1.500000,0.164726,316.847954
56.599,323.437182,63.226387,-0.733276,0.634480,316.889403
56.637,324.180411,66.978447,-0.708913,-0.057035,316.937735
56.675,313.444762,69.176280,1.500000,10.728724,316.984567
56.707,322.137314,65.405346,1.500000,2.076084,317.021867
56.733,325.612725,68.797272,-0.152029,-1.367146,317.051944
56.759,316.191247,67.859056,1.500000,8.085764,317.081319
56.789,330.044275,70.020243,-1.500000,-5.731557,317.114690
56.823,323.336294,64.856977,-0.638704,1.014995,317.150737
56.855,320.764558,71.109628,1.500000,3.621230,317.182980
56.887,336.034809,67.872764,-1.500000,-11.615422,317.214381
56.919,318.916417,67.818504,1.500000,5.535237,317.244536
56.945,308.972955,69.518454,1.500000,15.504299,317.268462
56.982,325.925383,68.091714,-0.207742,-1.413254,317.301055
57.012,331.197782,67.162660,-1.500000,-6.658500,317.326432
57.044,334.492474,72.008791,-1.500000,-9.925595,317.352224
57.081,330.403523,66.161199,-1.500000,-5.806048,317.380818
57.114,318.434247,66.049466,1.500000,6.188687,317.404612
57.145,314.405706,65.752216,1.500000,10.240140,317.426024
57.179,322.725675,65.903715,1.500000,1.944514,317.448775
57.204,328.113559,64.821192,-1.500000,-3.426866,317.464199
57.242,324.754711,69.359208,-1.500000,-0.043540,317.487076
57.280,320.371188,68.831659,1.500000,4.361907,317.507566
57.310,332.887103,64.838133,-1.500000,-8.137057,317.523408
57.344,329.248225,64.291565,-1.500000,-4.480751,317.539696
57.374,318.902823,64.811369,1.500000,5.878886,317.552999
57.406,330.308058,65.890929,-1.500000,-5.511838,317.566561
57.441,316.742933,68.683336,1.500000,8.067503,317.579847
57.470,322.729543,63.130240,1.500000,2.091694,317.589941
57.503,313.490231,63.276181,1.500000,11.342182,317.600386
57.537,334.008005,67.405253,-1.500000,-9.165525,317.609794
57.572,330.527993,68.149878,-1.500000,-5.676251,317.618450
57.610,329.713485,66.229588,-1.500000,-4.853365,317.626280
57.638,316.360755,68.961251,1.500000,8.504720,317.631284
57.664,320.783476,68.891911,1.500000,4.086065,317.635086
57.693,324.561991,63.012991,1.500000,0.311351,317.638638
57.729,337.853353,64.734467,-1.500000,-12.976607,317.641818
57.758,336.396381,67.821489,-1.500000,-11.517857,317.643480
57.797,322.333994,71.314205,1.500000,2.545509,317.644395
57.828,335.376433,62.741328,-1.500000,-10.497269,317.644078
57.862,307.101448,64.266895,1.500000,17.776195,317.642657
57.899,333.972092,67.221349,-1.500000,-9.097396,317.639903
57.921,327.122836,69.067260,-1.500000,-2.250605,317.637599
57.954,327.781841,66.162736,-1.500000,-2.914245,317.633267
57.985,317.054345,68.505303,1.500000,7.808028,317.628385
58.016,311.574802,69.214802,1.500000,13.281429,317.622646
58.048,334.004092,65.708589,-1.500000,-9.155434,317.615568
58.090,323.109783,58.790380,0.222315,1.727563,317.604996
58.121,319.166740,63.755063,1.500000,5.661296,317.596295
58.156,329.339574,66.053685,-1.500000,-4.523201,317.585395
58.194,312.563457,73.598952,1.500000,12.238823,317.572224
58.219,302.171037,63.782537,1.500000,22.621467,317.563088
58.247,310.051753,64.382873,1.500000,14.728678,317.551805
58.281,323.758795,71.712748,1.500000,1.006305,317.537477
58.309,333.194650,64.055930,-1.500000,-8.443091,317.524821
58.340,327.731271,66.338006,-1.500000,-2.995325,317.510230
58.381,331.291548,66.134976,-1.500000,-6.577651,317.489624
58.416,324.023228,73.558445,-0.689989,0.670303,317.470590
58.449,321.939682,62.766878,1.500000,2.734064,317.452099
58.482,331.936593,63.740481,-1.500000,-7.283674,317.432635
58.519,333.079076,71.264227,-1.500000,-8.450399,317.409979
58.548,316.628941,62.683622,1.500000,7.979447,317.391017
58.581,315.362546,67.548678,1.500000,9.221896,317.368638
58.619,328.265677,69.500538,-1.500000,-3.709071,317.342622
58.647,317.943311,67.599538,1.500000,6.591811,317.322543
58.673,328.321025,64.517032,-1.500000,-3.807065,317.302766
58.701,315.972301,73.198331,1.500000,8.519045,317.281632
58.729,325.930701,66.520014,0.096964,-1.463332,317.259223
58.764,321.794834,60.133582,1.500000,2.643054,317.231670
58.788,331.250040,66.523006,-1.500000,-6.834171,317.211093
58.826,317.864117,69.118599,1.500000,6.517663,317.179233
58.858,323.825897,61.454591,1.500000,0.526133,317.151430
58.891,332.071183,63.845518,-1.500000,-7.751439,317.121256
58.927,334.489704,67.836945,-1.500000,-10.205293,317.088235
58.954,328.102752,68.050293,-1.500000,-3.845171,317.063159
58.985,326.885427,68.727620,-1.500000,-2.660067,317.033047
59.017,311.932062,63.024245,1.500000,12.259312,317.001284
59.054,323.335732,60.220684,1.500000,0.816205,316.964427
59.087,327.481531,66.496000,-1.500000,-3.366361,316.930065
59.121,314.897548,63.418294,1.500000,9.179726,316.894649
59.152,338.649309,68.686926,-1.500000,-14.607258,316.861730
59.187,320.716851,67.062037,1.500000,3.283770,316.823010
59.208,323.202562,66.532990,1.500000,0.772944,316.799538
59.243,331.523272,67.956044,-1.500000,-7.588987,316.761014
59.267,329.523986,66.549241,-1.500000,-5.620016,316.732683
59.297,324.435073,66.192595,-1.500000,-0.567991,316.698207
59.329,315.344764,68.487247,1.500000,8.482537,316.661029
59.361,323.174680,68.115118,1.500000,0.611283,316.622395
59.399,334.222272,71.830948,-1.500000,-10.485473,316.576447
59.435,322.423334,62.740386,-0.334798,1.266504,316.532559
59.464,314.126941,71.058483,1.500000,9.523384,316.495630
59.500,324.125345,63.543866,1.091244,-0.523086,316.450709
59.524,332.021981,64.190591,-1.500000,-8.452805,316.419790
59.560,334.357638,60.539810,-1.500000,-10.838666,316.372872
59.593,317.865218,64.760629,1.500000,5.607445,316.329592
59.621,331.004558,60.048445,-1.500000,-7.571371,316.292698
59.652,319.374953,67.718335,1.500000,4.013796,316.251168
59.691,328.277196,68.919710,-1.500000,-4.945438,316.197905
59.725,325.483079,62.074010,-1.500000,-2.201169,316.151318
59.760,308.301376,66.654719,1.500000,14.928384,316.102579
59.798,309.353401,54.226520,1.500000,13.819318,316.049270
59.819,322.922180,56.344553,1.500000,0.219153,316.019937
59.855,315.728183,73.878315,1.500000,7.357380,315.967816
59.886,330.562174,67.623507,-1.500000,-7.523931,315.923591
59.911,327.565383,63.883732,-1.500000,-4.566579,315.886733
59.944,314.952062,72.178313,1.500000,7.994965,315.838344
59.976,314.262321,69.121377,1.500000,8.633957,315.790914
60.016,337.937041,72.073605,-1.500000,-15.104361,315.731477
60.048,335.432112,64.176807,-1.500000,-12.649788,315.684415
60.077,329.145902,66.793001,-1.500000,-6.411323,315.639793
60.126,329.884332,69.095305,-1.500000,-7.228616,315.566090
60.153,319.722073,67.313151,1.500000,2.888937,315.524309
60.185,317.887676,65.637309,1.500000,4.670771,315.475185
60.208,328.708682,65.845706,-1.500000,-6.189276,315.438697
60.238,308.461390,69.169966,1.500000,14.008869,315.392765
60.264,311.120405,64.373544,1.500000,11.305935,315.351719
60.292,328.713812,72.447171,-1.500000,-6.334586,315.307687
60.330,321.924476,70.466767,-1.393837,0.390057,315.247227
60.362,315.427640,59.377411,1.500000,6.833404,315.197236
60.395,320.653193,68.951190,1.500000,1.550760,315.143881
60.427,321.853183,70.141225,1.500000,0.296035,315.092727
60.462,330.310238,68.782493,-1.500000,-8.221428,315.036272
60.495,327.431335,71.434644,-1.500000,-5.399991,314.982564
60.525,323.247311,71.314821,-1.500000,-1.268220,314.933730
60.557,302.324666,66.835940,1.500000,19.599593,314.882485
60.584,325.242974,64.717418,-1.500000,-3.366771,314.837573
60.617,312.166368,65.086480,1.500000,9.652144,314.783657
60.648,324.721862,63.121619,-1.500000,-2.958015,314.732568
60.681,338.816309,61.773435,-1.500000,-17.110206,314.678600
60.721,305.651257,57.990772,1.500000,15.985288,314.613594
60.750,318.281403,67.315741,1.500000,3.303124,314.564978
60.789,318.332090,68.237265,1.500000,3.183919,314.500943
60.820,318.990912,73.636969,1.500000,2.469886,314.449344
60.851,326.694773,59.620133,-1.500000,-5.289120,314.397806
60.881,317.809380,70.801183,1.500000,3.542891,314.347917
60.910,344.050050,66.986802,-1.500000,-22.750196,314.298929
60.944,327.721750,67.011757,-1.500000,-6.482354,314.242426
60.976,328.478022,69.115506,-1.500000,-7.295522,314.189253
61.007,334.381823,64.509376,-1.500000,-13.255500,314.136750
61.045,313.435501,69.841377,1.500000,7.623937,314.074241
61.080,320.551639,65.567922,1.500000,0.445533,314.016049
61.112,320.943769,73.028817,1.495165,-0.003951,313.962446
61.145,316.626780,71.722464,1.500000,4.254578,313.907812
61.180,329.916905,70.176928,-1.500000,-9.097713,313.849713
61.215,331.079252,67.424813,-1.500000,-10.323544,313.790382
61.240,325.536473,67.094798,-1.500000,-4.825337,313.748725
61.279,323.280483,74.343959,-1.500000,-2.638865,313.683755
61.306,310.232387,61.919785,1.500000,10.361700,313.639333
61.341,327.368933,63.860651,-1.500000,-6.836632,313.581590
61.374,306.610668,69.963155,1.500000,13.863736,313.527481
61.405,316.184601,67.537804,1.500000,4.235328,313.476569
61.442,309.612304,67.916203,1.500000,10.741384,313.414661
61.478,323.291145,66.523726,-1.500000,-2.998935,313.357206
61.507,319.244608,61.329033,-0.660654,0.996830,313.309755
61.535,306.632976,67.730016,1.500000,13.559752,313.264231
61.562,324.204628,64.484269,-1.500000,-4.059396,313.219843
61.593,320.854902,67.720102,-1.500000,-0.763318,313.169704
61.632,310.579251,68.826690,1.500000,9.444015,313.105856
61.666,326.347671,63.363576,-1.500000,-6.382848,313.051236
61.697,307.493280,68.256457,1.500000,12.418626,313.001782
61.735,312.466931,63.544699,1.500000,7.380621,312.941637
61.764,315.203184,63.961230,1.500000,4.596150,312.896574
61.792,320.636842,69.988797,0.429133,-0.886184,312.851082
61.825,313.840760,60.471763,1.500000,5.855388,312.800138
61.852,339.868744,74.368705,-1.500000,-20.217703,312.757982
61.884,337.100186,63.653695,-1.500000,-17.502388,312.708222
61.921,328.648433,66.082126,-1.500000,-9.112838,312.650089
61.953,324.462889,65.154793,-1.500000,-4.978943,312.601819
61.985,314.024033,64.882026,1.500000,5.408371,312.553649
62.020,327.587308,67.537650,-1.500000,-8.212856,312.499488
62.053,320.345205,65.558628,-1.500000,-1.022870,312.450781
62.090,308.676404,64.136541,1.500000,10.585808,312.394590
62.121,319.653153,63.284982,1.335009,-0.438743,312.349916
62.147,319.041136,70.493733,1.473806,0.131439,312.310817
62.173,320.080247,67.014317,0.344265,-0.948726,312.272450
62.202,332.299828,66.754749,-1.500000,-13.213240,312.230456
62.236,314.660585,62.140081,1.500000,4.373404,312.181298
62.274,322.002375,72.927242,-1.500000,-3.026054,312.127403
62.306,323.336968,70.309021,-1.500000,-4.408100,312.083054
62.340,304.179570,70.775064,1.500000,14.697465,312.034612
62.379,316.240402,67.307874,1.500000,2.579325,311.981053
62.407,316.453570,68.797766,1.500000,2.325697,311.943240
62.452,322.887017,65.327740,-1.500000,-4.172952,311.882303
62.478,328.658243,59.190535,-1.500000,-9.981355,311.847558
62.505,329.506674,68.020187,-1.500000,-10.867669,311.812155
62.531,322.648554,69.023561,-1.500000,-4.047164,311.777000
62.571,315.569475,68.009543,1.500000,2.977602,311.726240
62.592,322.667223,67.438101,-1.500000,-4.149811,311.698516
62.631,310.586052,71.737604,1.500000,7.878337,311.648961
62.660,307.875657,69.526978,1.500000,10.550293,311.613038
62.696,312.285960,68.736496,1.500000,6.093143,311.569256
62.733,323.790727,68.358762,-1.500000,-5.460504,311.523573
62.767,320.162075,66.444997,-1.500000,-1.875380,311.482892
62.795,313.966402,69.022807,1.500000,4.285508,311.450383
62.820,306.287708,70.565834,1.500000,11.933099,311.421315
62.851,308.207704,66.916625,1.500000,9.974468,311.385207
62.884,316.274344,68.615744,1.500000,1.867830,311.347826
62.919,330.210109,64.856445,-1.500000,-12.109316,311.309152
62.948,326.611633,69.168309,-1.500000,-8.544151,311.278021
62.986,321.570973,73.181616,-1.500000,-3.546826,311.237521
63.018,322.766267,68.545912,-1.500000,-4.778682,311.203350
63.057,317.906678,68.313575,-1.453397,0.038518,311.163734
63.090,307.696068,64.784505,1.500000,10.212849,311.129829
63.118,311.282748,64.241793,1.500000,6.597208,311.102763
63.150,314.962284,67.627135,1.500000,2.884244,311.071522
63.181,321.720102,71.617804,-1.500000,-3.905229,311.041938
63.219,318.523116,68.010601,-1.500000,-0.745426,311.007187
63.248,320.652954,70.158391,-1.500000,-2.903850,310.980471
63.286,309.618623,67.286563,1.500000,8.094468,310.946814
63.316,298.143043,72.959365,1.500000,19.543270,310.921788
63.350,309.627798,66.481666,1.500000,8.027939,310.893212
63.382,318.339681,74.607709,0.639855,-0.711794,310.867184
63.411,312.679935,67.758451,1.500000,4.923363,310.844204
63.448,332.714512,66.817180,-1.500000,-15.141619,310.815788
63.476,325.587260,69.604408,-1.500000,-8.037449,310.794216
63.509,335.467865,65.332374,-1.500000,-17.943215,310.770702
63.542,324.176833,68.642525,-1.500000,-6.677136,310.747380
63.567,307.734976,69.739047,1.500000,9.746462,310.730316
63.598,311.126540,61.854659,1.500000,6.333153,310.709993
63.628,319.746762,62.866940,-1.288322,-2.307526,310.690874
63.662,315.128451,68.198564,1.138168,2.289002,310.670516
63.693,327.422453,72.591160,-1.500000,-10.024620,310.652181
63.746,320.655539,74.186971,-1.500000,-3.288839,310.623084
63.774,320.165861,71.508634,-1.500000,-2.814864,310.608409
63.805,310.092157,63.505969,1.500000,7.242125,310.592787
63.836,311.513704,66.836120,1.500000,5.804792,310.578033
63.867,303.245476,65.086313,1.500000,14.058400,310.564370
63.903,310.388656,64.408643,1.500000,6.898819,310.549042
63.937,322.063323,65.036458,-1.500000,-4.790219,310.535611
63.972,315.239896,68.780982,0.574983,2.019425,310.522730
64.002,312.676395,66.070566,1.500000,4.571992,310.512511
64.037,311.200806,66.154969,1.500000,6.036156,310.501833
64.064,326.690217,66.246063,-1.500000,-9.461767,310.493879
64.098,324.342468,70.445462,-1.500000,-7.123436,310.485076
64.129,318.853220,69.375889,-1.500000,-1.641858,310.477908
64.159,315.059866,67.978790,1.091878,2.144952,310.471793
64.197,327.785694,62.430099,-1.500000,-10.588208,310.464940
64.230,316.931115,66.671913,-1.499788,0.261256,310.460160
64.261,312.873296,61.841134,1.500000,4.315107,310.456451
64.300,312.262659,65.100495,1.500000,4.922155,310.453097
64.328,316.983774,72.409669,1.500000,0.199257,310.451431
64.365,328.584019,60.385511,-1.500000,-11.402127,310.450367
64.390,334.871045,71.633700,-1.500000,-17.689196,310.450327
64.420,321.630301,72.303927,-1.500000,-4.447724,310.451007
64.448,333.642696,69.736700,-1.500000,-16.458618,310.452409
64.481,303.852617,67.403388,1.500000,13.334153,310.454926
64.520,315.073503,66.515865,1.500000,2.117953,310.459305
64.549,317.529411,66.007578,1.096743,-0.333679,310.463301
64.586,315.664662,69.318480,1.500000,1.537924,310.469707
64.619,324.534166,65.303285,-1.500000,-7.324493,310.476330
64.651,320.302059,64.863754,-1.500000,-3.084143,310.484034
64.688,298.689244,74.803947,1.500000,18.539269,310.493937
64.722,302.602929,73.519483,1.500000,14.636489,310.504129
64.938,309.875262,66.150985,1.500000,7.460758,310.594411
64.962,320.103843,65.318398,-1.500000,-2.753712,310.607599
64.997,320.433073,66.535149,-1.500000,-3.061772,310.627384
65.026,314.961160,74.767310,1.434009,2.428095,310.644164
65.051,320.114516,68.210640,-1.481926,-2.708737,310.659606
65.086,321.157485,67.586944,-1.500000,-3.727120,310.682584
65.111,314.780141,66.645438,1.500000,2.668700,310.699852
65.141,308.790703,68.277658,1.500000,8.680379,310.720638
65.174,314.256224,69.006800,1.500000,3.241434,310.745474
65.212,315.836997,67.683567,1.500000,1.691813,310.774589
65.236,325.213841,71.771895,-1.500000,-7.664064,310.794184
65.299,333.249662,69.761970,-1.500000,-15.643179,310.847180
65.334,329.926821,63.955923,-1.500000,-12.286080,310.879197
65.364,318.397674,68.764603,-1.500000,-0.727026,310.907148
65.402,312.386710,72.180664,1.500000,5.322687,310.943362
65.433,320.284320,68.953129,-1.206390,-2.541969,310.974160
65.460,316.023716,65.929114,0.577429,1.748881,311.002427
65.492,314.721300,70.471612,1.500000,3.086555,311.035378
65.524,334.713951,66.835980,-1.500000,-16.867937,311.071042
65.557,315.264245,64.435019,1.301867,2.620985,311.107692
65.592,323.831563,72.934985,-1.500000,-5.902772,311.148403
65.621,318.486421,72.131661,-1.500000,-0.520147,311.183434
65.653,320.912415,69.199188,-1.500000,-2.905140,311.221752
65.683,307.817848,66.261295,1.500000,10.230503,311.260142
65.715,304.091264,66.201499,1.500000,13.999813,311.300072
65.747,322.232663,68.550736,-1.500000,-4.095665,311.342989
65.787,307.189497,64.276381,1.500000,11.005639,311.397323
65.819,311.107611,66.838683,1.500000,7.134230,311.440972
65.850,320.429202,65.612341,-1.086313,-2.140346,311.484912
65.898,318.949315,72.500705,-1.500000,-0.584693,311.555722
65.932,314.106331,64.853062,1.500000,4.313902,311.607695
65.959,316.886680,67.183389,1.500000,1.576996,311.648296
65.989,317.889016,70.188079,1.500000,0.625314,311.695636
66.019,323.836483,67.161123,-1.500000,-5.271395,311.743073
66.049,311.922189,67.432496,1.500000,6.695198,311.791950
66.080,324.727036,68.827864,-1.500000,-6.054640,311.843361
66.112,326.046427,66.199088,-1.500000,-7.315399,311.898157
66.149,318.675527,64.559380,-1.350591,0.123599,311.961799
66.192,317.748020,66.749375,0.034909,1.131517,312.036951
66.227,323.516534,72.696612,-1.500000,-4.568912,312.100581
66.257,313.138430,69.106344,1.500000,5.867576,312.155146
66.287,315.467830,73.286702,1.500000,3.599425,312.212388
66.315,324.232599,64.440087,-1.500000,-5.109400,312.264672
66.344,322.740408,69.814291,-1.500000,-3.556458,312.321448
66.379,300.555019,62.135339,1.500000,18.702956,312.390631
66.409,306.416779,65.392921,1.500000,12.903730,312.449075
66.440,306.655215,62.940515,1.500000,12.733904,312.513196
66.484,310.211205,64.165130,1.500000,9.274207,312.603190
66.517,329.956660,68.229788,-1.500000,-10.397139,312.672449
66.546,312.203571,63.854909,1.500000,7.422192,312.734358
66.578,325.922665,66.557971,-1.500000,-6.221607,312.804727
66.612,314.862449,65.782848,1.500000,4.916724,312.877732
66.640,325.200232,66.020828,-1.500000,-5.352377,312.941921
66.674,330.465818,65.442471,-1.500000,-10.537692,313.016940
66.705,323.710856,70.853084,-1.500000,-3.706392,313.088284
66.737,317.641352,66.425945,1.452049,2.443024,313.162969
66.771,316.539995,67.033622,1.500000,3.631380,313.244276
66.803,323.221119,70.892083,-1.500000,-2.968500,313.320204
66.842,319.325191,62.359645,-0.622116,1.028723,313.414873
66.873,315.086144,65.188861,1.500000,5.348637,313.490449
66.906,322.847524,67.587342,-1.050307,-2.324350,313.573059
66.934,341.529127,65.957443,-1.500000,-20.930394,313.643676
66.962,324.608497,68.050771,-1.500000,-3.933161,313.715267
66.992,308.610151,63.160948,1.500000,12.147760,313.792440
67.026,306.974500,64.756585,1.500000,13.877729,313.880588
67.060,330.071990,72.050303,-1.500000,-9.123929,313.970151
67.096,323.184797,67.037897,-1.500000,-2.133893,314.066265
67.150,307.543293,67.766185,1.500000,13.664957,314.213317
67.171,311.951290,65.591713,1.500000,9.317598,314.269989
67.208,317.259645,63.082609,1.500000,4.121512,314.374913
67.233,322.396177,63.779004,0.362396,-0.941415,314.443704
67.258,308.278983,63.251697,1.500000,13.253175,314.516035
67.289,318.656443,63.083765,1.500000,2.968596,314.602840
67.319,328.139969,69.676527,-1.500000,-6.422362,314.689352
67.352,333.220266,66.640942,-1.500000,-11.399536,314.785729
67.389,329.490934,65.030376,-1.500000,-7.551533,314.896636
67.420,318.014293,65.721632,1.500000,4.023069,314.988190
67.459,320.229928,66.724019,1.500000,1.931609,315.104240
67.491,335.161428,70.552718,-1.500000,-12.896255,315.201096
67.523,329.896231,65.442778,-1.500000,-7.524466,315.300715
67.555,322.901694,68.226718,-1.500000,-0.422785,315.400850
67.581,325.651416,66.484670,-1.500000,-3.085082,315.482555
67.611,317.954537,70.648153,1.500000,4.710112,315.574439
67.649,318.510767,66.740465,1.500000,4.285491,315.697437
67.684,325.363674,65.406670,-1.458865,-2.448666,315.808419
67.714,312.764912,63.381893,1.500000,10.253573,315.905126
67.746,318.517233,67.594521,1.500000,4.615655,316.012044
67.784,324.627999,65.452464,-0.144394,-1.360827,316.137544
67.820,330.327124,70.893317,-1.500000,-6.934103,316.255160
67.846,331.481792,71.764198,-1.500000,-7.993704,316.344008
67.877,316.879952,70.221907,1.500000,6.721246,316.449718
67.906,318.406328,68.706328,1.500000,5.300224,316.548179
67.941,336.294931,65.931589,-1.500000,-12.461578,316.666685
67.976,331.745812,65.333005,-1.500000,-7.781422,316.789150
68.014,320.797280,65.636996,1.500000,3.307331,316.920197
68.049,305.662425,66.356179,1.500000,18.574547,317.043900
68.077,322.915673,68.525927,1.500000,1.426658,317.142365
68.110,338.168611,62.806948,-1.500000,-13.698884,317.261427
68.145,338.203302,69.146794,-1.500000,-13.600615,317.385689
68.174,325.392548,64.349786,-1.500000,-0.675872,317.492220
68.202,320.178813,71.484477,1.500000,4.646799,317.594030
68.234,322.011237,64.220528,1.500000,2.939493,317.710963
68.267,326.888200,67.522516,-0.685028,-1.808248,317.831730
68.300,329.484271,68.018753,-1.500000,-4.272542,317.954887
68.335,326.167923,66.667967,-1.500000,-0.817129,318.084854
68.382,318.271730,63.593707,1.500000,7.271520,318.264720
68.413,325.167751,66.299673,1.500000,0.500935,318.381950
68.442,319.409386,67.486185,1.500000,6.377374,318.492299
68.477,335.039665,71.920092,-1.500000,-9.110089,318.625773
68.497,327.303082,67.828994,-1.500000,-1.292166,318.701791
68.524,323.228523,67.957689,1.500000,2.897969,318.809805
68.555,320.183666,62.544659,1.500000,6.072351,318.930856
68.589,349.280577,65.391010,-1.500000,-22.885840,319.060502
68.621,339.765694,70.712257,-1.500000,-13.234859,319.187696
68.663,316.699614,68.540659,1.500000,10.009817,319.354608
68.688,335.275220,67.557478,-1.500000,-8.457958,319.455384
68.725,330.088354,64.563508,-1.500000,-3.112108,319.603968
68.758,307.033972,67.448730,1.500000,20.084025,319.736445
68.786,323.688607,65.195280,1.500000,3.549001,319.848232
68.818,326.251092,70.933807,1.500000,1.125349,319.977982
68.848,343.125461,69.516919,-1.500000,-15.615680,320.102599
68.892,336.986721,67.585177,-1.500000,-9.284695,320.282268
68.921,325.978711,70.375904,0.735603,1.850104,320.400761
68.958,333.235009,61.667260,-1.500000,-5.241464,320.554714
68.987,313.120236,70.356008,1.500000,15.002105,320.675085
69.013,321.803403,64.194847,1.500000,6.435194,320.783736
69.050,336.946070,65.740387,-1.500000,-8.540339,320.939935
69.082,324.180588,66.142889,1.500000,4.370748,321.076015
69.112,332.561389,61.618188,-1.500000,-3.872516,321.204554
69.145,322.402429,66.467138,1.500000,6.435325,321.343696
69.176,333.879890,66.658325,-1.500000,-4.901580,321.475056
69.209,327.663071,68.808069,-0.095158,1.464827,321.614857
69.245,327.168640,66.359355,1.500000,2.126428,321.771091
69.273,329.153121,68.642254,1.500000,0.273682,321.894208
69.301,338.166818,69.503541,-1.500000,-8.610823,322.014949
69.338,343.391500,63.570806,-1.500000,-13.663850,322.175373
69.368,320.809010,69.819888,1.500000,9.058252,322.305853
69.402,348.916735,68.592240,-1.500000,-18.890758,322.454184
69.437,332.001227,69.195934,-1.500000,-1.813849,322.605026
69.470,322.382746,65.902998,1.500000,7.962867,322.752909
69.500,319.145921,68.974680,1.500000,11.341014,322.884986
69.533,337.579814,71.653895,-1.500000,-6.934461,323.033041
69.563,332.840809,63.727081,-1.500000,-2.057137,323.162310
69.596,326.550625,64.116300,1.500000,4.393527,323.312292
69.634,326.147092,62.073925,1.500000,4.977882,323.481285
69.665,330.100421,59.886565,1.500000,1.174193,323.621134
69.702,344.583008,69.957438,-1.500000,-13.133790,323.784315
69.732,339.160079,68.311865,-1.500000,-7.565437,323.920227
69.768,340.809481,68.673649,-1.500000,-9.043051,324.080776
69.793,324.220636,61.739698,1.500000,7.669257,324.196162
69.825,329.913348,68.580402,1.500000,2.129134,324.338768
69.856,332.326426,66.529179,1.343040,-0.129847,324.482784
69.897,333.139541,68.028848,0.419934,-0.748086,324.664911
69.930,339.470529,67.106210,-1.500000,-6.913485,324.819667
69.956,359.093069,67.692282,-1.500000,-26.409045,324.938340
69.994,342.150090,69.808271,-1.500000,-9.283440,325.109018
70.022,333.653457,66.713322,-1.500000,-0.648155,325.238599
70.055,324.807363,69.464255,1.500000,8.356862,325.387126
70.091,336.420732,70.278978,-1.500000,-3.075694,325.556111
70.120,322.540489,69.522337,1.500000,10.943540,325.686009
70.153,341.546102,70.655178,-1.500000,-7.897781,325.839552
70.184,319.035485,65.457228,1.500000,14.765076,325.981833
70.220,324.666026,67.970844,1.500000,9.315090,326.150576
70.253,335.408015,65.400276,-0.028411,-1.264841,326.302031
70.288,345.439544,63.644592,-1.500000,-11.122459,326.464565
70.324,337.764223,67.961508,-1.500000,-3.273685,326.626671
70.355,318.318156,70.548814,1.500000,16.327616,326.771749
70.377,323.402930,67.504958,1.500000,11.350875,326.872714
70.413,338.913623,69.875645,-1.500000,-3.981085,327.039756
70.438,319.773218,66.674710,1.500000,15.285124,327.157329
70.469,327.191629,69.591370,1.500000,8.018101,327.298814
70.505,329.924201,69.322898,1.500000,5.465393,327.466910
70.542,331.900695,67.875037,1.500000,3.671512,327.637576
70.575,342.166417,69.300616,-1.500000,-6.427711,327.793183
70.608,333.278780,70.060255,1.301787,2.620918,327.943644
70.659,342.558214,66.533674,-1.500000,-6.404947,328.180624
70.692,344.614461,62.982754,-1.500000,-8.293510,328.337338
70.723,347.347241,70.830972,-1.500000,-10.877013,328.476848
70.751,340.945876,68.991358,-1.500000,-4.332848,328.610306
70.781,337.614219,63.208294,-1.500000,-0.854534,328.747369
70.809,326.152821,64.920183,1.500000,10.746087,328.877483
70.837,317.761533,64.974783,1.500000,19.273761,329.004948
70.866,331.120877,70.256351,1.500000,6.061352,329.142270
70.902,340.228208,67.097937,-1.500000,-2.870599,329.306176
70.934,347.094314,66.404421,-1.500000,-9.578833,329.453721
70.968,335.166312,63.144060,1.500000,2.518774,329.612230
70.998,331.914191,70.641041,1.500000,5.917643,329.749377
71.033,337.596176,69.168353,1.500000,0.409754,329.912084
71.064,352.680025,67.317374,-1.500000,-14.520482,330.055648
71.097,344.441746,66.350944,-1.500000,-6.121378,330.205952
71.129,337.021846,70.840800,0.259563,1.456140,330.353258
71.165,337.519970,55.509049,1.500000,1.133200,330.516982
71.198,332.418258,63.264234,1.500000,6.397728,330.669145
71.232,348.830157,63.793045,-1.500000,-9.848091,330.824361
71.257,341.934847,65.861223,-1.500000,-2.832807,330.936487
71.295,352.159489,61.900863,-1.500000,-12.872508,331.109329
71.326,345.518298,64.806147,-1.500000,-6.080456,331.250320
71.359,322.440017,71.807920,1.500000,17.157599,331.399642
71.407,325.211157,65.551490,1.500000,14.618641,331.616634
71.436,351.908903,67.531184,-1.500000,-11.938902,331.747665
71.464,333.998643,65.080000,1.500000,6.106174,331.873661
71.492,340.870424,63.911051,1.099435,-0.633701,331.996937
71.519,346.289228,62.978995,-1.500000,-5.925135,332.115974
71.551,343.678569,62.633784,-1.500000,-3.158674,332.261584
71.580,345.316347,66.187916,-1.500000,-4.659942,332.389163
71.611,319.922104,65.762346,1.500000,20.882319,332.527497
71.641,306.716001,64.525093,1.500000,34.231191,332.660927
71.671,329.022401,70.528123,1.500000,12.064138,332.791158
71.702,336.913430,69.716959,1.500000,4.321308,332.929661
71.732,345.323487,62.294128,-1.500000,-3.949220,333.060062
71.766,346.030174,66.141256,-1.500000,-4.496877,333.208689
71.807,337.762826,66.319116,1.500000,3.959021,333.384903
71.837,347.838414,72.756682,-1.500000,-5.977901,333.514498
71.873,342.328712,65.860470,-1.500000,-0.299445,333.672213
71.904,324.085869,70.892402,1.500000,18.083380,333.803036
71.932,337.259517,72.118917,1.500000,5.037178,333.922145
71.966,328.891809,63.908759,1.500000,13.563655,334.070527
71.995,346.523576,66.292683,-1.500000,-3.936775,334.193272
72.025,358.234001,61.301284,-1.500000,-15.511518,334.320077
72.059,343.424930,65.404394,-1.500000,-0.548823,334.463652
72.093,325.608347,70.125353,1.500000,17.417579,334.603669
72.125,332.156403,66.863083,1.500000,11.013552,334.738276
72.161,343.568145,63.426740,1.208861,-0.240892,334.885282
72.194,347.598661,66.900985,-1.500000,-4.125016,335.022098
72.227,351.672440,69.528157,-1.500000,-8.055476,335.156041
72.258,335.649142,64.679860,1.500000,8.106499,335.285646
72.295,351.256143,73.486791,-1.500000,-7.343092,335.432758
72.322,353.016756,67.060821,-1.500000,-8.984196,335.544448
72.351,338.484529,61.876204,1.500000,5.669366,335.657845
72.381,338.373787,65.392846,1.500000,5.910439,335.779650
72.410,354.863505,68.541885,-1.500000,-10.454560,335.896210
72.445,337.786084,73.491189,1.500000,6.769412,336.033174
72.482,344.149221,68.101817,1.500000,0.560111,336.176947
72.514,361.185920,64.164206,-1.500000,-16.342784,336.301997
72.548,354.582690,66.593834,-1.500000,-9.599995,336.432425
72.587,347.772711,67.245939,-1.500000,-2.628939,336.582964
72.620,345.948209,69.534505,-1.500000,-0.670206,336.708414
72.651,342.397082,67.313571,1.500000,3.006185,336.825483
72.680,337.945576,74.637721,1.500000,7.575301,336.935398
72.711,334.088366,67.888503,1.500000,11.553650,337.048612
72.741,349.239824,68.365283,-1.500000,-3.476818,337.161687
72.774,340.367412,60.443525,1.500000,5.525912,337.283481
72.811,347.040214,63.778626,0.653177,-1.003017,337.417940
72.835,344.740851,69.261720,1.500000,1.388336,337.503913
72.875,358.669272,75.118801,-1.500000,-12.388307,337.645761
72.908,344.675333,72.473509,0.227241,1.731640,337.763526
72.941,345.245420,66.071511,1.500000,1.285825,337.879668
72.971,362.340816,68.550911,-1.500000,-15.696442,337.985397
73.002,352.689495,71.898231,-1.500000,-5.931230,338.091836
73.035,346.278030,59.849497,-0.773314,0.601345,338.205023
73.066,353.750827,68.601395,-1.500000,-6.759937,338.309243
73.103,348.246302,69.678961,-1.500000,-1.123200,338.432805
73.136,337.632669,65.877551,1.500000,9.606538,338.541315
73.172,339.895133,65.373663,1.500000,7.472088,338.660955
73.209,348.471774,62.727592,0.321664,-0.975124,338.781916
73.240,337.098688,69.330351,1.500000,10.502516,338.879630
73.277,344.498523,63.849897,1.500000,3.229681,338.998321
73.303,350.642488,63.942819,-1.500000,-2.826705,339.080170
73.333,344.587881,68.557508,1.500000,3.325680,339.171552
73.363,343.293464,69.636509,1.500000,4.718432,339.263454
73.395,359.327597,67.072330,-1.500000,-11.210272,339.361986
73.428,367.968213,66.782368,-1.500000,-19.745496,339.460484
73.462,369.391730,67.714584,-1.500000,-21.060224,339.562155
73.499,373.741740,63.189155,-1.500000,-25.296127,339.668796
73.529,354.791097,72.137753,-1.500000,-6.252905,339.755320
73.565,356.605249,67.278353,-1.500000,-7.956817,339.858347
73.600,331.892170,72.929936,1.500000,16.859724,339.955041
73.625,349.425773,64.330070,1.140073,-0.600069,340.024022
73.654,339.990053,66.226515,1.500000,8.920368,340.103197
73.686,329.870635,71.207135,1.500000,19.132166,340.189534
73.718,348.973251,65.682850,1.500000,0.120942,340.274946
73.748,357.760333,65.638464,-1.500000,-8.581729,340.353836
73.785,362.327616,61.500454,-1.500000,-13.049383,340.446947
73.816,352.328812,63.333860,-1.500000,-2.966363,340.525654
73.848,353.709497,65.689614,-1.500000,-4.261476,340.605627
73.888,332.317705,72.675293,1.500000,17.233024,340.701616
73.916,333.837564,64.583687,1.500000,15.786343,340.770006
73.954,344.592871,71.077272,1.500000,5.125327,340.858129
73.984,346.881370,68.116237,1.500000,2.910209,340.926709
74.015,355.985771,66.210402,-1.500000,-6.119841,340.996196
74.045,338.801526,69.839770,1.500000,11.135132,341.062297
74.073,355.896513,62.064136,-1.500000,-5.894006,341.123839
74.101,355.063676,65.132619,-1.500000,-4.998249,341.182642
74.131,353.336272,69.842064,-1.500000,-3.202360,341.246646
74.162,338.442447,72.320822,1.500000,11.758862,341.309635
74.192,353.579873,63.702335,-1.500000,-3.313918,341.370052
74.233,336.262795,64.331414,1.500000,14.088365,341.449682
74.268,350.902355,66.387006,1.286737,-0.478692,341.517442
74.296,338.399871,74.363341,1.500000,12.078837,341.568886
74.329,364.925068,69.151533,-1.500000,-14.382288,341.628767
74.358,352.505474,67.441110,-1.500000,-1.908170,341.679723
74.393,355.371690,63.173438,-1.500000,-4.711121,341.738850
74.425,334.441771,67.600441,1.500000,16.275503,341.791845
74.457,360.326459,65.227703,-1.500000,-9.552705,341.844630
74.486,342.198705,69.518292,1.500000,8.623611,341.890015
74.524,345.007666,64.630759,1.500000,5.876869,341.948163
74.557,346.750156,68.573419,1.500000,4.184737,341.995228
74.585,349.255862,65.801818,1.500000,1.721562,342.034976
74.616,369.832416,67.566025,-1.500000,-18.808522,342.078406
74.648,353.546440,67.381110,-1.500000,-2.478136,342.119910
74.680,339.237616,64.378500,1.500000,11.874900,342.161230
74.729,362.849810,62.012794,-1.500000,-11.674237,342.220162
74.797,343.192513,71.762247,1.500000,8.062864,342.294745
74.840,365.160975,66.926239,-1.500000,-13.857876,342.339345
74.871,362.654566,68.136647,-1.500000,-11.320386,342.368392
74.893,349.036898,66.448302,1.302897,2.319589,342.389240
74.920,353.868901,66.501546,-1.361218,-2.487125,342.412875
74.947,357.163175,71.206004,-1.500000,-5.757825,342.434906
74.976,337.550060,65.616420,1.500000,13.879739,342.457756
75.013,341.075496,62.512081,1.500000,10.383292,342.484848
75.046,351.323477,64.706946,1.500000,0.158447,342.506471
75.082,366.151912,63.966911,-1.500000,-14.646383,342.528531
75.114,353.398103,66.572758,-1.500000,-1.873214,342.546625
75.139,352.492664,69.936205,-1.500000,-0.954759,342.558789
75.180,344.878414,63.756870,1.500000,6.679251,342.577256
75.213,358.549159,64.218184,-1.500000,-6.977889,342.589972
75.246,352.592699,70.422288,-1.500000,-1.010086,342.600573
75.276,328.390351,68.810781,1.500000,23.201108,342.608840
75.312,336.843611,71.578566,1.500000,14.755980,342.616440
75.341,358.629964,65.930097,-1.500000,-7.025514,342.620981
75.376,334.875468,65.473800,1.500000,16.732669,342.624427
75.406,340.427243,70.766462,1.500000,11.182213,342.625660
75.443,359.320863,69.812391,-1.500000,-7.712165,342.624951
75.476,335.848558,69.569149,1.500000,15.757307,342.622304
75.503,346.814409,71.791957,1.500000,4.787552,342.618655
75.538,343.607227,65.622823,1.500000,7.987546,342.611937
75.570,366.832394,69.711260,-1.500000,-15.246362,342.603769
75.606,361.851104,70.563268,-1.500000,-10.277059,342.592565
75.638,344.432054,65.468908,1.500000,7.129108,342.580525
75.667,368.682653,66.149126,-1.500000,-17.135110,342.567797
75.699,346.272476,70.404118,1.500000,5.258371,342.552194
75.733,374.057821,64.444250,-1.500000,-22.546973,342.533503
75.769,357.915702,67.412026,-1.500000,-6.428793,342.511130
75.801,351.099212,66.082055,-1.058968,0.364942,342.489863
75.831,354.314043,65.599612,-1.500000,-2.873383,342.467907
75.864,352.044811,70.541372,-1.500000,-0.632322,342.441578
75.896,334.541044,71.088780,1.500000,16.841818,342.413890
75.932,331.329448,69.613215,1.500000,20.018641,342.381391
75.961,341.700505,68.491196,1.500000,9.616863,342.352680
75.997,342.501872,65.860548,1.500000,8.775547,342.315345
76.033,360.130259,67.915160,-1.500000,-8.895710,342.275280
76.055,359.663435,66.566405,-1.500000,-8.456582,342.249395
76.093,342.008562,68.285792,1.500000,9.148178,342.202560
76.124,336.224572,65.564261,1.500000,14.889658,342.162831
76.158,354.960272,68.566269,-1.500000,-3.895609,342.116508
76.189,353.362780,72.158209,-1.500000,-2.344964,342.072725
76.224,342.677854,64.651068,1.500000,8.285002,342.021361
76.261,337.514960,64.332342,1.500000,13.386597,341.964072
76.295,343.191961,56.633808,1.500000,7.650899,341.909215
76.323,359.043283,69.477440,-1.500000,-8.252010,341.861003
76.353,336.266884,72.043311,1.500000,14.468661,341.808920
76.392,359.622905,66.884899,-1.500000,-8.962029,341.739136
76.430,346.537794,69.088124,1.500000,4.046471,341.667537
76.463,356.884736,66.396214,-1.500000,-6.369093,341.603405
76.488,341.895305,67.372312,1.500000,8.567108,341.553657
76.513,348.265699,63.764493,1.500000,2.141256,341.501828
76.544,358.370009,66.384616,-1.500000,-8.032021,341.437372
76.579,373.554425,71.673632,-1.500000,-23.297837,341.361298
76.612,368.963594,62.533444,-1.500000,-18.786656,341.286858
76.643,361.812503,68.739985,-1.500000,-11.711683,341.215719
76.681,364.889258,65.833296,-1.500000,-14.884557,341.125889
76.716,358.847831,68.506304,-1.500000,-8.936550,341.038581
76.745,347.011187,66.484271,1.500000,2.823974,340.967440
76.772,344.352333,70.688643,1.500000,5.407802,340.897322
76.801,326.974271,60.242620,1.500000,22.704841,340.821600
76.831,327.589064,65.678263,1.500000,22.003894,340.741082
76.863,345.100443,64.989787,1.500000,4.398139,340.652880
76.901,359.565201,72.464681,-1.500000,-10.179039,340.547815
76.938,358.221933,65.062300,-1.500000,-8.950040,340.441021
76.966,357.351768,68.311737,-1.500000,-8.169677,340.357094
77.000,348.327615,66.521398,-0.600892,0.744039,340.253882
77.032,337.247007,76.381168,1.500000,11.721241,340.157241
77.067,349.764448,68.916587,0.648626,-0.916199,340.045093
77.092,358.810539,63.867522,-1.500000,-10.048118,339.964880
77.129,347.155893,67.809706,0.022884,1.476741,339.843583
77.161,340.019658,66.813706,1.500000,8.501292,339.739206
77.193,347.079543,61.175215,1.500000,1.324642,339.630079
77.227,346.496245,70.214952,1.500000,1.781841,339.512229
77.260,362.883257,64.941757,-1.500000,-14.732452,339.393275
77.295,347.603696,67.853798,-1.367571,0.411795,339.266814
77.332,343.328228,66.824258,1.500000,4.544588,339.133473
77.355,363.245161,65.783052,-1.500000,-15.467109,339.044908
77.395,345.920619,67.862343,0.185678,1.697242,338.895197
77.421,353.833781,69.398451,-1.500000,-6.326435,338.791913
77.449,352.748648,62.825344,-1.500000,-5.358724,338.682172
77.483,332.375336,69.093538,1.500000,14.870056,338.547095
77.519,349.950037,67.447444,-1.500000,-2.858266,338.403525
77.554,327.078987,65.751400,1.500000,19.856437,338.257405
77.594,336.750491,74.631346,1.500000,10.003789,338.088113
77.628,342.726468,69.071236,1.500000,3.871812,337.942318
77.674,361.552101,67.170887,-1.500000,-15.167921,337.742225
77.688,335.751599,68.046674,1.500000,10.567118,337.681044
77.717,342.918637,67.483293,1.500000,3.260999,337.551061
77.750,339.947577,68.954305,1.500000,6.073477,337.402855
77.781,348.855765,63.046335,-1.500000,-2.984666,337.262709
77.813,356.266787,69.506002,-1.500000,-10.554260,337.114511
77.844,346.325224,69.318512,-1.500000,-0.768888,336.968539
77.876,340.158279,66.058385,1.500000,5.232517,336.813828
77.911,356.310724,64.520068,-1.500000,-11.099668,336.645846
77.947,352.912251,60.770604,-1.500000,-7.890246,336.469163
77.988,346.229239,67.467984,-1.500000,-1.425546,336.265134
78.019,343.599509,63.469772,-0.251658,1.033060,336.105204
78.053,329.164673,66.276214,1.500000,15.284208,335.933534
78.085,344.073074,64.953285,1.500000,0.195406,335.764935
78.117,337.990887,66.080631,1.500000,6.096045,335.595263
78.146,341.124668,67.602581,1.500000,2.799260,335.442923
78.185,347.132750,59.041803,-1.500000,-3.430543,335.235708
78.218,346.546799,68.454109,-1.500000,-3.036776,335.056096
78.250,351.559977,64.863290,-1.500000,-8.242231,334.876398
78.287,336.938506,72.618889,1.500000,6.156748,334.668462
78.315,346.061477,72.706932,-1.500000,-3.133653,334.511985
78.350,335.616204,63.314478,1.500000,7.100231,334.314425
78.381,345.403243,73.269055,-1.500000,-2.876789,334.136873
78.407,345.288374,71.279768,-1.500000,-2.929129,333.980603
78.438,329.452163,68.605814,1.500000,12.716754,333.802725
78.468,332.483925,69.827628,1.500000,9.489320,333.619855
78.501,343.440992,66.965404,-0.523458,-1.674536,333.426595
78.538,339.605075,66.499582,1.500000,1.917247,333.198432
78.573,344.386064,66.145165,-1.500000,-3.093661,332.983554
78.609,347.738472,70.112484,-1.500000,-6.680822,332.764159
78.643,337.118030,63.622692,1.500000,3.709851,332.549421
78.671,336.376457,67.122253,1.500000,4.261622,332.372036
78.699,346.750704,67.653414,-1.500000,-6.305241,332.192021
78.728,335.660116,67.042324,1.500000,4.582946,332.002862
78.760,336.740913,70.590534,1.500000,3.281013,331.796192
78.793,338.398958,66.636911,1.500000,1.396986,331.584994
78.826,355.531965,65.981507,-1.500000,-15.975282,331.361386
78.860,357.982843,67.315635,-1.500000,-18.667140,331.136171
78.893,342.884074,69.014232,-1.500000,-3.808554,330.911701
78.940,341.692264,69.373853,-1.500000,-2.953934,330.596570
78.970,341.006010,62.962072,-1.500000,-2.491716,330.387191
79.008,337.498380,65.758949,-0.616503,0.731120,330.121028
79.038,325.458769,63.903761,1.500000,12.550999,329.915671
79.067,322.504230,64.495750,1.500000,15.281964,329.706724
79.098,324.620519,66.048578,1.500000,12.935627,329.491725
79.136,330.713288,67.982732,1.500000,6.544219,329.212624
79.167,332.059256,62.722220,1.500000,4.959377,328.989377
79.205,350.977081,65.671477,-1.500000,-14.252639,328.714431
79.237,341.132197,63.355796,-1.500000,-4.657227,328.481281
79.266,341.793189,67.265768,-1.500000,-5.552203,328.262603
79.298,348.874789,68.347525,-1.500000,-12.892727,328.020619
79.330,343.615737,71.126952,-1.500000,-7.889984,327.781078
79.357,313.782135,67.388520,1.500000,21.731109,327.582471
79.389,333.455511,68.835561,1.500000,1.792451,327.334544
79.423,325.871811,64.899300,1.500000,9.093197,327.070101
79.464,334.371205,68.829178,1.500000,0.258665,326.756888
79.496,339.947565,70.421922,-1.500000,-5.586241,326.505910
79.534,324.679544,67.528723,1.500000,9.359684,326.204885
79.566,337.365433,67.999026,-1.500000,-3.594920,325.953751
79.602,331.147023,68.458344,0.935631,2.317893,325.668146
79.632,334.266754,69.341515,-0.052378,-1.063001,325.424068
79.659,348.562051,71.543193,-1.500000,-15.588618,325.208816
79.684,332.629173,71.887094,-1.500000,0.123771,325.002752
79.715,326.912040,63.918556,1.500000,5.572467,324.751876
79.747,348.850069,64.705257,-1.500000,-16.647018,324.488833
79.781,331.849514,63.994184,-1.500000,0.047986,324.203270
79.814,326.917279,66.555780,1.500000,4.687569,323.929764
79.847,330.624296,64.625430,1.500000,0.682694,323.651393
79.882,320.560742,64.067350,1.500000,10.435225,323.360717
79.914,330.435687,68.563782,1.500000,0.265706,323.085414
79.945,345.059873,65.177364,-1.500000,-14.643284,322.819242
79.977,339.173794,74.251410,-1.500000,-9.052250,322.543499
80.006,335.604458,68.207200,-1.500000,-5.745807,322.297805
80.041,320.400455,68.578600,1.500000,9.134442,321.995232
80.076,332.319137,74.862156,-1.500000,-3.116377,321.684822
80.108,330.803434,63.050674,-1.500000,-1.901421,321.403750
80.139,314.826539,67.104440,1.500000,13.779715,321.127340
80.175,320.726865,59.363638,1.500000,7.540109,320.810257
80.199,325.425207,75.377648,1.500000,2.613386,320.596817
80.239,334.107622,64.526308,-1.500000,-6.452540,320.238394
80.268,326.727439,72.756589,-1.078662,0.650892,319.979749
80.300,323.948358,69.579913,1.500000,3.111928,319.682510
80.328,327.568931,69.344089,0.871703,-0.779719,319.429170
80.362,331.735167,72.028863,-1.500000,-5.274851,319.121790
80.397,329.869123,69.158559,-1.500000,-3.757441,318.795965
80.430,324.139458,77.726816,0.495635,1.651509,318.496231
80.459,324.314211,64.320001,1.500000,1.180865,318.219697
80.497,320.390649,66.910939,1.500000,4.724756,317.864865
80.528,332.773133,63.613266,-1.500000,-7.967246,317.575595
80.560,323.592353,71.254997,-0.781038,0.897201,317.279958
80.592,325.151967,68.536834,-1.500000,-0.991075,316.972796
80.623,314.385958,63.866903,1.500000,9.457010,316.675671
80.654,307.889826,64.452749,1.500000,15.636437,316.379685
80.688,327.289616,65.626474,-1.500000,-4.107842,316.057733
80.721,307.947836,61.443283,1.500000,14.892410,315.738547
80.758,325.836184,68.481308,-1.500000,-3.378043,315.381440
80.789,318.900463,66.115585,1.500000,3.238463,315.083108
80.817,314.649751,67.745997,1.500000,7.190457,314.803932
80.849,333.180855,70.796151,-1.500000,-11.672376,314.493905
80.889,322.142749,60.732584,-1.500000,-1.058427,314.097497
80.918,322.616748,64.880041,-1.500000,-1.829255,313.820087
80.950,311.948849,69.081364,1.500000,8.499858,313.503465
80.980,320.285923,69.506208,1.500000,-0.159390,313.202367
81.010,325.263421,64.111468,-1.500000,-5.458031,312.902233
81.050,308.475993,64.802409,1.500000,10.900158,312.501075
81.080,329.527370,69.515563,-1.500000,-10.476419,312.197150
81.116,329.149248,68.667946,-1.500000,-10.486380,311.834456
81.150,314.082754,73.181054,1.500000,4.214915,311.493149
81.176,321.454238,64.746716,-1.500000,-3.442316,311.226095
81.218,309.674259,65.366243,1.500000,7.881722,310.799982
81.256,314.830813,70.964302,1.500000,2.309736,310.411729
81.272,321.954000,68.019601,-1.500000,-4.987380,310.249177
81.301,316.111916,61.118440,-1.222481,0.531870,309.947463
81.332,308.593361,69.930136,1.500000,7.708282,309.627704
81.363,307.950037,68.218111,1.500000,8.010891,309.309278
81.397,318.222673,69.014195,-1.500000,-2.632258,308.963005
81.430,307.240631,64.233362,1.500000,7.973614,308.611444
81.466,316.217838,62.751703,0.180184,-1.394460,308.246147
81.508,319.625898,69.479262,-1.500000,-5.274496,307.805049
81.530,327.306694,68.005583,-1.500000,-13.204253,307.572375
81.561,302.225255,66.081324,1.500000,11.530698,307.248555
81.591,307.368283,59.899482,1.500000,6.048096,306.931196
81.624,325.050505,70.508864,-1.500000,-12.002828,306.586614
81.659,311.789238,69.953838,-0.825143,0.860700,306.214895
81.693,308.795653,64.764240,1.500000,3.467693,305.853595
81.729,321.762491,64.739497,-1.500000,-9.912518,305.467264
81.764,303.203634,63.976415,1.500000,8.248008,305.094992
81.795,322.996979,70.562143,-1.500000,-11.906253,304.757688
81.825,306.388216,68.402726,1.500000,4.367020,304.444146
81.851,322.029221,68.130869,-1.500000,-11.576581,304.161346
81.882,303.268313,72.830790,1.500000,6.831877,303.831953
81.912,301.362397,70.054950,1.500000,8.391599,303.508408
81.944,311.043156,72.916634,-0.512747,-1.665672,303.156528
81.980,313.546041,67.869887,-1.500000,-4.584444,302.767847
82.018,312.191144,72.011261,-1.500000,-3.669015,302.357130
82.053,307.191948,69.236697,-0.385877,0.921983,301.975636
82.086,311.323935,58.843062,-1.500000,-3.586732,301.623555
82.112,287.694906,65.317293,1.500000,19.742046,301.342945
82.141,299.990250,66.690565,1.500000,7.109968,301.028240
82.180,307.288163,67.762417,0.709271,-0.654346,300.592352
82.207,302.392550,60.280063,1.500000,3.925739,300.297467
82.235,310.025834,62.349745,-1.500000,-4.035161,299.991283
82.268,310.921584,66.974467,-1.500000,-5.310807,299.636240
82.302,307.713884,69.095669,-1.500000,-2.505613,299.260067
82.340,283.676808,66.421803,1.500000,21.085486,298.843265
82.376,299.132728,73.798358,1.500000,5.210639,298.451744
82.403,303.619618,73.758028,1.500000,0.404097,298.153005
82.435,305.234626,68.252724,-0.427811,-1.595379,297.793688
82.469,306.428993,63.442017,-1.500000,-3.189215,297.420353
82.501,306.507895,62.768573,-1.500000,-3.650289,297.063183
82.534,304.938878,68.413591,-1.500000,-2.467844,296.701901
82.565,299.187256,72.322081,1.500000,2.915977,296.358162
82.596,293.732486,64.917587,1.500000,8.004846,296.016198
82.632,299.408254,71.025112,1.500000,1.904527,295.619421
82.668,298.483063,68.574696,1.500000,2.404255,295.221793
82.703,306.237216,67.243016,-1.500000,-5.774719,294.824763
82.730,306.664112,71.042155,-1.500000,-6.511727,294.534939
82.757,301.598824,64.565337,-1.500000,-1.777120,294.225891
82.789,304.785873,72.127364,-1.500000,-5.346242,293.868815
82.824,293.987647,69.407780,1.500000,5.047008,293.490332
82.853,287.318994,73.287342,1.500000,11.366689,293.164190
82.883,289.426537,65.839561,1.500000,8.898224,292.826879
82.916,307.074274,69.701176,-1.500000,-9.136693,292.465029
82.950,295.007246,68.545535,1.183406,2.522948,292.084293
82.988,300.198387,66.409138,-1.500000,-3.121876,291.660291
83.024,288.608126,61.185258,1.500000,8.041631,291.261456
83.052,301.095337,66.927824,-1.500000,-4.776407,290.952271
83.088,295.758919,66.243520,-1.500000,0.130220,290.550597
83.115,283.869206,71.196398,1.500000,11.695453,290.247344
83.149,294.502353,63.807367,1.500000,0.660952,289.872247
83.180,299.561972,65.990559,-1.500000,-4.776013,289.519588
83.208,285.654489,63.697070,1.500000,8.801466,289.211173
83.240,294.930573,72.341222,0.832158,-0.854895,288.855774
83.281,308.616220,66.931740,-1.500000,-15.020940,288.406804
83.314,295.549693,63.330207,-1.500000,-2.349625,288.037447
83.345,293.854516,69.672701,-1.500000,-1.025263,287.690891
83.379,282.976797,68.149982,1.500000,9.453908,287.318416
83.406,284.015127,60.544791,1.500000,8.087445,287.011750
83.442,293.976824,68.390941,-1.280996,-2.301464,286.612486
83.478,282.479214,64.541139,1.500000,8.775093,286.218979
83.504,295.327183,71.055522,-1.500000,-4.384447,285.927790
83.535,297.108270,63.905239,-1.500000,-6.532111,285.585195
83.570,280.687412,68.444581,1.500000,9.478429,285.201720
83.610,294.026943,66.652050,-1.500000,-4.327700,284.765648
83.639,283.103265,65.526332,1.500000,6.251541,284.443744
83.673,285.925919,62.541427,1.500000,3.024519,284.065830
83.702,290.920070,66.586673,-1.284647,-2.304485,283.752883
83.735,289.342406,68.475177,-1.500000,-1.118418,283.386904
83.768,275.038808,66.286110,1.500000,12.806066,283.032593
83.799,280.550146,60.415777,1.500000,6.926393,282.688354
83.837,286.228603,68.354864,1.500000,0.802879,282.272413
83.864,292.810577,69.012321,-1.500000,-6.088434,281.983311
83.895,292.751019,69.111924,-1.500000,-6.393450,281.642588
83.932,288.728563,65.567427,-1.500000,-2.800260,281.241405
83.966,275.816071,65.247279,1.500000,9.715871,280.870974
83.995,279.274890,68.261183,1.500000,5.928749,280.564149
84.028,284.302435,62.293431,1.500000,0.511768,280.200190
84.061,299.450628,68.834465,-1.500000,-15.014113,279.847210
84.098,288.836220,60.717179,-1.500000,-4.820936,279.453536
84.134,281.321460,69.003979,1.249273,2.275210,279.062309
84.166,288.816951,68.845506,-1.500000,-5.581758,278.724480
84.196,277.146094,65.805696,1.500000,5.744850,278.402751
84.229,288.151012,66.744639,-1.500000,-5.641800,278.045993
84.258,279.918896,65.464636,0.867605,2.261596,277.738777
84.292,282.990258,73.524407,-0.288134,-1.194958,277.378785
84.322,284.063711,61.717342,-1.500000,-2.608385,277.061052
84.352,278.947394,67.594807,0.973309,2.168921,276.744220
84.380,279.316666,74.896755,1.500000,1.486962,276.451989
84.416,286.789904,77.037809,-1.500000,-6.394001,276.070937
84.447,282.010428,67.419347,-1.500000,-1.962257,275.745954
84.477,274.665795,65.890925,1.500000,5.047885,275.433345
84.510,277.251396,68.342372,1.500000,2.098780,275.093623
84.549,289.274336,66.919738,-1.500000,-10.366045,274.680646
84.584,271.488885,68.965900,1.500000,7.033300,274.319799
84.617,273.260889,70.366104,1.500000,4.901850,273.983869
84.651,281.950686,60.412121,-1.500000,-4.166810,273.629791
84.700,281.254121,69.589744,-1.500000,-3.997059,273.137441
84.715,280.555112,64.700098,-1.500000,-3.465952,272.980523
84.746,271.984934,64.364634,1.500000,4.769214,272.667427
84.776,279.309912,67.057567,-1.500000,-2.883345,272.361278
84.810,269.317252,71.687054,1.500000,6.746113,272.021836
84.839,262.233626,74.767036,1.500000,13.510779,271.723743
84.871,272.549438,61.839021,1.500000,2.848721,271.400148
84.909,273.877727,75.076580,1.500000,1.118065,271.024104
84.944,280.435065,77.170376,-1.500000,-5.805678,270.681670
84.974,285.606639,89.080113,-1.500000,-11.299844,270.380183
85.007,277.885174,100.645927,-1.500000,-3.924390,270.056808
85.039,265.383334,110.463271,1.500000,8.240051,269.741481
85.073,252.055457,112.976121,1.500000,21.211128,269.408023
85.103,243.612836,114.540396,1.500000,29.336312,269.111354
85.132,232.414559,113.034756,1.500000,40.236354,268.832629
85.165,222.728862,125.099424,1.500000,49.587224,268.519707
85.202,220.182103,129.250799,1.500000,51.749260,268.160152
85.250,212.544349,131.036897,1.500000,58.895289,267.700596
85.279,205.971654,128.519187,1.500000,65.175717,267.427450
85.307,188.342188,143.596192,1.500000,82.519376,267.160341
85.344,191.607836,146.981691,1.500000,78.883512,266.814344
85.379,174.318845,142.011033,1.500000,95.819214,266.484167
85.405,174.383626,138.534108,1.500000,95.495931,266.242576
85.438,168.159859,147.648922,1.500000,101.391028,265.935408
85.469,162.364345,144.481363,1.500000,106.881866,265.650664
85.501,159.901286,144.141198,1.500000,109.033101,265.359240
85.537,166.736514,140.680937,1.500000,101.848431,265.032659
85.568,153.902268,139.917280,1.500000,114.386041,264.755429
85.605,166.554931,136.587678,1.500000,101.377462,264.422797
85.635,162.160370,142.399243,1.500000,105.479827,264.149716
85.666,162.594995,141.057184,1.500000,104.754761,263.878277
85.707,172.799487,134.175013,1.500000,94.163628,263.516930
85.732,181.155010,126.506374,1.500000,85.565852,263.290526
85.762,180.358444,118.116890,1.500000,86.085773,263.031979
85.792,188.880291,118.113637,1.500000,77.284627,262.770952
85.824,202.619856,116.205714,1.500000,63.253905,262.498842
85.861,206.210196,109.738729,1.500000,59.323290,262.180828
85.892,210.233973,104.909046,1.500000,55.016866,261.916673
85.924,213.193996,89.287724,1.500000,51.768155,261.646870
85.962,221.065631,70.903045,1.500000,43.557082,261.329638
86.005,226.767192,77.863634,1.500000,37.469031,260.968432
86.440,240.819538,98.329438,1.500000,19.774153,257.564198
86.470,243.060586,82.208708,1.500000,17.293473,257.340242
86.498,245.281137,62.268370,1.500000,14.856371,257.137858
86.528,258.659144,78.054644,1.500000,1.248316,256.922860
86.554,262.567907,87.748193,-1.500000,-2.857763,256.738452
86.580,275.585745,70.716932,-1.500000,-16.077835,256.549449
86.607,282.198328,70.095640,-1.500000,-22.895027,256.358225
86.642,292.833811,69.700115,-1.500000,-33.790702,256.115056
86.673,295.223468,69.696230,-1.500000,-36.408753,255.901603
86.704,309.586697,66.685506,-1.500000,-51.003888,255.684868
86.736,310.888532,62.820661,-1.500000,-52.533372,255.472112
86.770,315.592269,70.738537,-1.500000,-57.480028,255.245084
86.799,320.666748,73.820062,-1.500000,-62.762600,255.050606
86.832,315.699497,65.115446,-1.500000,-58.028731,254.832492
86.866,326.957135,60.730693,-1.500000,-69.517381,254.616592
86.949,330.498290,71.447459,-1.500000,-73.623426,254.088658
86.984,337.543657,61.768401,-1.500000,-80.899663,253.872892
87.009,329.937629,67.009549,-1.500000,-73.462840,253.714756
87.044,338.086027,66.568502,-1.500000,-81.837257,253.503523
87.076,345.735564,67.932827,-1.500000,-89.688463,253.315048
87.103,340.498680,71.539275,-1.500000,-84.620759,253.156936
87.136,346.716309,67.811951,-1.500000,-91.045818,252.963075
87.173,351.833398,72.271962,-1.500000,-96.393333,252.747724
87.205,343.014342,73.386513,-1.500000,-87.768393,252.566307
87.242,338.681221,62.264441,-1.500000,-83.655393,252.360587
87.276,332.142499,66.041311,-1.500000,-77.311578,252.178431
87.301,320.263609,73.899231,-1.500000,-65.581906,252.038974
87.338,304.749504,67.875487,-1.500000,-50.277501,251.842994
87.366,316.925575,69.721471,-1.500000,-62.611604,251.695300
87.402,312.675249,65.776112,-1.500000,-58.557083,251.512305
87.433,295.411201,70.698587,-1.500000,-41.463135,251.353333
87.460,275.590248,65.847718,-1.500000,-21.788159,251.216906
87.496,262.160068,70.688821,-1.500000,-8.544461,251.042623
87.537,243.949009,70.947703,1.500000,9.454623,250.844516
87.567,249.388617,65.937330,1.500000,3.863302,250.702728
87.604,245.971453,72.516063,1.500000,7.094162,250.528613
87.630,246.147057,69.068409,1.500000,6.790803,250.409215
87.662,248.641415,68.984848,1.500000,4.143615,250.266383
87.696,250.155446,68.431729,1.500000,2.471640,250.118771
87.720,256.913139,64.165763,-1.500000,-4.397952,250.014193
87.758,245.912162,71.830118,1.500000,6.433886,249.856119
87.789,256.488979,58.837159,-1.500000,-4.282564,249.725621
87.824,249.310930,68.738890,1.451946,2.745188,249.585157
87.861,253.233609,66.157213,0.199023,-1.334259,249.438645
87.899,247.420605,67.992546,1.500000,4.321374,249.291569
87.938,251.284112,70.683084,1.500000,0.302243,249.146126
87.965,253.180813,65.812144,-0.552524,-1.698590,249.048806
87.997,247.299602,69.207605,1.500000,4.061118,248.935252
88.024,250.722876,66.657513,1.500000,0.538533,248.842439
88.055,260.589613,67.419419,-1.500000,-9.440630,248.737368
88.089,253.725625,65.455724,-1.500000,-2.695896,248.625915
88.127,251.870532,66.652291,-1.500000,-0.973157,248.502220
88.162,249.867947,63.131302,-0.396339,0.913325,248.393712
88.200,247.966011,64.451489,1.500000,2.693703,248.280107
88.229,247.273958,73.269331,1.500000,3.297209,248.197352
88.254,257.783202,70.527459,-1.500000,-7.287007,248.127285
88.289,252.596974,69.515926,-1.500000,-2.204134,248.030691
88.318,244.284968,64.087736,1.500000,6.026444,247.954591
88.349,243.714740,70.427539,1.500000,6.513857,247.877193
88.382,248.727635,68.022932,1.500000,1.413048,247.795031
88.411,251.330102,64.133540,-0.026210,-1.263020,247.726245
88.444,251.101829,69.420062,-1.500000,-1.114157,247.652030
88.481,250.656515,69.432099,-1.500000,-0.755255,247.571271
88.512,248.060201,65.637260,0.643702,1.774048,247.508644
88.548,247.724727,62.960267,1.500000,2.032893,247.437028
88.580,240.775448,68.082034,1.500000,8.919376,247.378340
88.611,248.296754,67.418045,1.500000,1.338643,247.322801
88.642,243.509431,70.148362,1.500000,6.070404,247.270873
88.675,251.264311,67.294517,-0.601836,-1.739400,247.219543
88.705,255.569634,63.906165,-1.500000,-6.093502,247.173955
88.739,257.532856,72.583173,-1.500000,-8.106053,247.127853
88.778,255.389464,66.939126,-1.500000,-6.016660,247.077387
88.808,242.076119,64.280357,1.500000,7.259924,247.043031
88.839,250.156876,64.730804,0.829156,-0.857380,247.008875
88.871,256.866430,73.646577,-1.500000,-7.600259,246.977730
88.902,255.082596,66.079848,-1.500000,-5.845398,246.950652
88.939,249.429677,65.144443,-1.500000,-0.223290,246.921857
88.968,251.243235,64.384654,-1.500000,-2.058397,246.901718
88.996,239.017288,67.321869,1.500000,10.149758,246.885090
89.033,236.990534,65.409994,1.500000,12.157382,246.867211
89.064,241.755819,70.017508,1.500000,7.379303,246.855254
89.096,249.242120,63.425856,1.358820,-0.116788,246.846105
89.128,250.225888,68.988718,0.003961,-1.106989,246.840093
89.158,245.109931,62.789429,1.500000,4.005982,246.837302
89.195,255.307052,62.390934,-1.500000,-6.190611,246.837795
89.230,253.579750,63.679203,-1.500000,-4.458637,246.842161
89.256,253.822850,67.447152,-1.500000,-4.695439,246.848048
89.294,245.248530,67.173861,1.500000,3.891933,246.860246
89.351,254.813866,66.469890,-1.500000,-5.644739,246.887034
89.368,244.183139,67.497315,1.500000,4.997025,246.897349
89.397,251.057839,68.407398,-0.379088,-1.857306,246.916386
89.428,247.825107,66.909903,1.084592,1.400589,246.939902
89.458,252.244318,67.591005,-1.500000,-2.991626,246.965133
89.495,244.552830,69.785357,1.500000,4.738315,247.001070
89.520,243.434412,64.800126,1.500000,5.884419,247.026945
89.556,252.107104,64.027193,-1.500000,-2.744282,247.068058
89.587,256.506394,69.632395,-1.500000,-7.101222,247.107637
89.628,239.454536,70.477522,1.500000,10.010195,247.163300
89.657,248.697467,69.736748,1.500000,0.814688,247.207621
89.689,246.174653,65.769567,1.500000,3.391632,247.258210
89.720,246.602902,73.143050,1.500000,3.018248,247.309486
89.755,255.133737,61.177269,-1.500000,-5.445137,247.372523
89.787,251.573376,69.132908,-1.500000,-1.820456,247.432635
89.816,254.658618,61.816735,-1.500000,-4.844599,247.489737
89.843,258.790434,68.479228,-1.500000,-8.914742,247.547376
89.885,250.068004,69.630798,-1.500000,-0.094527,247.638764
89.918,247.268829,71.536677,1.500000,2.787270,247.715981
89.947,251.246487,64.306501,0.517843,-1.115018,247.786419
89.987,253.292087,70.056695,-1.500000,-3.052951,247.887042
90.015,245.311390,65.689743,1.500000,5.005910,247.960093
90.044,251.060086,65.107697,1.068270,-0.659492,248.037938
90.080,252.815004,69.632627,-1.500000,-2.305844,248.139402
90.111,255.960685,68.689905,-1.500000,-5.353022,248.231460
90.141,247.167127,67.270622,1.500000,3.538991,248.323475
90.178,247.558233,62.117599,1.500000,3.269953,248.437557
90.212,249.225682,76.650361,1.500000,1.720545,248.547876
90.244,255.667586,69.898315,-1.500000,-4.605959,248.655726
90.280,243.220078,65.392285,1.500000,7.975419,248.780838
90.318,248.829652,63.054082,1.500000,2.511502,248.916967
90.336,255.069772,70.867772,-1.500000,-3.657103,248.983803
90.466,263.026717,62.609401,-1.500000,-11.067793,249.494321
90.502,252.726760,70.208796,-1.500000,-0.609145,249.642631
90.533,250.534413,61.561509,0.582802,1.723648,249.773889
90.561,249.891892,69.372764,1.500000,2.498849,249.897888
90.588,250.682449,67.797758,1.500000,1.836155,250.017387
90.618,254.694111,69.890858,-0.946896,-2.024967,250.158078
90.645,255.591564,71.394310,-1.500000,-2.789264,250.282523
90.678,254.182217,70.021721,-1.500000,-1.214590,250.437034
90.707,252.116010,65.805872,-0.287505,1.003393,250.578882
90.739,247.219267,67.266921,1.500000,6.070852,250.738429
90.771,245.142628,66.204705,1.500000,8.320233,250.899870
90.812,256.469368,63.472135,-1.500000,-2.784881,251.106997
90.844,250.828003,66.303149,1.500000,3.038774,251.277362
90.877,250.999393,66.274827,1.500000,3.058395,251.455877
90.910,258.785758,71.236237,-1.500000,-4.532886,251.638199
90.973,253.683104,69.240672,-0.721470,0.946499,251.990283
90.998,252.171536,63.675020,1.500000,2.615870,252.137762
91.027,255.773131,70.447031,0.798679,-0.804166,252.307444
91.055,252.319251,62.513220,1.500000,2.827776,252.473857
91.091,259.975264,67.207341,-1.500000,-4.599059,252.688042
91.112,259.768963,69.780218,-1.500000,-4.255018,252.816771
91.147,258.270285,62.757108,-1.500000,-2.524998,253.032978
91.179,258.985819,70.044507,-1.500000,-3.020817,253.238320
91.211,253.596463,66.518666,1.500000,2.589073,253.444426
91.250,251.725787,70.907213,1.500000,4.729989,253.696987
91.297,263.500845,60.216062,-1.500000,-6.706810,254.013117
91.324,252.325168,66.902172,1.500000,4.666715,254.198021
91.352,253.431850,66.136204,1.500000,3.765951,254.390468
91.380,255.218830,64.860739,1.500000,2.183572,254.581684
91.412,260.758733,69.778458,-1.500000,-3.115562,254.806702
91.439,261.095172,70.835642,-1.500000,-3.248012,254.997345
91.468,256.335427,62.626305,0.598698,1.736803,255.207692
91.497,268.234313,67.087926,-1.500000,-9.929892,255.424692
91.534,262.432745,65.328387,-1.500000,-3.840945,255.693271
91.615,248.996520,66.247375,1.500000,10.258222,256.312843
91.649,255.048908,64.672414,1.500000,4.481816,256.570771
91.676,261.592826,67.529316,-0.716095,-1.833959,256.783987
91.706,261.089616,77.066375,-1.500000,-1.077317,257.020840
91.736,260.275728,72.282211,-1.500000,0.000799,257.267782
91.766,252.118170,64.247348,1.500000,8.415422,257.508030
91.796,257.216661,62.695191,1.500000,3.578016,257.752034
91.831,258.553505,69.092605,1.500000,2.554749,258.045097
91.879,267.036029,72.019843,-1.500000,-5.497980,258.446775
92.010,258.175925,64.276707,1.500000,4.580564,259.585503
92.039,266.226494,72.090098,-1.500000,-3.191490,259.845798
92.070,259.429180,65.556493,1.500000,3.905141,260.125534
92.102,264.479142,65.834757,0.863854,-0.828664,260.421007
92.131,267.838896,69.556040,-1.500000,-3.904733,260.686134
92.160,263.164220,66.470934,-0.514369,1.053801,260.951422
92.191,263.165314,64.391233,1.259877,1.368989,261.247013
92.223,269.531743,68.169624,-1.500000,-4.678901,261.544712
92.254,269.609407,68.402318,-1.500000,-4.441257,261.839392
92.288,262.195418,65.915668,1.500000,3.321772,262.165598
92.320,266.437572,64.772397,1.154252,-0.588335,262.475922
92.355,267.778569,68.204377,-0.779027,-1.565070,262.816354
92.387,272.726869,68.694991,-1.500000,-6.167687,263.139423
92.420,264.849813,63.899126,0.897720,2.056907,263.464224
92.451,263.729374,69.690907,1.500000,3.515823,263.780558
92.483,274.324298,65.102127,-1.500000,-6.728124,264.108574
92.514,262.602475,67.567006,1.500000,5.333313,264.425970
92.545,270.926386,67.734017,-1.331585,-2.645579,264.748417
92.584,265.802641,66.463719,1.500000,2.906289,265.148532
92.618,273.397894,63.558755,-1.500000,-4.306997,265.505511
92.650,269.144470,69.686741,-1.489973,0.310497,265.845763
92.680,269.745102,66.525138,-1.418005,0.058600,266.171683
92.748,263.752945,71.811326,1.500000,6.831486,266.901337
92.779,262.927111,70.158012,1.500000,8.022422,267.242555
92.864,273.318130,66.545234,-0.137342,-1.354991,268.189850
92.892,271.854529,58.407328,0.198419,0.442783,268.502161
92.922,267.971123,72.053908,1.500000,4.690545,268.842680
92.950,273.595524,70.279281,0.948852,-0.587206,269.166652
92.974,274.677452,68.922061,-0.781389,-1.376345,269.440287
93.000,273.280202,69.874002,-0.577905,0.342671,269.741003
93.029,279.352804,63.496516,-1.500000,-5.380375,270.067691
93.058,281.029543,67.609429,-1.500000,-6.688220,270.412452
93.096,271.571413,71.353026,1.500000,3.249272,270.860454
93.119,266.574162,67.310900,1.500000,8.535411,271.130442
93.157,281.839997,69.567271,-1.500000,-6.249717,271.579700
93.190,287.848110,64.480860,-1.500000,-11.839450,271.970710
93.224,276.037850,64.139595,-0.999655,0.414029,272.384933
93.257,267.369775,68.049800,1.500000,9.516509,272.790919
93.286,275.930119,71.983272,1.500000,1.332385,273.142528
93.315,280.371713,62.199811,-1.500000,-2.733629,273.493537
93.346,271.262888,63.758908,1.500000,6.788414,273.879722
93.378,277.316104,67.192366,1.500000,1.163799,274.280283
93.418,285.987597,74.754060,-1.500000,-6.975324,274.777826
93.445,277.952862,67.933743,-0.149315,1.420007,275.114830
93.485,289.096209,67.017334,-1.500000,-9.182401,275.620381
93.519,282.471277,68.117467,-1.500000,-2.091981,276.055417
93.551,270.066884,59.348631,1.500000,10.750281,276.464640
93.583,275.180126,65.607126,1.500000,6.082381,276.880848
93.610,278.957103,69.181247,1.500000,2.668006,277.219728
93.639,293.473384,65.159521,-1.500000,-11.445450,277.596200
93.671,283.890711,64.833049,-1.500000,-1.404335,278.024651
93.704,283.991736,69.509406,-1.500000,-1.045583,278.454348
93.740,276.903427,65.576254,1.500000,6.555939,278.933987
93.776,275.029866,69.976908,1.500000,8.933484,279.405000
93.810,287.555253,70.383556,-1.500000,-3.096313,279.868168
93.838,284.621119,66.906447,-1.500000,0.237620,280.241812
93.869,277.111891,59.269153,1.500000,8.192991,280.658768
93.901,280.683276,69.454461,1.500000,5.087577,281.094255
93.937,287.381437,75.585313,0.174400,-1.096998,281.574242
93.964,285.059776,70.620094,1.500000,1.619476,281.943226
93.997,293.283292,68.745196,-1.500000,-6.117181,282.398235
94.139,282.480815,69.986470,1.500000,6.804035,284.378364
94.163,292.093892,70.351569,-1.103728,-2.457008,284.707368
94.202,291.265320,72.039128,-1.500000,-1.042723,285.254763
94.229,288.117264,62.950038,1.492967,2.516812,285.639324
94.255,290.807708,62.506036,1.500000,0.229158,286.015763
94.288,302.067631,66.062342,-1.500000,-10.535744,286.478399
94.320,297.558640,67.219933,-1.500000,-5.533708,286.939189
94.358,294.860674,66.773192,-1.500000,-2.253171,287.483648
94.389,286.916105,70.216720,1.500000,6.174772,287.935399
94.421,286.281148,70.096535,1.500000,7.303128,288.396520
94.455,292.982754,68.599172,1.500000,1.131606,288.891925
94.489,305.540958,67.417291,-1.500000,-10.896780,289.387082
94.519,299.469176,57.722476,-1.500000,-4.359269,289.822344
94.553,292.911490,68.222544,1.500000,2.734180,290.323056
94.580,302.098009,66.333710,-1.500000,-6.018005,290.728976
94.610,302.488929,64.332473,-1.500000,-5.946166,291.161460
94.645,288.798144,68.860695,1.500000,8.301146,291.681580
94.744,310.490994,70.986857,-1.500000,-11.797667,293.171334
94.768,297.229802,71.919348,0.364372,1.845127,293.527971
94.801,291.184218,64.849475,1.500000,8.422047,294.024547
94.832,309.830021,69.572510,-1.500000,-9.719597,294.495724
94.871,307.317604,65.645572,-1.500000,-6.574089,295.087398
94.898,289.838877,61.960539,1.500000,11.330914,295.485785
94.927,303.931707,68.097362,-0.892221,-2.281967,295.934336
94.955,288.668739,66.566025,1.500000,13.439434,296.362779
94.989,285.152458,67.107185,1.500000,17.508116,296.879041
95.016,286.381195,63.996441,1.500000,16.733292,297.303259
95.049,304.035558,64.246454,1.027716,-0.390805,297.798835
95.079,308.502943,67.117066,-1.500000,-4.354806,298.269287
95.114,301.205599,69.042744,1.500000,3.512321,298.801794
95.152,318.466747,71.756269,-1.500000,-13.109968,299.398859
95.185,311.008648,68.443904,-1.500000,-5.104102,299.910790
95.215,296.862688,71.170376,1.500000,9.540691,300.376990
95.246,308.428828,66.065480,0.038710,-1.511542,300.857276
95.279,320.483098,64.923760,-1.500000,-13.010945,301.375844
95.332,313.960125,74.566907,-1.500000,-5.593507,302.211793
95.354,311.057251,68.780906,-1.500000,-2.331240,302.547673
95.382,299.080221,66.604872,1.500000,10.129216,302.999474
95.416,307.802919,67.498558,1.500000,1.974414,303.530218
95.440,313.984197,69.035537,-1.500000,-3.798448,303.911915
95.480,310.152943,66.364639,-1.011853,0.706182,304.541238
95.509,306.687149,64.454156,1.500000,4.671014,305.007629
95.539,298.447915,70.618017,1.500000,13.413032,305.477521
95.572,310.420574,72.411275,1.500000,2.006698,306.006796
95.602,322.146772,64.579168,-1.500000,-9.208580,306.484292
95.635,315.216477,66.644313,-1.500000,-1.721027,307.005093
95.668,307.406927,70.425994,1.500000,6.653566,307.533171
95.701,313.163806,70.777021,1.500000,1.467472,308.066615
95.739,318.311687,68.430587,-1.500000,-3.032092,308.672519
95.768,316.596914,64.927300,-1.500000,-0.829836,309.128110
95.801,315.283534,70.335944,-0.232502,1.048913,309.656493
95.828,313.410223,69.345360,1.500000,3.401611,310.104519
95.860,314.032126,68.721312,1.500000,3.315210,310.604987
95.966,330.426423,66.851582,-1.500000,-11.234156,312.329222
96.002,317.862403,70.409709,0.477466,1.938722,312.898247
96.032,321.081625,67.501566,-0.185463,-0.747809,313.396089
96.061,318.158534,68.188750,1.500000,2.673308,313.861535
96.092,332.169800,75.939684,-1.500000,-10.806221,314.358485
96.124,324.994773,70.893995,-1.500000,-3.070976,314.882053
96.153,327.722206,72.127347,-1.500000,-5.294655,315.352851
96.184,320.619132,66.188658,1.324341,2.337336,315.847166
96.215,321.832333,76.496200,1.500000,1.667335,316.354830
96.247,326.874030,60.939818,-1.500000,-2.806788,316.885273
96.291,319.466082,70.600693,1.500000,5.356562,317.591256
96.315,319.576543,71.370951,1.500000,5.670863,317.988230
96.356,335.722486,72.127367,-1.500000,-9.766651,318.650312
96.387,342.092036,66.039938,-1.500000,-15.591113,319.159741
96.426,324.582354,65.126516,1.500000,2.586037,319.783542
96.450,323.277950,68.706258,1.500000,4.318694,320.183780
96.479,351.801886,69.822960,-1.500000,-23.698346,320.657513
96.509,336.228812,70.030466,-1.500000,-7.616326,321.133164
96.539,336.276760,65.310893,-1.500000,-7.135139,321.627683
96.576,337.764511,66.786088,-1.500000,-7.974653,322.233512
96.607,311.751166,58.804204,1.500000,18.582745,322.741973
96.640,308.216004,68.582129,1.500000,22.688327,323.275076
96.678,325.572080,66.774987,1.500000,5.995504,323.894938
96.708,328.099858,66.864351,1.500000,3.995095,324.387806
96.747,336.924494,66.871278,-1.500000,-4.154008,325.019145
96.786,340.931181,68.734687,-1.500000,-7.488452,325.647410
96.814,326.452448,68.051447,1.500000,7.471920,326.097540
96.843,327.712002,71.154541,1.500000,6.731054,326.582296
96.872,338.404089,67.067894,-1.500000,-3.458031,327.052391
96.904,344.967585,75.305556,-1.500000,-9.465530,327.572014
96.934,343.948494,68.890179,-1.500000,-7.932011,328.052788
96.958,327.974503,66.789553,1.500000,8.452067,328.436047
96.991,330.925356,69.136392,1.500000,6.084435,328.981113
97.019,348.315257,67.006109,-1.500000,-10.831832,329.423762
97.054,343.380001,69.022477,-1.500000,-5.285476,329.994883
97.085,325.845547,69.072806,1.500000,12.782691,330.493681
97.115,325.726858,67.052256,1.500000,13.425704,330.983702
97.148,331.745749,60.990615,1.500000,7.978139,331.517653
97.184,331.297995,68.747512,1.500000,9.046987,332.098114
97.218,345.685810,72.218881,-1.500000,-4.760547,332.640433
97.251,340.597739,67.763913,-0.789163,0.890478,333.166558
97.288,328.217291,64.871647,1.500000,13.903050,333.757328
97.319,359.885472,70.442007,-1.500000,-17.231087,334.256435
97.352,357.022468,68.053054,-1.500000,-13.791511,334.795287
97.386,340.961442,71.327542,1.500000,2.838679,335.327216
97.412,335.620121,71.138452,1.500000,8.622233,335.740518
97.443,355.410689,66.251640,-1.500000,-10.630705,336.242976
97.476,360.702427,67.169016,-1.500000,-15.353668,336.774541
97.510,353.064989,63.153605,-1.500000,-7.154202,337.299801
97.548,341.893811,73.194933,1.500000,4.671309,337.911326
97.585,344.096205,62.881549,1.500000,3.098735,338.499944
97.613,360.349014,63.959601,-1.500000,-12.685443,338.937917
97.646,347.745405,63.088108,-1.281819,0.482762,339.465577
97.679,337.963898,69.830760,1.500000,10.820329,339.985259
97.706,342.546481,70.323870,1.500000,6.687583,340.405667
97.741,350.051228,69.710717,1.210253,-0.239740,340.945315
97.773,347.958300,75.407067,1.500000,2.397849,341.454345
97.805,367.985100,68.893010,-1.500000,-17.098632,341.949971
97.843,363.406119,66.338598,-1.500000,-11.892865,342.535752
97.881,358.840352,72.993071,-1.500000,-6.686834,343.134129
97.911,369.129341,70.049563,-1.500000,-16.476834,343.600474
97.948,351.094450,68.706680,1.120302,2.168475,344.170958
97.981,367.017816,72.008107,-1.500000,-13.212032,344.678302
98.006,363.753022,64.784264,-1.500000,-9.542174,345.056868
98.044,334.638949,70.263990,1.500000,20.195323,345.639506
98.070,352.347670,67.716765,1.500000,2.909351,346.034599
98.100,354.684321,74.573045,1.500000,1.064153,346.493901
98.134,357.939238,64.884172,-0.462729,-1.624277,347.023328
98.173,359.459786,68.144819,-1.500000,-2.514127,347.612766
98.208,351.232479,70.641988,1.500000,6.271918,348.134951
98.240,349.316011,71.631505,1.500000,8.712779,348.625038
98.273,364.708390,75.183063,-1.500000,-6.160268,349.110394
98.308,353.504559,65.753064,1.500000,5.606722,349.636711
98.336,367.354685,69.667850,-1.500000,-7.789717,350.060717
98.371,371.696561,64.118320,-1.500000,-11.574185,350.581660
98.397,347.666017,66.827494,1.500000,12.859043,350.958000
98.428,368.758998,66.478987,-1.500000,-7.738099,351.421401
98.459,365.800196,65.215424,-1.500000,-4.284901,351.883453
98.495,356.524697,65.326314,1.500000,5.552971,352.409036
98.532,365.292226,68.705810,-1.312907,-2.630122,352.955238
98.565,344.305767,65.694854,1.500000,18.867500,353.432959
98.600,359.611354,62.153293,1.500000,4.105197,353.940702
98.629,348.623061,65.704327,1.500000,15.544348,354.362064
98.668,369.699729,65.908962,-1.500000,-4.944660,354.911279
98.695,393.526753,70.516429,-1.500000,-28.348669,355.306620
98.730,376.917507,62.335942,-1.500000,-11.204448,355.806597
98.753,340.383383,65.979509,1.500000,25.678476,356.132578
98.783,382.226435,69.177761,-1.500000,-15.709946,356.557467
98.817,355.926244,67.974679,1.500000,11.108636,357.041944
98.855,350.057042,65.767515,1.500000,17.545667,357.572625
98.899,380.356179,63.268719,-1.500000,-12.094429,358.188551
98.929,356.636241,65.115806,1.500000,12.061634,358.596145
98.975,359.905157,66.977806,1.500000,9.486266,359.244321
99.003,370.894744,68.035539,0.176474,-1.095281,359.625666
99.029,377.327463,64.695163,-1.500000,-7.151809,359.977247
99.056,366.075217,61.012920,1.500000,4.495647,360.346602
99.084,370.123280,65.157403,1.500000,0.855716,360.728034
99.227,380.590892,69.887437,-1.500000,-7.559185,362.646455
99.257,375.245225,69.922735,-1.500000,-1.799196,363.033672
99.291,362.996334,64.880245,1.500000,10.928475,363.481131
99.315,372.505662,71.708649,1.500000,1.755539,363.795516
99.339,391.169589,69.067713,-1.500000,-16.567780,364.113840
99.364,370.508698,71.005721,1.500000,4.435646,364.433966
99.392,409.664891,75.806240,-1.500000,-34.337979,364.791506
99.420,390.717344,74.906399,-1.500000,-15.005200,365.151537
99.452,397.577396,61.758772,-1.500000,-21.416839,365.570614
99.483,400.542005,65.900412,-1.500000,-23.963117,365.961578
99.516,398.470097,65.688357,-1.500000,-21.442837,366.380616
99.543,375.625628,72.914125,0.623988,1.757733,366.713421
99.581,390.802842,71.267096,-1.500000,-12.910936,367.188697
99.614,375.767629,65.406292,1.342628,2.566461,367.601953
99.644,388.401509,67.571882,-1.500000,-9.680114,367.963921
99.674,371.997841,64.558847,1.500000,7.123015,368.337248
99.708,378.248822,65.823346,1.500000,1.304790,368.741693
99.743,379.006304,67.520927,1.500000,1.004504,369.168980
99.779,395.772989,68.440681,-1.500000,-15.308951,369.592560
99.816,382.312851,72.553674,-1.500000,-1.378939,370.031693
99.844,376.423812,65.115505,1.500000,4.865826,370.364148
99.872,380.576899,65.582018,1.500000,1.068887,370.696996
99.897,375.295619,69.367202,1.500000,6.660325,370.986864
99.928,376.987464,68.373636,1.500000,5.356895,371.349868
99.963,379.184397,69.960586,1.500000,3.584130,371.746287
99.994,388.647707,64.775700,-1.500000,-5.507044,372.094078
100.025,388.582558,65.537607,-1.500000,-5.065629,372.445728
100.058,384.193383,74.353088,-1.500000,-0.271967,372.823753
100.092,391.379535,69.477222,-1.500000,-7.055034,373.200469
100.125,387.585249,65.467059,-1.500000,-2.870827,373.564881
100.158,398.444087,65.792220,-1.500000,-13.349074,373.920573
100.189,358.028552,66.996638,1.500000,27.426056,374.256643
100.219,380.580168,69.670384,1.500000,5.216469,374.576297
100.251,379.853717,66.222192,1.500000,6.319082,374.927850
100.292,360.055117,65.090831,1.500000,26.571518,375.351995
100.319,396.278257,68.131231,-1.500000,-9.346841,375.636837
100.352,372.879744,65.707220,1.500000,14.416491,375.977790
100.383,387.626178,67.510398,1.500000,0.016112,376.301206
100.413,360.369691,60.333834,1.500000,27.598398,376.605691
100.444,384.810266,68.878999,1.500000,3.497144,376.922813
100.486,392.314429,68.947263,-1.500000,-3.565159,377.335766
100.513,405.162254,71.322969,-1.500000,-16.130504,377.599766
100.550,417.755406,63.081151,-1.500000,-28.332100,377.965707
100.585,413.328727,66.709129,-1.500000,-23.543717,378.303748
100.613,383.599350,68.752826,1.500000,6.476149,378.575232
100.643,394.709517,71.663939,-1.500000,-4.331184,378.858255
100.676,401.283184,66.489512,-1.500000,-10.575672,379.165899
100.711,399.860821,71.641140,-1.500000,-8.807987,379.488630
100.743,405.943735,67.686703,-1.500000,-14.573384,379.785374
100.773,363.751056,68.947848,1.500000,27.911334,380.058309
100.805,389.987665,70.610775,1.500000,1.986166,380.349375
100.840,384.816656,65.505289,1.500000,7.483914,380.654738
100.880,388.096172,71.017986,1.500000,4.576258,381.002272
100.915,395.121577,67.116982,-1.067049,-2.124404,381.305769
100.947,385.297952,63.983314,1.500000,7.993861,381.581133
100.976,387.321883,65.783118,1.500000,6.229667,381.823878
101.007,387.422280,64.159714,1.500000,6.407593,382.083994
101.041,397.111681,70.506971,-1.500000,-2.982985,382.363267
101.074,397.917498,68.371264,-1.500000,-3.505378,382.628149
101.105,396.723064,65.364949,-1.500000,-2.040433,382.880963
101.143,385.754635,66.076688,1.500000,9.242241,383.174650
101.174,389.914801,67.591086,1.500000,5.337573,383.413434
101.206,413.485112,67.670753,-1.500000,-17.964012,383.664579
101.236,426.656803,68.530161,-1.500000,-30.894728,383.889790
101.268,420.445565,68.661736,-1.500000,-24.428405,384.128187
101.298,398.290470,63.865842,-1.500000,-2.043616,384.342854
101.331,404.418376,67.399992,-1.500000,-7.909487,384.587747
101.364,384.449205,60.710186,1.500000,12.308818,384.820582
101.404,399.039531,75.356186,-0.532524,-1.984288,385.098358
101.442,391.008872,64.478700,1.500000,6.325289,385.359029
101.468,407.443909,67.176124,-1.500000,-9.919890,385.536467
101.506,411.028524,67.313086,-1.500000,-13.235065,385.788280
101.534,377.242150,66.050256,1.500000,20.743357,385.967763
101.565,370.437289,71.138546,1.500000,27.758769,386.164541
101.597,378.874217,67.624977,1.500000,19.536703,386.365346
101.628,404.803583,65.022857,-1.500000,-6.187641,386.556955
101.661,373.035360,62.551460,1.500000,25.796607,386.758847
101.697,401.854444,67.024893,-1.500000,-2.797381,386.969218
101.728,379.295672,62.438090,1.500000,19.956378,387.151449
101.759,375.344529,70.039705,1.500000,24.098216,387.329668
101.794,390.132741,64.245892,1.500000,9.519124,387.525107
101.830,391.890246,67.069637,1.500000,7.969454,387.719346
101.862,393.234548,64.428466,1.500000,6.807303,387.889580
101.894,410.425437,68.403721,-1.500000,-10.205284,388.056217
101.920,423.492946,65.109788,-1.500000,-23.127794,388.191731
101.953,404.646355,67.335687,-1.500000,-4.106706,388.354813
101.988,408.125148,65.778209,-1.500000,-7.403010,388.525363
102.027,399.621993,59.666458,0.068342,1.297888,388.710169
102.063,408.694106,69.140484,-1.500000,-7.597407,388.875420
102.096,410.193383,70.518922,-1.500000,-8.937582,389.024113
102.129,406.105085,64.867457,-1.500000,-4.696373,389.167021
102.158,394.867121,70.733378,1.500000,6.671934,389.288836
102.191,397.252896,67.375528,1.500000,4.431618,389.424779
102.226,387.963952,66.422436,1.500000,13.868830,389.563347
102.256,418.400243,70.198473,-1.500000,-16.445224,389.677588
102.284,409.529541,71.812761,-1.500000,-7.462340,389.782431
102.318,392.091004,65.315679,1.500000,10.107064,389.904737
102.352,391.092870,67.540270,1.500000,11.232088,390.023326
102.386,395.143247,71.336917,1.500000,7.305061,390.138606
102.424,420.166155,68.539047,-1.500000,-17.588386,390.259596
102.454,408.078868,68.748398,-1.500000,-5.400305,390.353798
102.483,390.706692,71.265729,1.500000,12.065477,390.441279
102.513,384.250898,66.399770,1.500000,18.613049,390.527054
102.551,416.546262,65.273710,-1.500000,-13.572439,390.629741
102.576,387.056578,66.172808,1.500000,15.987929,390.695801
102.608,405.507217,68.244547,-1.008463,-2.378167,390.774812
102.639,411.287794,64.622428,-1.500000,-8.078345,390.849953
102.676,392.940556,64.278941,1.500000,10.357320,390.932595
102.712,374.158158,67.221550,1.500000,29.221703,391.009216
102.742,428.618129,72.778703,-1.500000,-25.174471,391.068840
102.777,402.790189,69.573592,-0.992387,0.722292,391.133160
102.808,383.377531,68.877064,1.500000,20.191789,391.186281
102.840,402.731101,64.725296,1.500000,0.893100,391.237571
102.872,443.684397,66.854164,-1.500000,-40.010144,391.284349
102.905,441.816391,75.056859,-1.500000,-38.094372,391.328989
102.936,412.136502,64.490665,-1.500000,-8.373580,391.367217
102.967,387.876247,69.153236,1.500000,15.922429,391.400632
103.000,397.416286,70.602876,1.500000,6.416501,391.432511
103.034,419.504382,56.070917,-1.500000,-15.640592,391.461486
103.068,402.794266,71.311089,-0.542322,1.094760,391.485071
103.100,383.678103,68.175897,1.500000,20.230799,391.503647
103.134,396.597159,72.342879,1.500000,7.327820,391.518672
103.166,418.288428,62.691289,-1.500000,-14.352635,391.528778
103.199,419.086506,68.321975,-1.500000,-15.144143,391.534918
103.229,401.367348,65.371997,1.500000,2.576890,391.536671
103.258,403.857298,61.137791,1.500000,0.085214,391.535057
103.291,404.891800,63.619152,0.345169,-0.955672,391.529092
103.328,412.937275,67.442695,-1.500000,-9.013669,391.517388
103.360,435.551604,68.706698,-1.500000,-31.643896,391.502530
103.394,422.345020,72.980172,-1.500000,-18.458561,391.482672
103.433,381.554714,69.243042,1.500000,22.301358,391.454273
103.467,415.469398,66.114403,-1.500000,-11.645793,391.423930
103.501,375.662617,68.495473,1.500000,28.124637,391.389957
103.528,413.571529,64.731402,-1.500000,-9.816455,391.359883
103.555,386.187379,73.543713,1.500000,17.531741,391.326280
103.592,415.895827,69.541549,-1.500000,-12.232004,391.274601
103.628,390.960388,66.648919,1.500000,12.645562,391.220513
103.653,393.417829,69.179010,1.500000,10.145229,391.180428
103.690,417.802046,61.682635,-1.500000,-14.309246,391.114767
103.722,413.118188,68.673376,-1.500000,-9.689963,391.054415
103.757,392.541406,68.088490,1.500000,10.811332,390.983867
103.784,425.399693,68.664404,-1.500000,-22.109389,390.925518
103.823,377.299339,66.219149,1.500000,25.894953,390.835787
103.851,402.496898,67.645332,1.500000,0.625489,390.768586
103.884,408.952537,72.528790,-1.500000,-5.918820,390.685717
103.916,413.610176,70.948909,-1.500000,-10.668494,390.599702
103.947,422.301731,68.453514,-1.500000,-19.451937,390.513826
103.979,391.440734,62.645543,1.500000,11.307782,390.419174
104.011,379.832142,64.653955,1.500000,22.813059,390.322617
104.049,391.351892,68.023421,1.500000,11.163041,390.200872
104.086,383.258297,71.385289,1.500000,19.126171,390.078942
104.116,396.472183,59.569712,1.500000,5.799474,389.973511
104.146,391.986108,62.706782,1.500000,10.171158,389.866603
104.176,433.753903,66.878423,-1.500000,-31.716120,389.754938
104.206,415.925395,67.319852,-1.500000,-14.007115,389.643253
104.240,406.757161,70.679472,-1.500000,-4.983457,389.508134
104.272,421.910455,62.767548,-1.500000,-20.276562,389.377470
104.304,439.708462,61.031346,-1.500000,-38.216796,389.244548
104.339,398.963657,68.883119,1.354356,2.362176,389.089563
104.372,381.714357,64.652906,1.500000,19.456870,388.945072
104.408,405.728054,68.178730,-1.500000,-4.733322,388.780124
104.441,427.709423,70.663511,-1.500000,-26.882683,388.623122
104.469,390.393832,66.320181,1.500000,10.286570,388.486357
104.499,408.599296,69.771856,-1.500000,-8.078139,388.337530
104.532,431.921381,66.963981,-1.500000,-31.578056,388.171331
104.564,401.520898,68.724264,-1.500000,-1.357675,388.003013
104.597,389.041538,63.747595,1.500000,10.932766,387.826452
104.631,363.166411,62.534950,1.500000,36.607389,387.639066
104.665,385.087783,65.885846,1.500000,14.482223,387.448604
104.700,369.516988,65.872668,1.500000,29.842310,387.251681
104.732,405.805673,66.699933,-1.500000,-6.650649,387.060770
104.758,402.602870,71.796361,-1.500000,-3.612198,386.907170
104.791,403.961089,66.267718,-1.500000,-5.184082,386.707483
104.820,369.258339,65.009189,1.500000,29.322177,386.523847
104.851,367.570468,69.482043,1.500000,30.800451,386.327962
104.883,378.347310,65.016294,1.500000,19.805497,386.124118
104.916,396.090850,63.816173,1.500000,1.830034,385.907369
104.950,401.334953,67.353863,-1.500000,-3.653139,385.683938
104.984,406.444479,73.398419,-1.500000,-9.013695,385.449330
105.022,389.544932,71.855269,1.500000,7.601799,385.183861
105.055,388.934839,66.639220,1.500000,7.965599,384.953681
105.087,409.721430,69.774175,-1.500000,-13.069337,384.721582
105.117,399.867489,70.952431,-1.500000,-3.453138,384.499393
105.144,388.143698,64.841471,1.500000,8.059716,384.302256
105.177,391.895616,64.302171,1.500000,4.038678,384.050742
105.208,403.606781,72.970061,-1.500000,-7.927401,383.812505
105.239,386.672980,70.440956,1.500000,8.750653,383.573489
105.279,413.722750,68.808859,-1.500000,-18.641412,383.253587
105.314,421.026384,63.775971,-1.500000,-26.245267,382.973007
105.346,411.816143,67.769919,-1.500000,-17.313589,382.712668
105.380,421.953695,61.563505,-1.500000,-27.753965,382.429655
105.404,398.484239,68.138948,-1.500000,-4.498768,382.229413
105.442,366.978341,62.118328,1.500000,26.668210,381.912665
105.475,383.156473,74.884129,1.500000,10.180319,381.623170
105.503,380.977690,65.182015,1.500000,12.094019,381.375429
105.537,399.920253,66.226094,-1.500000,-7.165065,381.079615
105.566,381.418320,69.474535,1.500000,11.055406,380.816566
105.604,395.170372,63.946091,-1.500000,-3.067875,380.469623
105.634,388.056156,63.646785,1.500000,3.755933,380.198214
105.669,376.664467,66.512132,1.500000,14.797906,379.871377
105.705,387.227296,72.183908,1.500000,3.865677,379.526143
105.735,410.345509,66.213702,-1.500000,-19.559695,379.239078
105.768,408.473408,69.326136,-1.500000,-18.024116,378.924572
105.797,410.139990,64.587452,-1.500000,-19.997322,378.638008
105.828,398.591767,67.191136,-1.500000,-8.772000,378.336231
105.862,379.789255,67.264405,1.500000,9.669270,377.998621
105.906,381.252426,66.165704,1.500000,7.722422,377.546587
105.947,382.400995,55.654559,1.500000,6.130855,377.132570
105.976,390.648412,67.253845,-1.451031,-2.442183,376.828252
106.011,401.142254,71.045643,-1.500000,-13.332695,376.457532
106.035,390.570125,67.970644,-1.500000,-3.030857,376.204924
106.067,361.617592,63.650284,1.500000,25.558921,375.865900
106.101,377.438365,67.018827,1.500000,9.345954,375.499363
106.129,386.280534,67.671548,1.500000,0.172335,375.189597
106.159,388.411188,66.553522,-1.291073,-2.309803,374.861107
106.190,375.260812,63.701076,1.500000,10.467739,374.512665
106.228,388.812911,74.749326,-1.500000,-3.532545,374.093800
106.263,383.005045,68.672588,0.367182,1.847452,373.693923
106.295,389.492981,72.572238,-1.500000,-5.031176,373.328790
106.326,386.023746,60.903159,-1.500000,-1.946446,372.969440
106.360,371.310658,67.039577,1.500000,12.339249,372.570007
106.393,362.286410,67.734283,1.500000,20.954160,372.187449
106.425,381.764345,63.708601,1.500000,1.067637,371.805591
106.452,377.261524,66.104734,1.500000,5.221243,371.479222
106.484,397.937425,66.521948,-1.500000,-15.859586,371.100783
106.518,389.952971,69.512464,-1.500000,-8.322917,370.682294
106.560,383.620756,66.364686,-1.500000,-2.536038,370.172633
106.592,400.042931,65.914296,-1.500000,-19.389925,369.769165
106.624,361.052446,66.426446,1.500000,19.177216,369.373516
106.652,367.784031,65.254671,1.500000,12.069071,369.021591
106.688,379.287112,70.959662,1.500000,0.080992,368.568322
106.720,383.823721,65.558638,-1.500000,-4.888561,368.163701
106.752,385.519544,71.722219,-1.500000,-7.026192,367.750797
106.780,374.054022,67.202796,1.500000,4.050750,367.387637
106.812,390.324055,61.145912,-1.500000,-12.669509,366.966865
106.845,381.626322,65.805486,-1.500000,-4.431902,366.536841
106.883,374.043981,71.489890,1.500000,2.606509,366.028496
106.915,357.624167,66.764176,1.500000,18.572701,365.604549
106.950,380.975627,60.958898,-1.500000,-5.274416,365.141319
106.982,377.719925,72.224225,-1.500000,-2.485881,364.704714
107.012,377.354105,68.799213,-1.500000,-2.562024,364.291665
107.043,354.633827,65.699112,1.500000,19.709112,363.871905
107.078,351.903824,68.412882,1.500000,21.930422,363.396491
107.103,366.243675,66.709579,1.500000,7.210337,363.041132
107.132,378.470395,62.550004,-1.500000,-5.447722,362.638012
107.165,373.099734,65.188441,-1.500000,-0.565422,362.181600
107.195,378.967931,63.011505,-1.500000,-6.897996,361.747603
107.232,367.873377,70.921821,1.500000,3.647387,361.234359
107.263,351.991229,69.532213,1.500000,19.044468,360.781025
107.296,351.791796,68.987706,1.500000,18.747474,360.317075
107.328,374.996273,71.728561,-1.500000,-4.963288,359.843911
107.361,352.831661,69.937684,1.500000,16.689896,359.365942
107.396,358.573984,73.577693,1.500000,10.409396,358.862972
107.426,367.658288,66.938992,1.500000,0.853924,358.422628
107.456,376.145319,66.674833,-1.500000,-8.118808,357.968702
107.488,363.079621,64.335957,1.500000,4.442613,357.497414
107.523,384.500724,68.078379,-1.500000,-17.537437,356.975034
107.557,379.540390,66.100014,-1.500000,-13.123177,356.464685
107.597,380.154421,59.880539,-1.500000,-14.387449,355.856983
107.633,383.883066,64.664522,-1.500000,-18.691680,355.319053
107.666,341.938508,69.346539,1.500000,22.707832,354.809664
107.692,360.295665,69.535643,1.500000,3.929181,354.415744
107.729,375.693832,65.343199,-1.500000,-12.092050,353.833441
107.754,356.369155,69.570420,1.500000,6.824990,353.452472
107.783,389.314231,74.638990,-1.500000,-26.605404,352.998904
107.813,357.735206,75.527255,1.500000,4.469313,352.527588
107.845,368.361241,70.161676,-1.500000,-6.695870,352.023712
107.885,355.780050,68.989403,1.500000,5.226310,351.407813
107.917,361.347099,64.182240,0.783718,-0.894984,350.889828
107.952,364.463061,68.029540,-1.500000,-4.600244,350.339082
107.988,380.408714,64.054322,-1.500000,-21.166864,349.758739
108.017,353.779444,68.423144,1.500000,4.973954,349.302241
108.050,355.920592,62.762421,1.500000,2.261467,348.768279
108.083,368.633103,66.661576,-1.500000,-11.027117,348.229894
108.111,357.947373,62.259710,-1.500000,-0.822659,347.780107
108.141,361.108146,67.042385,-1.500000,-4.513570,347.284650
108.171,341.989008,69.437395,1.500000,14.073641,346.787522
108.203,342.987571,70.276995,1.500000,12.514966,346.264053
108.235,364.601314,64.191684,-1.500000,-9.658499,345.740949
108.269,350.722519,70.954926,1.500000,3.625408,345.184979
108.303,346.938957,66.157750,1.500000,6.801623,344.617364
108.344,368.066943,69.164631,-1.500000,-15.054994,343.936401
108.378,360.343132,63.954807,-1.500000,-7.937073,343.370149
108.405,355.367852,69.753918,-1.500000,-3.446777,342.916892
108.436,340.845792,73.288571,1.500000,10.517567,342.395663
108.467,356.974014,66.088628,-1.500000,-6.171962,341.871077
108.498,345.922139,69.313757,1.500000,4.318916,341.346781
108.531,331.201563,65.372075,1.500000,18.426485,340.773877
108.568,338.328136,68.412270,1.500000,10.621444,340.139794
108.600,347.873906,66.737149,1.500000,0.490418,339.592825
108.632,349.024203,69.753834,0.004031,-1.237993,339.052533
108.663,359.774716,65.040745,-1.500000,-12.570503,338.508611
108.696,331.280286,67.196805,1.500000,15.314626,337.939171
108.724,352.914406,64.073837,-1.500000,-6.837106,337.455420
108.756,352.153423,61.892620,-1.500000,-6.665190,336.904891
108.791,344.557914,69.835768,-1.157923,0.283048,336.299965
108.824,335.574709,71.540644,1.500000,8.642998,335.717483
108.857,357.744025,70.974489,-1.500000,-14.134608,335.148987
108.888,345.667017,65.555288,-1.500000,-2.636572,334.607893
108.924,338.265800,66.328554,1.500000,4.088786,333.976249
108.951,332.463505,57.499974,1.500000,9.375673,333.494559
108.989,353.338659,64.592159,-1.500000,-12.218355,332.822714
109.021,342.592606,65.695114,-1.500000,-2.071047,332.263139
109.052,330.421270,66.352293,1.500000,9.499319,331.701484
109.084,327.533767,64.624656,1.500000,11.789581,331.143316
109.117,340.593171,60.576572,-0.788918,-1.894227,330.559761
109.149,338.351820,69.588238,-1.393695,-0.269947,329.983059
109.180,330.036711,65.827012,1.500000,7.449932,329.426770
109.212,341.860223,71.227032,-1.500000,-4.994433,328.846533
109.245,324.560090,61.274010,1.500000,11.682314,328.263929
109.274,335.199083,64.400887,1.500000,0.477218,327.734861
109.308,340.022576,69.860210,-1.500000,-4.989402,327.133807
109.346,340.112070,66.109273,-1.500000,-5.814687,326.446153
109.376,326.366113,69.650976,1.500000,7.353433,325.906118
109.408,332.820863,64.971341,1.500000,0.265994,325.314820
109.444,331.454873,67.211177,1.500000,0.941129,324.669161
109.483,332.970669,66.340086,-0.109620,-1.332049,323.961327
109.513,336.793782,73.663050,-1.500000,-5.749561,323.405815
109.543,333.197158,69.251694,-1.500000,-2.726390,322.869878
109.571,335.537642,69.509690,-1.500000,-5.619077,322.353798
109.601,317.797751,69.536904,1.500000,11.530814,321.802397
109.637,330.183642,68.754533,-0.002449,-1.545604,321.157044
109.664,319.663075,65.304775,1.500000,8.434197,320.651656
109.697,338.738353,69.597843,-1.500000,-11.285992,320.048935
109.727,331.582677,63.815606,-1.500000,-4.716514,319.501087
109.760,319.059506,67.392270,1.500000,7.170139,318.906210
109.795,327.846608,65.840686,-0.929227,-2.312593,318.256089
109.834,319.539082,58.551362,1.500000,5.230606,317.541764
109.870,323.796305,68.240934,1.500000,0.254392,316.869810
109.900,327.978088,69.280303,-1.500000,-4.512525,316.322956
109.938,343.018474,71.492940,-1.500000,-20.293551,315.630769
109.968,318.465568,71.033189,1.500000,3.655093,315.066038
109.997,314.751102,72.565036,1.500000,6.806142,314.539480
110.027,320.683372,65.239300,1.500000,0.279068,313.983589
110.060,326.480778,65.195302,-1.500000,-6.175783,313.369155
110.091,328.786354,64.184013,-1.500000,-9.086973,312.803159
110.127,329.606545,64.484106,-1.500000,-10.625857,312.131484
110.160,310.333858,70.543601,1.500000,7.999287,311.526304
110.195,327.405975,65.468511,-1.500000,-9.766411,310.878098
110.226,324.554031,70.170237,-1.500000,-7.536416,310.296837
110.258,314.881992,66.343443,0.329084,1.513674,309.715576
110.290,304.961333,64.815447,1.500000,10.808540,309.130723
110.318,312.387092,69.584387,1.500000,2.809871,308.595293
110.350,319.971149,67.158647,-1.500000,-5.391362,308.018492
110.383,307.906725,73.670482,1.500000,6.012684,307.401317
110.421,321.239243,68.822176,-1.500000,-8.077203,306.693495
110.448,306.985138,63.892603,1.500000,5.638264,306.190096
110.488,320.476832,63.400855,-1.500000,-8.635182,305.459486
110.521,313.018468,68.973798,-1.500000,-1.831114,304.847995
110.553,295.774422,68.414993,1.500000,14.789236,304.265101
110.584,304.025640,70.299399,1.500000,5.918164,303.685799
110.613,320.399071,65.600350,-1.500000,-11.018938,303.159003
110.641,310.461782,67.699336,-1.500000,-1.652591,302.625412
110.671,301.391629,61.568819,1.500000,6.829745,302.076050
110.704,301.363404,67.227450,1.500000,6.220278,301.480077
110.738,313.865212,71.184524,-1.500000,-6.951994,300.853475
110.769,310.110475,70.655396,-1.500000,-3.823514,300.268187
110.807,307.921658,65.349315,-1.500000,-2.385130,299.566849
110.845,291.737877,72.281679,1.500000,13.052533,298.869541
110.876,298.732821,64.283198,1.500000,5.447687,298.299540
110.907,297.445885,66.465200,1.500000,6.127406,297.732048
110.935,298.857138,64.206883,1.500000,4.163951,297.215971
110.967,314.053162,65.694113,-1.500000,-11.649358,296.639069
110.997,301.074070,68.827687,-0.978216,0.734020,296.082327
111.038,294.795957,64.165131,1.500000,6.225427,295.347088
111.071,301.904100,66.443625,-0.042638,-1.526295,294.745613
111.097,299.644063,69.424274,0.037601,0.221774,294.267138
111.137,301.369947,69.215121,-1.500000,-2.280879,293.541185
111.162,308.541447,69.901424,-1.500000,-9.941877,293.083710
111.200,291.898403,72.900536,1.500000,5.963739,292.394525
111.233,292.375930,64.072843,1.500000,4.845820,291.796028
111.261,297.133433,62.049623,0.949661,-0.455403,291.287879
111.290,307.024259,70.161574,-1.500000,-10.906208,290.764533
111.319,299.215534,68.453030,-1.500000,-3.669486,290.229951
111.352,296.874852,68.593130,-1.500000,-1.949884,289.649503
111.384,280.601340,74.221095,1.500000,13.697495,289.064333
111.420,287.428688,61.359928,1.500000,6.182908,288.422052
111.457,295.255769,67.285487,-1.335524,-2.346590,287.765588
111.491,282.166353,68.134208,1.500000,10.090164,287.155623
111.522,294.967190,64.451240,-1.500000,-3.308273,286.597119
111.559,295.712607,62.216519,-1.500000,-4.750912,285.945510
111.585,292.122527,64.113197,-1.500000,-1.658096,285.480776
111.616,290.954067,67.929544,-1.500000,-1.083401,284.925856
111.644,268.739928,67.637819,1.500000,20.606749,284.436146
111.674,269.676073,65.139030,1.500000,19.090584,283.894072
111.707,272.125983,66.161109,1.500000,16.018815,283.312896
111.744,279.601956,67.851793,1.500000,7.848510,282.663986
111.780,276.845014,73.186958,1.500000,9.943537,282.045375
111.812,280.116872,63.475246,1.500000,6.056853,281.470771
111.846,291.080936,63.211734,-1.500000,-5.538756,280.880541
111.878,283.007182,67.371607,0.486515,1.946211,280.330274
111.909,284.434002,70.890522,0.659331,-0.057070,279.791525
111.935,284.431844,66.672990,0.017227,-0.548757,279.329988
111.964,295.900838,68.918576,-1.500000,-12.553270,278.829502
111.996,294.803793,67.830451,-1.500000,-12.045071,278.279180
112.035,293.520703,65.869718,-1.500000,-11.462360,277.624619
112.070,287.865618,65.906560,-1.500000,-6.449813,277.024117
112.103,284.658307,63.260111,-1.500000,-3.854575,276.452086
112.133,272.881001,70.157303,1.500000,7.383627,275.948250
112.169,269.581282,67.418258,1.500000,10.018784,275.327165
112.196,274.587625,66.317845,1.500000,4.526120,274.872659
112.236,272.202880,65.408523,1.500000,6.187057,274.196203
112.260,283.793996,69.178795,-1.500000,-5.829526,273.798570
112.290,273.912512,71.023143,1.500000,3.507821,273.290031
112.323,291.529395,69.777861,-1.500000,-14.690843,272.746310
112.357,277.452870,68.217394,-1.500000,-1.218436,272.181714
112.397,275.243065,63.738703,-1.163684,0.278280,271.515276
112.433,268.224774,60.550903,1.500000,6.658750,270.919181
112.466,274.726211,66.443851,1.315675,-0.420860,270.378833
112.495,278.368993,73.285523,-1.500000,-4.572781,269.903001
112.524,276.529481,68.428463,-1.500000,-3.236892,269.432326
112.561,266.725161,68.612565,1.500000,5.921605,268.828754
112.589,270.223306,63.552834,1.500000,1.951109,268.387303
112.619,268.291935,74.583006,1.500000,3.355609,267.894900
112.656,275.653938,66.894595,-1.500000,-4.641304,267.301527
112.690,271.751602,72.157625,-1.500000,-1.322197,266.756452
112.724,267.664685,69.316771,1.146650,2.190281,266.219594
112.755,272.381682,67.739464,-1.500000,-3.057443,265.723588
112.788,266.619773,72.810945,0.782427,2.155504,265.210539
112.823,273.366173,69.792151,-1.500000,-5.170513,264.668842
112.848,260.115030,68.005482,1.500000,7.661047,264.276707
112.884,263.682143,64.386484,1.500000,3.492960,263.715050
112.921,271.065857,68.554007,-1.500000,-4.514601,263.132015
112.949,260.330877,69.839240,1.500000,5.758916,262.700741
112.984,265.393062,69.887816,1.500000,0.125955,262.167306
113.019,276.699849,60.653584,-1.500000,-11.754466,261.631199
113.050,265.720822,74.348176,-1.500000,-1.267802,261.171046
113.079,263.905001,61.922002,-1.412302,0.072527,260.726662
113.107,265.020182,63.530063,-1.500000,-1.489607,260.308949
113.138,252.386069,59.783146,1.500000,10.646898,259.843894
113.170,255.888903,69.343298,1.500000,6.643734,259.376296
113.201,266.393983,61.032723,-1.500000,-4.365288,258.905323
113.236,265.510149,63.505751,-1.500000,-4.029227,258.393385
113.267,259.537345,60.566549,0.261394,1.457655,257.939252
113.300,263.741803,62.723691,-1.500000,-3.264485,257.455438
113.336,251.403836,65.923606,1.500000,8.526306,256.944058
113.367,249.635110,63.193886,1.500000,9.815910,256.496281
113.401,250.085857,69.937931,1.500000,8.849732,256.014570
113.436,262.076938,65.182439,-1.500000,-3.677838,255.513177
113.463,260.930001,64.938725,-1.500000,-2.943195,255.127856
113.493,256.454298,72.816369,-0.191374,1.082951,254.707709
113.533,250.414348,69.878613,1.500000,6.534912,254.158186
113.560,251.611268,61.903208,1.500000,4.928508,253.775492
113.592,260.298040,62.369598,-1.500000,-4.217835,253.345986
113.623,255.662421,70.413105,-1.500000,-0.038715,252.919351
113.661,246.299092,67.069377,1.500000,8.773479,252.404272
113.697,249.990261,66.978562,1.500000,4.563358,251.919269
113.733,247.691494,69.119116,1.500000,6.335944,251.427512
113.767,248.798205,64.255672,1.500000,4.759168,250.988200
113.796,258.793892,68.978167,-1.500000,-5.648986,250.602715
113.832,254.550802,61.312567,-1.500000,-1.906582,250.134785
113.853,258.359347,69.421573,-1.500000,-6.010897,249.858365
113.889,254.786387,62.274897,-1.500000,-2.937284,249.391685
113.919,249.772876,73.120437,0.514948,1.667493,249.009690
113.951,244.754959,68.530215,1.500000,6.245105,248.598190
113.990,243.720847,67.182251,1.500000,6.751964,248.105431
114.022,248.345855,69.188722,1.500000,1.698756,247.705244
114.054,250.099743,67.584181,0.915166,-0.483950,247.304479
114.090,254.254883,67.726217,-1.500000,-5.105522,246.868562
114.126,252.432446,68.888707,-1.500000,-3.760253,246.422610
114.149,244.635331,65.930564,1.500000,3.738806,246.144053
114.183,256.187886,66.205301,-1.500000,-8.251165,245.735253
114.216,245.736427,65.890413,0.292688,1.785802,245.347877
114.242,252.156993,68.433350,-1.500000,-4.962359,245.041714
114.275,246.832031,67.255450,-1.500000,-0.047741,244.658215
114.309,241.606288,64.195868,1.500000,4.754641,244.262551
114.350,243.250542,70.299621,1.500000,2.605313,243.790519
114.383,248.462530,68.274381,-1.500000,-3.013277,243.410517
114.412,237.951545,63.221324,1.500000,7.155571,243.090763
114.446,253.040341,69.387357,-1.500000,-8.350707,242.700593
114.485,244.077525,70.943353,-1.500000,0.155942,242.274268
114.511,246.812307,70.288582,-1.500000,-2.882930,241.990072
114.539,241.393303,64.898004,1.177064,2.215451,241.690424
114.569,237.942692,68.420480,1.500000,5.318201,241.365320
114.603,239.735115,66.557763,1.500000,3.142145,241.006785
114.635,240.406552,65.026900,1.500000,2.109664,240.669360
114.670,239.973073,75.896436,1.500000,2.145314,240.297558
114.708,244.504963,68.649156,-1.500000,-2.797674,239.913354
114.741,238.888787,68.449627,1.100773,2.454563,239.573224
114.773,245.018088,67.789320,-1.500000,-4.011830,239.258186
114.805,241.432454,66.704132,-1.500000,-0.768452,238.938320
114.832,238.065426,67.928125,1.296809,2.314550,238.672875
114.861,248.657380,68.866014,-1.500000,-8.585500,238.384935
114.896,239.881984,66.757306,-1.500000,-0.164634,238.053599
114.932,232.567636,65.981131,1.500000,6.783568,237.711406
114.963,241.240362,63.411180,-0.800158,-2.205777,237.415500
115.001,231.623138,69.746989,1.500000,7.042636,237.070817
115.032,243.281425,60.516236,-1.500000,-4.924004,236.782636
115.060,236.777880,61.257580,-0.281728,1.310423,236.531125
115.087,234.443076,68.628395,1.500000,3.388368,236.291069
115.125,237.365255,71.025190,1.500000,0.102614,235.951280
115.152,237.745984,73.751869,0.870179,-0.521181,235.724115
115.182,245.067359,66.111410,-1.500000,-8.126636,235.458619
115.218,237.401652,68.632007,-1.500000,-0.779865,235.160549
115.250,227.042309,71.310973,1.500000,9.295214,234.894881
115.282,234.253080,72.921335,1.500000,1.799556,234.628631
115.320,240.257453,64.117561,-1.500000,-4.538194,234.317065
115.347,243.315288,62.498827,-1.500000,-7.826395,234.101769
115.384,234.662234,67.213153,-0.877519,0.515106,233.810598
115.409,232.693761,66.764987,1.500000,2.283110,233.623244
115.444,235.488219,70.455982,0.821620,-0.800901,233.352633
115.473,232.436830,64.790216,1.500000,2.022480,233.139542
115.504,237.296141,66.822452,-1.500000,-3.081552,232.910830
115.535,237.040717,66.274813,-1.500000,-3.074298,232.678896
115.569,242.598030,65.979535,-1.500000,-8.890924,232.436547
115.608,231.046054,69.150779,1.365419,2.371331,232.165780
115.645,235.935923,67.371277,-1.500000,-2.788550,231.913433
115.669,227.324436,65.457953,1.500000,5.644657,231.746816
115.704,240.010318,63.172590,-1.500000,-7.285522,231.518501
115.731,235.843480,66.724929,-1.500000,-3.306014,231.343427
115.766,219.978630,67.940664,1.500000,12.315268,231.115792
115.797,222.632187,72.248326,1.500000,9.457732,230.925158
115.826,228.539635,71.533035,1.500000,3.355814,230.743410
115.859,232.127809,62.983947,0.961170,-0.445878,230.543860
115.895,223.122768,62.735189,1.500000,8.332070,230.331624
115.937,233.792358,66.211058,-1.500000,-2.595283,230.090725
115.968,232.313021,71.957212,-1.500000,-1.297313,229.921223
116.003,224.671633,64.418562,1.500000,6.139062,229.729622
116.031,227.196337,63.662974,1.500000,3.453125,229.578937
116.066,227.212904,65.940785,1.500000,3.241757,229.396880
116.091,235.961625,62.403822,-1.500000,-5.647238,229.265782
116.126,234.379331,75.163621,-1.500000,-4.246877,229.095752
116.155,235.075275,65.594611,-1.500000,-5.094524,228.953973
116.187,225.928027,66.540733,1.500000,3.887050,228.799137
116.222,236.193948,71.386329,-1.500000,-6.551343,228.637949
116.255,236.996147,61.960766,-1.500000,-7.509780,228.491931
116.294,224.391584,60.309423,1.500000,4.914225,228.323186
116.321,228.545203,66.551948,1.500000,0.641419,228.211796
116.353,236.341853,69.134703,-1.500000,-7.295014,228.081157
116.388,229.187125,70.026098,-1.500000,-0.287613,227.943468
116.420,230.856098,70.084448,-1.500000,-2.086127,227.822402
116.452,223.563133,64.776091,1.500000,5.078642,227.702594
116.484,227.163396,65.230447,1.500000,1.358227,227.590301
116.528,228.441683,70.471462,1.403261,-0.080010,227.440816
116.555,221.759548,63.752639,1.500000,6.506969,227.351885
116.591,229.267762,70.574607,0.157316,-1.120883,227.240074
116.614,226.790276,69.431066,1.500000,1.282580,227.170893
116.643,234.669374,66.904385,-1.500000,-6.686264,227.087019
116.673,238.523942,63.766779,-1.500000,-10.628832,227.004776
116.703,229.345701,69.933561,-1.500000,-1.537360,226.923683
116.736,230.783311,66.730917,-1.500000,-3.063404,226.841034
116.764,223.803330,65.027005,1.500000,3.843661,226.772889
116.796,227.851507,59.129065,1.500000,-0.281650,226.700800
116.827,227.857117,69.622630,1.064346,-0.360491,226.632361
116.861,229.872154,69.138616,-1.500000,-2.448303,226.564346
116.901,230.014667,64.982877,-1.500000,-2.670721,226.489670
116.929,223.382590,65.765552,1.500000,3.909374,226.441088
116.965,228.913973,71.019378,-0.170108,-1.684357,226.382819
116.997,226.538296,69.704405,0.401013,0.640864,226.335663
117.030,227.473882,67.935637,0.058437,-0.341001,226.292412
117.055,226.090240,64.807994,1.237914,1.010583,226.262451
117.089,229.622933,63.344595,-1.500000,-2.562162,226.225020
117.123,237.428872,70.365223,-1.500000,-10.403087,226.192322
117.156,223.267825,67.705036,1.500000,3.729205,226.165448
117.198,232.350137,67.886095,-1.500000,-5.383203,226.137321
117.227,226.938397,76.029608,-1.500000,0.012283,226.122131
117.256,218.325892,67.830113,1.500000,8.612000,226.110179
117.285,224.225956,70.225754,1.500000,2.703191,226.102007
117.321,225.995011,67.023579,1.500000,0.928252,226.096508
117.355,230.109037,63.564522,-1.500000,-3.186158,226.096149
117.384,225.064480,62.691263,0.384963,1.862168,226.099671
117.417,223.513936,68.174689,1.500000,3.421427,226.107815
117.449,236.897624,63.505478,-1.500000,-9.949588,226.119660
117.488,229.052271,68.073858,-1.500000,-2.082144,226.140306
117.519,220.368132,69.167725,1.500000,6.623579,226.160478
117.550,227.401408,63.867394,1.402168,-0.383163,226.185276
117.585,237.204218,65.933276,-1.500000,-10.151168,226.217804
117.615,225.558340,66.154867,-0.007187,1.527774,226.248705
117.652,221.862211,66.515650,1.500000,5.271356,226.293053
117.684,232.423265,69.697955,-1.500000,-5.244026,226.335738
117.710,227.135199,67.002096,-1.500000,0.084258,226.373324
117.739,224.826764,70.233726,1.450264,2.441548,226.418983
117.771,231.915483,65.958555,-1.500000,-4.589791,226.472609
117.802,221.355873,67.972001,1.500000,6.029638,226.528515
117.834,228.938478,69.667363,0.069483,-1.486075,226.591031
117.870,227.843037,69.116490,-0.481865,-0.312214,226.664320
117.908,228.461203,72.306383,-1.500000,-0.839562,226.749197
117.942,222.165804,67.757851,1.500000,5.542425,226.830120
117.973,224.701008,73.021724,1.500000,3.089704,226.907207
117.999,223.922673,63.443007,1.500000,3.942444,226.976744
118.033,227.505363,59.823673,1.500000,0.458716,227.069232
118.062,230.483974,66.241196,-1.437783,-2.431219,227.152108
118.095,229.679721,67.116336,-1.500000,-1.523946,227.248388
118.129,238.870551,60.951659,-1.500000,-10.601284,227.354455
118.167,227.001314,70.633589,0.196099,1.403618,227.481245
118.201,223.545048,66.542057,1.500000,4.981954,227.595329
118.236,238.071145,71.362908,-1.500000,-9.411220,227.719556
118.268,230.190240,66.332161,-1.500000,-1.403420,227.838149
118.302,225.142894,65.507111,1.500000,3.780443,227.965736
118.329,225.702940,64.333270,1.500000,3.332762,228.070750
118.359,232.782571,59.374022,-1.500000,-3.616061,228.193000
118.391,230.717896,71.747368,-1.500000,-1.407383,228.327582
118.424,226.378409,67.234406,1.500000,3.081694,228.467386
118.457,232.776283,63.028045,-1.500000,-3.160741,228.612656
118.496,226.780365,64.685016,1.500000,3.024136,228.789253
118.528,231.648941,70.195495,-0.169740,-1.684053,228.939148
118.560,229.520930,64.016457,0.364560,0.610355,229.094659
118.592,234.964601,65.314352,-1.500000,-4.666905,229.250183
118.624,222.329797,68.106238,1.500000,8.141602,229.412523
118.652,225.927593,71.701008,1.500000,4.699092,229.557650
118.683,232.296775,74.945029,-0.304308,-1.493170,229.722995
118.714,232.179637,73.040424,-1.500000,-1.199041,229.888407
118.747,233.517322,72.213995,-1.500000,-2.339853,230.072401
118.783,219.712007,68.048259,1.500000,11.684977,230.277555
118.822,227.499886,63.744324,1.500000,4.135850,230.500687
118.852,226.981776,67.190000,1.500000,4.848662,230.682652
118.880,230.757741,68.306220,1.500000,1.255287,230.853298
118.910,235.440490,68.849331,-1.500000,-3.234541,231.033597
118.943,242.219719,66.544034,-1.500000,-9.789816,231.242900
118.976,235.299989,60.607067,-1.500000,-2.643624,231.454546
119.007,235.956878,70.315823,-1.500000,-3.085922,231.655099
119.042,229.956115,72.961837,1.500000,3.160317,231.884516
119.075,233.061692,68.495730,1.500000,0.296480,232.110442
119.112,235.760536,72.333287,-1.072259,-2.128716,232.366187
119.144,231.043803,70.539873,1.500000,2.827457,232.589963
119.176,231.962112,70.347903,1.500000,2.155144,232.819865
119.207,236.989680,66.082391,-1.500000,-2.635569,233.041225
119.245,232.786548,67.107191,0.393193,1.868979,233.322922
119.273,236.977527,68.464755,-1.500000,-2.099946,233.530449
119.301,234.271202,59.064344,-0.719774,0.836393,233.745415
119.331,230.310774,71.471195,1.500000,5.041042,233.973659
119.361,231.866874,65.113002,1.500000,3.743212,234.215034
119.394,240.852682,66.371574,-1.500000,-4.963309,234.476050
119.432,232.125224,64.856130,1.500000,4.087863,234.778586
119.459,236.529404,62.245333,1.500000,-0.081124,234.998392
119.500,244.190428,67.852968,-1.500000,-7.381641,235.335315
119.528,248.626398,69.524455,-1.500000,-11.557584,235.578331
119.564,239.303498,58.409900,-1.500000,-1.910012,235.881762
119.591,242.799240,64.924664,-1.500000,-5.157081,236.114167
119.623,230.520863,71.495269,1.500000,7.423337,236.396449
119.655,241.556505,70.755200,-1.500000,-3.313875,236.675355
119.691,240.330870,68.001938,-1.500000,-1.741558,236.999357
119.724,238.326060,67.389457,-0.798995,0.580092,237.295469
119.755,229.183445,73.298223,1.500000,10.032786,237.585263
119.794,237.173111,65.009964,1.500000,2.426759,237.943804
119.821,235.955351,73.972568,1.500000,3.922350,238.203459
119.854,245.417654,71.383057,-1.500000,-5.205864,238.515691
119.885,235.728809,68.928707,1.500000,4.796154,238.808377
119.915,240.278035,70.120564,1.500000,0.564668,239.105330
119.946,244.039558,67.790690,-1.500000,-2.869430,239.411334
119.979,234.250309,65.193940,1.500000,7.265257,239.734174
120.022,240.527557,65.763132,1.500000,1.448311,240.164363
120.057,242.490513,67.298881,1.345744,-0.127610,240.526078
120.093,243.090534,71.107605,0.924213,-0.333262,240.894647
120.120,248.264413,65.107701,-1.500000,-5.208910,241.173367
120.151,247.682081,63.151587,-1.500000,-4.279583,241.497662
120.184,247.941578,64.590558,-1.500000,-4.163102,241.849043
120.217,250.315097,69.249160,-1.500000,-6.165896,242.195515
120.244,242.718391,63.129967,0.609015,1.745341,242.489469
120.277,250.988934,68.578869,-1.500000,-6.143130,242.846546
120.306,252.646715,72.390939,-1.500000,-7.460377,243.164802
120.348,235.125732,66.669527,1.500000,10.558288,243.629925
120.382,238.652699,62.863431,1.500000,7.441734,244.013489
120.412,243.960586,67.988693,1.500000,2.496041,244.351988
120.445,247.391620,65.804583,0.859485,-0.530031,244.730457
120.472,249.125220,67.758405,-1.500000,-1.940800,245.032168
120.503,246.309695,66.588794,-0.254844,1.268141,245.399847
120.540,245.815117,63.392809,1.500000,2.225526,245.832377
120.571,249.987222,61.707211,-0.170528,-1.559255,246.194362
120.603,262.284992,72.491386,-1.500000,-13.457008,246.568209
120.640,250.032367,61.811915,-1.500000,-0.733334,247.008443
120.672,241.001956,70.039432,1.500000,8.710376,247.394702
120.699,244.208511,64.333013,1.500000,5.856302,247.724124
120.735,249.846310,68.792136,1.500000,0.697220,248.171523
120.766,261.776267,66.590397,-1.500000,-10.826795,248.550909
120.802,252.532644,64.366827,-1.500000,-1.105832,248.997021
120.834,250.437628,72.793971,0.203739,1.409940,249.390251
120.869,252.790854,71.153672,-0.151843,-0.465875,249.836429
120.896,254.207965,74.194585,-1.500000,-1.518792,250.176796
120.927,253.270010,75.440427,-1.500000,-0.160768,250.569385
120.959,247.423272,67.058279,1.500000,6.124642,250.979359
120.995,254.247870,61.310914,1.500000,-0.198172,251.448315
121.026,248.316033,65.833857,1.500000,6.159354,251.846156
121.061,254.330584,68.185750,1.500000,0.635247,252.304515
121.097,259.590656,64.794033,-1.500000,-4.103063,252.792143
121.134,254.383786,69.388202,0.088040,1.616439,253.271238
121.158,257.726559,68.149746,-1.375331,-1.371010,253.603317
121.195,252.095625,73.118262,1.500000,4.782161,254.091389
121.224,256.338448,67.330828,1.500000,0.964766,254.488985
121.253,269.817456,74.487900,-1.500000,-12.099803,254.876311
121.283,260.357934,63.116033,-1.500000,-2.199340,255.288405
121.314,261.598225,67.351053,-1.500000,-2.986073,255.712291
121.350,258.043452,66.276046,-0.158331,1.110296,256.218457
121.384,256.591819,67.620910,1.500000,3.062229,256.686026
121.421,257.177424,68.183936,1.500000,3.033568,257.206535
121.455,259.405559,66.850814,1.500000,1.316158,257.683848
121.487,273.846891,63.172215,-1.500000,-12.641234,258.136128
121.518,265.158951,63.043731,-1.500000,-3.485516,258.573304
121.548,264.443696,67.418516,-1.500000,-2.307156,259.006113
121.579,254.598095,74.198842,1.500000,8.014247,259.450787
121.606,264.481779,66.367881,0.105868,-1.455963,259.837211
121.635,264.730639,67.235329,-1.500000,-1.252765,260.259695
121.664,258.587552,71.967728,1.500000,5.342770,260.682544
121.697,260.992051,69.452382,1.500000,3.457161,261.167488
121.736,269.224820,69.255945,-1.500000,-4.163441,261.739607
121.768,263.986612,66.855354,0.043795,1.579822,262.211620
121.803,258.614545,69.460441,1.500000,7.505199,262.728733
121.835,263.924748,68.597837,1.500000,2.704688,263.205080
121.863,273.491068,77.258623,-1.500000,-6.412690,263.624652
121.895,266.398860,67.522585,-0.433352,1.184942,264.097011
121.926,269.640349,65.087148,-1.500000,-1.564393,264.556968
121.961,269.246397,63.310306,-1.500000,-0.601457,265.088729
121.995,265.179853,69.952512,1.500000,4.030646,265.617288
122.025,266.436131,75.687409,1.500000,3.258392,266.069648
122.058,277.343999,72.138104,-1.500000,-7.113257,266.570787
122.096,266.147002,64.502528,1.500000,4.712087,267.158027
122.131,274.104834,69.925565,-1.359803,-2.668932,267.697105
122.163,267.108611,69.675249,1.500000,4.851208,268.186747
122.191,278.854971,60.394295,-1.500000,-6.415313,268.635194
122.223,261.297247,66.735847,1.500000,11.666958,269.125424
122.250,269.830451,71.770795,1.500000,3.587951,269.549908
122.282,280.260637,68.064068,-1.500000,-6.300896,270.055833
122.316,285.066294,68.300529,-1.500000,-10.538838,270.586407
122.347,270.860855,65.977734,1.500000,4.193710,271.079033
122.384,278.601825,67.373483,-1.500000,-2.918645,271.666524
122.417,271.432547,63.016839,1.500000,4.814634,272.193627
122.448,280.687713,68.640603,-1.500000,-3.924564,272.675840
122.481,273.045293,62.602145,1.500000,4.294422,273.214686
122.511,280.813817,72.133205,-1.500000,-2.968992,273.686752
122.542,274.574650,68.027873,1.500000,3.803018,274.184736
122.574,282.970126,69.708443,-1.500000,-4.032953,274.707638
122.605,276.301150,66.400953,1.500000,3.171482,275.208068
122.638,283.096998,61.856462,-1.500000,-3.042618,275.751757
122.674,274.314755,64.720477,1.500000,6.355030,276.326902
122.704,291.358109,71.303073,-1.500000,-10.154287,276.826001
122.741,287.403354,63.444552,-1.500000,-5.553928,277.429370
122.781,281.687792,67.119404,-0.467400,0.854515,278.076923
122.808,283.060858,74.366676,-0.389289,-0.039340,278.524783
122.839,274.248179,77.229219,1.500000,9.321084,279.036695
122.871,271.482078,72.083401,1.500000,12.649196,279.561938
122.901,273.886960,67.185002,1.500000,10.780002,280.062581
122.936,289.054395,72.387450,-1.500000,-3.775753,280.634245
122.971,283.203915,65.850958,1.405564,2.706803,281.224970
123.003,289.234431,75.280141,-1.500000,-2.755108,281.756376
123.039,289.288419,65.654672,-1.500000,-2.174132,282.349801
123.071,276.769454,67.749623,1.500000,10.923095,282.890233
123.102,292.615335,63.320929,-1.500000,-4.364809,283.411706
123.131,279.218797,68.762342,1.500000,9.556592,283.902233
123.161,292.225398,70.563799,-1.500000,-2.919955,284.397610
123.193,282.723056,70.289697,1.500000,7.168432,284.945315
123.226,285.079915,71.913512,1.500000,5.400028,285.495273
123.258,302.637503,68.414642,-1.500000,-11.576190,286.038610
123.298,293.599767,70.189961,-1.500000,-1.810553,286.718891
123.327,288.772018,65.566405,1.500000,3.530289,287.198418
123.362,298.388693,74.570214,-1.500000,-5.444511,287.798300
123.396,293.994567,69.424123,-1.500000,-0.444561,288.364492
123.427,283.412576,70.198218,1.500000,10.708741,288.898427
123.455,289.273326,68.414427,1.500000,5.362828,289.379583
123.488,292.327615,67.294785,1.500000,2.900093,289.932438
123.518,307.799244,76.673884,-1.500000,-12.011169,290.456145
123.552,297.544148,66.049848,-1.500000,-1.132163,291.039238
123.592,294.887797,65.493171,1.226037,2.255981,291.723157
123.627,291.705231,70.065817,1.500000,6.076364,292.319248
123.660,302.235813,64.692885,-1.500000,-3.845736,292.887922
123.699,305.102642,68.739406,-1.500000,-6.013512,293.541243
123.730,299.988748,66.999099,-1.500000,-0.316255,294.086443
123.765,290.210294,66.240754,1.500000,10.107424,294.689456
123.790,292.089004,67.532819,1.500000,8.685492,295.116352
123.818,299.317228,63.429354,1.500000,1.958467,295.584762
123.846,301.649667,68.615705,1.500000,0.157740,296.081688
123.884,319.058027,66.061505,-1.500000,-16.562482,296.724808
123.909,312.701541,66.409204,-1.500000,-9.749394,297.151539
123.946,308.432210,63.608029,-1.500000,-4.790213,297.796259
123.978,320.552855,64.686867,-1.500000,-16.324029,298.344697
124.011,300.314800,65.234530,1.500000,4.520318,298.911325
124.047,306.352260,67.675908,0.844952,-0.844307,299.540143
124.079,307.991390,69.786047,-1.500000,-1.888493,300.096166
124.111,299.041126,67.732585,1.500000,7.645413,300.641626
124.142,306.060683,67.280417,1.500000,1.188034,301.167026
124.175,311.057403,63.982173,-1.500000,-3.196652,301.739020
124.206,294.976900,67.327915,1.500000,13.457619,302.275251
124.243,317.487212,59.971147,-1.500000,-8.364950,302.918002
124.278,303.344193,64.164806,1.500000,6.416606,303.514766
124.312,310.113945,69.659777,1.500000,0.271344,304.098401
124.343,312.099917,66.940073,0.123435,-1.139176,304.636207
124.375,324.598747,61.600973,-1.500000,-13.042508,305.192747
124.403,327.669676,71.219366,-1.500000,-15.606224,305.666778
124.434,320.269843,71.188454,-1.500000,-7.623023,306.211981
124.465,315.791679,67.454128,-1.500000,-2.576938,306.742748
124.497,308.096408,65.804373,1.500000,5.710184,307.295880
124.530,296.685350,67.161523,1.500000,17.728677,307.863577
124.568,310.925332,63.473601,1.500000,4.173485,308.503567
124.603,315.883754,67.486909,1.344322,-0.128787,309.116792
124.634,323.914904,62.831267,-1.500000,-7.597037,309.642866
124.667,325.428549,67.083370,-1.500000,-8.499705,310.213873
124.700,312.674036,71.669974,1.500000,4.857064,310.776729
124.727,326.952172,64.426437,-1.500000,-8.932055,311.233755
124.758,322.520413,69.062755,-1.500000,-3.933889,311.763107
124.789,315.629344,60.611717,1.500000,3.526157,312.294861
124.822,315.724054,69.631908,1.500000,4.028332,312.852697
124.873,322.036802,76.369356,-0.131326,-1.350012,313.725972
124.909,329.340301,62.101006,-1.500000,-7.997003,314.339531
125.161,327.127153,63.311291,-1.500000,-1.235240,318.590573
125.190,320.488515,69.984167,1.500000,5.925086,319.078131
125.222,311.897615,72.667381,1.500000,15.095133,319.619391
125.251,322.535841,70.250306,1.500000,4.973871,320.102535
125.283,339.161074,70.357937,-1.500000,-11.088939,320.628164
125.310,329.812183,71.742337,-1.500000,-1.244152,321.091618
125.347,331.738141,69.648505,-1.500000,-2.512422,321.706279
125.379,331.433743,66.114582,-1.500000,-1.653016,322.224979
125.412,322.166442,67.837919,1.500000,8.207702,322.779574
125.440,325.368733,63.365345,1.500000,5.504729,323.246226
125.480,325.786533,66.984107,1.500000,5.790972,323.904210
125.553,332.853062,72.206829,1.499692,-0.000205,325.096128
125.582,343.138879,69.039746,-1.500000,-9.772458,325.576095
125.612,334.703583,68.844025,-1.500000,-0.803296,326.075034
125.642,325.663162,67.083162,1.500000,8.759333,326.563079
125.673,329.584971,62.331141,1.500000,5.373361,327.063862
125.704,333.349572,69.519322,1.500000,2.141931,327.562152
125.737,336.562092,66.789989,0.896911,-0.499058,328.096293
125.762,351.600471,65.290948,-1.500000,-15.102199,328.503058
125.798,339.239182,58.613234,-1.500000,-2.115963,329.087121
125.828,354.916956,71.357965,-1.500000,-17.292003,329.556030
125.860,356.691605,69.651523,-1.500000,-18.510960,330.075370
125.894,346.443339,68.102086,-1.500000,-7.677376,330.622395
125.926,333.289598,69.349456,1.500000,6.018939,331.129474
125.963,333.538797,66.900643,1.500000,6.385745,331.705179
125.994,341.517770,66.412832,0.224505,-1.055531,332.207700
126.028,357.625096,67.945280,-1.500000,-16.596475,332.737029
126.059,332.598041,71.772699,1.500000,8.957562,333.229535
126.097,348.331600,69.369275,-1.500000,-6.145870,333.818440
126.126,331.120957,70.944237,1.500000,11.542949,334.265332
126.151,348.294952,68.591361,-1.500000,-5.202852,334.665513
126.182,346.512457,66.949191,-1.500000,-2.906628,335.145635
126.212,348.731294,66.037727,-1.500000,-4.632436,335.606410
126.321,345.749334,64.499345,-1.335304,0.136250,337.276247
126.344,328.794533,66.606934,1.500000,17.474197,337.634327
126.376,341.308585,66.475002,1.500000,5.479324,338.119542
126.438,334.186151,68.974317,1.500000,13.602412,339.054731
126.459,345.236603,69.703347,1.500000,2.884088,339.365132
126.492,337.346296,67.557143,1.500000,11.298711,339.855147
126.523,353.355177,66.138721,-1.500000,-4.216832,340.316210
126.556,335.182694,64.366094,1.500000,14.482788,340.808861
126.594,347.126540,71.709565,1.500000,3.140203,341.370787
126.610,364.823408,68.341047,-1.500000,-14.303848,341.607066
126.641,360.346057,67.773213,-1.500000,-9.346371,342.055781
126.667,355.137270,67.115733,-1.500000,-3.721048,342.445067
126.701,342.024594,66.909747,1.500000,9.912497,342.931860
126.731,359.999442,71.866632,-1.500000,-7.591125,343.372259
126.763,356.137236,65.940920,-1.500000,-3.243917,343.825532
126.792,349.266733,66.485454,1.500000,4.077215,344.246680
126.822,355.856002,70.624483,-0.617861,-2.054911,344.673917
126.858,348.506479,68.562743,1.500000,5.847529,345.190661
126.890,350.197873,74.059212,1.500000,4.635049,345.638245
126.923,357.544797,63.286376,-1.176114,-2.214664,346.102928
126.958,345.246385,65.550148,1.500000,10.606127,346.591133
126.993,361.688577,63.519505,-1.500000,-5.317775,347.075516
127.023,356.935085,71.757498,-1.500000,-0.122051,347.488817
127.052,354.400981,69.018750,1.500000,2.850250,347.898347
127.105,363.203064,67.869447,-1.500000,-5.180938,348.618810
127.141,340.817252,75.613123,1.500000,17.734857,349.114121
127.173,358.717010,63.161429,1.500000,0.297409,349.546186
127.202,370.193395,64.727332,-1.500000,-10.772615,349.925962
127.230,349.103520,65.141730,1.500000,10.730088,350.311783
127.260,371.510799,66.344632,-1.500000,-11.254938,350.706412
127.355,362.010464,68.120944,-1.500000,-0.416227,351.957231
127.380,372.740467,57.137321,-1.500000,-10.799569,352.281213
127.409,337.386504,62.599959,1.500000,24.945550,352.646779
127.437,353.235504,69.232830,1.500000,9.491881,353.016248
127.462,368.289996,67.017193,-1.500000,-5.226515,353.330356
127.490,348.696015,66.988021,1.500000,14.748908,353.686844
127.519,383.797902,64.891027,-1.500000,-19.961963,354.052280
127.557,347.266866,73.027970,1.500000,17.087814,354.537084
127.661,350.233623,61.494666,1.500000,15.499788,355.825618
127.690,372.104432,70.894771,-1.500000,-5.995564,356.176512
127.722,378.100809,71.200000,-1.500000,-11.580731,356.560820
127.749,379.777036,65.638355,-1.500000,-12.902485,356.892104
127.778,365.942952,66.274706,0.069000,1.298432,357.234938
127.807,348.480785,67.516347,1.500000,19.130014,357.580186
127.831,361.788923,70.932740,1.500000,6.127893,357.866183
127.861,356.079300,64.385955,1.500000,12.206538,358.211064
127.890,362.897069,66.716503,1.500000,5.756616,358.554845
127.922,387.000092,64.023110,-1.500000,-17.945558,358.929471
127.958,375.869041,67.950421,-1.500000,-6.370868,359.344087
127.992,358.197730,64.759638,1.500000,11.704281,359.721506
128.030,392.371018,70.050138,-1.500000,-22.010859,360.149681
128.057,392.120931,74.162352,-1.500000,-21.431291,360.457607
128.091,375.355481,65.134853,-1.500000,-4.264604,360.832596
128.122,367.295009,69.296893,1.500000,4.162708,361.175436
128.152,382.831123,66.303735,-1.500000,-11.021915,361.503933
128.183,349.084978,67.640721,1.500000,23.081319,361.837661
128.220,380.648460,68.718856,-1.500000,-8.055040,362.236842
128.246,360.739175,64.339989,1.500000,12.149711,362.512977
128.285,381.622530,68.046045,-1.500000,-8.295139,362.922795
128.318,355.557207,69.132478,1.500000,18.141323,363.269654
128.352,363.943581,61.944241,1.500000,10.135276,363.625100
128.388,378.195648,68.746187,-1.500000,-3.726783,363.989594
128.422,371.358494,62.849053,1.500000,3.480382,364.335398
128.455,364.005193,66.835089,1.500000,11.189363,364.667809
128.488,393.995781,66.129607,-1.500000,-18.447631,364.998270
128.520,399.434496,66.317574,-1.500000,-23.554542,365.308368
128.549,388.503683,70.618277,-1.500000,-12.324096,365.588399
128.582,370.498929,65.895976,1.500000,6.021036,365.906509
128.614,375.293445,65.379994,1.500000,1.561945,366.219991
128.652,379.751762,62.485820,-1.500000,-2.520999,366.570807
128.680,393.092366,69.806804,-1.500000,-15.579811,366.834163
128.714,387.303413,65.053646,-1.500000,-9.451886,367.150960
128.748,377.630247,68.591674,-0.832645,0.552244,367.460272
128.784,369.281254,70.074357,1.500000,9.249848,367.786077
128.821,357.287546,68.455548,1.500000,21.600311,368.119493
128.850,380.411056,71.543087,-0.015858,-1.254453,368.370657
128.905,359.898032,66.807544,1.500000,19.773158,368.851579
128.940,381.326404,65.965970,0.068268,-1.337553,369.148459
128.972,362.874912,69.561486,1.500000,17.395533,369.411630
129.006,382.232130,66.509854,-0.328001,-1.657024,369.696360
129.036,392.228990,68.142266,-1.500000,-11.383968,369.948618
129.064,377.710592,77.758938,1.500000,3.371764,370.170426
129.093,379.932828,66.178559,1.500000,1.404838,370.409034
129.123,371.776816,68.504838,1.500000,9.808067,370.640078
129.152,378.551372,71.846815,1.500000,3.283428,370.873645
129.191,410.188354,72.361409,-1.500000,-28.037279,371.169229
129.222,392.590344,69.171026,-1.500000,-10.182247,371.409436
129.254,397.549216,68.877244,-1.500000,-14.886032,371.647835
129.292,394.297332,71.866074,-1.500000,-11.334584,371.927802
129.323,388.120235,67.889640,-1.500000,-4.912347,372.156904
129.354,381.332446,63.660297,1.051719,2.111717,372.377723
129.387,386.011145,63.648277,-1.442889,-2.321538,372.607110
129.419,391.621442,72.825228,-1.500000,-7.690776,372.832398
129.453,383.311248,64.308403,-0.457038,0.868845,373.065507
129.488,376.109562,62.856013,1.500000,8.323441,373.301872
129.522,379.654986,66.005382,1.500000,5.021039,373.528995
129.553,383.946492,67.951267,1.500000,0.940133,373.725818
129.595,397.910481,73.021222,-1.500000,-12.736586,373.994295
129.616,367.112539,69.340255,1.500000,18.205734,374.129227
129.761,374.311946,66.631960,1.500000,11.936855,374.998879
129.787,399.191769,68.178014,-1.500000,-12.787400,375.144271
129.822,404.068060,67.412017,-1.500000,-17.453428,375.340778
129.853,389.243335,76.444633,-1.500000,-2.445412,375.512078
129.882,392.317335,65.228961,-1.500000,-5.350153,375.670263
129.910,384.746813,62.585393,1.371279,2.376180,375.815882
129.935,374.674087,68.666733,1.500000,12.589629,375.947398
129.964,371.527946,70.621472,1.500000,15.890939,376.092416
129.995,379.939484,69.943319,1.500000,7.645799,376.247928
130.030,392.216420,68.455770,-1.500000,-4.446098,376.420862
130.060,411.777251,75.826250,-1.500000,-23.853301,376.564439
130.094,376.948065,65.602639,1.500000,11.147428,376.724760
130.129,390.334197,70.923183,-0.633652,-2.067979,376.884316
130.166,400.678082,70.260577,-1.500000,-12.239781,377.045141
130.195,384.290934,77.291153,1.500000,4.283831,377.172678
130.241,393.316168,64.108263,-1.500000,-4.536291,377.364370
130.276,380.456893,63.535495,1.500000,8.471336,377.503018
130.304,383.517452,68.990584,1.500000,5.528386,377.612933
130.341,390.869800,67.988370,-0.520870,-1.672394,377.754585
130.364,379.302364,64.598529,1.500000,9.986019,377.839611
130.389,399.505036,66.410258,-1.500000,-10.117510,377.932267
130.418,387.800237,59.436320,0.187023,1.698355,378.036067
130.448,401.383572,68.050494,-1.500000,-11.777438,378.136574
130.482,388.935920,70.412186,-0.749208,0.791261,378.249702
130.513,396.633333,59.995480,-1.500000,-6.797306,378.351427
130.549,383.511206,67.287035,1.500000,6.443327,378.462181
130.585,390.202023,71.050733,1.500000,-0.133018,378.569164
130.716,397.290264,63.991255,-1.500000,-6.847954,378.918047
130.743,392.445773,65.835380,-1.500000,-1.933800,378.983152
130.777,370.753722,67.982146,1.500000,19.843439,379.062768
130.824,378.279566,69.398924,1.500000,12.424649,379.162817
130.850,383.669749,61.670573,1.500000,7.090769,379.215437
130.878,387.924624,68.695754,1.500000,2.894623,379.270324
130.908,395.604444,66.222058,-1.500000,-4.726533,379.325151
130.934,395.817013,61.594937,-1.500000,-4.891120,379.369993
130.962,374.996976,64.308373,1.500000,15.978841,379.416651
130.994,394.808294,68.004770,-1.500000,-3.780029,379.465668
131.026,383.055911,70.953785,1.500000,8.020778,379.510924
131.062,411.686694,66.128076,-1.500000,-20.558917,379.558669
131.090,406.305325,63.008393,-1.500000,-15.141732,379.592142
131.126,391.889490,68.633291,-1.500000,-0.684429,379.630898
131.160,389.671341,63.888350,0.396932,1.569825,379.664641
131.194,382.015858,69.385233,1.500000,9.255923,379.693253
131.223,398.175980,66.570673,-1.500000,-6.881242,379.714709
131.252,379.959779,65.886469,1.500000,11.354452,379.732926
131.283,384.535873,64.879284,1.500000,6.796198,379.749600
131.313,382.413893,70.097886,1.500000,8.932397,379.762888
131.346,398.332068,67.101501,-1.500000,-6.974523,379.773406
131.387,375.905676,71.207977,1.500000,15.460504,379.781477
131.422,415.341381,67.661844,-1.500000,-23.972761,379.783757
131.453,396.514345,62.304946,-1.500000,-5.147323,379.782263
131.485,391.769414,67.028028,-1.500000,-0.407747,379.777259
131.517,374.551648,66.185444,1.500000,16.800953,379.768785
131.548,417.063651,60.205944,-1.500000,-25.723392,379.757252
131.632,384.350344,63.587625,1.500000,6.938768,379.709450
131.669,398.315628,60.622161,-1.500000,-7.057166,379.680806
131.694,372.589345,73.009886,1.500000,18.645974,379.659177
131.722,377.521850,64.930511,1.500000,13.684003,379.631638
131.751,407.242648,64.281901,-1.500000,-16.068830,379.601699
131.783,373.943539,65.789636,1.500000,17.190146,379.564191
131.808,378.117352,64.695787,1.500000,12.982417,379.532494
131.845,396.600044,68.944466,-1.500000,-5.553767,379.482502
131.871,423.654692,63.861746,-1.500000,-32.650253,379.443400
131.902,381.367717,68.417639,1.500000,9.585367,379.395406
131.933,402.424843,63.829264,-1.500000,-11.527843,379.342991
131.966,385.827603,65.483289,1.500000,5.007212,379.284874
132.003,378.891473,68.668860,1.500000,11.868317,379.214756
132.038,398.145905,65.600553,-1.500000,-7.461634,379.144179
132.078,395.691957,65.888505,-1.500000,-5.099563,379.058313
132.130,398.756701,70.507936,-1.500000,-8.290543,378.940334
132.166,395.975885,70.721806,-1.500000,-5.603749,378.852463
132.195,373.887722,62.750827,1.500000,16.406107,378.779279
132.226,390.393107,68.101457,1.500000,-0.187861,378.696492
132.256,387.451151,64.406270,1.500000,2.667166,378.615250
132.290,390.223745,72.452211,1.248652,-0.207962,378.519423
132.332,383.962937,67.932282,1.500000,5.917334,378.392776
132.370,397.964571,69.456285,-1.500000,-8.208352,378.276840
132.396,403.727734,66.189680,-1.500000,-14.059013,378.195067
132.430,434.253952,67.776592,-1.500000,-44.706556,378.081678
132.459,407.213588,67.580884,-1.500000,-17.772117,377.982683
132.488,378.688752,65.656832,1.500000,10.646136,377.883072
132.522,401.044176,73.048906,-1.500000,-11.839714,377.761180
132.550,379.798996,67.240463,1.500000,9.295700,377.658594
132.582,391.418577,68.418554,-1.100347,-2.454210,377.536791
132.614,392.857989,63.792242,-1.500000,-4.026696,377.412424
132.648,386.001150,58.811689,1.500000,2.683532,377.275403
132.686,386.802818,70.605765,1.500000,1.718316,377.122555
132.717,368.263946,68.066971,1.500000,20.118097,376.992564
132.752,396.442196,67.727722,-1.500000,-8.222182,376.841134
132.782,417.668869,67.096119,-1.500000,-29.590297,376.708946
132.813,385.014627,67.514473,1.500000,2.915189,376.569921
132.845,385.808589,66.333947,1.500000,1.961932,376.421048
132.873,400.011045,65.606617,-1.500000,-12.379885,376.290803
132.904,409.826399,70.358116,-1.500000,-22.351379,376.144879
132.939,397.997061,66.646333,-1.500000,-10.702878,375.975872
132.972,369.469648,67.790103,1.500000,17.648771,375.811606
133.008,388.277090,68.805311,0.226245,-1.356341,375.626869
133.042,373.961713,71.513728,1.500000,12.771251,375.451368
133.075,386.702520,71.517068,1.464162,-0.157939,375.275310
133.106,379.720836,69.257565,1.500000,6.645470,375.108697
133.136,391.940149,68.775979,-1.500000,-5.750806,374.943311
133.166,378.639658,64.242703,1.500000,7.371363,374.776655
133.196,392.646507,65.374538,-1.500000,-6.814130,374.609698
133.230,377.382693,68.902039,1.500000,8.242473,374.416043
133.262,415.955229,66.086795,-1.500000,-30.528331,374.230746
133.300,404.432120,59.419689,-1.500000,-19.247276,374.004528
133.334,388.450068,70.601303,-1.500000,-3.487434,373.796854
133.367,387.378768,62.643849,-1.500000,-2.629326,373.597609
133.399,373.025551,64.473392,1.500000,11.506381,373.394329
133.428,387.182407,75.559987,-1.500000,-2.846617,373.211019
133.460,382.114603,70.511516,0.554641,2.002591,373.006723
133.494,396.832470,63.774955,-1.500000,-12.948648,372.788619
133.522,359.412138,64.549589,1.500000,24.273451,372.603354
133.553,371.198280,69.457673,1.500000,12.266462,372.396955
133.587,391.481772,65.955484,-1.500000,-8.256641,372.173020
133.618,355.557141,72.635906,1.500000,27.436788,371.956943
133.733,372.276222,69.842553,1.500000,9.852301,371.148152
133.766,377.846460,61.437389,1.500000,4.031052,370.913563
133.804,390.622642,62.959316,-1.500000,-9.047639,370.630844
133.834,396.540023,66.539655,-1.500000,-15.197506,370.413567
133.863,381.667107,71.686327,-1.500000,-0.560807,370.192804
133.893,368.959755,69.997420,1.500000,11.902729,369.964938
133.921,379.170743,68.995702,1.500000,1.464270,369.752349
133.952,369.949243,70.582637,1.500000,10.432215,369.515381
133.981,388.263171,70.635123,-1.500000,-8.123594,369.289324
134.012,376.550021,69.541132,1.500000,3.330356,369.047081
134.049,379.117491,60.652565,1.500000,0.447633,368.752452
134.081,383.431495,70.353396,-1.500000,-4.137875,368.498710
134.113,379.329177,70.491736,-1.500000,-0.315065,368.237487
134.144,379.448695,72.431995,-1.500000,-0.707410,367.982510
134.180,373.511872,68.135883,1.500000,4.912511,367.686339
134.212,379.527509,60.617150,0.182329,-1.392685,367.415724
134.241,398.550347,68.079900,-1.500000,-20.675745,367.172526
134.271,365.147058,65.958274,1.500000,12.459681,366.922186
134.305,353.342515,74.191599,1.500000,23.952100,366.630481
134.336,393.079005,86.187257,-1.500000,-16.073456,366.360326
134.370,381.393559,96.643987,-1.500000,-4.701246,366.067582
134.402,353.082455,100.607744,1.500000,23.300449,365.778414
134.435,337.769938,109.310453,1.500000,38.306305,365.491816
134.465,331.340799,106.086235,1.500000,44.442887,365.218398
134.498,321.573290,107.700858,1.500000,53.897052,364.925553
134.530,286.202896,123.207041,1.500000,88.954061,364.632670
134.560,253.650871,112.185519,1.500000,121.213715,364.359426
134.605,239.808899,116.467913,1.500000,134.613687,363.946342
134.634,235.626890,129.526517,1.500000,138.507984,363.677452
134.667,225.628482,126.713389,1.500000,148.167404,363.360642
134.699,218.841332,129.769084,1.500000,154.636317,363.063224
134.723,207.174344,145.929004,1.500000,166.056534,362.832597
134.753,194.060754,139.836470,1.500000,178.859260,362.542070
134.782,180.903550,127.779027,1.500000,191.720666,362.265623
134.812,173.413286,129.300360,1.500000,198.898591,361.973717
134.844,167.235684,137.972347,1.500000,204.746238,361.665347
134.878,157.691655,131.151982,1.500000,213.929538,361.328218
134.911,151.639725,127.424020,1.500000,219.636076,361.005422
134.943,158.173333,133.081814,1.500000,212.755988,360.681608
134.983,162.305290,126.717990,1.500000,208.201851,360.287048
135.014,156.915103,126.598662,1.500000,213.254702,359.971780
135.045,159.980301,114.155901,1.500000,209.848516,359.653100
135.074,157.082001,114.755881,1.500000,212.430623,359.357593
135.104,166.153189,119.002080,1.500000,203.033911,359.053365
135.138,170.935866,110.596307,1.500000,197.879311,358.705773
135.169,180.042402,108.403397,1.500000,188.422480,358.378395
135.208,184.250380,105.053447,1.500000,183.777130,357.969635
135.244,188.470450,86.302130,1.500000,179.157660,357.596365
135.281,198.847734,74.792342,1.500000,168.361452,357.204847
135.310,203.402258,89.203522,1.500000,163.475066,356.894696
135.340,209.141881,75.618721,1.500000,157.395533,356.577022
135.371,218.815451,81.447941,1.500000,147.367441,356.245693
135.401,218.565014,68.646298,1.500000,147.267864,355.918578
135.434,225.839384,87.629106,1.500000,139.616369,355.566124
135.467,219.507788,68.503195,1.500000,145.560400,355.203914
135.499,234.156431,76.402927,1.500000,130.536457,354.853166
135.539,250.267218,92.689686,1.500000,113.960189,354.418137
135.568,258.159661,69.886047,1.500000,105.724996,354.097810
135.604,270.986824,82.315247,1.500000,92.468017,353.696113
135.631,275.609116,66.050868,1.500000,87.521177,353.392797
135.665,278.785261,75.634229,1.500000,83.935396,353.009960
135.689,292.240079,100.289805,1.500000,70.189451,352.737879
135.723,308.888911,74.507204,1.500000,53.131558,352.355578
135.756,309.414747,82.434243,1.500000,52.203781,351.979932
135.791,309.892988,69.703437,1.500000,51.308332,351.590019
135.822,322.192006,82.324356,1.500000,38.621325,351.227412
135.854,325.808339,67.472639,1.500000,34.617793,350.865544
135.893,341.421923,70.463179,1.500000,18.525950,350.418573
135.922,349.273059,88.874721,1.500000,10.311425,350.078957
135.956,351.238847,73.666809,1.500000,7.928215,349.688843
135.992,362.118089,80.793681,-1.500000,-3.402971,349.266465
136.021,369.879308,69.219192,-1.500000,-11.524344,348.929873
136.048,381.232357,68.455597,-1.500000,-23.221180,348.608576
136.082,392.225313,65.958690,-1.500000,-34.643609,348.207200
136.115,386.433864,70.607635,-1.500000,-29.263715,347.822569
136.147,423.310016,67.829821,-1.500000,-66.545928,347.443073
136.183,424.996972,63.979816,-1.500000,-68.690423,347.015466
136.217,418.036447,64.036883,-1.500000,-62.169744,346.604396
136.249,430.636928,66.117797,-1.500000,-75.170560,346.230250
136.284,439.381135,67.097331,-1.500000,-84.365713,345.808805
136.316,447.550362,69.653726,-1.500000,-92.956789,345.414554
136.345,442.061405,61.355117,-1.500000,-87.841763,345.065086
136.378,427.243176,66.376244,-1.500000,-73.451644,344.664983
136.413,458.944324,71.435287,-1.500000,-105.601500,344.245630
136.454,459.410743,69.831084,-1.500000,-106.594184,343.753793
136.485,464.714766,67.383739,-1.500000,-112.306751,343.371977
136.634,446.658820,65.612283,-1.500000,-96.210695,341.540304
136.654,427.690703,70.232512,-1.500000,-77.503071,341.296853
136.678,397.651851,69.443850,-1.500000,-47.786242,340.995896
136.704,386.506768,64.800977,-1.500000,-36.978930,340.680223
136.731,392.063318,71.481736,-1.500000,-42.902780,340.336951
136.755,352.361253,65.788775,-1.500000,-3.515222,340.043019
136.782,338.207434,65.547223,1.500000,10.276614,339.704718
136.811,331.752758,66.747186,1.500000,16.350813,339.349131
136.842,344.459331,66.678882,1.500000,3.225285,338.957585
136.880,349.079196,68.311648,-0.792935,-1.897551,338.487519
136.909,341.719196,69.761941,1.500000,5.065830,338.116847
136.943,325.980255,64.550082,1.500000,20.354027,337.695590
136.971,345.467745,67.559525,1.500000,0.485265,337.339261
137.003,333.548869,67.122818,1.500000,11.978820,336.941765
137.040,341.210383,69.466535,1.500000,3.815655,336.472933
137.070,355.975187,72.997763,-1.500000,-11.362189,336.086914
137.103,343.483899,68.404780,-1.025453,0.694927,335.681145
137.139,347.477791,62.235927,-1.500000,-3.792178,335.220199
137.164,332.899140,72.083611,1.500000,10.447108,334.903036
137.199,331.717753,70.043635,1.500000,11.156734,334.462138
137.235,332.633889,64.909745,1.500000,9.744574,333.998563
137.267,335.342262,72.309762,1.500000,6.602690,333.593413
137.297,360.582668,69.384367,-1.500000,-19.041958,333.215617
137.330,343.835856,69.057717,-1.500000,-2.749569,332.790922
137.362,352.241401,69.582502,-1.500000,-11.594114,332.380641
137.394,348.019976,65.632223,-1.500000,-7.809771,331.972154
137.430,329.184218,72.235958,1.500000,10.544847,331.522491
137.461,324.635289,65.710782,1.500000,14.665974,331.122676
137.498,348.708680,73.314156,-1.500000,-9.908875,330.654023
137.525,333.189041,65.222335,1.500000,5.235040,330.302879
137.622,337.093601,67.200224,1.500000,0.007549,329.066495
137.656,342.440645,66.910410,-1.500000,-5.814131,328.622911
137.691,332.187384,66.413355,1.500000,3.973245,328.187503
137.730,341.434772,68.147545,-1.500000,-5.819278,327.678032
137.752,314.506314,70.312885,1.500000,20.807599,327.396181
137.787,342.914524,64.777136,-1.500000,-8.073726,326.954016
137.824,341.679954,63.474957,-1.500000,-7.350833,326.475814
137.855,325.524149,69.428160,1.500000,8.378598,326.077333
137.886,328.585933,64.274555,1.500000,4.892856,325.681111
137.914,346.091700,64.649829,-1.500000,-12.997609,325.321581
137.942,321.672081,59.845022,1.500000,11.045417,324.969625
137.972,352.922839,63.874078,-1.500000,-20.617613,324.584324
137.998,333.488541,70.066038,-1.500000,-1.537145,324.253641
138.030,323.870428,71.270253,1.500000,7.636072,323.837850
138.066,347.322553,62.281233,-1.500000,-16.310908,323.375369
138.099,326.490767,65.929158,1.500000,4.076292,322.959867
138.136,335.296741,64.261670,-1.500000,-5.236215,322.486473
138.166,312.199981,62.779925,1.500000,17.448135,322.101043
138.199,325.759406,63.716280,1.500000,3.440438,321.682097
138.230,338.777977,66.143648,-1.500000,-10.004909,321.283241
138.257,320.682980,66.804825,1.500000,7.718838,320.936278
138.308,327.916119,65.776403,1.500000,-0.207005,320.288891
138.336,331.902427,68.124927,-1.500000,-4.567832,319.938874
138.365,319.601956,62.575138,1.500000,7.341163,319.573008
138.391,331.029718,69.158371,-1.500000,-4.446926,319.236254
138.418,322.369849,69.397288,1.500000,3.846581,318.893860
138.444,331.721005,69.592583,-1.500000,-5.860107,318.561587
138.474,323.506732,66.396600,0.503649,1.960390,318.193573
138.503,340.914024,64.398567,-1.500000,-15.841955,317.824364
138.538,322.102274,66.779760,1.265413,2.490434,317.376363
138.563,338.726188,71.022436,-1.500000,-14.472249,317.059756
138.596,322.534231,63.433503,-0.285009,1.284074,316.652621
138.627,330.964798,64.854275,-1.500000,-7.563079,316.263289
138.658,326.692350,62.919496,-1.500000,-3.720042,315.861970
138.694,325.414705,58.648453,-1.500000,-2.916553,315.418834
138.726,312.791134,65.387675,1.500000,9.271487,315.011795
138.784,297.844363,60.175661,1.500000,23.452913,314.296520
138.832,308.618096,70.328900,1.500000,12.038354,313.697618
138.859,313.162129,71.116788,1.500000,7.125056,313.352509
138.893,327.999529,68.455931,-1.500000,-8.155470,312.938374
138.923,307.141171,67.771742,1.500000,12.305127,312.566633
138.949,325.165347,68.928082,-1.500000,-6.069371,312.239230
138.977,315.093157,65.740024,1.500000,3.630738,311.891491
139.008,316.556972,69.763826,1.500000,1.766890,311.517628
139.040,320.966692,66.435318,-1.500000,-3.070533,311.117906
139.070,324.039586,67.430749,-1.500000,-6.533376,310.753467
139.107,314.107697,65.475067,1.500000,2.913454,310.300141
139.143,315.558583,69.244208,1.500000,0.995208,309.863356
139.176,324.193724,65.650714,-1.500000,-8.071987,309.459568
139.208,319.373280,67.187275,-1.500000,-3.676141,309.062746
139.235,316.997986,67.369045,-1.500000,-1.651466,308.735066
139.264,304.129504,60.273351,1.500000,10.839404,308.382157
139.295,322.738680,68.353080,-1.500000,-8.163184,308.014482
139.330,295.653426,67.949728,1.500000,18.469139,307.591182
139.363,311.472436,71.643758,1.500000,2.221193,307.190308
139.401,315.483568,69.058608,-1.238465,-2.266265,306.745142
139.434,318.154774,64.341543,-1.500000,-5.364229,306.346304
139.468,312.025900,70.644044,-1.125270,0.336420,305.946094
139.497,300.016064,60.057617,1.500000,11.974693,305.598839
139.531,307.238266,71.561106,1.500000,4.318364,305.193112
139.562,299.726856,70.578324,1.500000,11.441395,304.830142
139.591,313.920381,69.855765,-1.500000,-3.116954,304.489184
139.622,318.142064,61.661578,-1.500000,-7.728424,304.124897
139.654,305.853392,66.071072,1.500000,4.153728,303.744972
139.689,295.489827,71.364372,1.500000,14.080704,303.336945
139.726,306.324152,65.762464,1.500000,2.792714,302.912958
139.761,306.849009,73.591204,1.500000,1.829381,302.503168
139.794,333.287391,67.373113,-1.500000,-25.007844,302.130417
139.822,311.899325,66.520998,-1.500000,-3.971776,301.801447
139.859,315.661895,64.508342,-1.500000,-8.182440,301.382668
139.883,307.372116,74.303173,-1.500000,-0.185258,301.109213
139.914,309.808352,71.742735,-1.500000,-2.994235,300.760857
139.945,295.262317,64.603594,1.500000,11.164999,300.399361
139.981,302.528955,61.950768,1.500000,3.475105,300.003794
140.017,314.414405,61.362466,-1.500000,-8.843469,299.599006
140.051,295.869024,65.265355,1.500000,9.291051,299.215024
140.082,303.576352,62.768614,1.500000,1.208501,298.864348
140.114,306.571060,67.742197,-1.111007,-2.160783,298.514278
140.146,302.447515,72.375857,0.486026,1.584691,298.160940
140.186,314.908095,66.950505,-1.500000,-11.345120,297.722407
140.215,306.268172,67.340897,-1.500000,-3.050126,297.400043
140.302,300.028816,66.351801,1.132699,2.178735,296.455655
140.322,303.972004,65.547456,-0.954201,-1.992282,296.242730
140.351,295.224285,65.897956,1.500000,6.422766,295.931823
140.378,302.219965,72.779324,0.727392,-0.886609,295.638650
140.402,301.838877,65.632185,-0.309356,-0.780209,295.381933
140.433,299.777593,70.346069,0.689359,0.930925,295.054690
140.454,313.018247,67.845776,-1.500000,-12.549566,294.830543
140.494,308.127849,65.377108,-1.500000,-8.107961,294.411110
140.525,288.697178,63.084364,1.500000,10.974183,294.085384
140.561,290.175707,75.123706,1.500000,9.091031,293.707232
140.594,303.451104,64.138130,-1.500000,-4.544177,293.370959
140.622,297.210866,65.997611,-0.192919,1.383921,293.079240
140.656,291.203404,74.149950,1.500000,7.018230,292.730499
140.678,298.501793,69.456600,1.070326,-0.526103,292.500645
140.709,312.097015,70.983499,-1.500000,-14.458930,292.185126
140.743,292.724469,72.292375,1.500000,4.545057,291.840679
140.773,297.959670,71.001017,0.648992,-1.006481,291.545037
140.807,306.042433,62.698755,-1.500000,-9.456436,291.201866
140.836,299.668613,65.726290,-1.500000,-3.387704,290.916738
140.866,296.398679,68.431216,-1.500000,-0.442761,290.613007
140.901,289.516509,65.279789,1.500000,6.079294,290.276451
140.939,289.490079,67.791629,1.500000,5.704634,289.901601
140.975,302.056381,64.791800,-1.500000,-7.240963,289.547119
141.007,286.248054,70.063921,1.500000,8.238083,289.239381
141.046,295.739997,67.912770,-0.129079,-1.650402,288.868780
141.074,291.097670,70.427272,1.500000,2.704279,288.599953
141.108,289.696118,68.713836,1.500000,3.766881,288.283177
141.139,299.418134,68.397798,-1.500000,-6.269924,287.988982
141.171,303.154191,65.743997,-1.500000,-10.321508,287.694097
141.202,296.437918,60.721580,-1.500000,-3.921015,287.398975
141.234,296.041518,62.636557,-1.500000,-3.839664,287.104536
141.266,283.016293,67.359489,1.500000,8.874253,286.813594
141.300,288.317465,69.512012,1.500000,3.244741,286.506734
141.335,294.074990,68.424172,-1.500000,-2.851580,286.190103
141.374,289.004328,70.263025,0.357640,1.839556,285.835405
141.409,283.020687,66.312205,1.500000,7.494634,285.528337
141.443,294.923425,66.872463,-1.500000,-4.730502,285.227031
141.474,285.451448,68.945607,1.500000,4.449629,284.954277
141.504,296.220192,65.234689,-1.500000,-6.602746,284.689203
141.533,281.688082,66.839845,1.500000,7.661404,284.438772
141.564,292.394935,69.234930,-1.500000,-3.325810,284.176752
141.595,291.758088,65.832086,-1.500000,-2.975073,283.909360
141.801,284.055005,64.355139,1.500000,2.909770,282.210070
141.817,282.657693,58.303795,1.500000,4.163098,282.075506
141.846,287.525323,65.641782,0.356185,-0.946555,281.849316
141.878,287.013061,67.875826,-0.642558,-0.711357,281.590377
141.905,287.519762,72.361323,-1.500000,-1.441427,281.381621
141.935,293.020812,72.831308,-1.500000,-7.190249,281.150059
141.967,280.802454,69.491684,1.500000,4.756601,280.896314
141.997,279.409226,68.503463,1.500000,5.903522,280.666120
142.032,285.882199,67.031674,0.472111,-0.850616,280.403348
142.065,293.103099,66.693852,-1.500000,-8.336091,280.156083
142.100,278.419354,66.560768,1.500000,6.064579,279.891526
142.135,286.943900,66.952719,-1.436512,-2.732416,279.636901
142.163,284.974356,72.922414,-1.500000,-0.987864,279.426628
142.193,280.473482,61.484463,1.500000,3.278398,279.207364
142.226,276.516440,71.644585,1.500000,6.986564,278.974770
142.259,274.914533,66.326790,1.500000,8.336798,278.739562
142.292,293.682666,70.186135,-1.500000,-10.680377,278.506812
142.383,291.638880,68.313482,-1.500000,-9.311987,277.875601
142.408,279.836219,64.371101,1.296231,2.314072,277.710552
142.443,293.007694,69.173950,-1.500000,-11.109656,277.474802
142.470,280.722259,67.970805,-0.649273,0.985719,277.297176
142.496,280.370696,69.945625,0.847243,1.152735,277.124702
142.526,275.317648,68.795146,1.500000,5.998639,276.931110
142.556,283.610900,68.515180,-1.445758,-2.503583,276.735810
142.596,285.504239,64.863697,-1.500000,-4.670596,276.480041
142.648,275.606304,64.588967,1.500000,4.882330,276.157601
142.677,273.943922,66.855763,1.500000,6.349723,275.975369
142.706,281.994242,66.590845,-0.781857,-1.888383,275.799868
142.734,281.031351,60.078293,-1.500000,-1.108167,275.629144
142.766,273.879455,69.426907,1.500000,5.843077,275.441619
142.791,274.420194,70.710215,1.500000,5.142272,275.292025
142.818,273.036443,71.280962,1.500000,6.358070,275.135059
142.848,290.373657,67.032908,-1.500000,-11.166336,274.960113
142.882,291.914326,62.670956,-1.500000,-12.916043,274.764751
142.914,291.626893,72.488220,-1.500000,-12.817493,274.588224
142.946,275.627195,64.959068,1.500000,2.991743,274.410222
142.992,290.826362,68.947775,-1.500000,-12.476816,274.158454
143.027,284.985113,66.053351,-1.500000,-6.838421,273.968871
143.063,275.957666,67.974462,0.899125,1.985432,273.778596
143.095,270.559198,65.151945,1.500000,7.207073,273.613337
143.123,273.985122,72.016500,1.500000,3.628187,273.470383
143.152,280.856373,65.834478,-1.500000,-3.403475,273.320466
143.185,272.579379,65.831805,1.500000,4.696344,273.154881
143.218,280.152751,60.095849,-1.500000,-3.048688,272.994451
143.259,281.926658,63.862194,-1.500000,-5.032585,272.798200
143.294,277.703857,64.750868,-1.500000,-0.990800,272.629025
143.328,275.501402,68.771590,-0.240756,1.042082,272.470546
143.357,257.080175,69.659744,1.500000,19.321056,272.337599
143.390,268.214217,69.049213,1.500000,8.027989,272.188978
143.424,267.130834,66.357174,1.500000,8.950912,272.039014
143.450,267.975954,64.595577,1.500000,7.985762,271.926838
143.478,275.175385,69.212296,1.500000,0.655258,271.804339
143.510,284.327513,70.818281,-1.500000,-8.641351,271.669310
143.542,285.989673,74.597665,-1.500000,-10.445308,271.536789
143.575,277.500228,73.246978,-1.500000,-2.099413,271.402631
143.672,281.013070,66.618632,-1.500000,-6.021835,271.019846
143.697,271.455179,69.148144,1.500000,3.438370,270.928551
143.734,270.970832,64.497659,1.500000,3.774933,270.790435
143.765,280.337720,62.732166,-1.500000,-5.714499,270.675908
143.803,285.353206,65.095451,-1.500000,-10.874447,270.540897
143.836,287.059413,69.592718,-1.500000,-12.700764,270.428644
143.866,270.882908,65.621478,1.500000,3.366057,270.326135
143.894,271.684915,65.694583,1.500000,2.465502,270.234035
143.923,273.056442,60.758942,1.500000,0.993153,270.139808
143.952,277.524825,64.081641,-1.500000,-3.573443,270.048021
143.985,269.010653,71.517934,1.500000,4.830862,269.945341
144.019,266.485606,72.292650,1.500000,7.243620,269.840398
144.049,279.567942,69.363050,-1.500000,-5.933790,269.751544
144.079,272.946013,63.874585,-1.143107,0.597558,269.666889
144.111,275.314901,69.524924,-1.500000,-1.869548,269.575096
144.148,263.451064,67.316854,1.500000,9.886378,269.474245
144.180,272.317578,65.320859,1.500000,0.929700,269.389979
144.215,275.621273,66.143101,-1.482977,-2.468620,269.301544
144.248,265.135026,63.642722,1.500000,7.929383,269.219074
144.282,273.939093,68.363971,0.699314,-0.963120,269.136423
144.308,279.785716,69.338142,-1.500000,-6.874507,269.075896
144.351,275.359316,64.729909,-1.500000,-2.551714,268.979067
144.382,267.478990,67.881965,1.500000,5.254642,268.909937
144.411,276.285832,61.368259,-1.500000,-3.616625,268.849725
144.441,264.443822,66.621279,1.500000,8.159001,268.787685
144.470,271.726222,58.209693,1.500000,0.816054,268.731099
144.499,278.571164,60.016758,-1.500000,-6.087341,268.676471
144.535,275.534242,71.964681,-1.500000,-3.121595,268.609951
144.566,267.211787,64.547549,1.500000,5.144608,268.557379
144.597,269.483802,65.183194,1.500000,2.815836,268.504335
144.636,281.372509,73.558087,-1.500000,-9.138089,268.443383
144.667,275.611148,62.781125,-1.500000,-3.428117,268.395356
144.698,275.760710,66.080269,-1.500000,-3.624553,268.351549
144.730,257.423621,67.203329,1.500000,14.665223,268.307331
144.760,270.980735,60.614380,1.500000,1.066412,268.268362
144.795,272.845898,69.105961,0.479920,-0.844154,268.225928
144.828,278.448245,68.505475,-1.500000,-6.488094,268.187057
144.864,264.477401,72.006290,1.500000,7.442482,268.149423
144.890,281.281264,71.354779,-1.500000,-9.389846,268.122821
144.917,263.695488,68.266878,1.500000,8.169118,268.097763
144.950,279.751145,67.364478,-1.500000,-7.916886,268.069401
144.979,264.621760,73.003765,1.500000,7.187308,268.045858
145.005,273.901338,65.636623,-0.687569,-2.112600,268.026857
145.033,262.397141,65.133604,1.500000,9.371281,268.007871
145.066,274.213179,72.972705,-1.213510,-2.466010,267.988009
145.098,269.495415,69.577756,1.154608,2.233156,267.970627
145.133,277.574089,69.320172,-1.500000,-5.862634,267.954630
145.168,273.806745,70.010527,-1.500000,-2.109724,267.941141
145.203,263.740743,68.705888,1.500000,7.945020,267.930619
145.239,270.048496,69.308689,1.500000,1.628552,267.922475
145.267,276.142112,61.509430,-1.500000,-4.469729,267.918115
145.300,275.397793,71.870013,-1.500000,-3.728574,267.915158
145.333,272.746270,69.046551,-1.500000,-1.077649,267.914599
145.362,265.486676,65.201688,1.500000,6.183494,267.916047
145.395,266.443584,70.594441,1.500000,5.230758,267.919946
145.431,276.491232,66.506948,-1.500000,-4.809328,267.927013
145.463,268.603681,70.232168,1.500000,3.087408,267.935597
145.496,268.522851,64.791623,1.500000,3.179864,267.946463
145.527,270.538699,65.292989,1.500000,1.177477,267.959043
145.557,284.563282,69.825303,-1.500000,-12.831961,267.973197
145.590,277.349143,67.340275,-1.500000,-5.598511,267.991245
145.624,279.198512,70.586143,-1.500000,-7.425642,268.012028
145.656,273.940525,67.492048,-1.500000,-2.144414,268.033748
145.690,263.747371,64.840896,1.500000,8.076117,268.059335
145.723,270.238888,71.846430,1.500000,1.613340,268.086195
145.756,275.683795,67.669696,-1.500000,-3.800630,268.115108
145.788,273.154767,64.568808,-1.500000,-1.238376,268.146160
145.817,265.692121,66.200758,1.500000,6.256105,268.175911
145.855,261.375276,66.948969,1.500000,10.617065,268.217141
145.887,264.046027,67.694545,1.500000,7.986338,268.254547
145.916,278.306725,70.387045,-1.500000,-6.237666,268.288840
145.951,265.438145,68.998331,1.500000,6.679567,268.334309
145.983,274.785611,63.839447,-1.302743,-2.621710,268.377478
146.014,269.422263,68.053982,1.500000,2.788519,268.421291
146.044,277.645965,65.297543,-1.500000,-5.386406,268.466878
146.074,271.634117,63.700497,-1.050130,0.674505,268.512731
146.106,259.539229,66.830836,1.500000,12.823759,268.563540
146.138,271.937638,71.709039,1.500000,0.482968,268.617389
146.169,280.101628,68.683451,-1.500000,-7.624017,268.670664
146.207,274.682563,66.417135,-1.500000,-2.131827,268.739006
146.245,269.060888,67.020027,1.500000,3.565641,268.809841
146.280,274.902611,67.278328,-0.797626,-2.203682,268.877503
146.310,273.122338,66.834559,-1.500000,-0.358928,268.937766
146.342,270.125405,64.651502,1.500000,2.708866,269.003991
146.375,266.056863,64.132435,1.500000,6.851522,269.073257
146.404,272.423524,73.481479,1.500000,0.554126,269.137990
146.435,287.568498,74.664289,-1.500000,-14.517981,269.206090
146.465,284.208896,69.395098,-1.500000,-11.083980,269.275622
146.498,277.599262,65.849834,-1.500000,-4.392310,269.352291
146.530,274.586987,67.481042,-1.500000,-1.297128,269.429775
146.564,270.961130,60.695705,1.423218,2.419165,269.514294
146.600,264.246188,66.090359,1.500000,9.231492,269.605309
146.631,264.255762,67.153333,1.500000,9.309057,269.686747
146.662,269.063421,73.092257,1.500000,4.588685,269.768324
146.694,274.712206,72.344964,0.332749,-0.965950,269.856314
146.726,278.357532,64.300333,-1.500000,-4.516288,269.945088
146.760,274.721633,65.307055,-1.500000,-0.776077,270.042576
146.792,272.737303,73.477011,0.079279,1.306939,270.134806
146.824,268.848103,67.724220,1.500000,5.295579,270.227740
146.857,272.030979,67.793666,1.500000,2.217465,270.325649
146.881,288.450303,68.833560,-1.500000,-14.121154,270.401073
146.921,280.690660,69.211288,-1.500000,-6.230089,270.523897
146.951,281.526077,72.447226,-1.500000,-6.965248,270.617597
146.983,272.106108,69.388873,1.500000,2.565027,270.720687
147.016,276.937698,64.433570,-0.734172,-2.151169,270.828532
147.048,274.124332,68.556353,-0.065806,0.778172,270.936920
147.082,270.812264,63.983055,1.500000,4.211335,271.050092
147.113,270.190699,72.163394,1.500000,4.949937,271.159472
147.150,272.287317,66.571060,1.500000,2.988651,271.285951
147.184,280.894033,68.075505,-1.500000,-5.489611,271.406002
147.215,281.123217,64.602597,-1.500000,-5.597440,271.519418
147.246,285.837798,64.455644,-1.500000,-10.190008,271.633449
147.279,274.959567,71.608406,-0.513950,0.815991,271.752858
147.307,275.565087,63.760701,-0.001860,0.324505,271.859432
147.338,287.878139,73.594877,-1.500000,-11.864066,271.975769
147.373,279.363681,67.592727,-1.500000,-3.204108,272.111750
147.406,270.976593,67.129705,1.500000,5.318404,272.238315
147.444,274.090517,65.928320,1.500000,2.365858,272.389135
147.476,272.554334,68.063915,1.500000,4.037823,272.516035
147.508,276.599751,59.783053,1.500000,0.131976,272.646474
147.544,285.890455,67.901309,-1.500000,-9.000913,272.793965
147.575,278.285748,70.653362,-1.500000,-1.260318,272.920963
147.603,269.610762,66.233523,1.500000,7.542062,273.040022
147.635,280.889448,69.549566,-1.500000,-3.593808,273.173495
147.666,274.180316,72.972150,1.500000,3.260201,273.308895
147.699,275.354104,63.724953,1.500000,2.236091,273.448780
147.731,287.055692,67.375882,-1.500000,-9.313989,273.590377
147.763,275.466670,56.930046,1.063027,2.423325,273.728967
147.796,279.896192,71.159386,-0.854074,-1.844740,273.879861
147.833,279.126356,70.507035,-1.500000,-0.899739,274.043567
147.862,270.206881,64.129219,1.500000,8.163726,274.178137
147.898,280.686373,66.761951,-0.723316,-2.142184,274.340364
147.928,273.317564,65.760344,1.500000,5.376813,274.480726
147.957,276.223020,75.726494,1.500000,2.617779,274.617569
147.990,281.481761,67.601912,-1.493806,-2.477582,274.770260
148.022,286.775265,73.268452,-1.500000,-7.608788,274.921941
148.055,279.257566,68.269333,-1.404969,0.079220,275.081108
148.089,277.174930,66.260587,1.432933,2.338984,275.246649
148.122,287.929895,68.359303,-1.500000,-8.243698,275.407660
148.154,276.419962,68.188472,1.500000,3.431390,275.562011
148.194,285.891355,75.797696,-1.500000,-5.829770,275.758490
148.218,278.890519,68.734347,-0.293976,1.300288,275.879259
148.251,282.880967,66.535196,-1.500000,-2.510474,276.047189
148.283,283.333897,66.792530,-1.500000,-2.793610,276.205876
148.317,265.468507,64.357960,1.500000,15.256561,276.378568
148.350,270.620865,66.772598,1.500000,10.288622,276.550923
148.383,268.124632,66.179922,1.500000,12.966638,276.720813
148.414,275.099106,62.637813,1.500000,6.166011,276.883287
148.445,284.214261,69.743509,-1.500000,-2.777809,277.043413
148.481,270.127827,63.217725,1.500000,11.513038,277.234454
148.514,275.750635,70.243485,1.500000,6.076662,277.408689
148.544,277.234290,56.865226,1.500000,4.766467,277.570800
148.581,286.137928,66.662795,-1.500000,-3.926936,277.767283
148.611,285.266163,63.266588,-1.500000,-2.882596,277.928567
148.644,280.992523,65.855117,0.416309,1.585861,278.110639
148.677,282.915004,66.847109,0.476868,-0.142899,278.291686
148.707,289.778607,65.563787,-1.500000,-6.830330,278.456333
148.739,276.244642,65.360493,1.500000,6.894498,278.634710
148.770,284.330869,68.772727,0.641857,-1.012386,278.802321
148.803,289.873958,60.350727,-1.500000,-6.357822,278.987042
148.843,284.892991,67.503614,-1.500000,-1.137701,279.210551
148.878,273.908818,64.411552,1.500000,10.062185,279.412152
148.908,279.614523,61.934895,1.500000,4.540021,279.583686
148.938,291.554270,69.251140,-1.500000,-7.219344,279.752268
148.971,284.313242,72.984446,-1.500000,0.226173,279.943378
149.003,278.488363,66.976935,1.500000,6.246526,280.126065
149.033,282.096506,66.403421,1.500000,2.824427,280.299937
149.066,288.893317,71.379192,-1.500000,-3.770229,280.488868
149.098,278.461999,70.584462,1.500000,6.863046,280.677612
149.141,294.058273,62.645565,-1.500000,-8.467786,280.925688
149.166,285.925628,64.180022,-1.500000,-0.177502,281.073015
149.205,279.248275,67.952726,1.500000,6.748763,281.305643
149.232,281.558153,62.116088,1.500000,4.607698,281.463413
149.260,297.976571,67.020762,-1.500000,-11.632490,281.629982
149.295,287.517611,69.991097,-1.500000,-0.949705,281.839164
149.326,287.065878,72.279331,-1.500000,-0.297030,282.026961
149.359,280.722475,61.335724,1.500000,6.254357,282.221338
149.394,284.676914,61.542013,1.500000,2.527757,282.434272
149.429,290.551334,68.836551,-1.500000,-3.116739,282.649154
149.466,286.796797,66.462892,-0.805130,0.877263,282.872953
149.494,275.559729,68.056419,1.500000,12.297940,283.044550
149.527,287.705191,65.968282,1.500000,0.366886,283.244931
149.561,286.389151,70.007561,1.500000,1.905971,283.453386
149.590,297.104974,70.558085,-1.500000,-8.621956,283.628989
149.621,294.649722,67.659062,-1.500000,-5.959043,283.823065
149.650,282.735617,64.029913,1.500000,6.142634,283.998366
149.677,289.157289,76.261289,1.500000,-0.098309,284.167271
149.707,293.661859,67.378971,-1.500000,-4.404827,284.352367
149.737,295.349286,67.911891,-1.500000,-5.891186,284.540280
149.773,287.412633,71.416721,1.261941,2.285694,284.764792
149.805,295.242585,66.753940,-1.500000,-5.333190,284.962052
149.843,303.430377,65.051471,-1.500000,-13.266469,285.199914
149.870,284.279152,72.704090,1.500000,6.068283,285.371435
149.901,293.708558,60.650524,-1.500000,-3.153271,285.565689
149.934,296.308059,68.244452,-1.500000,-5.530324,285.773584
149.964,284.390496,72.847230,1.500000,6.585353,285.958737
149.993,285.298735,65.842901,1.500000,5.876658,286.145227
150.028,291.414825,71.592409,1.497241,-0.002233,286.366908
150.058,300.068796,70.131855,-1.500000,-8.458079,286.552072
150.093,291.339785,69.292397,-1.249948,0.508860,286.774435
150.131,286.398424,70.027249,1.500000,5.711002,287.018155
150.164,281.787302,65.984451,1.500000,10.542299,287.223926
150.195,282.777373,67.041576,1.500000,9.765741,287.423472
150.225,297.722382,65.785376,-1.500000,-4.972435,287.616773
150.256,297.505926,62.254780,-1.500000,-4.547070,287.812014
150.291,298.919325,59.697726,-1.500000,-5.718868,288.037810
150.323,287.338393,66.568355,1.500000,6.082064,288.243417
150.356,282.900102,71.464952,1.500000,10.745162,288.453517
150.391,299.588777,64.501776,-1.500000,-5.708998,288.672691
150.423,307.273894,62.471151,-1.500000,-13.171400,288.880836
150.459,285.770628,68.032251,1.500000,8.581408,289.114052
150.491,292.448077,69.008611,1.500000,2.119447,289.315443
150.519,296.295057,65.415479,-0.357451,-1.537151,289.493370
150.548,305.922869,64.587440,-1.500000,-10.960176,289.684759
150.582,298.917294,67.775554,-1.500000,-3.726329,289.898097
150.614,290.428238,65.705248,1.500000,4.987468,290.108136
150.648,300.512991,66.196601,-1.500000,-4.865296,290.324949
150.682,290.430730,71.836416,1.500000,5.453041,290.545580
150.714,293.674979,64.721010,1.500000,2.423060,290.745830
150.746,295.355393,71.564825,1.500000,0.966396,290.954942
150.784,299.447656,65.083257,-1.500000,-2.867380,291.196519
150.815,298.633569,69.473597,-1.500000,-1.840192,291.395680
150.839,293.014593,69.750612,1.500000,3.944545,291.550596
150.870,303.340076,70.189868,-1.500000,-6.169750,291.747969
150.901,290.891872,70.014784,1.500000,6.496651,291.951890
150.933,303.173810,69.345938,-1.500000,-5.570704,292.152435
150.966,304.828975,67.184592,-1.500000,-6.998049,292.365352
151.002,286.841441,67.291137,1.500000,11.237619,292.597253
151.039,301.348446,64.782102,-1.500000,-3.015958,292.834101
151.074,299.139744,66.048076,-1.500000,-0.571022,293.054880
151.105,282.609616,64.063048,1.500000,16.174445,293.256132
151.147,287.750925,70.199983,1.500000,11.316518,293.520975
151.180,291.612781,64.108445,1.500000,7.683995,293.735305
151.210,294.626404,62.036787,1.500000,4.871253,293.923045
151.242,310.101973,66.959670,-1.500000,-10.387314,294.125850
151.270,299.867748,67.477866,-1.500000,0.039952,294.306261
151.301,301.950210,65.916719,-1.500000,-1.835351,294.499868
151.334,298.050232,68.056248,1.272780,2.294664,294.714856
151.374,299.032993,65.100307,1.500000,1.579888,294.965310
151.399,304.675544,70.448516,-1.500000,-3.893660,295.123256
151.438,298.706349,69.283854,0.963280,2.340775,295.371144
151.470,295.791613,65.307367,1.500000,5.472357,295.573804
151.507,305.558961,66.116509,-1.500000,-4.051281,295.801570
151.538,303.096534,66.126983,-1.500000,-1.381969,295.994921
151.570,305.434292,61.726128,-1.500000,-3.502989,296.197479
151.600,281.534944,72.064295,1.500000,20.598111,296.386033
151.630,287.351266,72.464283,1.500000,14.982054,296.573196
151.660,298.074096,72.204894,1.500000,4.460519,296.761323
151.690,298.950237,68.503959,1.500000,3.784004,296.947889
151.723,305.223414,70.606223,-1.247205,-2.273498,297.149454
151.754,316.768418,65.079395,-1.500000,-13.608317,297.345889
151.787,311.299296,73.251038,-1.500000,-7.927135,297.544076
151.823,310.868232,71.076897,-1.500000,-7.253703,297.770588
151.855,307.445309,63.985234,-1.500000,-3.625627,297.962320
151.889,285.102108,62.458724,1.500000,18.946485,298.176255
151.922,286.485703,68.060884,1.500000,17.773234,298.372839
151.952,281.502895,64.680090,1.500000,22.952676,298.556608
151.985,299.584839,65.711707,1.500000,5.088927,298.760529
152.017,307.524929,67.024473,-1.500000,-2.647310,298.951045
152.053,301.500533,67.753979,1.500000,3.610765,299.169437
152.083,301.734448,71.100938,1.500000,3.569301,299.349298
152.114,305.167580,64.451743,1.500000,0.338543,299.538432
152.146,316.979498,66.850052,-1.500000,-11.268972,299.729464
152.178,316.200780,73.010159,-1.500000,-10.284864,299.921417
152.208,317.209945,74.107583,-1.500000,-11.107872,300.095395
152.241,317.179372,70.103424,-1.500000,-10.864701,300.294085
152.274,301.471427,71.372419,1.500000,5.049435,300.486786
152.307,313.513129,67.123360,-1.500000,-6.784657,300.680815
152.349,310.305270,63.821895,-1.500000,-3.312381,300.927934
152.384,297.603399,60.892221,1.500000,9.612213,301.136086
152.411,312.441338,66.447913,-1.500000,-5.056750,301.294007
152.445,300.021844,67.876707,1.500000,7.568809,301.486591
152.478,317.215677,66.574381,-1.500000,-9.416312,301.681649
152.505,302.345860,74.632909,1.500000,5.620060,301.837309
152.537,295.832277,66.449285,1.500000,12.329839,302.020669
152.664,305.854161,66.606986,1.500000,3.078616,302.740913
152.697,312.905154,66.435290,-1.500000,-3.774547,302.925801
152.729,314.411506,69.261007,-1.500000,-5.091478,303.102830
152.758,311.278587,64.964859,-1.500000,-1.787089,303.263083
152.787,302.392585,68.409059,1.500000,7.271646,303.424514
152.816,304.594752,71.465773,1.500000,5.239679,303.583580
152.845,309.543007,67.010720,1.500000,0.463127,303.744051
152.878,301.857220,70.530272,1.500000,8.343182,303.925609
152.910,329.200324,66.132312,-1.500000,-18.811946,304.101287
152.942,310.579237,66.468690,-1.500000,-0.007036,304.273086
152.979,322.412537,66.246461,-1.500000,-11.624169,304.475111
153.012,314.312765,72.014846,-1.500000,-3.336847,304.650390
153.047,313.409370,66.057315,-1.500000,-2.236790,304.834188
153.082,305.119624,66.097753,1.500000,6.255993,305.023941
153.112,302.577447,73.737516,1.500000,8.964188,305.179097
153.141,300.113667,63.092333,1.500000,11.592121,305.332512
153.174,307.976263,69.102072,1.500000,3.914510,305.505396
153.204,318.472697,69.136617,-1.500000,-6.415892,305.660566
153.238,318.135894,62.694580,-1.500000,-5.891079,305.836276
153.272,304.899201,75.189476,1.500000,7.530654,306.009211
153.305,315.083180,62.266875,-1.123141,-2.473074,306.177669
153.345,312.042686,71.043950,-0.491460,0.787000,306.382885
153.374,311.896963,71.252339,0.897871,1.086100,306.526226
153.403,314.989344,68.188277,-1.168799,-1.850272,306.672030
153.437,308.846940,66.792540,1.500000,4.475495,306.843397
153.463,313.708040,69.554031,1.500000,-0.248815,306.971238
153.494,330.437561,68.261621,-1.500000,-16.816047,307.122910
153.527,314.730384,65.042698,-1.500000,-0.936757,307.283763
153.558,302.456108,70.353946,1.500000,11.499950,307.435569
153.590,307.502224,65.680361,1.500000,6.615843,307.586978
153.630,304.799112,63.367525,1.500000,9.527649,307.782019
153.664,319.545889,64.598086,-1.500000,-5.048936,307.941077
153.700,325.535264,62.912404,-1.500000,-10.857927,308.109661
153.732,324.330180,68.092076,-1.500000,-9.493023,308.259026
153.763,307.591335,68.030064,1.500000,7.402081,308.405061
153.795,313.152381,63.047161,1.500000,1.997333,308.551134
153.826,323.044459,66.224320,-1.500000,-7.739889,308.695860
153.855,311.266629,61.277687,1.500000,4.177764,308.826535
153.887,330.700951,67.763756,-1.500000,-15.100208,308.972657
153.918,325.045672,66.136505,-1.500000,-9.298490,309.109515
153.950,311.053970,72.452389,1.500000,4.843853,309.250302
153.985,323.369840,64.261286,-1.500000,-7.306244,309.405230
154.017,315.551677,65.996589,-1.065523,0.661765,309.545273
154.050,317.330755,66.502777,-1.500000,-0.960390,309.691930
154.085,310.597420,66.423031,1.500000,5.930725,309.839388
154.115,303.070705,68.172919,1.500000,13.596851,309.969679
154.148,305.713531,63.459479,1.500000,11.100496,310.106567
154.177,310.422529,66.966464,1.500000,6.524907,310.231248
154.210,323.977618,68.198379,-1.500000,-6.884988,310.366944
154.242,320.428318,66.099330,-1.500000,-3.195343,310.498108
154.274,318.475689,67.611529,-1.500000,-1.102770,310.628896
154.313,317.219566,71.529820,-1.110005,0.322704,310.787168
154.347,300.903163,69.001162,1.500000,16.784873,310.923398
154.383,311.833030,67.222202,1.500000,6.009431,311.067721
154.413,304.275852,70.260485,1.500000,13.692307,311.185195
154.444,312.098762,69.883549,1.500000,5.999139,311.306449
154.478,325.925980,66.189229,-1.500000,-7.687931,311.437429
154.508,313.397082,63.948522,1.500000,4.963220,311.551683
154.542,318.225542,70.198079,1.500000,0.274543,311.682322
154.579,334.047236,68.313005,-1.500000,-15.401400,311.818538
154.611,317.255345,66.103747,-0.030630,1.518229,311.937919
154.642,325.946900,62.274176,-1.500000,-7.051726,312.051565
154.675,338.141969,68.135452,-1.500000,-19.116309,312.173514
154.708,322.463316,66.386026,-1.500000,-3.311935,312.291010
154.739,313.633590,63.000867,1.500000,5.635311,312.400842
154.770,323.626039,71.473909,-1.500000,-4.240691,312.509671
154.802,317.195873,66.995344,0.926785,2.310572,312.622846
154.834,312.285640,70.054499,1.500000,7.337705,312.732097
154.865,330.877240,66.603784,-1.500000,-11.142696,312.836022
154.897,315.846916,66.863419,1.500000,4.003852,312.944643
154.931,311.344177,63.171734,1.500000,8.629214,313.059244
154.969,325.819520,68.656466,-1.500000,-5.711872,313.184717
154.997,324.392394,64.459098,-1.500000,-4.190336,313.272952
155.034,317.404617,66.507472,1.500000,2.926125,313.393217
155.062,323.063069,64.406266,-1.321378,-2.637132,313.482185
155.093,314.043539,63.192335,1.500000,6.485801,313.578822
155.126,322.352437,68.136921,-0.228242,-1.714472,313.680341
155.155,322.428068,71.348414,-1.500000,-1.693979,313.770176
155.186,323.729296,61.024472,-1.500000,-2.896304,313.862609
155.223,311.684819,68.958031,1.500000,9.266072,313.972796
155.257,319.139530,66.774616,1.500000,1.918194,314.072639
155.295,314.207110,72.381493,1.500000,6.967390,314.181775
155.327,340.547369,65.650774,-1.500000,-19.275358,314.272907
155.367,324.795635,56.661245,-1.500000,-3.403033,314.385609
155.396,318.687996,65.159205,1.500000,2.791328,314.466658
155.427,336.762256,66.917760,-1.500000,-15.193998,314.549774
155.455,325.113898,65.740520,-1.500000,-3.464614,314.625498
155.482,322.667367,72.775707,-1.500000,-0.942075,314.696534
155.511,310.673236,68.302473,1.500000,11.135044,314.774093
155.543,312.834926,66.160434,1.500000,9.062309,314.857229
155.576,316.094661,67.342903,1.500000,5.890138,314.939064
155.611,318.050155,69.104617,1.500000,4.028511,315.026791
155.637,326.561852,68.844473,-1.500000,-4.413404,315.092007
155.674,318.490131,64.645525,1.500000,3.755341,315.182684
155.704,324.919587,65.148687,-1.275734,-2.599357,315.252551
155.739,331.463401,65.755745,-1.500000,-9.055237,315.334733
155.774,323.378765,67.558376,-1.500000,-0.884719,315.414995
155.807,304.819160,63.670097,1.500000,17.756505,315.491276
155.846,323.420723,62.912358,0.955456,-0.752856,315.577446
155.878,318.170671,70.816812,1.500000,4.570665,315.646109
155.913,319.110901,67.816398,1.500000,3.712242,315.722564
155.941,332.141716,69.423756,-1.500000,-9.255577,315.781439
155.974,323.970690,62.971787,-1.500000,-1.011783,315.849446
156.004,331.046072,67.518737,-1.500000,-8.023136,315.909285
156.037,319.329742,64.537323,1.500000,3.762336,315.973905
156.065,317.373869,61.195172,1.500000,5.777073,316.028917
156.098,332.372537,71.955246,-1.500000,-9.154777,316.091365
156.133,338.178843,66.734119,-1.500000,-14.889292,316.158459
156.166,316.431667,60.877766,1.500000,6.920928,316.217379
156.201,333.799164,60.251379,-1.500000,-10.379286,316.280260
156.233,325.137276,65.541594,-1.500000,-1.656855,316.336841
156.260,311.767683,67.022914,1.500000,11.761922,316.382808
156.299,317.073303,70.165972,1.500000,6.526144,316.448082
156.331,337.325335,67.286100,-1.500000,-13.669791,316.500509
156.364,318.776310,69.675996,1.500000,4.934503,316.552162
156.393,325.063988,73.304111,0.288873,-1.304511,316.597643
156.425,329.443838,67.836058,-1.500000,-5.631779,316.646784
156.456,318.511989,68.687275,1.500000,5.347784,316.691376
156.486,332.828784,69.822880,-1.500000,-8.921547,316.735736
156.517,325.497142,70.306693,-1.500000,-1.542817,316.779743
156.550,320.881138,72.314262,1.500000,3.120445,316.823909
156.582,319.307518,63.962483,1.500000,4.740567,316.867369
156.617,330.383576,70.939940,-1.500000,-6.287741,316.911995
156.655,316.072672,69.381794,1.500000,8.074482,316.959957
156.683,320.170433,72.514914,1.500000,4.012696,316.993579
156.714,331.027626,74.496425,-1.500000,-6.805401,317.030116
156.746,328.156022,66.027907,-1.500000,-3.894723,317.066635
156.778,321.539887,65.592693,1.500000,2.759616,317.102339
156.809,321.677398,70.178776,1.500000,2.658175,317.136050
156.843,331.078533,67.994295,-1.500000,-6.705687,317.170884
156.878,323.221328,63.034192,-0.429250,1.188337,317.205294
156.916,337.704532,66.647805,-1.500000,-13.256015,317.241605
156.954,329.313647,69.619955,-1.500000,-4.827627,317.276655
156.990,312.014538,64.096775,1.500000,12.505165,317.308134
157.020,317.413232,69.515134,1.500000,7.132866,317.332801
157.045,335.796105,61.293950,-1.500000,-11.228938,317.352492
157.076,312.842076,62.353608,1.500000,11.751368,317.377051
157.107,318.710573,68.720851,1.500000,5.906690,317.399311
157.137,327.072229,63.777065,-1.438899,-2.432142,317.420642
157.170,317.420447,65.851546,1.500000,7.243167,317.442631
157.202,330.329196,62.781864,-1.500000,-5.643842,317.462947
157.238,323.547742,67.512840,-0.462705,1.160650,317.484479
157.275,314.358662,72.346366,1.500000,10.372016,317.505307
157.308,334.119310,66.685702,-1.500000,-9.370678,317.522086
157.339,318.468140,71.220439,1.500000,6.296655,317.537191
157.368,325.161684,64.838279,1.402949,-0.382517,317.550623
157.399,348.631034,67.148331,-1.500000,-23.838015,317.563569
157.433,341.370068,71.364354,-1.500000,-16.562799,317.576887
157.466,316.807450,67.662831,1.500000,8.012354,317.588602
157.505,331.385650,60.934004,-1.500000,-6.552644,317.600941
157.538,321.161471,66.636741,1.500000,3.681212,317.609984
157.578,334.552376,66.945826,-1.500000,-9.699251,317.619743
157.603,330.118401,66.852809,-1.500000,-5.259549,317.625095
157.634,328.788834,69.740185,-1.500000,-3.924163,317.630533
157.664,308.962744,63.153810,1.500000,15.906807,317.635094
157.693,322.793380,72.177526,1.500000,2.079931,317.638608
157.727,322.780532,63.671081,1.500000,2.096032,317.641649
157.757,334.693904,70.795462,-1.500000,-9.815413,317.643450
157.790,330.793529,69.177615,-1.500000,-5.914083,317.644342
157.829,316.239466,67.658885,1.500000,8.639674,317.644056
157.861,313.314287,68.843792,1.500000,11.563452,317.642747
157.895,326.547488,61.975426,-0.520905,-1.672423,317.640248
157.928,334.089920,63.581509,-1.500000,-9.218503,317.636839
157.954,320.930516,69.134212,1.500000,3.937130,317.633314
157.989,325.582991,69.337197,0.993563,-0.721319,317.627731
158.018,320.931812,72.919958,1.500000,3.923857,317.622121
158.051,338.577454,64.011354,-1.500000,-13.729397,317.615007
158.083,335.255334,67.218045,-1.500000,-10.415742,317.607095
158.115,351.061521,64.338657,-1.500000,-26.231556,317.598099
158.149,320.808837,66.232754,1.500000,4.010030,317.587727
158.182,320.622160,65.483935,1.500000,4.184922,317.576713
158.218,329.308488,64.565529,-1.500000,-4.515919,317.563148
158.250,332.523585,65.864964,-1.500000,-7.744356,317.550681
158.283,320.191949,66.728526,1.500000,4.572378,317.536754
158.312,322.877214,63.576944,1.500000,1.873177,317.523730
158.343,344.364099,64.019679,-1.500000,-19.629958,317.508543
158.378,331.273405,71.695004,-1.500000,-6.557925,317.491103
158.410,321.008400,64.522393,1.500000,3.689007,317.474212
158.441,340.850075,68.695132,-1.500000,-16.171160,317.456929
158.480,307.457133,58.659396,1.500000,17.197356,317.434102
158.513,328.187642,70.308534,-1.500000,-3.554906,317.413771
158.543,312.254381,67.975792,1.500000,12.357790,317.394553
158.582,322.005766,67.640877,1.500000,2.578593,317.368560
158.609,337.157585,66.152971,-1.500000,-12.593938,317.349203
158.643,340.491955,67.408631,-1.500000,-15.953982,317.325208
158.673,320.874587,66.409056,1.500000,3.639171,317.302577
158.704,329.305696,63.316789,-1.500000,-4.816908,317.279241
158.737,333.665667,65.539378,-1.500000,-9.204930,317.253025
158.773,315.813101,71.045454,1.500000,8.616924,317.224323
158.805,315.195763,67.602600,1.500000,9.205312,317.197267
158.842,326.372358,64.290319,-0.923773,-2.005831,317.164979
158.870,319.713883,64.570726,1.500000,4.625936,317.140018
158.903,326.845661,68.603046,-1.271013,-2.537396,317.110528
158.939,319.106317,67.752280,1.500000,5.165789,317.076735
158.968,331.799037,70.742379,-1.500000,-7.556138,317.049438
158.998,325.513746,65.169113,-1.500000,-1.302187,317.020149
159.029,315.327117,61.342710,1.500000,8.851317,316.989191
159.062,310.900880,67.974653,1.500000,13.242527,316.956455
159.096,329.616306,70.778129,-1.500000,-5.510583,316.921237
159.250,317.881819,69.948984,1.500000,6.043556,316.752687
159.279,317.537375,63.883645,1.500000,6.352436,316.719449
159.310,335.273878,66.492911,-1.500000,-11.422499,316.683532
159.341,339.176002,71.743801,-1.500000,-15.364594,316.646176
159.373,332.265992,69.673437,-1.500000,-8.495496,316.607940
159.410,324.390326,63.657260,-1.500000,-0.667279,316.563595
159.437,303.207383,66.480931,1.500000,20.479955,316.530222
159.474,322.554240,66.936489,1.500000,1.082702,316.483123
159.506,326.330654,70.316458,-1.500000,-2.736834,316.442822
159.542,311.705107,71.158007,1.500000,11.838858,316.396230
159.573,322.977255,69.824926,1.500000,0.523390,316.355743
159.601,326.388789,68.106390,-1.500000,-2.927850,316.318634
159.632,331.571225,69.433455,-1.500000,-8.154527,316.277288
159.663,315.131439,68.248161,1.500000,8.240404,316.235367
159.695,326.519006,66.491244,-1.500000,-3.193055,316.192478
159.729,311.628217,62.942685,1.500000,11.647284,316.145328
159.768,305.094295,64.927694,1.500000,18.123655,316.091541
159.801,320.218192,69.249504,1.500000,2.950468,316.045476
159.830,337.263436,66.461350,-1.500000,-14.138784,316.004348
159.867,326.503679,67.209467,-1.500000,-3.435851,315.951242
159.893,322.494974,67.951762,-0.856160,0.532783,315.913792
159.925,332.295881,63.904407,-1.500000,-9.319263,315.865997
159.952,318.969549,70.516833,1.500000,3.965501,315.827150
159.986,318.102343,67.937674,1.500000,4.778315,315.776316
160.018,323.266397,65.956444,0.972175,-0.436770,315.728623
160.053,320.234766,67.579724,1.500000,2.539505,315.676889
160.099,322.305707,71.616962,1.500000,0.394166,315.607358
160.133,335.043785,62.155704,-1.500000,-12.400495,315.554477
160.170,335.295479,65.795645,-1.500000,-12.713292,315.497371
160.202,332.366171,67.492801,-1.500000,-9.836871,315.447944
160.228,329.134585,71.254086,-1.500000,-6.647345,315.408636
160.255,311.310999,66.474455,1.500000,11.130485,315.365873
160.285,321.847206,67.902644,1.500000,0.543232,315.318166
160.317,326.366074,66.589855,-1.500000,-4.029145,315.268158
160.354,323.295863,72.926684,-1.500000,-1.021562,315.209627
160.391,320.892736,65.532281,0.093183,1.318446,315.150637
160.424,311.068569,67.279240,1.500000,11.085951,315.097682
160.460,325.956958,71.595487,-1.500000,-3.864600,315.039587
160.482,327.656431,69.303522,-1.500000,-5.602224,315.003932
160.512,309.882629,68.827598,1.500000,12.120523,314.956217
160.546,310.270728,70.035057,1.500000,11.672325,314.900050
160.576,322.011694,66.975661,1.353377,-0.121293,314.850842
160.610,317.585401,71.923552,1.500000,4.246257,314.795942
160.643,322.979054,61.514033,0.060124,-1.206344,314.740851
160.678,324.077729,67.072209,-1.500000,-2.365230,314.684578
160.717,329.515059,71.839908,-1.500000,-7.872642,314.619081
160.742,329.801907,72.370668,-1.500000,-8.203869,314.577606
160.778,321.121163,66.313607,-0.999582,0.414089,314.518927
160.803,318.468837,65.636537,1.500000,3.021753,314.477188
160.840,314.071631,65.663754,1.500000,7.353753,314.416247
160.871,330.877217,68.377034,-1.500000,-9.506818,314.364858
160.899,314.237243,73.429317,1.500000,7.082709,314.317712
160.933,325.587295,67.337832,-1.500000,-4.328418,314.260633
160.966,300.048446,73.591411,1.500000,21.151223,314.205298
160.998,323.779592,74.702907,-1.319812,-2.635836,314.153042
161.031,310.704289,71.103270,1.500000,10.379979,314.097446
161.062,324.127710,62.882984,-1.500000,-3.099389,314.045159
161.094,316.903572,67.658418,1.500000,4.069166,313.993213
161.135,317.425749,63.633964,1.500000,3.472451,313.923552
161.170,320.267868,69.951479,1.500000,0.567596,313.864919
161.201,326.391999,67.283084,-1.500000,-5.611415,313.813629
161.234,325.815271,66.757601,-1.500000,-5.093232,313.758915
161.264,315.835873,67.111620,1.500000,4.832371,313.708640
161.295,326.684926,66.333819,-1.500000,-6.070356,313.658477
161.326,321.481939,61.813444,-1.500000,-0.923519,313.605999
161.355,313.893843,65.704550,1.500000,6.613450,313.558218
161.388,313.736000,65.979565,1.500000,6.712867,313.503614
161.423,333.773964,64.160860,-1.500000,-13.385730,313.446948
161.452,315.131557,70.712971,1.500000,5.205068,313.398715
161.490,328.277212,70.750746,-1.500000,-8.006400,313.337208
161.524,327.831064,72.583013,-1.500000,-7.620667,313.280744
161.555,316.600403,68.775252,1.500000,3.557264,313.231465
161.585,315.390833,64.073711,1.500000,4.714548,313.182599
161.618,330.578687,68.750283,-1.500000,-10.530196,313.129432
161.650,314.828977,65.595655,1.500000,5.164794,313.078290
161.683,334.512189,66.822885,-1.500000,-14.575672,313.024782
161.718,330.816808,65.368043,-1.500000,-10.940466,312.968544
161.753,313.298768,65.064905,1.500000,6.518915,312.913723
161.789,331.435205,69.901722,-1.500000,-11.678119,312.857089
161.817,318.726552,67.385571,-0.677542,0.982853,312.812528
161.846,320.797944,64.302725,-1.500000,-1.136827,312.767400
161.877,312.923557,63.349479,1.500000,6.684750,312.718044
161.910,313.711163,66.761056,1.500000,5.843308,312.667730
161.944,318.238164,65.215019,1.500000,1.260419,312.615499
161.978,325.334751,70.604574,-1.500000,-5.892225,312.563108
162.012,324.209848,69.327402,-1.500000,-4.821966,312.512040
162.045,313.687046,71.661451,1.500000,5.648060,312.462716
162.076,323.785043,68.363331,-1.500000,-4.499276,312.416604
162.103,311.230009,69.013521,1.500000,8.011384,312.375133
162.137,323.355850,64.292846,-1.500000,-4.168102,312.324999
162.170,305.362387,67.642411,1.500000,13.773962,312.276962
162.202,318.361171,74.730872,1.500000,0.726347,312.231325
162.237,322.457830,65.447987,-1.500000,-3.425255,312.179977
162.269,316.940647,65.680266,0.603462,2.042994,312.134244
162.301,311.013121,64.366172,1.500000,7.922679,312.089533
162.338,323.732349,67.995673,-1.500000,-4.852225,312.037499
162.369,315.602490,64.680966,1.500000,3.231764,311.994630
162.406,317.284725,70.331730,1.500000,1.495188,311.943844
162.438,333.380774,67.423796,-1.500000,-14.646564,311.901131
162.469,332.704099,64.931256,-1.500000,-14.014600,311.859345
162.496,333.214175,68.293280,-1.500000,-14.562716,311.823793
162.526,315.800770,69.349566,1.500000,2.808166,311.784052
162.555,317.513014,68.657450,1.500000,1.055755,311.746513
162.585,323.106099,63.912109,-1.500000,-4.578161,311.708354
162.616,320.479612,67.830646,-1.500000,-1.993915,311.668876
162.646,316.652195,72.610459,0.665665,1.792224,311.630299
162.685,323.768175,68.163079,-1.500000,-5.375563,311.581880
162.721,318.923126,67.328513,-1.500000,-0.576953,311.538480
162.752,305.145157,68.489432,1.500000,13.160798,311.500892
162.783,311.932338,68.208539,1.500000,6.334923,311.464730
162.813,307.866662,66.319334,1.500000,10.362743,311.429351
162.843,318.170428,65.737144,1.500000,0.021745,311.394554
162.877,319.683325,69.598681,-0.352068,-1.532695,311.355728
162.909,320.977700,67.350835,-1.500000,-2.865276,311.320023
162.941,324.342460,64.669706,-1.500000,-6.267295,311.285201
162.979,310.522674,63.597886,1.500000,7.508698,311.244273
163.012,321.216055,68.316345,-1.500000,-3.221244,311.210104
163.046,323.048573,68.038968,-1.500000,-5.091574,311.174765
163.083,311.317180,65.420766,1.500000,6.600051,311.137599
163.108,310.012565,72.305892,1.500000,7.877463,311.112175
163.138,325.412823,63.851762,-1.500000,-7.553638,311.083350
163.167,315.893726,64.671375,0.473269,1.935249,311.055117
163.198,318.910884,64.565778,-0.631355,-1.112928,311.026127
163.230,316.383173,60.141468,0.905462,1.383089,310.996506
163.261,321.442214,63.318416,-1.500000,-3.705755,310.968653
163.294,314.045154,64.318629,1.500000,3.660869,310.940209
163.341,312.753051,63.914731,1.500000,4.910207,310.900241
163.370,318.564456,66.006531,0.380682,-0.926282,310.876798
163.407,323.339264,69.244912,-1.500000,-5.733151,310.846834
163.442,324.703075,64.694783,-1.500000,-7.125951,310.819742
163.473,307.758399,70.260256,1.500000,9.794201,310.796823
163.502,312.272759,67.698032,1.500000,5.257288,310.775745
163.529,323.794573,62.658594,-1.500000,-6.285122,310.756496
163.559,315.532308,71.925486,0.497657,1.955432,310.736205
163.589,318.464640,66.341656,-0.465902,-0.998641,310.715887
163.621,327.800934,66.929745,-1.500000,-10.356523,310.695712
163.658,311.595290,71.926187,1.500000,5.824929,310.673102
163.690,317.950616,67.195392,1.199353,-0.551010,310.653838
163.725,318.999992,69.333159,-0.796401,-1.621318,310.634275
163.756,312.477700,63.073949,1.500000,4.883084,310.617554
163.785,327.404809,67.603952,-1.500000,-10.059947,310.602675
163.817,318.804942,65.094598,-1.500000,-1.476865,310.586987
163.853,317.574519,66.626438,-1.500000,-0.264066,310.570516
163.882,325.562578,70.061026,-1.500000,-8.265688,310.557841
163.918,303.165131,64.015762,1.500000,14.115911,310.543030
163.953,306.699823,70.241762,1.500000,10.566974,310.529717
163.991,316.093632,63.858264,1.500000,1.158867,310.516354
164.016,316.009077,64.200654,1.500000,1.234451,310.507969
164.053,323.546662,66.340620,-1.500000,-6.314792,310.497075
164.094,313.267414,70.603678,1.500000,3.952688,310.486076
164.124,324.913363,70.128925,-1.500000,-7.700892,310.478944
164.154,322.410537,66.724107,-1.500000,-5.204738,310.472709
164.181,313.578649,65.046129,1.500000,3.621799,310.467709
164.208,305.640434,62.014352,1.500000,11.555203,310.463212
164.237,326.125804,64.463446,-1.500000,-8.934449,310.459210
164.267,313.336744,64.622369,1.500000,3.851012,310.455846
164.297,327.680159,72.639265,-1.500000,-10.495181,310.453250
164.329,317.161379,66.296249,-1.500000,0.021605,310.451386
164.366,314.152623,66.350246,1.500000,3.029244,310.450343
164.394,322.481386,69.770098,-1.500000,-5.299497,310.450363
164.426,314.005138,71.367398,1.500000,3.177701,310.451251
164.460,312.963012,68.900506,1.500000,4.221894,310.453184
164.496,328.554774,69.159802,-1.500000,-11.366418,310.456407
164.531,326.855744,68.736736,-1.500000,-9.662843,310.460655
164.564,327.234459,65.545713,-1.500000,-10.036157,310.465703
164.596,304.053367,71.306317,1.500000,13.151243,310.471598
164.634,332.836596,60.695916,-1.500000,-15.623225,310.479786
164.663,310.859607,67.737612,1.500000,6.361515,310.487029
164.697,330.161266,64.252840,-1.500000,-12.930094,310.496422
164.726,296.907910,70.920793,1.500000,20.332829,310.505363
164.757,320.195607,67.697466,-1.500000,-2.943873,310.515639
164.794,308.611612,66.918538,1.500000,8.654866,310.529418
164.830,323.765733,65.688831,-1.500000,-6.484153,310.543533
164.861,324.914517,63.824124,-1.500000,-7.618169,310.557334
164.894,303.632634,71.686186,1.500000,13.680109,310.572657
164.928,305.548120,71.965789,1.500000,11.782268,310.589148
164.957,309.865887,66.999324,1.500000,7.481310,310.604857
164.990,304.978368,72.626536,1.500000,12.388574,310.623311
165.023,316.849324,68.170303,1.500000,0.538072,310.642426
165.057,322.463558,63.164897,-1.500000,-5.053024,310.664050
165.089,317.369516,67.937058,-1.500000,0.063300,310.684875
165.122,319.598472,64.825231,-1.500000,-2.141882,310.707094
165.152,302.609095,64.939533,1.500000,14.871066,310.729122
165.185,314.326900,71.645842,1.500000,3.179572,310.753712
165.215,322.071230,72.235684,-1.500000,-4.539568,310.777254
165.252,326.172198,73.588950,-1.500000,-8.608148,310.807524
165.286,302.802804,65.689292,1.500000,14.791778,310.836058
165.320,319.083557,67.471712,0.104550,-1.457053,310.865891
165.353,313.681169,72.379140,1.500000,3.978148,310.896557
165.383,318.329282,68.841579,0.896711,-0.639814,310.924736
165.413,324.106874,68.999250,-1.500000,-6.385459,310.954593
165.442,334.064080,64.452152,-1.500000,-16.311306,310.983901
165.474,323.456612,68.724131,-1.500000,-5.668835,311.016614
165.506,322.514244,65.546311,-1.500000,-4.689832,311.050853
165.544,307.131953,62.532049,1.500000,10.737247,311.092710
165.575,305.063153,62.220310,1.500000,12.844820,311.128947
165.609,309.434995,66.599369,1.500000,8.514994,311.168214
165.649,322.910927,67.960659,-1.500000,-4.909232,311.216538
165.685,319.669508,71.155686,-1.500000,-1.619123,311.262042
165.711,317.185610,65.583138,-0.412379,0.900050,311.295009
165.741,306.953862,72.188667,1.500000,11.174300,311.334731
165.774,317.926174,68.653120,1.500000,0.249084,311.378746
165.801,316.400975,65.924367,1.500000,1.815140,311.416931
165.833,325.998793,69.370234,-1.500000,-7.734525,311.461933
165.868,330.235812,71.412337,-1.500000,-11.918021,311.511954
165.907,319.845823,68.095430,-1.500000,-1.466319,311.569630
165.929,327.093139,62.544866,-1.500000,-8.679139,311.601870
165.972,307.119455,62.249739,1.500000,11.365750,311.668415
165.996,301.050209,70.764772,1.500000,17.476404,311.707115
166.047,314.452031,66.248785,1.500000,4.161939,311.788757
166.073,327.332959,62.860005,-1.500000,-8.672140,311.832541
166.107,319.837736,59.004496,-1.500000,-1.116024,311.889450
166.137,308.789895,71.266705,1.500000,9.987280,311.941285
166.173,309.496891,65.973328,1.500000,9.347170,312.003795
166.198,315.276918,68.499219,1.500000,3.614607,312.048154
166.235,332.297449,66.665737,-1.500000,-13.334669,312.114747
166.263,324.268666,65.802410,-1.500000,-5.250709,312.166315
166.297,316.779975,71.038455,1.287993,2.307254,312.231056
166.335,315.470008,70.959566,1.500000,3.694494,312.303273
166.365,311.281074,66.391638,1.500000,7.947125,312.362803
166.395,326.825386,66.176869,-1.500000,-7.533469,312.422352
166.427,323.825925,66.796352,-1.500000,-4.466319,312.485613
166.456,331.401792,66.992753,-1.500000,-11.978973,312.544691
166.487,321.497951,69.408138,-1.500000,-2.004957,312.610274
166.520,309.837755,65.132256,1.500000,9.728756,312.678982
166.553,331.138041,74.255079,-1.500000,-11.496829,312.748796
166.586,309.227879,64.808978,1.500000,10.491250,312.821616
166.621,321.880727,69.173913,-0.647307,-2.079280,312.898549
166.660,318.031719,66.594958,1.344088,1.864341,312.986972
166.691,306.928219,63.897544,1.500000,13.042281,313.056542
166.721,328.764532,62.553639,-1.500000,-8.718513,313.127121
166.752,322.070529,68.111958,-1.500000,-1.949088,313.197608
166.781,315.133166,66.246677,1.500000,5.063835,313.268225
166.811,320.138926,65.348868,1.500000,0.133815,313.339010
166.841,326.002239,70.162900,-1.500000,-5.651911,313.411521
166.874,321.235985,64.152242,-1.500000,-0.799383,313.492151
166.906,312.140417,69.080799,1.500000,8.381842,313.572205
166.946,310.214636,68.399229,1.500000,10.416600,313.674052
166.985,317.651278,63.083526,1.500000,3.085651,313.772831
167.015,324.523253,65.912586,-1.500000,-3.702853,313.850841
167.044,327.836327,71.747761,-1.500000,-6.934608,313.926840
167.077,326.916117,64.950632,-1.500000,-5.918366,314.016590
167.107,316.535718,68.754083,1.500000,4.546242,314.095290
167.137,330.543410,62.726575,-1.500000,-9.373255,314.177715
167.169,329.193366,67.261707,-1.500000,-7.930018,314.264812
167.201,312.086148,65.986941,1.500000,9.273954,314.355235
167.236,306.631463,63.778682,1.500000,14.833039,314.452805
167.273,323.103003,64.298395,-0.342867,-1.525081,314.558805
167.303,312.872967,62.931423,1.500000,8.797055,314.644880
167.336,321.393293,64.599335,1.500000,0.376597,314.738215
167.366,323.647932,69.084899,-0.654960,-1.783365,314.826698
167.395,324.279813,72.850977,-1.500000,-2.324234,314.911756
167.425,327.809892,69.290540,-1.500000,-5.757644,315.002101
167.458,327.682777,68.484324,-1.500000,-5.523852,315.101799
167.489,326.450482,69.331227,-1.500000,-4.189770,315.196927
167.525,309.021186,69.735348,1.500000,13.356554,315.306299
167.561,311.992959,72.666744,1.500000,10.505214,315.418853
167.596,302.057668,70.019113,1.500000,20.556125,315.526909
167.623,316.478181,66.366383,1.500000,6.227410,315.612702
167.655,321.924313,63.690984,1.500000,0.890315,315.714606
167.685,333.731424,71.638150,-1.500000,-10.810952,315.813525
167.717,335.205471,67.224528,-1.500000,-12.174741,315.916570
167.749,319.040971,69.381924,1.500000,4.100408,316.019980
167.786,340.036633,68.521797,-1.500000,-16.764314,316.142355
167.818,325.866607,69.215403,-1.500000,-2.480724,316.248489
167.855,325.081822,64.989942,-1.500000,-1.561774,316.373877
167.887,317.139248,59.547378,1.500000,6.495668,316.481230
167.916,324.125349,70.063601,1.403173,-0.382331,316.582260
167.950,331.318445,65.485790,-1.500000,-7.452140,316.697481
167.978,324.441595,69.217506,-1.500000,-0.471137,316.794821
168.010,313.658147,68.049342,1.500000,10.433133,316.907738
168.045,324.822734,65.451819,1.137577,-0.602135,317.028598
168.078,318.047716,64.426603,1.500000,6.299108,317.146565
168.109,322.611579,62.590324,1.500000,1.852619,317.256260
168.149,325.132597,61.060234,0.880408,-0.512716,317.401758
168.177,330.884875,65.448502,-1.500000,-6.156442,317.503208
168.212,335.562176,76.908119,-1.500000,-10.699326,317.628832
168.240,336.313462,65.423438,-1.500000,-11.340501,317.731739
168.272,322.347077,66.564211,1.500000,2.755051,317.852456
168.305,342.136747,66.765232,-1.500000,-16.903751,317.974763
168.337,327.343934,65.257135,-1.500000,-1.984575,318.092859
168.370,316.954831,68.753555,1.500000,8.537119,318.216776
168.402,318.740913,68.319398,1.500000,6.882384,318.339530
168.437,326.828073,69.393373,0.216962,-1.061774,318.473176
168.470,331.484552,71.201067,-1.500000,-5.584413,318.598260
168.495,329.049575,66.362228,-1.500000,-3.045726,318.695186
168.527,321.687503,66.289350,1.500000,4.450021,318.820116
168.557,324.804102,66.671909,1.500000,1.459471,318.937919
168.589,332.274705,66.021536,-1.500000,-5.879374,319.061057
168.622,319.778326,63.639195,1.500000,6.757930,319.192762
168.655,343.137055,66.583532,-1.500000,-16.461264,319.323169
168.690,333.472894,67.029610,-1.500000,-6.649672,319.460955
168.726,327.051966,64.675917,-1.500000,-0.072517,319.606962
168.763,313.724574,63.285680,1.500000,13.415094,319.756699
168.796,326.504085,69.546258,1.500000,0.779358,319.891068
168.828,333.962576,73.037408,-1.500000,-6.540745,320.020403
168.863,316.499354,65.214113,1.500000,11.074315,320.162307
168.888,327.493664,68.873232,1.500000,0.189433,320.264576
168.916,321.863853,60.362094,1.500000,5.944574,320.381708
168.952,331.615157,73.656382,-1.500000,-3.647957,320.530093
168.985,332.686080,66.305524,-1.500000,-4.568854,320.670305
169.018,329.826097,67.643164,-1.500000,-1.562014,320.807554
169.049,337.746139,63.531571,-1.500000,-9.343233,320.937295
169.081,318.814300,65.361987,1.500000,9.733598,321.072802
169.111,324.674570,69.530443,1.500000,4.008534,321.199163
169.140,333.808814,64.406066,-1.500000,-4.993534,321.322692
169.173,318.532004,68.266928,1.500000,10.433322,321.462921
169.211,327.600545,67.911348,1.500000,1.539852,321.626539
169.238,334.709222,76.240408,-1.500000,-5.447194,321.740213
169.275,325.894210,65.974168,1.500000,3.539271,321.900449
169.306,328.339944,71.144429,1.500000,1.236645,322.034196
169.338,336.550170,67.289625,-1.500000,-6.825533,322.172558
169.370,340.051540,64.789149,-1.500000,-10.178308,322.311431
169.400,330.042801,70.249061,-1.500000,-0.028546,322.443229
169.433,319.339333,75.359451,1.500000,10.832386,322.590391
169.466,327.899958,68.267552,1.500000,2.423839,322.732520
169.511,323.857370,62.620791,1.500000,6.682614,322.934565
169.550,335.520860,65.756351,-1.500000,-4.799073,323.104474
169.582,335.387833,67.812035,-1.500000,-4.513084,323.247429
169.611,319.454892,71.854490,1.500000,11.561264,323.379585
169.640,333.732216,60.782990,-1.250418,-2.578407,323.508233
169.669,333.270762,66.505461,-1.500000,-1.977916,323.638173
169.698,320.814685,69.943502,1.500000,10.618222,323.769072
169.733,337.208373,64.377133,-1.500000,-5.608329,323.925275
169.762,319.003853,68.597398,1.500000,12.737032,324.056901
169.801,337.862533,74.300979,-1.500000,-5.935952,324.230450
169.833,322.836674,72.922756,1.500000,9.246384,324.376690
169.863,326.750827,70.890449,1.500000,5.477777,324.512714
169.895,341.669567,68.971800,-1.500000,-9.287280,324.656344
169.925,327.804492,66.092078,1.500000,4.728083,324.796799
169.957,344.402096,67.416560,-1.500000,-11.715600,324.940650
169.990,344.136644,71.497285,-1.500000,-11.289821,325.090488
170.022,322.163738,65.115092,1.500000,10.843185,325.240115
170.055,332.382237,70.786070,1.500000,0.782037,325.387172
170.089,320.727384,65.402688,1.500000,12.607047,325.546198
170.127,332.293440,63.218092,1.500000,1.226746,325.719800
170.157,346.856013,64.441710,-1.500000,-13.187456,325.858464
170.190,345.969421,65.959041,-1.500000,-12.136886,326.011716
170.221,341.153259,61.919324,-1.500000,-7.168237,326.154226
170.249,341.009949,65.875677,-1.500000,-6.886045,326.284023
170.281,336.935520,66.775611,-1.500000,-2.654971,326.430420
170.316,326.857271,68.748930,1.500000,7.593667,326.589661
170.349,340.419751,65.629852,-1.500000,-5.804787,326.742957
170.381,320.562765,63.444296,1.500000,14.213623,326.893821
170.419,332.818725,64.015718,1.500000,2.145235,327.069121
170.450,339.140240,61.105050,-1.500000,-4.024435,327.211033
170.481,335.918117,61.375854,-1.500000,-0.645963,327.357153
170.513,321.144978,65.203143,1.500000,14.284510,327.504195
170.544,316.442091,69.724784,1.500000,19.140239,327.647038
170.577,316.297351,69.502191,1.500000,19.451946,327.803081
170.608,341.581412,63.334954,-1.500000,-5.680020,327.945226
170.641,338.437802,64.438261,-1.500000,-2.370317,328.100453
170.673,328.769501,67.876266,1.500000,7.453499,328.245794
170.710,336.994137,66.066457,1.159911,-0.583652,328.421014
170.742,342.110932,62.363409,-1.500000,-5.543872,328.567346
170.773,325.820903,72.707684,1.500000,10.901130,328.712180
170.808,334.602688,66.246461,1.500000,2.292474,328.873983
170.837,331.147909,67.795851,1.500000,5.890431,329.007794
170.871,335.807328,70.400029,1.500000,1.396849,329.162782
170.899,353.384406,65.834649,-1.500000,-16.038444,329.295292
170.934,346.750407,70.497362,-1.500000,-9.235354,329.453320
170.965,337.352510,66.929799,-1.114244,0.319196,329.599725
170.997,342.199813,64.059506,-1.500000,-4.372690,329.744975
171.029,348.420890,66.207110,-1.500000,-10.433606,329.894658
171.063,334.984345,66.431677,1.500000,3.170008,330.050797
171.097,346.862499,67.212149,-1.500000,-8.543971,330.204231
171.135,344.467855,67.292896,-1.500000,-5.960574,330.380637
171.169,325.715585,62.331665,1.500000,12.955555,330.533775
171.196,334.109617,70.924131,1.500000,4.695775,330.659245
171.229,350.555672,65.289748,-1.500000,-11.592082,330.807093
171.259,353.365931,66.809652,-1.500000,-14.255694,330.944147
171.293,346.755413,67.035891,-1.500000,-7.476493,331.101795
171.333,325.133749,66.544441,1.500000,14.339568,331.283474
171.358,325.852511,73.296442,1.500000,13.738805,331.393753
171.391,319.301525,67.499889,1.500000,20.452049,331.545397
171.428,321.407483,69.068552,1.500000,18.523618,331.711309
171.454,328.821581,69.643183,1.500000,11.234459,331.828075
171.488,342.658234,74.134837,-1.450345,-2.441614,331.978149
171.525,346.563152,65.751929,-1.500000,-6.169317,332.143771
171.554,328.062791,67.665725,1.500000,12.469360,332.273038
171.585,352.580661,72.630098,-1.500000,-11.899077,332.412695
171.617,336.508615,67.172766,1.500000,4.324876,332.554665
171.648,337.954795,69.673170,1.500000,3.022125,332.688710
171.681,335.494706,63.052255,1.500000,5.640107,332.836274
171.715,359.092232,66.981498,-1.500000,-17.797939,332.985321
171.749,357.482742,64.762224,-1.500000,-16.031456,333.132044
171.787,353.031901,63.022103,-1.500000,-11.402099,333.298880
171.820,350.053142,68.274515,-1.500000,-8.269803,333.442373
171.851,340.453339,63.707901,0.282277,1.474937,333.577829
171.880,339.797102,66.868048,1.500000,2.264514,333.702444
171.911,342.247668,72.591006,1.500000,-0.044040,333.835166
171.941,347.639691,64.995342,-1.500000,-5.298329,333.963889
171.973,345.585847,64.824958,-1.500000,-3.100057,334.098869
172.005,354.459370,66.301118,-1.500000,-11.830020,334.233038
172.038,332.739317,61.644669,1.500000,10.038521,334.371812
172.073,354.252756,67.435640,-1.500000,-11.314850,334.521407
172.108,344.021798,70.626651,-1.500000,-0.928821,334.666333
172.143,336.487112,67.749574,1.500000,6.761151,334.811461
172.169,330.233067,68.037108,1.500000,13.132897,334.921461
172.201,339.022134,66.606875,1.500000,4.481532,335.050155
172.233,327.076984,74.522871,1.500000,16.568888,335.183058
172.265,348.629447,65.872367,-1.500000,-4.846359,335.311297
172.297,342.108645,69.443845,0.329661,1.816401,335.443968
172.334,352.629675,66.837891,-1.500000,-8.548295,335.590075
172.367,329.124184,70.638345,1.500000,15.100435,335.723943
172.402,344.582581,60.347128,1.500000,-0.209577,335.862620
172.429,347.965041,69.634896,-1.500000,-3.478143,335.969064
172.460,343.539694,67.763326,-0.560830,1.079443,336.092651
172.493,341.660447,62.811850,1.500000,3.094884,336.219935
172.525,355.654831,69.208886,-1.500000,-10.764801,336.345822
172.556,341.294001,71.440858,1.500000,3.722938,336.464429
172.595,360.540794,72.975084,-1.500000,-15.366435,336.611550
172.625,348.146738,69.562783,-1.500000,-2.847366,336.728385
172.658,334.524652,73.254452,1.500000,10.908072,336.853014
172.694,334.615528,71.573753,1.500000,10.961124,336.987525
172.733,363.436176,73.280057,-1.500000,-17.705017,337.131925
172.765,333.120393,69.300075,1.500000,12.735988,337.248954
172.795,341.204037,65.249109,1.500000,4.770817,337.359677
172.825,356.534627,67.767637,-1.500000,-10.444665,337.467254
172.856,365.532732,65.315529,-1.500000,-19.324600,337.577694
172.885,343.878882,67.600461,1.448511,2.440096,337.681288
172.915,356.023906,65.522745,-1.500000,-9.592475,337.786385
172.946,351.971651,69.320861,-1.500000,-5.423264,337.895689
172.981,364.208542,59.990165,-1.500000,-17.528053,338.019148
173.014,353.857123,58.674017,-1.500000,-7.056449,338.131471
173.052,333.023654,60.602062,1.500000,13.914827,338.260262
173.086,350.465369,67.784053,-1.500000,-3.402491,338.376522
173.117,329.601456,72.602461,1.500000,17.572382,338.480222
173.146,328.463230,59.457287,1.500000,18.813045,338.575957
173.177,336.101449,65.360487,1.500000,11.283888,338.677885
173.206,338.121284,64.435042,1.500000,9.364102,338.771388
173.237,341.175195,67.630612,1.500000,6.415130,338.869463
173.271,352.382213,64.945759,-1.500000,-4.674067,338.979576
173.305,349.443739,67.204662,-1.500000,-1.623219,339.084599
173.342,352.118343,69.385542,-1.500000,-4.174737,339.199632
173.374,343.521985,67.255927,1.500000,4.526406,339.297562
173.402,343.162786,73.212742,1.500000,4.978240,339.384137
173.441,350.092307,61.809996,-0.707467,-1.826819,339.500457
173.470,339.444757,61.596625,1.500000,8.909825,339.583722
173.498,351.466082,66.529111,-1.500000,-3.021983,339.667383
173.529,343.660238,71.548502,1.500000,4.878780,339.756092
173.561,356.873499,63.685450,-1.500000,-8.238355,339.845929
173.593,347.072078,62.428314,0.141439,1.660631,339.937111
173.625,363.315618,68.913232,-1.500000,-14.487877,340.025926
173.661,353.314829,73.164935,-1.500000,-4.383214,340.123005
173.697,347.402403,66.195755,0.472006,1.631954,340.219025
173.729,340.265108,66.805987,1.500000,8.859000,340.302905
173.756,342.059848,61.440278,1.500000,7.139765,340.373470
173.788,349.183100,68.192210,1.500000,0.104116,340.455342
173.821,353.915809,67.601631,-1.500000,-4.539188,340.538898
173.855,348.647540,67.885361,-0.875728,0.818838,340.622783
173.890,353.929195,61.931344,-1.500000,-4.373194,340.706543
173.922,342.721069,59.195457,1.500000,6.917304,340.783526
173.960,348.903787,66.914809,1.500000,0.830328,340.873004
173.993,356.160145,66.155390,-1.500000,-6.345973,340.947824
174.020,343.768597,68.329372,1.500000,6.109935,341.007973
174.048,357.045923,65.757949,-1.500000,-7.100999,341.070023
174.082,342.852909,68.656776,1.500000,7.170616,341.143481
174.113,364.775162,71.136145,-1.500000,-14.682720,341.207889
174.146,358.941193,71.583823,-1.500000,-8.773668,341.278061
174.182,348.071993,70.688025,1.124348,2.171824,341.349362
174.213,353.541193,65.963491,-1.500000,-3.231633,341.410804
174.249,353.104088,66.147079,-1.500000,-2.719872,341.480575
174.281,341.950538,71.566435,1.500000,8.498089,341.540773
174.310,358.112422,64.087819,-1.500000,-7.606311,341.594496
174.341,334.669793,67.214845,1.500000,15.894926,341.649270
174.381,348.560018,70.324093,1.500000,2.078740,341.718465
174.406,338.915256,68.624665,1.500000,11.769616,341.761562
174.440,349.373250,62.163917,1.500000,1.370662,341.816739
174.473,364.913981,70.895999,-1.500000,-14.114202,341.868952
174.505,367.361471,63.425805,-1.500000,-16.508581,341.918590
174.539,389.495351,64.744773,-1.500000,-38.587262,341.970176
174.572,354.105685,65.175573,-1.500000,-3.147085,342.017383
174.608,363.287878,66.638111,-1.500000,-12.275683,342.067472
174.639,343.313284,71.809310,1.500000,7.742599,342.108302
174.670,340.951969,62.639726,1.500000,10.146129,342.147755
174.705,341.033303,61.929078,1.500000,10.111665,342.191559
174.738,353.387766,65.777101,-1.160765,-2.201962,342.229723
174.768,342.105463,69.331063,1.500000,9.116806,342.263803
174.799,346.423628,68.798584,1.500000,4.834171,342.297008
174.829,340.615960,67.445774,1.500000,10.675010,342.328010
174.860,363.178231,63.924348,-1.500000,-11.854514,342.358614
174.896,356.317263,67.034670,-1.500000,-4.957928,342.391901
174.933,358.521590,66.101743,-1.500000,-7.128688,342.423273
174.960,346.692295,73.571701,1.500000,4.724135,342.445261
174.997,359.538374,68.063492,-1.500000,-8.092119,342.473135
175.036,356.557303,69.463148,-1.500000,-5.081963,342.500318
175.062,334.653006,70.705108,1.500000,16.839642,342.516493
175.092,331.264507,70.891202,1.500000,20.247303,342.534402
175.125,358.232738,69.758923,-1.500000,-6.702063,342.552033
175.155,348.819054,67.753264,1.430295,2.727270,342.566658
175.196,341.065047,69.059754,1.500000,10.499479,342.583669
175.223,355.209591,69.273065,-1.500000,-3.634538,342.593507
175.259,338.923524,66.940687,1.500000,12.663308,342.604516
175.296,365.585089,66.296644,-1.500000,-13.988857,342.613301
175.325,366.811826,65.012554,-1.500000,-15.209832,342.618686
175.358,351.038069,70.202835,-0.813005,0.568497,342.622958
175.385,349.335954,66.234134,1.500000,2.272767,342.624974
175.414,352.251334,68.833362,1.005992,-0.641818,342.625716
175.444,354.477133,65.828506,-1.500000,-2.868481,342.624908
175.477,350.513844,68.293902,-0.485704,1.091845,342.622139
175.515,346.300217,64.658468,1.500000,5.299462,342.616523
175.545,347.234830,64.488673,1.500000,4.358149,342.610261
175.578,349.366966,70.087019,1.500000,2.216697,342.601554
175.613,356.295505,69.406977,-1.500000,-4.724091,342.590106
175.644,360.694733,64.653397,-1.500000,-9.136134,342.578130
175.679,341.300443,65.342735,1.500000,10.241262,342.562341
175.710,370.802277,70.236408,-1.500000,-19.277794,342.546246
175.741,363.112262,63.145214,-1.500000,-11.606206,342.529025
175.775,352.570239,66.286358,-1.500000,-1.087150,342.507559
175.802,347.588655,70.931129,1.500000,3.874709,342.489125
175.828,358.200808,67.088260,-1.500000,-6.758329,342.469606
175.863,348.361900,62.223421,1.500000,3.051106,342.442062
175.892,346.956114,62.062567,1.500000,4.430516,342.417411
175.930,341.892068,69.511297,1.500000,9.457716,342.382975
175.959,352.957450,64.011382,-0.480098,-1.638651,342.354018
175.993,359.644186,68.603739,-1.500000,-8.362994,342.318871
176.027,354.813102,63.668776,-1.500000,-3.571825,342.281567
176.061,346.463853,68.374081,1.500000,4.735656,342.242532
176.093,356.689284,71.256642,-1.500000,-5.532925,342.202205
176.127,350.050687,69.918290,-0.585436,1.059079,342.158660
176.155,350.087115,69.624676,0.712936,0.982423,342.121064
176.191,344.610028,67.529752,1.500000,6.404280,342.069447
176.226,346.515531,66.558887,1.500000,4.444254,342.018491
176.254,339.808461,68.393598,1.500000,11.105128,341.975317
176.293,360.249494,67.944116,-1.500000,-9.404274,341.911420
176.322,354.526551,60.953346,-1.500000,-3.732731,341.863383
176.351,343.635126,71.615245,1.500000,7.104171,341.812428
176.385,355.900605,65.222717,-1.500000,-5.225371,341.752555
176.420,360.157153,71.092533,-1.500000,-9.551497,341.687529
176.447,329.250360,61.763188,1.500000,21.299456,341.635342
176.488,358.854115,65.782957,-1.500000,-8.390919,341.554389
176.509,344.872035,65.073759,1.500000,5.544732,341.510997
176.548,349.389438,62.274361,1.500000,0.940150,341.429521
176.575,357.600026,60.804724,-1.500000,-7.334908,341.369269
176.611,349.633298,68.243039,-1.206109,0.545418,341.288520
176.642,364.769449,65.113075,-1.500000,-14.667493,341.216781
176.673,343.476358,67.151700,1.500000,6.547794,341.144067
176.704,339.767771,68.273823,1.500000,10.175612,341.068582
176.741,359.851838,65.389064,-1.500000,-10.007473,340.976042
176.768,349.749708,62.983850,-1.500000,0.021037,340.907238
176.805,339.645045,66.308891,1.500000,10.022241,340.810548
176.840,338.446576,64.353970,1.500000,11.119525,340.715982
176.867,354.564871,66.151283,-1.500000,-5.076830,340.643029
176.905,339.552923,70.430815,1.500000,9.821430,340.536779
176.937,345.622853,72.047522,1.500000,3.649740,340.441675
176.969,336.950673,67.786292,1.500000,12.222080,340.348367
176.999,352.228765,68.920261,-1.500000,-3.152855,340.257859
177.033,353.911133,67.425283,-1.500000,-4.948411,340.152076
177.063,358.565199,68.489017,-1.500000,-9.703033,340.058099
177.094,347.155614,70.428337,0.433806,1.600341,339.958836
177.134,335.052924,64.306556,1.500000,13.561854,339.826895
177.161,348.236341,62.005002,1.500000,0.284863,339.739443
177.199,352.800717,66.542866,-1.500000,-4.418330,339.609707
177.227,353.004051,70.298740,-1.500000,-4.728122,339.510214
177.259,352.782303,63.057645,-1.500000,-4.627308,339.397192
177.287,327.463498,73.828588,1.500000,20.583409,339.296175
177.317,349.864445,71.612897,-0.470193,-1.932703,339.188544
177.350,338.184391,67.044268,1.500000,9.616385,339.066146
177.389,354.022046,66.563182,-1.500000,-6.382162,338.915780
177.425,350.983712,66.926592,-1.500000,-3.491081,338.778160
177.459,319.362851,64.985387,1.500000,27.985815,338.643613
177.490,322.505825,68.579454,1.500000,24.709300,338.518808
177.518,340.528463,62.312380,1.500000,6.564787,338.404907
177.554,335.298715,64.881791,1.500000,11.636516,338.257225
177.587,341.037794,59.673016,1.500000,5.750637,338.120029
177.615,364.640841,71.414514,-1.500000,-17.980241,338.000561
177.645,363.337344,66.414822,-1.500000,-16.817114,337.869375
177.681,366.785702,67.879830,-1.500000,-20.433822,337.712038
177.717,353.432162,77.653490,-1.500000,-7.249000,337.554357
177.749,359.479331,70.592421,-1.500000,-13.453354,337.407456
177.781,327.460829,69.663859,1.500000,18.407617,337.260230
177.810,359.393899,63.845522,-1.500000,-13.670524,337.124650
177.845,345.669064,69.786717,-1.500000,-0.119026,336.962652
177.880,334.865904,67.124786,1.500000,10.502576,336.792972
177.908,329.993990,69.268459,1.500000,15.229486,336.657454
177.943,332.920565,70.925888,1.500000,12.119137,336.485702
177.974,335.000429,70.140281,1.500000,9.876099,336.333203
178.005,336.128104,62.876670,1.500000,8.579616,336.175440
178.036,347.892210,68.092335,-1.500000,-3.351550,336.019309
178.075,349.796458,62.023453,-1.500000,-5.469970,335.819148
178.107,342.670538,66.481651,0.283383,1.475853,335.650833
178.143,352.125308,63.730198,-1.500000,-8.182291,335.460764
178.173,344.124511,72.809343,-1.500000,-0.355922,335.297747
178.206,333.186264,63.999767,1.500000,10.390719,335.118675
178.238,341.217967,64.447396,1.500000,2.169014,334.941104
178.266,341.297912,65.283863,1.500000,1.924962,334.787733
178.295,348.432097,68.142691,-1.500000,-5.383357,334.624990
178.328,346.787099,69.242750,-1.500000,-3.938430,334.438008
178.366,338.807548,63.546559,1.500000,3.806440,334.218680
178.399,345.754163,75.399929,-1.500000,-3.345634,334.026662
178.434,343.678105,66.791680,-1.500000,-1.489408,333.821212
178.466,337.647040,64.502752,1.500000,4.339978,333.632726
178.502,339.707863,66.125057,1.500000,2.051610,333.420069
178.534,348.214457,58.879284,-1.500000,-6.666241,333.222632
178.562,339.041228,72.410875,0.947636,2.327828,333.055193
178.590,339.071471,65.893919,1.500000,2.108955,332.878902
178.621,342.364368,65.722824,-0.110116,-1.388110,332.688092
178.653,348.716618,64.818305,-1.500000,-7.960548,332.482309
178.691,335.216224,65.821461,1.500000,5.281590,332.240947
178.721,352.475524,61.633530,-1.500000,-12.179444,332.052412
178.757,345.067373,64.321760,-1.500000,-5.022531,331.817609
178.792,332.265830,64.207840,1.500000,7.532310,331.587047
178.824,346.818414,71.118671,-1.500000,-7.243739,331.378201
178.850,335.486840,66.243732,1.500000,3.899614,331.202293
178.889,338.561031,67.507720,1.500000,0.544701,330.939937
178.915,339.133966,62.162575,1.238104,-0.216691,330.763808
178.946,358.588515,66.288889,-1.500000,-19.894181,330.555452
178.981,363.219251,67.548089,-1.500000,-24.783789,330.313516
179.015,345.526671,66.123966,-1.500000,-7.344182,330.077093
179.051,343.130099,68.263059,-1.500000,-5.217887,329.824497
179.086,329.060192,66.326910,1.500000,8.584908,329.574860
179.119,353.382551,69.700747,-1.500000,-15.991819,329.337133
179.144,317.543576,67.321005,1.500000,19.656208,329.158677
179.179,331.170708,65.575739,1.500000,5.754311,328.901887
179.210,340.701103,69.521422,-1.500000,-4.019202,328.674673
179.242,318.757791,73.500345,1.500000,17.676880,328.443617
179.277,325.778417,69.894243,1.500000,10.374723,328.180505
179.308,334.156525,70.681660,1.500000,1.746981,327.947202
179.344,332.916780,60.920860,1.500000,2.698685,327.678004
179.383,349.760079,62.232903,-1.500000,-14.465945,327.377695
179.413,366.524057,65.735896,-1.500000,-31.471671,327.151763
179.454,339.806608,71.632899,-1.500000,-5.096256,326.832105
179.486,342.688274,64.005158,-1.500000,-8.239802,326.587357
179.526,347.490307,70.440349,-1.500000,-13.382469,326.269007
179.553,327.411189,67.993035,1.500000,6.473376,326.060341
179.580,327.086423,62.944649,1.500000,6.560557,325.838299
179.608,325.801817,66.669140,1.500000,7.612732,325.621074
179.636,339.660178,66.678031,-1.500000,-6.494633,325.388360
179.673,328.487440,68.073080,1.500000,4.365354,325.096069
179.705,339.687541,64.694757,-1.500000,-7.115955,324.833258
179.735,329.873188,64.402471,1.074564,2.432872,324.585103
179.770,340.578874,73.877111,-1.500000,-8.585308,324.293053
179.806,329.817420,64.676765,0.435558,1.861177,323.998689
179.835,346.126107,71.484610,-1.500000,-14.713624,323.749985
179.870,324.846531,63.164338,1.500000,6.250737,323.455391
179.899,329.378424,67.796026,1.500000,1.456104,323.209839
179.933,332.791660,66.187438,-1.230849,-2.259962,322.926821
179.965,325.682639,64.984832,1.500000,4.553632,322.650720
180.005,337.851394,69.245482,-1.500000,-7.988907,322.301390
180.046,339.306966,58.868299,-1.500000,-9.824799,321.945950
180.076,328.511824,72.217834,-0.663541,0.692192,321.685997
180.110,333.600364,69.043250,-1.500000,-4.715700,321.387536
180.135,319.883406,66.476676,1.500000,8.762427,321.164329
180.160,318.531248,67.265418,1.500000,9.883909,320.948745
180.190,322.065395,62.727945,1.500000,6.056236,320.674421
180.221,328.455641,69.087861,0.745152,-0.624652,320.402794
180.251,333.040677,61.300377,-1.500000,-5.504521,320.127249
180.292,318.013531,64.555019,1.500000,9.124905,319.755548
180.317,344.994143,69.611739,-1.500000,-18.099443,319.527757
180.355,332.234154,66.217301,-1.500000,-5.706589,319.184639
180.391,326.605843,65.626100,-1.500000,-0.433317,318.852828
180.424,309.451381,69.696028,1.500000,16.400127,318.552811
180.458,323.771827,62.187190,1.500000,1.741034,318.236319
180.488,326.718418,66.414965,-0.321513,-1.507409,317.954214
180.516,320.370309,63.367820,1.500000,4.558902,317.690852
180.545,328.652580,65.117778,-1.500000,-4.015386,317.417939
180.577,327.634341,70.412186,-1.500000,-3.319066,317.117080
180.611,325.518678,64.175777,-1.500000,-1.545422,316.797436
180.652,312.267028,69.154193,1.500000,11.284355,316.403162
180.686,309.583182,64.154322,1.500000,13.616372,316.074350
180.719,307.181425,67.146186,1.500000,15.683126,315.761262
180.751,318.255785,67.396886,1.500000,4.275587,315.449880
180.784,336.901655,65.948822,-1.500000,-14.708608,315.133688
180.809,323.942441,68.299325,-1.500000,-2.016646,314.883921
180.837,326.473325,66.938871,-1.500000,-4.841080,314.609575
180.868,314.128751,60.377954,1.500000,7.181791,314.308918
180.901,313.631162,71.295279,1.500000,7.335436,313.987475
180.932,326.085922,67.288986,-1.500000,-5.455050,313.673712
180.971,309.008519,65.480264,1.500000,11.213402,313.291515
181.005,316.177423,66.932189,1.500000,3.683061,312.953724
181.037,331.677124,63.123564,-1.500000,-12.165013,312.628141
181.074,326.984455,66.170616,-1.500000,-7.868788,312.257633
181.106,332.889473,68.539133,-1.500000,-14.111411,311.942115
181.139,319.567004,64.941467,-1.500000,-1.144778,311.609557
181.163,312.278270,69.671118,1.500000,5.874173,311.357423
181.192,325.521042,72.338434,-1.500000,-7.677687,311.068556
181.225,299.577077,68.922544,1.500000,17.908357,310.734050
181.256,308.886524,66.545573,1.500000,8.252372,310.410183
181.293,321.244929,61.848968,-1.500000,-4.507391,310.035082
181.332,318.523459,70.879802,-1.500000,-2.220868,309.628590
181.362,298.058713,71.905060,1.500000,17.914977,309.321206
181.400,319.983212,61.488428,-1.500000,-4.435148,308.923424
181.427,305.331581,66.399259,1.500000,9.919908,308.646252
181.458,305.090624,63.995950,1.500000,9.818330,308.326125
181.490,306.558824,65.381354,1.500000,7.991923,307.991353
181.520,319.771724,70.416692,-1.500000,-5.555418,307.678791
181.557,312.228504,64.894811,0.034469,1.572104,307.290287
181.592,299.010914,58.794101,1.500000,14.396576,306.922888
181.625,310.203321,65.260630,1.500000,2.829776,306.572987
181.655,309.859616,65.622987,1.500000,2.830437,306.252386
181.690,325.617122,67.452295,-1.500000,-13.317493,305.887503
181.718,312.792127,65.242785,-1.500000,-0.816407,305.584784
181.750,321.961277,60.897640,-1.500000,-10.350123,305.244069
181.782,316.586093,70.038287,-1.500000,-5.337830,304.904919
181.812,312.383123,73.722060,-1.500000,-1.480750,304.581656
181.842,296.073611,59.322111,1.500000,14.482500,304.258048
181.877,304.275777,66.111671,1.500000,5.884000,303.887642
181.910,313.374713,66.878313,-1.500000,-3.604392,303.523664
181.947,305.455738,67.912183,1.500000,3.896005,303.132470
181.982,310.062160,73.039035,0.509794,-1.121679,302.748113
182.010,318.634969,65.954596,-1.500000,-10.010771,302.452522
182.050,312.755484,65.029124,-1.500000,-4.600787,302.013735
182.074,298.288059,63.775274,1.500000,9.590574,301.755731
182.102,309.806528,70.405115,-0.863291,-2.258025,301.447199
182.134,308.984647,64.482272,-1.500000,-1.803328,301.104037
182.162,296.669407,61.549720,1.500000,10.180286,300.794105
182.195,287.851341,63.299370,1.500000,18.613359,300.434298
182.233,299.303952,71.234786,1.500000,6.718845,300.021306
182.265,306.778941,68.517153,0.124848,-1.138006,299.664425
182.299,311.111357,62.422120,-1.500000,-5.863861,299.296726
182.334,301.412921,62.772683,1.500000,3.422102,298.911236
182.364,311.082042,66.179227,-1.500000,-6.606173,298.575579
182.395,302.243542,65.473774,0.389995,1.866333,298.233528
182.429,303.253536,68.084957,1.177371,0.461255,297.864291
182.458,314.942588,69.210302,-1.500000,-11.567338,297.546963
182.484,299.689699,64.539939,1.500000,3.368436,297.250594
182.517,300.983193,64.289892,1.500000,1.688784,296.889698
182.554,310.143994,65.652529,-1.500000,-7.913078,296.477492
182.591,305.196591,66.757817,-1.500000,-3.398256,296.073211
182.620,308.483444,67.596315,-1.500000,-7.034968,295.746239
182.652,295.730327,66.910530,1.500000,5.347305,295.399656
182.685,299.274763,68.104450,1.500000,1.408559,295.031142
182.711,314.097037,70.461333,-1.500000,-13.722475,294.742581
182.746,298.953460,67.170151,-0.651916,1.004061,294.352824
182.782,301.403676,73.474895,-1.500000,-1.879151,293.948155
182.809,289.411788,87.332160,1.500000,9.799888,293.655772
182.842,288.216747,97.222248,1.500000,10.592290,293.279474
182.883,275.206066,103.453229,1.500000,23.115039,292.823463
182.913,253.894799,106.023024,1.500000,44.076772,292.496795
182.943,236.653096,112.923158,1.500000,60.955380,292.157454
182.974,216.192947,115.009976,1.500000,81.050569,291.816370
183.004,211.681543,114.799866,1.500000,85.202409,291.480330
183.035,214.062579,116.066645,1.500000,82.456063,291.138918
183.068,208.880622,120.049547,1.500000,87.241726,290.768549
183.098,199.750048,130.399568,1.500000,96.022529,290.441661
183.131,187.220507,126.510381,1.500000,108.159623,290.074888
183.166,183.221666,132.684269,1.500000,111.733993,289.678186
183.202,181.098439,137.269565,1.500000,113.435775,289.284313
183.239,167.715531,128.890356,1.500000,126.369919,288.864906
183.271,158.352389,127.905240,1.500000,135.361791,288.517925
183.304,149.803483,142.459740,1.500000,143.518697,288.151570
183.332,147.673945,131.018415,1.500000,145.308288,287.833862
183.361,147.853939,125.080821,1.500000,144.785780,287.513756
183.393,143.519560,127.575728,1.500000,148.742809,287.161093
183.423,141.368090,121.735013,1.500000,150.533443,286.823862
183.456,140.818854,122.672925,1.500000,150.700570,286.466752
183.488,157.450485,115.373285,1.500000,133.684467,286.107432
183.521,146.798655,111.043325,1.500000,143.943079,285.739939
183.551,155.082008,107.655834,1.500000,135.311827,285.414800
183.584,167.905102,107.677741,1.500000,122.098304,285.049913
183.622,180.801819,104.238384,1.500000,108.752383,284.630095
183.657,176.303235,95.157422,1.500000,112.836179,284.242443
183.689,181.073201,79.967398,1.500000,107.698664,283.898939
183.722,182.957601,90.510339,1.500000,105.428044,283.537986
183.750,190.266872,73.562554,1.500000,97.788722,283.229527
183.781,197.961086,85.741913,1.500000,89.729092,282.888017
183.811,210.222374,77.912388,1.500000,77.118944,282.561980
183.845,210.355232,85.030623,1.500000,76.590790,282.192544
183.877,215.178753,70.086279,1.500000,71.387644,281.837754
183.909,224.771097,80.922366,1.500000,61.422462,281.489308
183.948,229.161906,67.299023,1.500000,56.585775,281.072599
183.986,234.645307,77.070758,1.500000,50.658472,280.657738
184.013,244.742048,90.324933,1.500000,40.248678,280.365164
184.045,248.588975,76.501893,1.500000,36.028399,280.016237
184.074,261.743591,89.016115,1.500000,22.546109,279.710000
184.103,270.421990,62.394868,1.500000,13.533884,279.398012
184.136,277.651068,83.631152,1.500000,5.927829,279.045699
184.171,283.353142,61.818076,1.284553,-0.178251,278.668123
184.203,294.839891,78.307245,-1.500000,-12.029802,278.327186
184.239,298.955158,65.991972,-1.500000,-16.554403,277.944631
184.270,304.821086,65.800124,-1.500000,-22.771770,277.616183
184.308,317.220125,67.351471,-1.500000,-35.603343,277.211945
184.334,324.787096,70.174900,-1.500000,-43.466696,276.934954
184.369,322.692934,63.611638,-1.500000,-41.766109,276.567126
184.395,333.551473,65.817971,-1.500000,-52.921225,276.289952
184.428,340.284454,65.060212,-1.500000,-60.021470,275.946714
184.461,346.590839,67.484275,-1.500000,-66.697639,275.601122
184.501,359.674478,67.017978,-1.500000,-80.222463,275.188799
184.533,365.744352,64.915065,-1.500000,-86.657037,274.847958
184.565,352.301680,68.479544,-1.500000,-73.563547,274.521620
184.597,368.219405,71.040326,-1.500000,-89.834272,274.191713
184.631,374.554918,73.058667,-1.500000,-96.544746,273.841282
184.660,378.951004,68.034321,-1.500000,-101.262619,273.540547
184.685,373.657612,69.761816,-1.500000,-96.236681,273.290590
184.716,384.598899,61.084620,-1.500000,-107.524922,272.966334
184.747,373.514499,66.294788,-1.500000,-96.775269,272.653486
184.781,373.192415,71.436577,-1.500000,-96.823040,272.307827
184.815,363.149067,72.259979,-1.500000,-87.143580,271.967745
184.853,364.693408,68.301185,-1.500000,-89.101792,271.580949
184.887,343.063221,68.651291,-1.500000,-67.827394,271.248436
184.917,344.235893,58.337775,-1.500000,-69.329159,270.940872
184.949,325.237734,64.254827,-1.500000,-50.668240,270.625695
184.984,308.943191,68.975877,-1.500000,-34.742988,270.280563
185.018,310.911595,73.396018,-1.500000,-37.069972,269.945443
185.043,298.697962,70.272920,-1.500000,-25.118145,269.700763
185.076,289.714709,64.859965,-1.500000,-16.483765,269.374715
185.108,259.736739,66.822118,1.500000,13.162092,269.064329
185.146,266.547309,64.569267,1.500000,5.964522,268.702646
185.173,254.952982,69.061454,1.500000,17.274496,268.436895
185.212,268.550617,72.950347,1.500000,3.276106,268.062358
185.242,254.377425,62.154023,1.500000,17.141075,267.774299
185.279,263.135090,67.381177,1.500000,8.012334,267.427500
185.304,259.416193,66.599439,1.500000,11.475950,267.188919
185.334,263.867963,65.060836,1.500000,6.720762,266.905351
185.364,262.983432,67.202801,1.500000,7.302974,266.622810
185.396,270.847153,66.238024,0.447400,-0.871067,266.332791
185.430,268.494540,67.389371,1.500000,1.141081,266.014599
185.462,275.927739,72.115493,-1.500000,-6.611327,265.716273
185.495,273.861097,66.864490,-1.500000,-4.870232,265.412023
185.530,269.632571,67.996632,-1.500000,-0.976230,265.099384
185.561,260.822633,65.234706,1.500000,7.527410,264.813125
185.600,264.029242,66.421259,1.500000,3.947561,264.464302
185.632,272.487814,62.987353,-1.500000,-4.820316,264.175232
185.658,267.737215,65.624447,-1.500000,-0.315669,263.945370
185.690,261.224786,65.285606,1.500000,5.895446,263.663769
185.721,261.989488,63.219364,1.500000,4.839518,263.391595
185.753,269.676664,67.921600,-1.500000,-3.151884,263.107272
185.796,264.025401,67.064807,0.681280,2.107396,262.740932
185.828,262.705246,67.123153,1.500000,3.125200,262.458361
185.854,270.170384,68.712834,-1.500000,-4.576094,262.237654
185.891,264.408502,61.492190,-0.839249,0.849027,261.922924
185.923,265.778258,66.296133,-1.500000,-0.810348,261.652253
185.952,254.563022,65.097380,1.500000,10.144898,261.409270
185.984,269.751963,70.541805,-1.500000,-5.324825,261.146858
186.015,252.951655,64.436522,1.500000,11.203521,260.892688
186.047,264.897967,67.955890,0.624186,-1.027010,260.627063
186.085,257.754661,66.526582,1.500000,5.783354,260.315902
186.118,256.525363,64.080754,1.500000,6.729826,260.051578
186.152,265.502286,68.021717,-1.500000,-2.539919,259.777913
186.187,265.482345,71.972880,-1.500000,-2.818581,259.498844
186.219,258.785502,62.087604,1.500000,3.610782,259.248864
186.255,263.667757,62.241785,-0.032144,-1.570179,258.969699
186.283,260.003788,69.493720,1.500000,1.859435,258.750675
186.315,267.842401,72.549508,-1.500000,-6.239832,258.507074
186.341,264.418671,70.767592,-1.500000,-3.034760,258.302720
186.373,267.916606,64.745586,-1.500000,-6.786024,258.065965
186.405,258.689114,68.221661,1.136732,2.182072,257.823539
186.447,256.280161,60.272512,1.500000,4.260283,257.514433
186.474,264.638714,67.618828,-1.500000,-4.311431,257.315217
186.513,255.417332,64.999271,1.500000,4.604422,257.029677
186.538,259.640416,65.428142,1.500000,0.187669,256.848678
186.574,263.265355,62.757061,-1.500000,-3.714038,256.590016
186.600,261.975684,66.680666,-1.500000,-2.615262,256.411609
186.638,259.948581,66.000205,-1.500000,-0.874940,256.143590
186.665,257.395537,64.349447,0.283124,1.475638,255.954370
186.696,255.346946,70.728886,1.500000,3.298602,255.743503
186.734,256.533270,65.608997,1.500000,1.835972,255.485273
186.772,258.714930,67.328889,0.751211,-0.619637,255.229246
186.806,259.487305,68.548721,-1.309982,-1.630324,255.006524
186.843,254.587652,69.607762,1.500000,3.007657,254.761971
186.872,264.606857,67.332216,-1.500000,-7.211794,254.574825
186.902,258.166304,63.880406,-1.500000,-0.975680,254.383761
186.935,254.384989,63.801124,1.500000,2.582345,254.175078
186.962,258.582191,66.296679,-0.305746,-1.796609,254.005217
186.994,257.808172,65.610799,-1.500000,-1.235402,253.806327
187.025,246.737686,67.231384,1.500000,9.634442,253.618811
187.058,257.847598,68.385630,-0.170338,-1.684547,253.423412
187.090,255.408883,73.252816,0.288953,0.548338,253.231048
187.126,253.909439,68.501840,1.500000,1.823746,253.021668
187.167,258.356868,71.708479,-1.500000,-2.877943,252.784042
187.200,258.165930,68.002814,-1.500000,-2.887277,252.596872
187.234,250.962494,66.330362,1.500000,4.113495,252.407466
187.271,252.403189,67.722683,1.500000,2.453584,252.202592
187.294,256.402575,61.749418,-0.531230,-1.680968,252.076269
187.326,261.786903,68.405905,-1.500000,-7.248123,251.905403
187.358,246.150024,65.702266,1.500000,8.212226,251.740420
187.390,258.045203,63.457734,-1.500000,-3.862636,251.572493
187.422,253.516511,66.490139,-1.269278,0.493141,251.410890
187.454,251.944522,71.121234,1.042987,1.890303,251.247500
187.494,253.622361,62.563925,1.324913,0.000408,251.049317
187.527,255.909120,71.476643,-1.500000,-2.457550,250.889318
187.558,248.520930,67.292790,1.500000,4.774893,250.743760
187.590,249.708088,73.352433,1.500000,3.427085,250.593620
187.621,263.797675,72.508054,-1.500000,-10.815751,250.450396
187.650,249.083845,64.413847,1.500000,3.757664,250.319167
187.685,252.635742,68.215141,1.500000,0.043241,250.167274
187.722,263.252433,66.519128,-1.500000,-10.744761,250.007170
187.757,261.464746,59.863478,-1.500000,-9.117881,249.856883
187.790,258.158973,69.891223,-1.500000,-5.957185,249.721297
187.823,254.536609,68.286148,-1.500000,-2.474960,249.590326
187.846,246.563179,63.620866,1.500000,5.398030,249.496457
187.887,252.353034,64.932009,1.189574,-0.559103,249.340123
187.919,253.367039,69.789747,-0.908996,-1.705422,249.216464
187.949,244.139828,66.130292,1.500000,7.403636,249.106041
187.977,246.832668,64.528179,1.500000,4.603088,249.005380
188.010,254.106078,67.666901,-1.500000,-2.793198,248.890542
188.047,259.849766,66.562723,-1.500000,-8.671252,248.764966
188.076,250.201490,65.100313,-0.447395,0.871071,248.665944
188.112,239.244188,65.698558,1.500000,11.704892,248.550542
188.146,251.222161,65.509452,1.268035,-0.388120,248.443029
188.178,250.937406,64.321609,0.991290,-0.205710,248.347379
188.202,250.447629,70.370687,1.206440,0.205887,248.274314
188.237,252.796626,68.603367,-1.483922,-2.248132,248.176162
188.267,252.355597,63.817489,-1.500000,-1.897627,248.091560
188.297,254.257135,69.777384,-1.500000,-3.884913,248.011423
188.333,257.502760,70.695273,-1.500000,-7.230869,247.917655
188.370,246.775975,65.754990,1.500000,3.396750,247.824976
188.400,251.862341,71.201446,-0.268401,-1.765703,247.753867
188.429,248.896576,70.047339,0.878764,1.127494,247.686047
188.463,252.285054,67.716056,-1.500000,-2.341398,247.610893
188.496,243.918720,70.436664,1.500000,5.950298,247.541138
188.528,253.600656,61.913599,-1.500000,-3.799992,247.477256
188.562,247.161862,68.849320,1.238952,2.568917,247.411944
188.594,251.234223,66.701003,-0.321667,-1.567444,247.352130
188.624,245.596474,64.338436,1.500000,4.016020,247.301396
188.656,251.810575,68.656560,-1.001774,-2.253916,247.249214
188.694,248.571134,68.878285,-0.190678,0.923255,247.191017
188.726,245.582182,61.822480,1.500000,3.862666,247.144718
188.759,252.182507,60.283464,-1.500000,-2.783452,247.101921
188.787,246.653402,68.604537,1.407772,2.708630,247.067320
188.827,246.976035,68.683379,1.500000,2.337517,247.022011
188.853,247.360609,68.722962,1.500000,1.923777,246.994753
188.890,253.286972,67.687633,-1.500000,-4.038611,246.961085
188.919,252.303030,71.623585,-1.500000,-3.081244,246.936248
188.947,257.354246,64.445531,-1.500000,-8.153961,246.916155
188.983,241.987443,62.192015,1.500000,7.187977,246.892916
189.013,244.135788,60.010908,1.500000,5.021731,246.876186
189.048,255.640735,66.358519,-1.500000,-6.499568,246.860904
189.082,253.059345,72.539375,-1.500000,-3.930266,246.849606
189.113,241.603617,70.158751,1.500000,7.517729,246.842379
189.153,247.480912,65.910803,1.500000,1.635250,246.837535
189.178,248.919676,72.038044,1.500000,0.195955,246.837038
189.211,253.048726,70.893537,-1.500000,-3.930613,246.839358
189.242,250.172344,65.948773,-1.500000,-1.048710,246.844517
189.272,250.607917,66.873160,-1.500000,-1.475763,246.852480
189.304,248.455648,67.436633,-0.667514,0.688904,246.864067
189.340,243.419526,61.947335,1.500000,5.743240,246.881089
189.378,250.064357,59.349960,0.703608,-0.877409,246.903690
189.413,253.321606,73.421289,-1.500000,-4.108637,246.928008
189.442,253.971618,66.600376,-1.500000,-4.733686,246.951338
189.473,241.350610,73.434848,1.500000,7.917279,246.979335
189.508,244.736176,71.506367,1.500000,4.569171,247.014343
189.538,251.323827,67.865407,-0.896526,-1.983282,247.047238
189.572,250.373629,62.077096,-1.500000,-0.988912,247.088520
189.598,242.383552,66.487840,1.500000,7.036721,247.121751
189.632,241.317839,64.751793,1.500000,8.154229,247.170157
189.664,248.924903,72.570444,1.500000,0.598864,247.218474
189.702,251.275185,68.703856,-0.537189,-1.685899,247.279707
189.738,244.027230,65.618943,1.500000,5.627262,247.340646
189.772,263.286711,64.049356,-1.500000,-13.564375,247.404053
189.805,250.070013,67.665681,-1.500000,-0.278593,247.468617
189.838,254.109704,60.966827,-1.500000,-4.245350,247.536779
189.865,254.037799,61.911988,-1.500000,-4.110816,247.595311
189.894,238.125578,70.387843,1.500000,11.871021,247.660373
189.925,250.124378,68.251862,1.500000,-0.051773,247.731407
189.962,248.370973,65.109429,1.500000,1.800312,247.823631
189.994,253.378339,67.903992,-1.500000,-3.121950,247.903167
190.032,248.062365,68.502348,0.919149,2.304252,248.006184
190.056,247.515422,63.018785,1.500000,2.922798,248.073103
190.107,254.326746,68.077416,-1.500000,-3.731281,248.220060
190.142,256.026045,66.110587,-1.500000,-5.318374,248.324927
190.169,259.430634,69.343281,-1.500000,-8.630723,248.411132
190.199,246.016967,63.873397,1.500000,4.884473,248.506019
190.229,244.688559,65.198952,1.500000,6.319033,248.605226
190.258,255.159490,70.797263,-1.500000,-4.046775,248.703471
190.288,247.937665,70.617552,1.500000,3.289554,248.810485
190.324,254.316267,66.705206,-1.500000,-2.949636,248.940777
190.358,257.128965,71.022751,-1.500000,-5.629389,249.065025
190.399,245.335315,67.532169,1.500000,6.335866,249.225402
190.434,248.544009,66.849769,1.500000,3.273953,249.362582
190.467,256.245781,64.414891,-1.500000,-4.285366,249.495715
190.494,251.619624,74.934254,-1.305430,0.463222,249.610137
190.526,247.034823,69.446055,1.500000,5.192576,249.745232
190.557,242.577261,66.795009,1.500000,9.797076,249.882558
190.591,255.412987,69.038774,-1.500000,-2.876483,250.034116
190.624,247.112404,62.753567,1.500000,5.585798,250.185235
190.654,251.299685,68.832058,1.500000,1.547167,250.324161
190.689,251.153299,69.699540,1.500000,1.872973,250.491844
190.720,258.229403,63.877412,-1.500000,-5.042099,250.642340
190.756,251.922578,69.613046,-0.104571,1.457036,250.822070
190.789,253.829115,66.558541,-0.263608,-0.272155,250.987813
190.817,262.013507,68.191439,-1.500000,-8.299538,251.134551
190.848,257.166574,68.605978,-1.500000,-3.278966,251.296829
190.884,250.104512,68.040637,1.500000,3.995614,251.495445
190.926,254.757222,70.243844,1.367934,-0.411494,251.724979
190.957,258.709354,68.956716,-1.500000,-4.173960,251.902237
190.991,261.005426,64.762593,-1.500000,-6.263682,252.095088
191.022,257.080466,63.655275,-1.500000,-2.144381,252.276715
191.046,251.225748,68.774349,1.500000,3.863154,252.419534
191.085,252.746998,68.001138,1.500000,2.589546,252.650976
191.121,255.399954,67.998645,1.500000,0.172248,252.871217
191.152,255.759049,65.487341,1.500000,0.023730,253.068018
191.183,274.256917,70.801124,-1.500000,-18.265457,253.263047
191.214,258.762524,68.632963,-1.500000,-2.557105,253.463009
191.246,258.235778,69.857475,-1.500000,-1.808582,253.670277
191.278,260.951209,62.010842,-1.500000,-4.294629,253.884654
191.309,252.987599,65.746428,1.500000,3.892802,254.093832
191.341,259.510851,65.906753,-1.029036,-2.395194,254.313698
191.376,254.970910,70.737814,1.500000,2.405513,254.557405
191.405,256.506266,64.902099,1.500000,1.084904,254.758103
191.443,257.689207,66.939079,1.500000,0.192543,255.029673
191.471,268.311367,62.783159,-1.500000,-10.212519,255.232568
191.500,261.784001,73.850434,-1.500000,-3.458075,255.444791
191.534,257.178857,70.305843,0.212493,1.417185,255.697235
191.566,260.602769,72.506522,-1.500000,-1.751768,255.935515
191.596,257.728108,71.343007,-0.054656,1.368629,256.165175
191.628,252.211887,66.574391,1.500000,7.151222,256.414121
191.661,259.257237,64.819069,1.500000,0.374445,256.665123
191.695,256.822695,72.199993,1.500000,3.096660,256.933977
191.734,263.153117,67.369668,-1.500000,-2.893691,257.251800
191.766,261.346469,68.306460,-1.500000,-0.816248,257.504879
191.794,263.491386,63.986798,-1.500000,-2.711342,257.738359
191.824,256.624104,74.270849,1.500000,4.426046,257.990795
191.856,262.444283,66.824455,0.527746,-1.106823,258.259308
191.892,262.934916,66.924126,-1.133328,-1.276678,258.559102
191.926,253.195886,69.185569,1.500000,8.774344,258.850683
191.953,263.406340,71.384608,0.389634,-1.184180,259.086131
191.992,269.831858,71.427047,-1.500000,-7.239509,259.432102
192.031,256.561927,68.233368,1.500000,6.396902,259.774607
192.055,258.200959,66.104064,1.500000,4.984909,259.986793
192.108,271.216565,68.374707,-1.500000,-7.510356,260.473093
192.142,264.828912,66.572129,-1.500000,-0.784636,260.789042
192.310,259.712303,68.773263,1.500000,6.034909,262.380571
192.335,274.840557,66.638773,-1.500000,-8.828422,262.628164
192.362,261.258178,70.990522,1.500000,5.036074,262.891824
192.398,262.081292,69.338314,1.500000,4.594149,263.248076
192.423,269.988371,63.651028,-1.500000,-3.041595,263.501660
192.448,266.700619,65.228460,-1.252101,0.507356,263.745771
192.475,258.232304,67.669876,1.500000,9.274697,264.025235
192.504,264.790268,70.027282,1.500000,3.035322,264.322981
192.537,269.570326,65.726037,-0.167571,-1.380009,264.663848
192.569,274.070099,65.803893,-1.500000,-5.530882,264.989922
192.605,269.258307,68.646813,-1.500000,-0.308988,265.373196
192.640,261.616305,59.258575,1.500000,7.728080,265.742416
192.673,273.654723,64.235287,-1.500000,-3.933653,266.094458
192.707,267.778801,67.937705,0.953583,2.332750,266.459394
192.743,263.956378,68.138340,1.500000,6.575169,266.851914
192.769,272.394002,68.151243,-0.313511,-1.555838,267.138471
192.798,279.079058,66.841617,-1.500000,-7.902579,267.454654
192.829,266.316566,70.223717,1.500000,5.221621,267.792698
192.863,269.445801,62.305825,1.500000,2.506702,268.179909
192.895,276.711185,71.452877,-1.500000,-4.371362,268.541891
192.929,282.516971,71.755322,-1.500000,-9.767487,268.924751
192.964,270.633307,66.980705,1.500000,2.543179,269.323819
192.997,287.045862,74.910002,-1.500000,-13.468391,269.698571
193.032,278.777988,65.509700,-1.500000,-4.765025,270.105573
193.056,263.424693,68.748211,1.500000,10.894594,270.391857
193.111,266.808000,64.796203,1.500000,8.194799,271.030654
193.142,275.977382,66.542228,0.808714,-0.572049,271.406854
193.172,282.882846,63.469801,-1.500000,-7.102050,271.757754
193.202,276.635533,66.640732,-1.500000,-0.464179,272.122761
193.228,277.896641,60.910070,-1.500000,-1.389538,272.436546
193.261,267.514413,64.650051,1.500000,9.419031,272.834995
193.285,271.618745,71.992360,1.500000,5.622711,273.122857
193.319,270.668721,74.490933,1.500000,7.027144,273.547537
193.354,278.691658,66.450723,0.845890,-0.541282,273.972314
193.384,285.488894,64.705065,-1.500000,-6.938038,274.346594
193.418,291.808579,60.380683,-1.500000,-12.798990,274.775316
193.447,278.597895,67.426532,-0.535898,0.797827,275.136189
193.481,284.368102,66.247682,-1.500000,-4.512176,275.566287
193.513,280.133357,67.214048,-1.421569,0.161991,275.976960
193.550,270.889595,74.620885,1.500000,9.910686,276.448861
193.580,269.382032,68.761155,1.500000,11.829400,276.833114
193.612,270.017232,64.662203,1.500000,11.642855,277.252418
193.647,281.207734,68.660061,1.500000,0.945157,277.712983
193.678,296.368906,66.241905,-1.500000,-13.783914,278.116815
193.710,283.913248,65.653352,-1.500000,-0.884028,278.531982
193.738,285.989794,60.906623,-1.500000,-2.566661,278.900124
193.772,271.931434,73.868194,1.500000,11.977751,279.354379
193.806,277.600712,64.736463,1.500000,6.790114,279.804511
193.839,287.791582,67.019876,-1.500000,-2.919889,280.253918
193.875,274.951883,70.984811,1.500000,10.436993,280.737267
193.909,284.268817,67.313753,1.500000,1.615983,281.200747
193.945,289.885460,65.282146,-1.500000,-3.480413,281.686959
193.967,290.619786,70.747672,-1.500000,-3.894016,281.986701
194.006,293.646016,63.441708,-1.500000,-6.347395,282.522076
194.033,272.914593,68.061594,1.500000,14.782564,282.894539
194.074,287.818024,75.133333,1.500000,0.494910,283.470032
194.104,287.530910,61.937584,1.500000,1.219372,283.878769
194.135,297.891161,68.855926,-1.500000,-8.676878,284.312414
194.163,292.069883,70.218225,-1.500000,-2.429841,284.710320
194.198,293.685245,65.559603,-1.500000,-3.517387,285.203605
194.228,285.792474,67.778836,1.500000,4.827157,285.625824
194.260,292.072658,64.723546,0.707645,-0.957940,286.088521
194.294,291.366430,71.252728,0.928977,0.262950,286.569515
194.325,291.779656,71.255924,1.353159,0.328697,287.017153
194.355,300.822561,63.585090,-1.500000,-8.259352,287.442251
194.391,296.376488,70.471822,-1.500000,-3.254804,287.964191
194.420,296.234664,68.180176,-1.500000,-2.657681,288.389704
194.452,290.563725,72.848278,1.500000,3.504070,288.848406
194.485,293.953892,68.059601,1.500000,0.626530,289.327497
194.516,304.465796,66.858114,-1.500000,-9.394758,289.786017
194.546,297.890120,60.167977,-1.500000,-2.350323,290.224109
194.581,289.582623,63.764833,1.500000,6.505689,290.736740
194.613,304.642192,65.653447,-1.500000,-8.044854,291.212465
194.646,302.096978,70.517034,-1.500000,-4.969175,291.708227
194.680,282.698358,67.486822,1.500000,14.969862,292.213290
194.709,289.809265,70.397438,1.500000,8.321478,292.645554
194.740,297.599576,64.313979,1.500000,1.029305,293.111103
194.772,293.831341,64.081342,1.500000,5.304288,293.584700
194.804,307.014976,66.026714,-1.500000,-7.359663,294.070387
194.841,304.899802,71.211904,-1.500000,-4.643412,294.632141
194.870,292.070411,65.677326,1.500000,8.652010,295.067682
194.906,299.383697,69.113874,1.500000,1.926139,295.616669
194.942,314.092047,66.121975,-1.500000,-12.202925,296.158059
194.973,310.423993,64.065890,-1.500000,-8.028003,296.631767
195.009,302.181655,66.714172,-0.529239,0.803338,297.182236
195.038,295.835637,71.501307,1.500000,7.630655,297.632049
195.068,317.683317,68.539112,-1.500000,-13.727282,298.089752
195.098,297.444390,65.266468,1.500000,7.009005,298.554574
195.133,306.691917,67.332955,-0.137887,-1.657692,299.097407
195.165,298.576622,65.342539,1.500000,6.988860,299.593908
195.199,313.979527,71.664528,-1.500000,-7.837119,300.133092
195.235,314.197879,67.190303,-1.500000,-7.459905,300.689696
195.267,313.480576,65.610516,-1.500000,-6.217659,301.180297
195.298,295.703648,63.764645,1.500000,12.089746,301.676069
195.325,302.124719,67.858432,1.500000,6.124665,302.102228
195.357,307.759208,65.704318,1.500000,1.020139,302.597521
195.386,323.958238,74.973435,-1.500000,-14.695345,303.049432
195.417,316.637289,67.721972,-1.500000,-6.840777,303.548143
195.450,317.885985,66.770941,-1.500000,-7.543386,304.058503
195.482,309.136419,64.658366,0.631729,1.764139,304.579961
195.516,311.428438,63.314004,0.946731,0.045970,305.116270
195.553,307.444636,67.560590,1.500000,4.650602,305.696484
195.585,314.077894,61.377613,-0.175093,-1.441975,306.201794
195.625,311.042187,70.190617,1.500000,2.290153,306.852654
195.658,315.618733,72.928136,-0.389384,-1.732343,307.370458
195.691,313.553107,69.594236,0.458770,0.892225,307.892834
195.716,313.559987,65.667744,1.500000,1.321806,308.300741
195.748,340.088275,65.841367,-1.500000,-24.650414,308.820431
195.783,317.379586,73.620398,-1.500000,-1.357289,309.366633
195.812,324.620422,71.386771,-1.500000,-8.095956,309.835950
195.845,317.769523,71.105067,-1.500000,-0.679497,310.364510
195.886,312.584627,66.132285,1.500000,5.219978,311.032341
195.916,318.520995,67.210539,1.500000,-0.203532,311.511647
195.947,317.682886,65.351942,1.500000,1.171029,312.013005
195.982,326.245942,64.366707,-1.500000,-6.787792,312.577710
196.013,322.750298,66.423510,-1.500000,-2.749783,313.084594
196.041,317.671192,67.989471,1.500000,2.816908,313.540280
196.076,320.794588,67.781693,1.500000,0.292658,314.100230
196.108,334.744992,67.770215,-1.500000,-13.105286,314.616548
196.145,332.601265,64.077921,-1.500000,-10.308101,315.227256
196.174,316.906822,67.909764,1.500000,5.879848,315.688477
196.198,338.835425,68.815530,-1.500000,-15.627398,316.082268
196.237,323.966794,69.440288,-1.500000,-0.075310,316.721013
196.266,323.626409,67.740783,-0.580980,0.760518,317.184044
196.300,313.477125,71.887049,1.500000,11.499679,317.735331
196.330,327.703009,70.066131,-0.900204,-2.195984,318.230865
196.362,322.973024,65.659237,1.500000,3.083784,318.744680
196.394,325.029133,68.719737,1.500000,1.580976,319.261784
196.429,338.294707,66.188956,-1.500000,-11.067088,319.838895
196.463,336.627585,66.173027,-1.500000,-8.803571,320.396275
196.499,312.671671,69.496225,1.500000,15.771471,320.974899
196.525,321.192738,63.434041,1.500000,7.714193,321.408347
196.554,324.996698,64.039746,1.500000,4.413092,321.878309
196.593,332.165138,61.693887,-1.022213,-2.087298,322.502655
196.616,315.311717,65.592749,1.500000,15.176478,322.886163
196.650,336.728260,69.522823,-1.500000,-5.653909,323.433973
196.680,319.490518,70.666816,1.500000,12.115586,323.930938
196.714,330.794776,65.848586,1.500000,1.399438,324.480574
196.746,332.646250,63.248602,1.500000,0.108735,325.004659
196.786,346.542056,61.942023,-1.500000,-13.101326,325.645542
196.817,347.536650,68.535929,-1.500000,-13.551720,326.154140
196.851,352.668446,71.385839,-1.500000,-18.093344,326.705703
196.883,343.704188,60.031230,-1.500000,-8.573127,327.225290
196.912,343.350661,73.399144,-1.500000,-7.708180,327.703253
196.944,338.027913,64.531254,-1.500000,-1.834562,328.218085
196.974,316.045560,71.975230,1.500000,20.659991,328.696777
197.004,337.360571,62.808188,1.500000,-0.123881,329.193169
197.041,344.937544,67.492903,-1.500000,-7.070460,329.782321
197.072,319.320400,66.685921,1.500000,19.080925,330.281612
197.104,333.205282,64.461596,1.500000,5.752718,330.801869
197.136,336.864603,63.345384,1.500000,2.645027,331.317411
197.174,347.825433,69.747908,-1.500000,-7.652980,331.936872
197.206,333.711268,64.289185,1.500000,7.003543,332.443749
197.237,357.570520,65.994914,-1.500000,-16.311091,332.952737
197.270,342.136539,68.882749,-1.500000,-0.324770,333.468943
197.299,329.821357,71.747124,1.500000,12.488861,333.934783
197.329,350.710754,62.466176,-1.500000,-7.877898,334.423229
197.362,347.628395,69.633210,-1.500000,-4.228926,334.952775
197.399,341.672587,68.691836,1.343469,2.353165,335.538086
197.454,342.576478,67.895546,1.500000,2.387539,336.414970
197.478,358.812551,61.115119,-1.500000,-13.433368,336.802975
197.510,335.236353,68.069447,1.500000,10.679683,337.304707
197.542,345.728067,71.273607,1.500000,0.739144,337.819823
197.587,350.696084,63.245549,-1.500000,-3.478475,338.521130
197.615,359.141049,68.428734,-1.500000,-11.436130,338.976559
197.642,340.619362,61.754421,1.500000,7.539943,339.401220
197.674,347.688454,66.001118,1.500000,0.997397,339.893319
197.700,345.735735,68.396634,1.500000,3.396788,340.310770
197.730,347.486181,71.900664,1.500000,2.152620,340.783926
197.763,362.131074,65.693423,-1.500000,-11.940802,341.299320
197.793,367.398507,66.343326,-1.500000,-16.712020,341.763072
197.830,361.637954,71.129713,-1.500000,-10.329282,342.344553
197.856,349.476478,67.352062,1.224127,2.254400,342.739138
197.893,358.121867,59.843983,-1.500000,-5.770305,343.319217
197.927,384.675273,62.279042,-1.500000,-31.762548,343.843668
197.957,364.582226,69.803060,-1.500000,-11.168472,344.311920
197.988,356.907788,69.742391,-1.500000,-2.989975,344.783003
198.020,352.255929,65.542731,1.149564,2.192693,345.279086
198.056,343.359958,70.227964,1.500000,11.668940,345.821400
198.085,341.362697,69.891869,1.500000,14.142611,346.266643
198.117,353.362173,62.805664,1.500000,2.677311,346.765873
198.148,355.991698,69.796848,1.500000,0.550286,347.235499
198.181,351.735530,68.006848,1.500000,5.334451,347.728954
198.212,377.979742,71.156872,-1.500000,-20.400383,348.205008
198.248,371.113939,72.022339,-1.500000,-12.966784,348.735659
198.280,362.328246,63.077665,-1.500000,-3.662866,349.219981
198.312,376.152168,65.143456,-1.500000,-16.967851,349.704969
198.344,379.420535,65.758328,-1.500000,-19.724329,350.183370
198.379,348.335106,72.420982,1.500000,11.907565,350.694086
198.415,366.033951,69.216484,-1.500000,-5.220788,351.227255
198.448,358.595048,70.272188,1.442259,2.737172,351.712355
198.481,365.590058,65.401681,-1.500000,-3.736089,352.199970
198.514,349.164078,67.075022,1.500000,13.208463,352.684618
198.543,371.942553,66.058030,-1.500000,-9.114916,353.109941
198.572,358.348372,65.899209,1.500000,4.927385,353.528745
198.606,358.792099,61.088688,1.500000,5.016988,354.027184
198.636,366.876931,68.165066,-1.500000,-2.603772,354.460897
198.674,362.701830,71.739854,0.743914,2.159231,355.010338
198.706,361.233524,69.295514,1.500000,4.109494,355.460765
198.741,346.430191,65.800607,1.500000,19.451572,355.964265
198.772,372.903169,63.535372,-1.500000,-6.549561,356.405242
198.800,348.542653,67.891430,1.500000,18.236653,356.803090
198.836,372.870524,65.301965,-1.500000,-5.551740,357.307275
198.865,375.888841,70.672231,-1.500000,-8.132590,357.716123
198.893,355.926052,62.732735,1.500000,12.239785,358.098914
198.924,357.718352,69.990367,1.500000,10.915193,358.536024
198.956,376.592240,65.552846,-1.500000,-7.489129,358.974870
198.994,368.786172,71.673335,-0.799202,0.882169,359.503123
199.033,379.852177,69.406495,-1.500000,-9.623349,360.026942
199.059,361.218407,65.424793,1.500000,9.397213,360.388430
199.096,371.271744,64.654074,1.500000,-0.124156,360.885597
199.129,397.660646,73.239154,-1.500000,-26.032076,361.335112
199.158,376.878632,63.911017,-1.500000,-4.838198,361.720032
199.186,380.960418,64.877372,-1.500000,-8.509478,362.103682
199.216,353.193006,71.313089,1.500000,19.678952,362.497157
199.250,366.815004,65.774492,1.500000,6.540686,362.949244
199.290,367.499970,72.950670,1.500000,6.415277,363.472193
199.317,384.900169,68.970922,-1.500000,-10.612599,363.820158
199.354,382.391830,75.684461,-1.500000,-7.588597,364.302088
199.381,359.960702,71.697192,1.500000,15.225287,364.659803
199.417,357.481372,60.974663,1.500000,18.189314,365.112791
199.450,371.864991,69.485674,1.500000,4.264436,365.541520
199.478,406.531285,67.358443,-1.500000,-30.027808,365.891100
199.509,380.431106,66.596750,-1.500000,-3.502534,366.288385
199.542,375.804516,70.000635,0.394197,1.567561,366.702876
199.577,383.589880,62.398718,-1.500000,-5.747422,367.142483
199.610,372.795136,67.291661,1.500000,5.476281,367.543380
199.647,366.045822,68.714373,1.500000,12.714411,368.000218
199.682,385.962409,69.690017,-1.500000,-6.744373,368.428071
199.714,396.016828,68.214888,-1.500000,-16.381217,368.818328
199.742,387.403397,60.965726,-1.500000,-7.407666,369.154889
199.772,365.997484,65.734731,1.500000,14.382537,369.514038
199.808,384.183424,67.655468,-1.500000,-3.344511,369.942910
199.838,378.057262,70.091654,1.500000,3.165554,370.301697
199.870,374.167615,70.815518,1.500000,7.450060,370.670724
199.902,374.316020,72.323086,1.500000,7.705995,371.048612
199.937,380.123474,67.598597,1.500000,2.328588,371.450525
199.969,388.535629,67.606114,-1.500000,-5.691357,371.817077
200.005,402.191385,69.016119,-1.500000,-18.913327,372.222484
200.034,391.070959,58.223213,-1.500000,-7.443888,372.548665
200.063,390.724225,62.878495,-1.500000,-6.751727,372.871494
200.099,368.808101,68.620938,1.500000,15.594315,373.273285
200.135,382.065382,68.518105,1.500000,2.759773,373.668370
200.162,388.099584,62.595158,-1.500000,-2.958621,373.963517
200.193,373.517073,62.017522,1.500000,11.984524,374.300557
200.229,388.883407,66.312378,-1.500000,-2.969716,374.685692
200.266,365.139393,65.605382,1.500000,21.196900,375.080648
200.298,372.626834,71.003598,1.500000,14.074637,375.421935
200.334,396.777966,61.907475,-1.500000,-9.676172,375.796070
200.359,394.044083,71.822229,-1.500000,-6.672100,376.048583
200.395,383.240447,68.128858,1.500000,4.536340,376.426904
200.430,392.842776,73.583642,-1.500000,-4.695800,376.772875
200.461,377.326518,64.131990,1.500000,11.159479,377.089717
200.491,383.226668,69.189060,1.500000,5.577620,377.387185
200.521,405.759959,68.141604,-1.500000,-16.639946,377.682255
200.554,391.994902,67.681155,-1.500000,-2.531487,378.003192
200.594,398.047148,65.551564,-1.500000,-8.169135,378.390666
200.620,363.165303,68.677289,1.500000,26.983554,378.643792
200.663,390.635408,68.388229,1.500000,-0.051536,379.050347
200.685,397.250879,64.523525,-1.500000,-6.450761,379.252446
200.721,385.939285,68.641139,1.500000,5.217415,379.585700
200.747,402.595648,71.290295,-1.500000,-11.189409,379.818915
200.785,380.279143,63.570479,1.500000,11.500614,380.167998
200.815,376.247979,65.073724,1.500000,15.814468,380.432194
200.846,422.122344,66.734247,-1.500000,-29.762762,380.709890
200.881,391.250975,74.504024,-0.136661,1.430479,381.010705
200.916,400.090106,70.753964,-1.500000,-7.079007,381.318785
200.960,387.351467,61.841226,1.500000,6.057088,381.690238
200.987,397.749078,67.784762,-1.500000,-4.099383,381.915602
201.033,395.416305,67.382747,-1.500000,-1.356076,382.299279
201.057,378.410212,71.244575,1.500000,15.855910,382.491703
201.096,407.900826,69.214644,-1.500000,-13.301020,382.803557
201.126,392.595583,70.582559,0.864772,2.259251,383.041902
201.149,389.887730,66.965594,1.500000,5.163363,383.225320
201.176,385.361339,62.342917,1.500000,9.912284,383.433292
201.204,395.421375,67.700799,1.500000,0.078611,383.644846
201.233,388.487031,70.738300,1.500000,7.245975,383.862623
201.266,391.057068,63.056236,1.500000,4.945786,384.114817
201.298,395.383139,66.349554,1.500000,0.869061,384.347851
201.329,449.616595,71.223215,-1.500000,-53.127844,384.568926
201.361,438.716218,64.540717,-1.500000,-41.983855,384.796601
201.396,413.668739,67.522596,-1.500000,-16.675687,385.040236
201.433,416.761266,66.205516,-1.500000,-19.493259,385.297203
201.459,444.430803,63.672118,-1.500000,-46.977541,385.470338
201.490,430.818982,68.066674,-1.500000,-33.144207,385.677360
201.521,435.609420,69.585261,-1.500000,-37.714758,385.882862
201.552,384.284664,69.004150,1.500000,13.821656,386.080673
201.584,406.886072,69.559615,-1.500000,-8.558323,386.287616
201.621,428.114646,72.140920,-1.500000,-29.544664,386.514002
201.657,408.970352,65.444305,-1.500000,-10.162819,386.736012
201.691,402.378490,64.888522,-1.500000,-3.357474,386.935528
201.725,370.366817,68.073926,1.500000,28.869295,387.136553
201.758,376.923032,69.911187,1.500000,22.514942,387.325209
201.787,373.533971,68.332376,1.500000,26.076237,387.486176
201.814,377.459646,67.851343,1.500000,22.310495,387.635646
201.846,367.293481,64.711804,1.500000,32.660260,387.807235
201.880,364.728589,64.573833,1.500000,35.417208,387.986726
201.912,385.079109,64.794669,1.500000,15.240152,388.148842
201.944,399.831695,67.247590,1.500000,0.661150,388.311070
201.977,404.688207,71.345379,-1.500000,-4.024595,388.470665
202.008,398.036157,62.681001,1.500000,2.787241,388.619998
202.043,427.320103,68.268925,-1.500000,-26.320872,388.784328
202.083,426.306554,61.206912,-1.500000,-25.115953,388.963179
202.110,413.995702,65.606089,-1.500000,-12.676415,389.083446
202.142,402.464551,60.922599,-1.500000,-0.999151,389.220000
202.172,405.113688,72.322493,-1.500000,-3.512040,389.347335
202.204,389.913831,70.576309,1.500000,11.825512,389.476022
202.373,390.111761,64.443925,1.500000,12.289440,390.094580
202.392,396.536063,67.506293,1.500000,5.933090,390.158087
202.421,393.182608,61.993270,1.500000,9.387902,390.252814
202.447,415.337491,66.910723,-1.500000,-12.681799,390.332422
202.476,402.549132,67.454851,-1.500000,0.198817,390.418645
202.504,413.759394,67.464771,-1.500000,-10.923262,390.501058
202.532,388.890383,72.092992,1.500000,14.030036,390.579831
202.567,374.022862,59.755686,1.500000,28.996727,390.672513
202.596,399.657531,70.234057,1.500000,3.439810,390.745178
202.627,424.958711,66.181849,-1.500000,-21.778833,390.822316
202.670,429.815248,64.143943,-1.500000,-26.530003,390.920790
202.700,395.320080,67.671253,1.500000,8.033339,390.984504
202.734,405.974722,68.780265,-1.215474,-2.549487,391.051622
202.762,409.604467,67.675234,-1.500000,-6.121726,391.105365
202.793,409.923720,62.844567,-1.500000,-6.381889,391.160590
202.830,414.351582,69.075118,-1.500000,-10.744703,391.221382
202.859,395.401971,67.310245,1.500000,8.252610,391.265964
202.891,405.555000,68.152796,-0.373262,-1.852484,391.310763
202.926,406.043437,71.563715,-1.500000,-2.294279,391.354353
202.957,380.902911,66.461808,1.500000,22.884802,391.390386
202.991,378.212231,69.172396,1.500000,25.612115,391.424623
203.025,393.413376,68.540382,1.500000,10.442899,391.454463
203.056,403.843859,68.913652,1.500000,0.037180,391.477607
203.088,399.062307,67.886228,1.500000,4.839932,391.497420
203.120,399.549108,69.554787,1.500000,4.369983,391.513169
203.155,424.558072,68.376811,-1.500000,-20.625524,391.525746
203.185,406.767756,66.551352,-1.500000,-2.827563,391.532891
203.214,404.512017,64.861826,-1.500000,-0.568258,391.536224
203.246,404.239412,66.270646,-1.500000,-0.295786,391.536099
203.285,389.142789,67.435246,1.500000,14.794792,391.530449
203.320,401.501736,62.352585,1.500000,2.425156,391.520459
203.351,425.843988,68.755130,-1.500000,-21.931128,391.507346
203.381,401.699602,71.210314,0.787577,2.195366,391.490624
203.412,412.870658,69.315452,-1.500000,-8.997445,391.470293
203.443,409.631805,67.598726,-1.500000,-5.784978,391.445633
203.475,413.255581,64.901666,-1.500000,-9.440137,391.416302
203.514,376.776238,68.012707,1.500000,26.996128,391.376042
203.545,386.139408,64.529838,1.500000,17.593189,391.338875
203.580,415.402944,65.444029,-1.500000,-11.720689,391.291827
203.615,386.213401,65.665646,1.500000,17.414603,391.241126
203.654,404.637362,69.300492,0.563848,-1.076945,391.177960
203.677,416.445510,64.770865,-1.500000,-12.926949,391.138842
203.705,401.681889,66.247282,0.400735,1.780903,391.086722
203.740,389.380664,60.669195,1.500000,14.007895,391.017345
203.773,411.396032,71.090347,-1.500000,-8.080915,390.948707
203.804,394.632497,71.914474,1.500000,8.610095,390.880927
203.842,415.868286,59.280597,-1.500000,-12.723140,390.789856
203.872,373.061732,62.114153,1.500000,30.003920,390.715562
203.906,394.689929,63.446597,1.500000,8.279874,390.625985
203.939,400.729011,68.989383,1.500000,2.144594,390.536079
203.965,408.032545,70.810804,-1.500000,-5.238018,390.462175
203.998,404.893695,61.440684,-1.500000,-2.207506,390.360925
204.029,394.139031,67.358450,1.500000,8.445491,390.265908
204.063,417.397868,64.227934,-1.500000,-14.930507,390.156412
204.096,396.416837,69.106217,1.500000,5.930014,390.043786
204.129,409.291748,69.588323,-1.500000,-7.066805,389.929853
204.166,415.939228,65.184462,-1.500000,-13.860386,389.793311
204.195,414.930380,67.868761,-1.500000,-12.970603,389.682035
204.226,408.643257,65.435329,-1.500000,-6.811945,389.561973
204.257,390.435042,68.252148,1.500000,11.263151,389.437564
204.290,392.513229,67.365466,1.500000,9.041064,389.303077
204.325,402.736687,65.085143,-0.124476,-1.344343,389.151723
204.355,387.934361,73.920927,1.500000,13.316260,389.019273
204.388,392.089274,66.167049,1.500000,9.001082,388.869492
204.421,383.118401,70.117039,1.500000,17.810406,388.718511
204.457,405.455203,68.245703,-1.500000,-4.713445,388.543699
204.484,414.487908,61.738742,-1.500000,-13.884190,388.414690
204.525,408.863111,66.359335,-1.500000,-8.481721,388.206907
204.547,387.759718,63.026662,1.500000,12.496892,388.090290
204.596,420.546530,71.886104,-1.500000,-20.566422,387.831877
204.615,400.697775,69.930336,-1.500000,-0.829717,387.727157
204.649,403.079184,70.894262,-1.500000,-3.410136,387.541167
204.680,390.305718,65.445946,1.500000,9.172938,387.363230
204.715,383.879656,64.144372,1.500000,15.383203,387.161551
204.749,391.388465,69.019644,1.500000,7.659899,386.961088
204.776,386.976007,64.735712,1.500000,11.898746,386.798834
204.812,389.883759,68.080684,1.500000,8.753422,386.576805
204.845,402.765630,65.172437,-1.500000,-4.351886,386.367985
204.881,393.214428,66.516449,1.500000,4.950826,386.135752
204.915,420.023252,67.915424,-1.500000,-22.092640,385.916460
204.943,422.191599,69.616107,-1.500000,-24.460781,385.729737
204.971,408.134554,65.517007,-1.500000,-10.611427,385.535633
205.003,410.425228,61.412766,-1.500000,-13.134025,385.318881
205.037,400.794391,68.732234,-1.500000,-3.756658,385.081993
205.073,393.927768,70.417096,1.500000,2.834211,384.824279
205.107,379.063365,64.796263,1.500000,17.435493,384.578372
205.141,399.180419,64.947998,-1.500000,-2.952676,384.324994
205.172,369.666234,62.036796,1.500000,26.312074,384.091876
205.204,389.973122,67.630625,1.500000,5.744653,383.848388
205.237,408.525735,70.596714,-1.500000,-13.084080,383.590331
205.264,390.805938,65.137180,1.500000,4.404553,383.374290
205.294,403.298965,66.048067,-1.500000,-8.339973,383.139245
205.328,393.978985,68.548510,-1.038768,0.683908,382.862517
205.365,396.364327,69.049028,-1.500000,-2.025280,382.559856
205.395,374.376632,66.110939,1.500000,19.696174,382.311033
205.435,376.374523,73.315706,1.500000,17.334464,381.971016
205.463,386.651442,74.302332,1.500000,6.793255,381.724016
205.496,389.810050,69.582913,1.500000,3.327184,381.436668
205.531,391.020022,66.462943,1.500000,1.788668,381.129617
205.555,422.384374,65.889079,-1.500000,-29.801728,380.918361
205.590,389.074770,66.440685,1.500000,3.170010,380.602598
205.620,408.875038,64.648435,-1.500000,-16.926494,380.325742
205.658,396.718349,65.535574,-1.500000,-5.147542,379.972717
205.695,415.303032,62.711500,-1.500000,-24.100779,379.628274
205.726,407.198849,68.496477,-1.500000,-16.318974,379.326987
205.758,410.434270,67.275569,-1.500000,-19.878230,379.024337
205.786,387.911657,66.923982,1.344428,2.353959,378.752912
205.816,386.607478,67.162541,1.500000,3.333122,378.449160
205.848,395.183987,70.385531,-1.500000,-5.580348,378.134242
205.881,382.428448,64.582935,1.500000,6.826047,377.807939
205.913,367.281358,69.648908,1.500000,21.620589,377.478454
205.943,407.529334,72.800679,-1.500000,-18.963390,377.164434
205.980,367.693419,66.967387,1.500000,20.465676,376.784201
206.013,375.868526,69.492750,1.500000,11.916602,376.434699
206.046,410.278071,66.046679,-1.500000,-22.860194,376.091473
206.076,397.765540,69.666326,-1.500000,-10.701601,375.760690
206.109,377.452698,68.698483,1.500000,9.237588,375.411482
206.140,401.419204,70.500180,-1.500000,-15.090990,375.073097
206.178,398.477126,64.838310,-1.500000,-12.599787,374.651718
206.208,375.681181,70.849482,1.500000,9.833035,374.312352
206.241,384.611817,65.263264,1.500000,0.511499,373.947024
206.272,389.671610,70.612340,-1.500000,-4.928389,373.591795
206.304,372.954668,64.393102,1.500000,11.392660,373.221802
206.337,384.908188,68.075011,0.703291,-0.961544,372.847331
206.369,395.758008,63.174838,-1.500000,-12.212186,372.472731
206.403,400.044306,67.374211,-1.500000,-16.935374,372.064422
206.438,376.894420,67.289581,1.500000,5.772668,371.651485
206.465,370.865938,68.448461,1.500000,11.449415,371.322760
206.499,401.685668,63.431561,-1.500000,-19.799493,370.921659
206.540,373.395576,70.585240,1.500000,7.948776,370.415283
206.573,396.789886,64.771186,-1.500000,-15.880219,370.009035
206.606,381.183259,62.350200,-1.500000,-0.716129,369.595448
206.642,389.120444,65.735275,-1.500000,-9.132918,369.147221
206.666,377.813040,67.399839,0.734925,1.849543,368.843535
206.703,392.733987,60.232264,-1.500000,-13.573290,368.374483
206.729,365.569964,70.840128,1.500000,13.240171,368.046855
206.768,368.653845,67.242584,1.500000,9.621049,367.546631
206.797,364.746795,70.637616,1.500000,13.119055,367.164346
206.829,383.322501,67.523168,-1.500000,-5.901727,366.748387
206.859,369.626625,70.205408,1.500000,7.372623,366.354437
206.894,380.004415,63.080044,-1.500000,-3.509013,365.883553
206.928,381.041341,68.779594,-1.500000,-5.030678,365.430526
206.961,367.590748,68.572008,1.500000,7.953744,364.994852
206.996,383.038035,67.569227,-1.500000,-8.012897,364.509475
207.027,381.349807,68.510283,-1.500000,-6.777102,364.086640
207.063,353.141656,70.679799,1.500000,20.903016,363.593151
207.089,367.457901,64.430999,1.500000,6.204536,363.235922
207.125,384.874828,70.928941,-1.500000,-11.742605,362.740395
207.158,350.540159,71.832682,1.500000,22.090338,362.271493
207.196,365.657427,73.145286,1.500000,6.408557,361.743910
207.221,368.726181,68.971473,1.500000,2.949508,361.379148
207.253,383.440851,71.112255,-1.500000,-12.244731,360.930953
207.285,372.672578,75.718392,-1.500000,-1.967220,360.472297
207.317,365.409634,60.043856,1.500000,4.805072,360.013744
207.348,371.684020,66.541401,-0.491655,-1.950465,359.564070
207.379,382.455436,64.382491,-1.500000,-13.218867,359.099597
207.411,355.516155,70.873443,1.500000,13.226794,358.638270
207.442,386.451375,68.934857,-1.500000,-18.199929,358.178921
207.480,366.332296,69.707347,-0.278930,1.312739,357.612183
207.512,370.275623,60.176567,-1.500000,-3.142605,357.133662
207.544,360.655247,65.831475,1.500000,5.963606,356.653133
207.576,351.992929,65.440889,1.500000,14.110940,356.171841
207.609,355.089800,64.755929,1.500000,10.492712,355.684591
207.640,357.023922,70.198094,1.500000,8.048417,355.207793
207.671,369.139591,64.981017,-1.500000,-4.580095,354.728501
207.709,367.940801,69.023577,-1.500000,-3.998563,354.151624
207.743,365.943518,65.546626,-1.500000,-2.567596,353.622357
207.772,367.817779,66.892192,-1.500000,-4.929717,353.166412
207.806,351.071800,72.438219,1.500000,11.255986,352.642791
207.843,353.072376,70.739296,1.500000,8.629612,352.057933
207.872,373.713743,70.604397,-1.500000,-12.494727,351.606557
207.900,345.532875,68.294662,1.500000,15.220038,351.170947
207.930,356.085533,60.943428,1.500000,4.142381,350.680293
207.962,358.597864,64.874522,1.500000,1.099846,350.184776
207.992,373.450530,69.280094,-1.500000,-14.276898,349.694983
208.029,347.582669,66.565334,1.500000,10.960345,349.105621
208.062,378.767425,65.290539,-1.500000,-20.804728,348.563268
208.094,376.701244,65.847222,-1.500000,-19.281255,348.056065
208.129,361.586569,69.155849,-1.500000,-4.788174,347.475136
208.165,374.297591,67.410046,-1.500000,-18.127186,346.888229
208.195,374.789984,70.703212,-1.500000,-19.134469,346.407023
208.224,336.706209,67.543568,1.500000,18.427267,345.919137
208.255,347.396706,66.444256,1.500000,7.200453,345.417906
208.285,361.951534,66.771813,-1.500000,-7.897865,344.909971
208.316,334.920407,72.621667,1.500000,18.594224,344.406197
208.348,355.001952,64.383899,-0.639125,-2.072509,343.859293
208.380,351.062710,65.188165,0.666822,1.296249,343.326130
208.418,337.733671,62.009719,1.500000,13.947688,342.692859
208.454,358.035891,67.418968,-1.500000,-7.011950,342.078450
208.490,352.307004,66.692020,-1.500000,-1.923077,341.480305
208.516,337.047088,68.488660,1.500000,12.852961,341.028083
208.548,337.056906,72.092434,1.500000,12.270680,340.493071
208.581,362.587681,57.631408,-1.500000,-13.866405,339.926426
208.610,346.226750,63.948190,0.500420,1.957719,339.424737
208.643,354.281694,68.415576,-1.500000,-6.708171,338.853759
208.680,343.595602,64.834911,1.500000,3.310910,338.230385
208.713,352.803472,68.518137,-1.500000,-6.515744,337.652083
208.745,336.990868,65.861627,1.500000,8.698050,337.092447
208.781,327.710938,60.974657,1.500000,17.315576,336.473377
208.813,346.299958,66.817307,-0.769520,-1.878173,335.908211
208.841,342.080437,70.256757,1.150166,1.817308,335.418453
208.871,347.483770,61.116351,-1.500000,-4.144889,334.896150
208.902,343.798368,62.024976,-1.500000,-1.030514,334.362480
208.941,327.680279,65.712742,1.500000,14.341257,333.664987
208.973,338.610966,67.824375,1.500000,2.814623,333.108027
209.006,330.380662,66.505043,1.500000,10.419979,332.523964
209.041,338.334500,66.672606,1.500000,1.801951,331.903225
209.073,363.007035,71.137876,-1.500000,-23.481073,331.332675
209.097,332.440046,68.820712,1.500000,6.624983,330.901896
209.134,366.905453,66.216852,-1.500000,-28.531550,330.255984
209.161,359.969598,71.242935,-1.500000,-22.115240,329.770428
209.194,348.790390,62.744409,-1.500000,-11.573499,329.174665
209.228,355.744366,65.231992,-1.500000,-19.183488,328.561568
209.273,338.636850,65.322513,-1.500000,-2.942223,327.751988
209.302,323.745201,66.160214,1.500000,11.398303,327.236919
209.346,325.686891,69.262190,1.500000,8.608793,326.444564
209.374,337.253732,68.663504,-1.500000,-3.493442,325.944195
209.401,338.102535,72.091313,-1.500000,-4.864893,325.455741
209.433,325.368766,68.499585,1.500000,7.230410,324.859043
209.466,319.928383,64.503361,1.500000,12.037857,324.267514
209.497,323.653595,67.809946,1.500000,7.705437,323.700030
209.532,333.972262,63.347213,-1.500000,-3.293825,323.063961
209.563,341.369648,67.067252,-1.500000,-11.295349,322.499345
209.599,333.428552,70.045109,-1.500000,-4.055311,321.844151
209.631,325.496928,65.313492,1.500000,3.246863,321.255880
209.663,312.280952,68.011706,1.500000,15.847016,320.680345
209.697,324.336106,72.722479,1.500000,3.118825,320.051337
209.728,320.649955,67.232699,1.500000,6.197334,319.483448
209.761,341.449100,64.919064,-1.500000,-15.244654,318.882660
209.791,325.903399,71.362584,-1.500000,-0.291058,318.329291
209.821,326.163324,71.731891,-1.500000,-1.132613,317.785711
209.854,320.452060,70.274437,1.500000,3.922667,317.172643
209.890,331.541698,61.279265,-1.500000,-7.879233,316.506977
209.926,324.416343,61.261220,-1.500000,-1.464194,315.843130
209.961,306.526850,67.071067,1.500000,15.740949,315.203550
209.994,317.091604,72.304750,1.500000,4.518866,314.589224
210.024,317.902126,66.154096,1.500000,3.121382,314.040661
210.056,324.564617,68.508681,-1.500000,-4.169033,313.453817
210.084,323.766925,63.585230,-1.500000,-3.921757,312.939409
210.117,303.350150,70.875610,1.500000,15.836886,312.324333
210.147,314.554103,65.949975,1.500000,4.031590,311.762330
210.187,327.243537,69.192376,-1.500000,-9.438373,311.032864
210.220,317.042177,72.443839,-1.500000,0.094362,310.407980
210.253,304.620093,68.456421,1.500000,11.877788,309.811104
210.285,313.397858,64.507663,1.500000,2.470137,309.222425
210.317,322.783208,63.145964,-1.500000,-7.548261,308.630791
210.342,320.747132,67.398630,-1.500000,-6.018822,308.157299
210.382,303.722451,71.994959,1.500000,10.216113,307.419219
210.411,327.147587,65.984763,-1.500000,-13.788232,306.877902
210.446,304.894890,66.463043,1.500000,7.775746,306.234239
210.477,325.038480,66.065320,-1.500000,-12.979771,305.662345
210.507,294.718406,66.649559,1.500000,16.740723,305.101989
210.541,315.243811,70.864667,-1.500000,-4.455108,304.475423
210.572,299.377173,68.872163,1.500000,10.812205,303.915307
210.602,310.600502,65.731658,0.644380,-1.010297,303.355331
210.636,319.925705,72.881153,-1.500000,-11.004910,302.729715
210.671,293.504974,67.830070,1.500000,14.717642,302.077211
210.706,307.338795,68.007856,1.500000,0.186586,301.425590
210.742,304.741269,70.160311,1.500000,2.086478,300.773596
210.769,314.693249,65.466017,-1.500000,-8.404556,300.269807
210.801,307.709144,69.035595,-1.500000,-2.047755,299.683541
210.833,305.687054,61.130371,-1.500000,-0.646309,299.103500
210.862,297.111221,65.128853,1.500000,7.352679,298.564392
210.893,315.164677,58.832137,-1.500000,-11.314194,297.991106
210.926,292.783009,65.986022,1.500000,10.433459,297.398568
210.957,311.732328,70.006578,-1.500000,-9.131878,296.822851
210.989,307.754812,73.797982,-1.500000,-5.777184,296.240774
211.029,293.536264,65.264069,1.500000,7.647847,295.499170
211.062,298.026363,63.844346,1.500000,2.519538,294.902711
211.093,304.840590,62.666538,-1.500000,-4.902399,294.334758
211.124,293.675833,65.976005,1.500000,5.659680,293.771507
211.157,299.392163,72.758434,1.013715,-0.704642,293.165908
211.191,315.168844,68.452131,-1.500000,-17.132354,292.557466
211.224,300.733640,65.134746,-1.500000,-3.342965,291.953902
211.258,296.689845,70.423233,-1.445684,0.044900,291.340884
211.294,282.187238,65.958317,1.500000,13.846878,290.686089
211.327,287.085866,64.910059,1.500000,8.321021,290.099894
211.350,294.640930,67.330969,1.500000,0.312345,289.675958
211.386,293.108814,68.429469,1.500000,1.154536,289.031168
211.411,307.210184,66.501392,-1.500000,-13.429959,288.579650
211.442,304.803163,66.220085,-1.500000,-11.621804,288.019961
211.476,295.047693,63.792416,-1.500000,-2.508124,287.420159
211.514,298.316811,58.616325,-1.500000,-6.501157,286.743602
211.546,289.026108,69.937699,1.131468,2.177716,286.171799
211.587,287.145886,66.177164,1.500000,3.267816,285.433366
211.611,291.149159,58.426946,0.108652,-1.188539,285.009925
211.642,288.740150,66.321408,0.706431,0.634841,284.462608
211.675,292.445141,69.224716,-1.500000,-3.696770,283.876983
211.706,284.951410,67.351029,1.500000,3.216583,283.334573
211.737,297.599863,64.914122,-1.500000,-10.020626,282.784334
211.767,291.307322,68.467555,-1.500000,-4.288183,282.260878
211.799,283.932044,68.653900,1.500000,2.488011,281.700986
211.840,282.077224,66.595849,1.500000,3.578580,280.986733
211.877,291.773084,65.827566,-1.500000,-6.795775,280.352626
211.908,280.349652,60.035251,1.500000,4.040689,279.804057
211.940,282.914506,66.469614,1.500000,0.888169,279.254837
211.972,289.715851,65.321758,-1.500000,-6.499862,278.706532
212.004,288.208168,66.895987,-1.500000,-5.586250,278.151325
212.038,280.771892,68.844863,-0.013720,1.229975,277.571838
212.067,282.319830,66.243993,-0.867723,-0.856454,277.068576
212.096,277.758005,70.715634,1.500000,3.167765,276.566141
212.129,281.641256,61.417289,0.207378,-1.308253,276.012152
212.162,286.274967,63.062512,-1.500000,-6.538701,275.454454
212.200,276.782530,70.562771,1.022941,2.259918,274.806027
212.232,277.158225,62.694162,1.500000,1.313060,274.272229
212.270,282.088133,66.280705,-1.500000,-4.306937,273.627286
212.301,275.703193,76.421178,-0.020294,1.526783,273.112127
212.333,269.340673,67.900882,1.500000,7.316671,272.576958
212.364,281.701046,64.245517,-1.500000,-5.595397,272.061354
212.394,272.077154,69.657451,1.500000,3.495940,271.563640
212.424,287.985692,63.494387,-1.500000,-12.943201,271.067748
212.458,273.628641,66.258067,-0.870983,0.822765,270.515332
212.498,272.808674,65.942357,0.352789,0.949353,269.867315
212.528,270.307850,66.571722,1.500000,2.917523,269.369507
212.556,277.814575,71.663160,-1.500000,-5.081304,268.909599
212.593,269.506627,67.541268,1.260532,2.586777,268.311592
212.623,270.398606,68.788941,1.500000,1.178165,267.828758
212.655,276.567907,67.766970,-1.500000,-5.542558,267.313410
212.690,265.485003,69.996572,1.500000,4.958006,266.769167
212.719,279.091840,69.679888,-1.500000,-9.151232,266.299633
212.748,276.071743,66.958308,-1.500000,-6.625390,265.837713
212.784,280.538267,70.485834,-1.500000,-11.689343,265.279368
212.816,278.243001,68.018653,-1.500000,-9.943714,264.765689
212.848,262.652464,69.175466,1.500000,5.121130,264.274387
212.880,260.530606,68.901913,1.500000,6.710339,263.776584
212.911,262.179923,69.910562,1.500000,4.535331,263.285284
212.947,263.935981,68.089688,1.500000,2.194506,262.738773
212.976,271.522462,66.222094,-1.500000,-5.876521,262.285926
213.013,261.739179,69.708495,1.500000,3.310345,261.728527
213.048,279.813951,72.228109,-1.500000,-15.337767,261.192696
213.075,266.071509,69.356045,-1.500000,-2.028661,260.787708
213.108,257.266898,67.407524,1.500000,6.245589,260.292043
213.145,270.336168,67.810393,-1.500000,-7.415408,259.739028
213.176,267.468339,64.025021,-1.500000,-5.031151,259.287092
213.213,259.476281,67.526181,1.369347,2.374581,258.739124
213.242,262.987253,67.110117,-0.220720,-1.604953,258.301215
213.269,259.707855,62.152359,1.111480,1.262659,257.916368
213.301,265.995718,71.074967,-1.500000,-5.528019,257.446447
213.336,259.231913,64.865199,-0.967509,0.703737,256.949206
213.364,259.933304,68.875558,-1.428701,-0.435274,256.540215
213.393,253.005705,68.348127,1.500000,6.040540,256.117986
213.429,252.949651,64.092676,1.500000,5.552481,255.609470
213.460,254.358019,63.417687,1.500000,3.672911,255.169093
213.492,258.458363,73.742027,0.403102,-0.907727,254.720221
213.524,258.106690,68.993150,-0.980502,-1.034490,254.273085
213.554,250.943032,69.466578,1.500000,5.685364,253.858314
213.595,266.564803,66.259702,-1.500000,-10.538336,253.295764
213.628,260.682929,67.479107,-1.500000,-5.134423,252.849071
213.662,259.170468,63.786480,-1.500000,-4.118808,252.384729
213.689,241.350524,66.850635,1.500000,13.318666,252.027280
213.715,256.966409,67.563301,-1.376399,-2.682667,251.667049
213.746,243.461561,72.844476,1.500000,10.387770,251.261057
213.782,244.475052,72.625447,1.500000,8.862012,250.782303
213.817,256.693264,63.336493,-1.500000,-3.843291,250.327078
213.851,244.700439,63.742797,1.500000,7.669224,249.878190
213.885,247.713450,66.487331,1.500000,4.195103,249.447246
213.916,258.917174,64.885875,-1.500000,-7.433838,249.049846
213.949,245.621523,66.491410,1.500000,5.411093,248.628613
213.976,253.497381,68.594327,-1.500000,-2.839431,248.278458
214.010,255.783739,76.447313,-1.500000,-5.572223,247.861229
214.040,248.108784,65.791709,0.546225,1.693378,247.478655
214.076,250.904865,68.242274,-1.105808,-1.573307,247.038840
214.108,248.827834,70.018290,-1.199186,0.089113,246.651353
214.139,249.036041,69.649472,-1.500000,-0.533508,246.264049
214.177,234.195075,74.276441,1.500000,13.820729,245.809162
214.207,237.359335,66.047559,1.500000,10.273960,245.451678
214.241,246.406324,66.234678,1.500000,0.801022,245.053594
214.274,248.118518,67.406112,-0.104364,-1.327700,244.664316
214.301,242.480670,65.944556,1.500000,3.969340,244.345804
214.339,250.402363,66.053456,-1.500000,-4.414187,243.914183
214.368,240.637350,63.057426,1.500000,4.995252,243.581872
214.400,246.052475,64.281793,0.884627,-0.811473,243.215890
214.432,249.704170,65.834273,-1.500000,-4.837745,242.865818
214.461,242.321271,60.715950,0.858468,2.192036,242.535800
214.492,252.655916,64.426851,-1.500000,-8.505007,242.197111
214.532,242.221781,68.098000,-0.020752,1.461770,241.760328
214.555,238.958646,63.802177,1.500000,4.460704,241.513412
214.593,241.013876,65.643829,1.500000,1.972465,241.108730
214.632,246.260159,66.022529,-1.500000,-3.716422,240.695081
214.665,245.932075,72.350590,-1.500000,-3.753208,240.354081
214.696,242.630520,61.747594,-1.500000,-0.795953,240.032305
214.728,241.069018,65.126684,-1.000860,0.413031,239.702849
214.760,232.635198,68.938543,1.500000,8.504760,239.383138
214.797,238.872900,64.772321,1.500000,1.874786,239.016529
214.828,238.106064,66.459303,1.500000,2.309989,238.706592
214.860,235.452295,70.388826,1.500000,4.633414,238.397859
214.892,243.580677,63.490585,-1.500000,-3.824408,238.089971
214.924,251.763414,66.914431,-1.500000,-12.338704,237.780103
214.961,238.003683,68.050758,-0.229758,1.051185,237.434456
214.994,247.018075,66.156434,-1.500000,-8.288409,237.130529
215.024,231.393108,63.814655,1.500000,7.043785,236.856910
215.056,241.544874,59.428663,-1.500000,-3.421870,236.563555
215.093,234.908491,69.091277,1.500000,2.864330,236.236281
215.136,244.417805,65.649235,-1.500000,-7.047847,235.859773
215.162,239.880085,67.701761,-1.500000,-2.755327,235.630615
215.195,229.852875,70.235526,1.500000,6.973036,235.351319
215.229,233.093164,71.249047,1.500000,3.424464,235.063203
215.262,233.710607,65.994644,1.500000,2.517621,234.792737
215.285,240.571368,65.989761,-1.500000,-4.549281,234.600081
215.314,233.986720,68.132432,0.297269,1.789594,234.370386
215.346,237.750500,71.648504,-1.500000,-2.252357,234.110414
215.381,231.916796,66.157972,1.500000,3.292137,233.840124
215.412,239.832473,69.321089,-1.500000,-4.884429,233.596303
215.448,235.282237,63.440127,-1.500000,-0.625333,233.324209
215.481,226.226863,67.095641,1.500000,8.164941,233.076452
215.513,234.767110,68.309519,1.104148,-0.629800,232.838608
215.545,235.195786,67.950543,-0.520784,-1.304839,232.608361
215.580,226.641328,62.092982,1.500000,6.987630,232.363512
215.606,233.143313,67.685613,1.500000,0.286476,232.177373
215.635,237.312553,65.949382,-1.500000,-4.097512,231.976674
215.668,230.678541,67.273860,0.913971,2.299967,231.755615
215.700,236.858993,63.934975,-1.500000,-4.105665,231.545167
215.741,228.855800,67.618228,1.500000,3.609007,231.275521
215.773,236.420781,71.528211,-1.500000,-4.172662,231.073008
215.805,233.779235,68.342001,-1.500000,-1.744498,230.873587
215.836,229.525037,67.681789,1.285001,2.304778,230.682070
215.867,234.722962,66.302631,-1.500000,-3.090538,230.497593
215.896,231.674947,73.448539,-1.500000,-0.223442,230.328509
215.925,226.100705,67.513604,1.500000,5.172728,230.162087
215.956,223.624878,74.564261,1.500000,7.459727,229.985612
215.992,230.752535,61.915685,1.500000,0.120358,229.787751
216.041,231.932630,72.740441,-0.118334,-1.339260,229.526514
216.070,229.481256,66.454773,0.832035,0.949508,229.374546
216.101,237.434088,61.076645,-1.500000,-7.169996,229.218777
216.132,233.867239,65.574806,-1.500000,-3.767733,229.064958
216.163,238.490549,70.054158,-1.500000,-8.553453,228.913173
216.190,224.145005,70.307421,1.500000,5.659067,228.788852
216.226,231.703080,71.081519,-0.644543,-2.076993,228.622512
216.254,223.352434,69.762817,1.500000,6.138940,228.496612
216.283,219.934702,65.195650,1.500000,9.421707,228.370476
216.317,228.708475,68.643648,1.500000,0.495303,228.227830
216.350,237.224946,67.919042,-1.500000,-8.168039,228.090567
216.389,228.413585,69.233906,-1.286503,0.478886,227.936889
216.428,222.898654,70.304772,1.500000,5.838045,227.791307
216.459,228.841239,63.325180,1.500000,-0.226298,227.677515
216.490,232.489139,68.088139,-1.500000,-3.990908,227.568441
216.523,227.713639,66.884188,-1.062803,0.664017,227.455754
216.553,233.736884,69.518567,-1.500000,-5.461155,227.360494
216.585,224.435866,62.277226,1.500000,3.731091,227.258838
216.616,225.037059,66.479073,1.500000,3.030769,227.166194
216.648,230.144936,64.474059,-1.129699,-2.176252,227.073536
216.691,222.682126,68.372171,1.500000,5.161376,226.956545
216.724,228.317427,68.367266,1.134717,-0.567194,226.869377
216.756,237.921242,66.042269,-1.500000,-10.254021,226.791795
216.791,232.987849,67.511141,-1.500000,-5.406306,226.711722
216.813,229.509248,64.949409,-1.500000,-1.980798,226.662103
216.849,229.186709,64.664914,-1.500000,-1.736761,226.588736
216.880,226.400328,65.127665,-0.310888,0.984042,226.527449
216.910,220.254689,69.766302,1.500000,7.072922,226.474403
216.941,227.361884,61.917742,1.500000,-0.092158,226.420304
216.976,224.770018,66.176425,1.500000,2.442786,226.367107
217.014,225.483226,60.736056,1.500000,1.672135,226.313422
217.050,232.695195,70.979337,-1.500000,-5.589263,226.267226
217.079,226.596517,68.510539,-1.291401,0.474832,226.234906
217.117,233.062801,68.573834,-1.500000,-6.031819,226.197179
217.147,225.920697,68.936097,-0.216642,1.083055,226.171731
217.176,227.126331,67.401494,-0.235105,-0.144527,226.151219
217.208,222.640906,64.945108,1.500000,4.319909,226.131603
217.238,230.211835,64.698406,-1.500000,-3.266314,226.117309
217.268,215.013135,64.398053,1.500000,11.920698,226.106386
217.300,223.106792,64.019389,1.500000,3.819145,226.099007
217.336,229.140708,69.147765,-1.180403,-2.218214,226.095788
217.368,223.189903,66.900197,1.500000,3.734232,226.097322
217.401,229.355917,70.695600,-1.104693,-2.425608,226.103093
217.437,229.189665,66.886589,-1.500000,-2.247098,226.114548
217.462,227.786439,64.870478,-1.500000,-0.831703,226.125921
217.498,223.217588,62.369419,1.500000,3.758849,226.146202
217.533,219.944142,68.860854,1.500000,7.058946,226.171110
217.560,225.630306,63.297268,1.500000,1.397386,226.194105
217.591,236.570200,69.772329,-1.500000,-9.511126,226.223434
217.628,220.501979,66.749783,1.500000,6.600890,226.264363
217.662,224.471833,64.963332,1.500000,2.675430,226.305854
217.701,235.308821,65.927945,-1.500000,-8.103260,226.360337
217.729,225.503903,64.156292,0.245916,1.747095,226.402802
217.767,228.541468,65.615646,-1.019306,-1.222931,226.465922
217.793,232.467958,65.648243,-1.500000,-5.101047,226.511132
217.831,222.549292,65.828924,1.500000,4.895925,226.584315
217.859,234.526468,70.586498,-1.500000,-7.019227,226.642282
217.890,217.432263,69.356357,1.500000,10.145542,226.708229
217.920,228.795460,65.322414,0.483673,-1.143297,226.777722
217.953,234.008501,63.290071,-1.500000,-6.270047,226.858369
217.989,228.275279,77.937300,-1.500000,-0.439568,226.949263
218.030,225.436377,65.764432,1.500000,2.517264,227.059477
218.056,231.822214,68.964993,-1.500000,-3.789177,227.133679
218.088,222.427728,65.514772,1.500000,5.706321,227.228084
218.126,231.534648,67.322268,-1.500000,-3.273128,227.347215
218.154,226.346346,66.666628,0.563968,2.010310,227.436127
218.199,223.909907,68.682691,1.500000,4.610943,227.589580
218.225,230.015249,65.382566,-0.076800,-1.399192,227.678557
218.251,228.083600,66.347412,0.495943,0.632805,227.772341
218.279,236.247804,71.297750,-1.500000,-7.416919,227.879332
218.312,231.829661,71.033204,-1.500000,-2.863851,228.005430
218.340,225.745305,60.854045,1.500000,3.337995,228.115233
218.366,218.286326,64.209867,1.500000,10.912645,228.223337
218.403,230.484316,60.863218,0.145070,-1.121271,228.376678
218.432,229.905567,69.118487,-0.510866,-0.406386,228.503907
218.464,231.883405,59.115353,-1.500000,-2.232110,228.646070
218.493,217.874966,73.541014,1.500000,11.916540,228.777108
218.540,226.275903,62.134179,1.500000,3.751677,228.997739
218.567,225.455222,65.511531,1.500000,4.710590,229.126927
218.598,236.425479,70.047338,-1.500000,-6.095098,229.280730
218.631,228.542975,66.057497,0.512833,1.967992,229.449502
218.663,235.891351,67.473717,-1.500000,-5.204117,229.614237
218.694,229.283229,71.558589,0.168606,1.583657,229.782137
218.732,234.413563,66.033533,-1.500000,-3.324744,229.989550
218.779,229.684943,70.351114,0.335587,1.687167,230.254308
218.799,222.901758,68.710044,1.500000,8.593902,230.369776
218.828,227.058735,69.324088,1.500000,4.617375,230.538421
218.861,236.266668,64.015328,-1.500000,-4.377610,230.737437
218.888,226.497439,67.272968,1.500000,5.565945,230.900359
218.919,243.752007,64.377480,-1.500000,-11.481191,231.094221
218.951,226.382776,67.099170,1.500000,6.101943,231.294130
218.984,242.181610,67.767858,-1.500000,-9.472325,231.504005
219.015,235.027419,68.684792,-1.500000,-2.101742,231.706239
219.055,230.442297,61.493340,1.500000,2.768137,231.972368
219.089,242.085690,67.868324,-1.500000,-8.628143,232.203315
219.332,225.918393,68.645857,1.500000,9.448579,233.987824
219.359,232.479542,65.822380,1.500000,3.109184,234.195070
219.386,236.373166,65.567681,0.831072,-0.553545,234.410861
219.420,233.770986,66.109426,1.500000,2.342796,234.685778
219.450,238.349160,66.874513,-0.812111,-1.980815,234.923686
219.479,243.933297,65.649545,-1.500000,-7.309574,235.162358
219.513,243.136338,67.869319,-1.500000,-6.208189,235.446868
219.548,237.568992,69.422342,-1.500000,-0.321140,235.745656
219.584,241.594242,64.304914,-1.500000,-4.021667,236.049135
219.617,235.053842,67.473850,1.500000,2.826184,236.336473
219.648,234.602611,68.077845,1.500000,3.573266,236.612969
219.677,235.428551,65.111661,1.500000,3.023964,236.871509
219.707,239.345181,66.092965,0.767979,-0.605760,237.139646
219.744,247.709656,69.771264,-1.500000,-8.603614,237.482282
219.775,239.281015,63.434251,-1.500000,0.131473,237.768680
219.811,240.795779,62.858613,-1.500000,-1.024763,238.103753
219.840,240.382984,70.719624,-1.500000,-0.316213,238.380160
219.874,230.054760,66.797905,1.500000,10.355224,238.700919
219.905,232.355504,61.120147,1.500000,8.381411,239.006463
219.939,235.730088,63.590642,1.500000,5.362558,239.338921
219.972,238.015386,68.952231,1.500000,3.426570,239.665379
220.005,248.102805,71.151648,-1.500000,-6.310940,239.992397
220.031,241.996458,64.257983,-1.500000,0.083602,240.261738
220.058,237.208050,65.985977,1.500000,5.164477,240.535072
220.096,240.414521,69.264259,1.500000,2.373132,240.923040
220.131,248.379729,67.443547,-1.500000,-5.197182,241.292100
220.164,242.498293,75.481851,-0.601079,1.046133,241.630304
220.191,239.224079,62.690955,1.500000,4.628016,241.917846
220.234,243.906215,70.308860,1.500000,0.442506,242.381982
220.262,254.075361,68.084373,-1.500000,-9.405251,242.682346
220.297,241.397716,64.236728,1.500000,3.684690,243.067669
220.324,253.336118,59.391907,-1.500000,-7.930146,243.370067
220.352,257.637072,69.833936,-1.500000,-11.899346,243.680118
220.379,248.129469,66.496625,-1.500000,-2.070285,243.980546
220.409,248.961638,71.372095,-1.500000,-2.540120,244.319176
220.439,238.902211,68.299789,1.500000,7.887118,244.662924
220.474,247.203963,62.147976,1.500000,0.011297,245.060991
220.506,250.498792,67.528203,-1.500000,-2.884051,245.434338
220.544,248.486738,64.469048,-1.500000,-0.397762,245.877547
220.578,249.245275,65.504607,-1.500000,-0.725782,246.279900
220.607,243.144109,65.842730,1.500000,5.738953,246.619684
220.636,243.086521,68.586167,1.500000,6.170281,246.968974
220.667,239.946178,66.842659,1.500000,9.708291,247.340626
220.698,248.697668,63.205756,1.500000,1.360309,247.717736
220.732,258.185216,64.690818,-1.500000,-7.692889,248.123670
220.768,257.229003,68.303435,-1.500000,-6.258820,248.570264
220.800,252.252726,68.277595,-1.500000,-0.858015,248.967019
220.837,237.591212,59.988972,1.500000,14.295789,249.427104
220.876,249.211804,64.443538,1.500000,3.208935,249.925924
220.906,253.563520,66.083157,0.608706,-0.737572,250.304624
220.943,252.141150,72.433541,1.500000,1.192261,250.778890
220.978,258.110336,68.978592,-1.500000,-4.297490,251.226959
221.006,248.528895,65.399954,1.500000,5.672053,251.589672
221.036,250.856359,67.882150,1.500000,3.769780,251.987046
221.067,263.483363,63.504013,-1.500000,-8.430239,252.386098
221.096,255.976968,69.490058,-1.500000,-0.509333,252.773491
221.127,253.470847,71.514385,1.439507,2.432645,253.180834
221.160,260.326264,65.662544,-1.500000,-3.954173,253.618777
221.195,265.203719,67.434786,-1.500000,-8.324891,254.092363
221.241,259.371077,67.140587,-1.500000,-1.816600,254.723810
221.276,246.652473,68.344248,1.500000,11.413763,255.202089
221.303,253.083985,65.014060,1.500000,5.374089,255.568294
221.335,261.952082,65.234261,-1.500000,-3.026431,256.005281
221.367,252.255524,69.964593,1.500000,7.143389,256.447582
221.403,250.577783,65.123462,1.500000,9.366294,256.957081
221.437,271.122088,65.485915,-1.500000,-10.678024,257.424358
221.467,255.048448,65.300748,1.500000,5.853549,257.852333
221.502,273.626538,69.004835,-1.500000,-12.201545,258.341115
221.533,265.241739,62.385316,-1.500000,-3.341898,258.784899
221.560,263.703319,64.098191,-1.500000,-1.381132,259.179613
221.607,250.271626,67.421586,1.500000,12.766176,259.848413
221.636,262.237828,66.642769,1.500000,1.260464,260.278777
221.668,265.598433,63.189310,-0.446577,-1.610910,260.736002
221.697,267.522809,69.361534,-1.500000,-3.073941,261.167167
221.730,258.605142,68.155047,1.500000,6.353322,261.643425
221.759,259.645097,67.621700,1.500000,5.776402,262.076167
221.797,266.737840,64.344186,0.624554,-0.724456,262.629330
221.827,266.463039,67.363382,0.565260,0.039079,263.086092
221.856,274.099266,60.235680,-1.500000,-7.142752,263.510761
221.892,267.744528,68.082842,-1.500000,-0.216182,264.045183
221.924,274.547749,63.830231,-1.500000,-6.491308,264.538730
221.956,264.506018,68.464241,1.500000,4.065218,265.019847
221.988,272.950402,74.184039,-1.500000,-3.861018,265.504098
222.024,268.347787,72.599417,-0.256590,1.331227,266.055153
222.056,259.416125,66.076826,1.500000,10.789937,266.547722
222.088,256.859175,66.540361,1.500000,13.863308,267.030358
222.122,267.385788,70.882542,1.500000,3.907377,267.563705
222.155,275.030315,63.253956,-1.500000,-3.191192,268.073947
222.183,277.834378,64.492541,-1.500000,-5.530432,268.508360
222.221,269.559605,65.377174,1.500000,3.377673,269.100260
222.253,274.931527,61.362393,0.102460,-1.458783,269.600695
222.285,272.001288,61.408068,1.500000,2.001974,270.096507
222.314,279.163140,66.078673,-1.500000,-4.672814,270.551707
222.347,279.720544,65.209913,-1.500000,-4.670971,271.074367
222.379,279.382752,75.660240,-1.500000,-3.786652,271.585140
222.407,271.138171,67.306594,1.500000,4.940197,272.035858
222.442,277.196418,69.810318,1.228521,-0.526870,272.588362
222.475,277.203936,66.152897,1.221336,0.021355,273.107748
222.504,287.076931,67.478666,-1.500000,-9.339480,273.586402
222.544,276.794649,69.116474,0.121725,1.616241,274.215785
222.571,279.329608,68.324486,-0.224031,-0.449481,274.654325
222.605,284.417255,69.552516,-1.500000,-4.950378,275.202688
222.635,274.321486,70.378367,1.500000,5.676205,275.698777
222.667,285.936971,67.101254,-1.500000,-5.393153,276.209176
222.705,276.674718,63.984526,1.500000,4.530903,276.827683
222.743,283.731368,60.444595,-0.372733,-1.852047,277.457309
222.779,286.326701,71.841860,-1.500000,-3.825180,278.038805
222.803,282.851267,71.065603,-1.500000,0.084328,278.444481
222.838,272.263470,73.235000,1.500000,11.277843,279.010573
222.869,285.678024,59.247398,-0.042572,-1.578810,279.531976
222.900,272.443875,66.478870,1.500000,12.207405,280.047925
222.929,278.248669,73.576791,1.500000,6.910156,280.522267
222.959,292.697121,67.000967,-1.500000,-6.999901,281.025439
222.995,284.395736,63.478618,0.481211,1.941821,281.623886
223.027,288.624953,65.883594,-1.356410,-1.720346,282.153838
223.060,281.266719,68.155160,1.500000,6.220839,282.698653
223.096,292.378086,67.874606,-1.500000,-4.238732,283.307807
223.130,292.114558,67.811549,-1.500000,-3.369586,283.873806
223.163,287.005378,72.379681,1.321683,2.335136,284.430386
223.196,288.148392,61.870023,1.500000,1.781305,284.981025
223.227,298.868696,63.547036,-1.500000,-8.372076,285.510860
223.256,292.120163,70.857799,-1.500000,-1.106739,285.993854
223.283,293.341535,73.851870,-1.500000,-1.824973,286.464077
223.316,282.315624,63.250781,1.500000,9.793745,287.018102
223.348,281.884203,69.370035,1.500000,10.811424,287.566007
223.380,283.446885,65.661699,1.500000,9.822758,288.102470
223.415,294.150240,63.797837,1.201887,-0.246664,288.694931
223.456,294.669688,65.692803,1.145481,-0.016696,289.395320
223.482,296.774010,69.100401,-0.860405,-1.654310,289.831495
223.512,308.801455,67.495400,-1.500000,-13.120367,290.356157
223.543,302.645437,62.051019,-1.500000,-6.399415,290.884133
223.587,296.112653,66.648666,-0.377060,0.929279,291.627974
223.615,301.139552,67.068946,-1.500000,-3.583462,292.108496
223.645,288.844778,72.437992,1.500000,9.262799,292.623903
223.675,294.154374,71.836698,1.500000,4.495909,293.131105
223.703,308.374664,55.742425,-1.500000,-9.205446,293.616092
223.735,290.238482,62.225357,1.500000,9.516801,294.163817
223.766,303.535105,70.253400,-1.500000,-3.202438,294.703428
223.799,295.835127,64.975348,1.500000,5.099932,295.266411
223.836,299.993710,73.715195,1.500000,1.617461,295.898290
223.865,303.356282,69.314662,0.049644,-1.200245,296.407511
223.902,312.495527,64.160929,-1.500000,-9.667457,297.035579
223.933,315.986498,65.440605,-1.500000,-12.590270,297.566569
223.964,309.889445,62.298692,-1.500000,-5.908939,298.112623
223.996,291.978048,65.037228,1.500000,12.588697,298.660510
224.027,300.942883,64.532435,1.500000,4.197413,299.196538
224.059,303.564357,71.738135,1.500000,2.164995,299.747057
224.091,320.603263,70.786268,-1.500000,-14.291287,300.291567
224.129,309.010850,60.303514,-1.500000,-1.987507,300.956395
224.163,305.906489,69.784692,0.592001,1.731261,301.530608
224.195,312.315699,65.987780,-1.500000,-4.086965,302.082929
224.225,300.694861,61.996916,1.500000,8.086665,302.599557
224.253,310.494521,67.954186,0.418724,-1.197048,303.081751
224.287,319.381371,62.250377,-1.500000,-9.443550,303.680206
224.319,313.577960,66.355109,-1.500000,-3.061085,304.221378
224.356,298.209712,72.460971,1.500000,12.995642,304.864817
224.395,315.175621,69.302540,-1.500000,-3.258055,305.530435
224.428,303.801117,74.173899,1.500000,8.728367,306.102322
224.461,306.926840,62.996730,1.500000,6.202805,306.663220
224.493,305.293591,65.142567,1.500000,8.423575,307.212305
224.524,316.756153,71.819937,-1.462358,-2.451556,307.761305
224.550,312.499495,69.749378,0.920018,2.270028,308.195816
224.583,322.810594,74.263892,-1.500000,-7.429283,308.767581
224.615,312.696147,68.629928,1.500000,3.269384,309.313580
224.649,314.906390,65.632897,1.500000,1.681048,309.894801
224.688,317.241537,64.420417,1.500000,0.065352,310.567186
224.721,330.931599,64.986732,-1.500000,-13.015808,311.136253
224.752,336.925776,60.877641,-1.500000,-18.449046,311.660496
224.783,322.189639,64.947068,-1.500000,-3.150628,312.185992
224.814,329.905955,69.209062,-1.500000,-10.288615,312.726486
224.848,317.562522,68.515087,1.500000,2.662719,313.294618
224.876,325.970480,66.666255,-1.500000,-5.223362,313.782353
224.909,326.705491,70.160511,-1.500000,-5.361447,314.340228
224.947,312.594773,67.922365,1.500000,9.427564,314.974147
224.982,307.396200,68.922323,1.500000,15.275057,315.580614
225.012,327.140276,64.460732,-1.500000,-3.930506,316.083897
225.042,312.904836,64.134343,1.500000,10.848164,316.591589
225.073,324.101511,69.071071,1.500000,0.199708,317.103944
225.103,336.817817,67.178731,-1.500000,-11.972376,317.612562
225.140,324.623166,68.300596,-0.792261,0.887913,318.234653
225.175,314.725725,61.795013,1.500000,11.429810,318.836949
225.205,330.832656,66.202092,-1.500000,-4.141106,319.337898
225.235,317.150814,68.908350,1.500000,10.069331,319.831911
225.267,328.517154,66.263592,0.997851,-0.717770,320.373256
225.298,335.000493,66.047390,-1.500000,-6.648451,320.889759
225.335,328.806523,67.810482,-1.500000,0.195662,321.497369
225.370,330.519395,68.613593,-1.500000,-0.881662,322.091339
225.400,309.971348,72.429803,1.500000,20.192845,322.583358
225.436,319.253165,64.121489,1.500000,11.554251,323.184501
225.466,322.479991,65.240255,1.500000,8.840257,323.663783
225.492,332.674990,71.408317,0.434674,-0.881599,324.105973
225.526,330.332768,72.149648,1.500000,2.053894,324.660431
225.557,352.637151,69.086455,-1.500000,-19.716152,325.159812
225.587,331.521764,69.251776,0.480143,1.940938,325.666077
225.619,335.832873,63.904501,-1.470117,-1.813457,326.186371
225.652,355.681274,65.426865,-1.500000,-21.084666,326.725801
225.692,347.035360,70.111636,-1.500000,-11.749023,327.370409
225.734,326.120669,60.586505,1.500000,9.890587,328.047903
225.775,341.165974,71.736418,-1.500000,-4.450938,328.705641
225.801,324.368324,65.582881,1.500000,12.795856,329.125402
225.833,333.529852,62.495968,1.500000,4.188630,329.643441
225.861,345.574472,67.209826,-1.500000,-7.377866,330.090286
225.892,346.025055,65.201433,-1.500000,-7.300428,330.583763
225.924,343.348815,56.685668,-1.500000,-4.075305,331.096738
225.962,316.672094,63.622806,1.500000,23.240083,331.693623
225.998,330.404850,70.194826,1.500000,10.113522,332.260161
226.026,339.779585,68.122021,1.500000,1.216033,332.706186
226.057,334.011007,69.506669,1.500000,7.501396,333.189162
226.090,350.223643,68.724964,-1.500000,-8.153964,333.709980
226.122,341.333025,67.775118,-0.330749,1.269855,334.208299
226.152,338.338310,66.574441,1.500000,4.764274,334.675312
226.182,347.291730,62.118006,-1.500000,-3.688472,335.143232
226.215,344.916727,69.751494,-1.500000,-0.763025,335.657665
226.256,344.997531,68.105300,-1.500000,-0.179206,336.278809
226.293,339.420223,71.989869,1.500000,6.007794,336.848614
226.323,338.870594,67.104787,1.500000,7.044245,337.303588
226.357,333.949333,65.741952,1.500000,12.528246,337.829514
226.390,347.929706,70.870212,0.384070,-0.923478,338.323578
226.414,356.919815,63.645468,-1.500000,-9.524035,338.687645
226.446,348.010872,68.392368,-1.500000,-0.104976,339.164389
226.481,368.941270,64.729455,-1.500000,-20.473557,339.689451
226.512,348.992901,66.615974,-1.500000,-0.030637,340.151649
226.546,341.921098,69.888864,1.500000,7.588950,340.663596
226.579,338.153346,59.962014,1.500000,11.869775,341.143103
226.616,347.940036,70.398160,1.500000,2.666206,341.688077
226.647,343.964322,69.310420,1.500000,7.130740,342.144917
226.681,357.361301,65.353145,-1.500000,-5.739915,342.636809
226.705,354.355332,66.828276,-1.500000,-2.346716,342.998706
226.744,344.946681,65.693847,1.500000,7.664933,343.562256
226.775,350.582689,70.006638,1.500000,2.497719,344.000381
226.804,348.385010,63.887264,1.500000,5.136822,344.412927
226.835,366.283707,67.190293,-1.500000,-12.281204,344.862152
226.866,368.893485,64.861190,-1.500000,-14.417498,345.304661
226.899,374.580511,66.136617,-1.500000,-19.612933,345.764092
226.941,362.605005,67.540531,-1.500000,-7.000700,346.359163
226.977,360.669006,74.825520,-1.500000,-4.529796,346.859074
227.021,354.149768,63.749001,1.500000,2.637083,347.464347
227.057,349.253132,72.031915,1.500000,8.066183,347.961976
227.087,372.949453,66.324200,-1.500000,-15.181518,348.381247
227.113,360.997809,63.652757,-1.500000,-2.851447,348.734918
227.141,353.113984,64.460148,1.500000,5.434936,349.111141
227.171,350.303786,64.600214,1.500000,8.671096,349.509235
227.203,355.729793,75.961993,1.500000,3.714754,349.948175
227.240,350.492370,69.235534,1.500000,9.473748,350.435624
227.276,357.540515,68.922563,1.500000,2.934145,350.910897
227.308,357.081143,69.548186,1.500000,3.851506,351.338924
227.338,376.596110,64.738801,-1.500000,-15.245625,351.729425
227.368,389.766567,65.639203,-1.500000,-27.999112,352.119117
227.406,372.231675,66.133217,-1.500000,-9.928860,352.619453
227.432,377.669086,64.636161,-1.500000,-15.007721,352.954547
227.465,372.519625,70.144702,-1.500000,-9.409260,353.374173
227.498,378.989492,68.772874,-1.500000,-15.427501,353.796254
227.531,364.883370,63.541251,-1.500000,-0.876308,354.212207
227.569,333.188702,65.045675,1.500000,31.327239,354.687795
227.595,370.900115,65.803540,-1.500000,-6.036726,355.012512
227.632,355.371086,73.109575,1.500000,9.978242,355.466662
227.663,339.873417,68.812271,1.500000,25.880598,355.844874
227.696,350.637374,69.801553,1.500000,15.542948,356.243292
227.728,369.297591,66.071932,-1.500000,-2.691720,356.641001
227.765,356.307827,66.178033,1.500000,10.767328,357.079584
227.791,347.836527,61.269267,1.500000,19.576346,357.395209
227.828,379.543842,71.318583,-1.500000,-11.667773,357.828101
227.860,368.440067,69.868463,-1.500000,-0.157483,358.208022
227.899,364.207468,67.468683,1.500000,4.551644,358.653376
227.924,365.875260,66.687307,1.500000,3.197832,358.946815
227.957,353.233539,77.690197,1.500000,16.251346,359.331668
227.988,374.949699,70.714321,-1.500000,-5.095777,359.676562
228.019,371.853261,64.354544,-1.500000,-1.618477,360.032508
228.052,351.702457,72.676080,1.500000,18.926912,360.401280
228.080,369.187930,70.741687,1.500000,1.774035,360.712116
228.112,361.653829,68.971889,1.500000,9.692277,361.071127
228.150,392.367269,66.385704,-1.500000,-20.583386,361.480265
228.187,377.706170,63.949046,-1.500000,-5.489895,361.884369
228.217,379.855616,67.935075,-1.500000,-7.291201,362.209734
228.252,374.154192,62.722446,-1.500000,-1.191703,362.581766
228.283,354.431479,63.831678,1.500000,18.874233,362.902535
228.308,388.404960,68.596507,-1.500000,-14.818348,363.165059
228.345,381.101511,68.415467,-1.500000,-7.107186,363.546098
228.375,370.059663,70.194700,1.500000,4.266881,363.856583
228.404,362.915922,71.993745,1.500000,11.729551,364.154648
228.439,365.348326,65.105984,1.500000,9.674394,364.507215
228.471,387.274961,69.120799,-1.500000,-11.915492,364.821933
228.503,380.283970,68.819295,-1.500000,-4.579047,365.144788
228.538,367.862423,66.463149,1.500000,8.208550,365.486891
228.571,371.348561,60.163493,1.500000,5.065576,365.807605
228.604,394.151172,69.880623,-1.500000,-17.401985,366.120736
228.631,367.585502,67.474894,1.500000,9.434102,366.373461
228.667,378.269829,67.654823,0.798761,-0.882534,366.717098
228.701,374.531406,60.264830,1.500000,3.192300,367.031502
228.733,381.319977,70.866724,-1.500000,-3.280224,367.326872
228.763,392.701330,65.839201,-1.500000,-14.370502,367.598905
228.797,389.670853,62.438663,-1.500000,-11.019757,367.898221
228.830,365.038152,61.961437,1.500000,13.934968,368.199177
228.862,387.746648,67.529922,-1.500000,-8.474888,368.478280
228.899,386.038438,71.005514,-1.500000,-6.430010,368.792924
228.931,389.015421,71.848440,-1.500000,-9.106575,369.073688
228.961,362.039531,69.533101,1.500000,18.138879,369.325617
228.996,389.976025,65.599083,-1.500000,-9.486741,369.616153
229.030,371.461551,73.200306,1.500000,9.330993,369.899574
229.054,370.384029,70.337808,1.500000,10.612767,370.090464
229.086,385.497186,62.863764,-1.500000,-4.220398,370.352139
229.119,375.999681,69.938411,1.500000,5.552042,370.609086
229.165,373.991271,66.964970,1.500000,7.948591,370.971834
229.207,377.130270,64.002758,1.500000,5.150314,371.290266
229.235,392.320911,61.121988,-1.500000,-9.812307,371.503368
229.274,365.804570,66.354912,1.500000,17.016591,371.795477
229.312,381.170275,66.855133,1.500000,1.946620,372.071865
229.335,377.085875,63.775116,1.500000,6.214214,372.243074
229.362,418.244238,70.853477,-1.500000,-34.737923,372.435808
229.391,400.737860,73.701556,-1.500000,-17.015184,372.638015
229.423,397.328328,68.710407,-1.500000,-13.369013,372.859173
229.454,381.814050,70.925107,1.368923,2.374231,373.073160
229.497,380.150779,60.416129,1.500000,4.347881,373.363234
229.520,406.676876,69.993451,-1.500000,-22.021823,373.509395
229.556,406.343505,66.831760,-1.500000,-21.436348,373.745006
229.584,390.682875,65.453926,-1.500000,-5.578660,373.929173
229.619,395.772224,65.150433,-1.500000,-10.433217,374.148605
229.656,402.319206,67.220955,-1.500000,-16.738123,374.374844
229.684,387.685680,68.926176,-1.500000,-1.920711,374.546700
229.715,366.918071,65.573454,1.500000,19.041630,374.728693
229.752,402.772970,68.430646,-1.500000,-16.583948,374.943011
229.784,349.086742,66.129412,1.500000,37.299733,375.127547
229.814,373.376841,67.091753,1.500000,13.192246,375.298212
229.847,358.646895,64.931944,1.500000,28.117581,375.480818
229.876,390.569448,68.036658,-1.500000,-3.639057,375.635879
229.915,361.523434,71.820533,1.500000,25.626995,375.841522
229.943,376.606884,72.446978,1.500000,10.700304,375.988027
229.979,361.461717,65.480076,1.500000,26.038066,376.168021
230.008,385.701021,65.709787,1.500000,1.955311,376.314328
230.038,375.125044,63.911946,1.500000,12.685581,376.458528
230.075,394.254755,61.225907,-1.500000,-6.254451,376.635798
230.106,392.251332,64.238124,-1.500000,-4.098271,376.778562
230.138,386.968700,68.087215,0.116336,1.337607,376.921782
230.175,403.547803,71.422309,-1.500000,-15.068518,377.083444
230.207,403.682179,73.127985,-1.500000,-15.052690,377.223822
230.237,391.731652,72.881993,-1.500000,-2.969104,377.348176
230.270,387.000411,70.455356,0.799629,1.903091,377.479908
230.304,358.240557,69.760619,1.500000,30.805285,377.612937
230.332,398.728409,71.461770,-1.500000,-9.567338,377.720627
230.361,398.216770,64.031453,-1.500000,-8.938854,377.829828
230.399,369.589694,67.611800,1.500000,19.834174,377.966232
230.435,402.086719,75.826616,-1.500000,-12.526177,378.093965
230.464,381.473436,64.569457,1.500000,8.191337,378.191377
230.498,376.360684,70.840463,1.500000,13.422974,378.302484
230.546,407.568981,75.472648,-1.500000,-17.624294,378.452978
230.569,384.058640,66.473468,1.500000,5.958374,378.520574
230.598,383.702851,64.652730,1.500000,6.406692,378.607049
230.623,384.153202,67.988398,1.500000,6.030773,378.676612
230.653,403.173517,67.822644,-1.500000,-12.903778,378.756765
230.683,397.562869,70.891357,-1.500000,-7.209001,378.835391
230.715,392.794123,66.815338,-1.500000,-2.352183,378.917701
230.751,373.679589,63.607382,1.500000,16.853125,379.002537
230.783,394.710503,74.736154,-1.500000,-4.099270,379.075919
230.811,377.934796,79.797386,1.500000,12.741699,379.136911
230.847,387.511739,90.645097,1.500000,3.242907,379.209950
230.886,364.430501,102.416807,1.500000,26.404714,379.285248
230.916,365.759637,105.319808,1.500000,25.132819,379.338745
230.946,357.786300,107.455098,1.500000,33.161266,379.390249
230.977,317.305682,113.341727,1.500000,73.695633,379.440481
231.005,289.188633,118.102871,1.500000,101.857126,379.482017
231.039,277.463647,116.557305,1.500000,113.632980,379.529558
231.071,253.746817,115.094529,1.500000,137.393095,379.570011
231.109,239.419170,124.138967,1.500000,151.767183,379.613413
231.142,235.360282,122.556938,1.500000,155.862303,379.647275
231.177,217.354337,132.848444,1.500000,173.902053,379.678869
231.206,217.536671,135.958845,1.500000,173.744740,379.702252
231.231,201.150594,150.487347,1.500000,190.149964,379.720147
231.271,195.204691,141.035057,1.500000,196.121211,379.743835
231.296,182.461286,140.766912,1.500000,208.877212,379.755605
231.327,172.339243,141.592333,1.500000,219.012067,379.767580
231.362,164.522383,142.702737,1.500000,226.839352,379.777322
231.399,162.229684,140.903546,1.500000,229.137781,379.782677
231.437,164.019554,139.312794,1.500000,227.348774,379.783484
231.466,155.354906,125.188620,1.500000,236.010494,379.780748
231.501,158.958548,138.395871,1.500000,232.399122,379.773524
231.527,148.850212,127.063385,1.500000,242.499079,379.765693
231.558,166.961721,120.729100,1.500000,224.373863,379.752882
231.596,169.447317,117.197856,1.500000,221.867265,379.733253
231.625,169.764853,116.081845,1.500000,221.529847,379.714672
231.658,180.773453,110.786975,1.500000,210.495314,379.690436
231.696,181.954571,109.029249,1.500000,209.278611,379.657180
231.726,190.028845,100.643380,1.500000,201.172621,379.627539
231.761,191.167040,88.465327,1.500000,199.994089,379.589840
231.788,200.598812,65.546095,1.500000,190.528698,379.558420
231.823,202.645413,74.844139,1.500000,188.432654,379.512213
231.854,210.449635,101.585437,1.500000,180.582125,379.468935
231.891,216.299778,82.549326,1.500000,174.672336,379.413191
231.920,215.601179,66.615129,1.500000,175.319620,379.365232
231.952,231.795327,73.891813,1.500000,159.066423,379.310047
231.984,244.320306,88.465610,1.500000,146.479357,379.252021
232.016,247.453453,73.188903,1.500000,143.279130,379.189329
232.055,257.338123,81.876369,1.500000,133.307825,379.108362
232.079,261.955397,71.309441,1.500000,128.635019,379.056463
232.114,269.877858,73.323045,1.500000,120.628217,378.977640
232.140,289.964798,91.517962,1.500000,100.475905,378.916545
232.176,297.666551,75.086820,1.500000,92.679731,378.828301
232.207,303.832826,79.851908,1.500000,86.426067,378.746630
232.245,312.197530,93.281978,1.500000,77.951956,378.644379
232.274,316.940348,80.152505,1.500000,73.122480,378.563391
232.305,320.335635,63.358478,1.500000,69.633646,378.475964
232.337,326.639875,72.468479,1.500000,63.225888,378.379218
232.369,338.904513,80.391070,1.500000,50.855410,378.280302
232.399,345.674104,57.935956,1.500000,43.981862,378.183145
232.431,355.416691,74.732707,1.500000,34.126664,378.077901
232.471,357.115153,88.839495,1.500000,32.283857,377.943000
232.503,368.616148,65.570716,1.500000,20.661988,377.830034
232.537,387.915155,89.443208,1.500000,1.230993,377.706681
232.563,402.485690,63.454313,-1.500000,-13.445743,377.607427
232.593,416.820678,65.801890,-1.500000,-27.903049,377.493111
232.626,423.309632,62.909764,-1.500000,-34.530876,377.363324
232.663,417.118513,68.891612,-1.500000,-28.496688,377.216658
232.696,444.094873,68.744760,-1.500000,-55.619265,377.080008
232.736,440.063178,72.320632,-1.500000,-51.771181,376.908409
232.777,464.597618,70.243365,-1.500000,-76.494436,376.731946
232.807,504.673578,70.693275,-1.500000,-116.714596,376.597180
232.837,512.961041,70.549084,-1.500000,-125.148741,376.460093
232.876,532.404030,66.324667,-1.500000,-144.787644,376.276996
232.905,529.893210,75.465452,-1.500000,-142.422190,376.141140
232.932,547.999674,64.710355,-1.500000,-160.672046,376.007129
232.965,569.804185,68.258047,-1.500000,-182.650901,375.844190
232.997,540.142731,59.221819,-1.500000,-153.160354,375.684464
233.027,524.647413,69.737916,-1.500000,-137.830621,375.529712
233.058,529.273912,71.006270,-1.500000,-142.633400,375.364965
233.093,527.771222,66.242863,-1.500000,-141.327438,375.181106
233.134,493.243947,68.914356,-1.500000,-107.041499,374.955559
233.172,440.397497,67.913548,-1.500000,-54.420784,374.744592
233.206,441.841330,67.998987,-1.500000,-56.068387,374.554152
233.240,421.282116,68.486986,-1.500000,-35.717664,374.359301
233.267,363.937865,69.333626,1.500000,21.451844,374.195990
233.300,380.116921,71.168537,1.500000,5.065240,374.002020
233.332,357.565078,68.194457,1.500000,27.412254,373.810590
233.364,359.644299,61.624428,1.500000,25.123706,373.614958
233.396,386.719290,72.627259,-1.119254,-2.167608,373.412787
233.431,359.421801,65.903894,1.500000,24.898539,373.196579
233.465,362.009819,67.111966,1.500000,22.072692,372.974310
233.495,364.909329,68.614560,1.500000,18.967660,372.782232
233.530,364.739682,71.864321,1.500000,18.889374,372.550520
233.562,387.878386,68.411074,-1.500000,-4.475940,372.338735
233.593,380.080980,71.418419,1.500000,3.099109,372.130924
233.626,376.796001,74.992246,1.500000,6.136896,371.899904
233.657,387.074372,66.166287,-1.500000,-4.371578,371.684855
233.689,378.431162,65.264606,1.500000,4.036515,371.465118
233.719,373.454350,63.269004,1.500000,8.782432,371.249329
233.756,369.096299,71.684439,1.500000,12.861112,370.988235
233.789,395.073886,69.840081,-1.500000,-13.378571,370.743285
233.825,392.502238,68.279297,-1.500000,-11.092308,370.476570
233.856,391.182480,68.979798,-1.500000,-10.019032,370.246213
233.891,396.933221,68.345936,-1.500000,-16.051881,369.982560
233.920,379.918234,69.051942,-0.618224,0.729695,369.764419
233.950,375.297388,68.204388,1.500000,5.097466,369.527901
233.980,371.158841,62.672262,1.500000,8.988990,369.297038
234.011,389.054890,66.692661,-1.500000,-9.165110,369.055869
234.041,386.478488,71.360666,-1.500000,-6.843533,368.817715
234.074,369.847292,67.803205,1.500000,9.500182,368.549041
234.107,377.953838,65.547414,1.500000,1.108373,368.282440
234.147,386.406761,62.154880,-1.500000,-7.693923,367.955923
234.180,391.563160,65.445766,-1.500000,-13.140163,367.685043
234.209,360.782879,68.671905,1.500000,17.386128,367.447670
234.240,364.664683,68.662632,1.500000,13.222881,367.184640
234.273,377.004223,70.200623,1.500000,0.582287,366.903280
234.308,383.175446,68.698425,-1.500000,-5.906652,366.606349
234.340,356.849784,62.173341,1.500000,20.117391,366.324462
234.372,375.676374,67.154100,1.500000,0.989432,366.042809
234.403,377.312957,72.935236,0.371123,-0.934193,365.774546
234.437,382.359209,68.672399,-1.500000,-6.304584,365.471612
234.478,412.702621,63.132755,-1.500000,-37.041132,365.104195
234.505,411.479498,67.664815,-1.500000,-36.075922,364.863155
234.539,391.809242,68.994750,-1.500000,-16.735278,364.555106
234.567,396.735128,63.788838,-1.500000,-21.936597,364.297693
234.597,366.567041,65.904423,1.500000,7.929355,364.015323
234.627,399.009297,66.141110,-1.500000,-24.811700,363.736071
234.658,366.261112,58.360494,1.500000,7.624931,363.444900
234.691,383.814165,67.597734,-1.500000,-10.261175,363.133636
234.727,361.387540,66.627895,1.500000,11.800440,362.792505
234.762,379.429935,60.643855,-1.500000,-6.601683,362.456311
234.798,360.074101,61.475830,1.500000,12.383728,362.110121
234.834,357.542690,68.535134,1.500000,14.540310,361.759814
234.863,361.073080,70.890451,1.500000,10.712079,361.481457
234.895,382.520607,64.534986,-1.500000,-11.072983,361.166003
234.924,368.711369,72.214188,1.062434,2.422833,360.873086
234.954,352.007626,66.969819,1.500000,18.814012,360.580970
234.984,377.105585,64.682048,-1.500000,-6.606011,360.279976
235.017,378.891840,65.173932,-1.500000,-8.748368,359.947170
235.048,368.339110,72.503315,0.264203,1.459979,359.625317
235.080,384.013495,72.772951,-1.500000,-14.561730,359.300715
235.113,364.876325,69.863850,1.500000,4.215719,358.964527
235.153,365.345010,66.016390,1.500000,3.304120,358.550588
235.184,362.408881,66.924986,1.500000,5.890636,358.223848
235.215,386.752563,69.890294,-1.500000,-18.800345,357.899269
235.251,379.171538,68.075020,-1.500000,-11.627063,357.518201
235.287,370.517271,59.095895,-1.500000,-3.370434,357.146576
235.315,390.910803,70.191221,-1.500000,-24.087176,356.844511
235.345,344.042216,66.271672,1.500000,22.437053,356.522681
235.375,348.536740,68.569249,1.500000,17.594445,356.197369
235.410,363.206808,65.891511,1.500000,2.524089,355.823268
235.445,382.186227,64.039175,-1.500000,-16.865485,355.439946
235.478,360.057351,65.948241,1.500000,4.885825,355.087081
235.509,372.596281,68.166926,-1.500000,-8.023578,354.740844
235.540,380.508373,74.769349,-1.500000,-16.293184,354.406719
235.571,367.882594,65.822037,-1.500000,-4.036843,354.061449
235.601,355.049725,72.036300,1.500000,8.432081,353.721313
235.636,350.715076,64.331414,1.500000,12.358994,353.340253
235.667,361.336630,70.146339,1.500000,1.360339,352.987822
235.698,377.504996,69.119723,-1.500000,-15.184188,352.636269
235.732,370.734418,68.466178,-1.500000,-8.826188,352.250682
235.767,366.912504,68.316320,-1.500000,-5.421484,351.860766
235.801,336.980004,69.903738,1.500000,24.091032,351.468258
235.832,372.003071,67.263498,-1.500000,-11.311732,351.113401
235.863,328.518592,66.241076,1.500000,31.795370,350.760712
235.899,345.841514,65.161225,1.500000,14.026761,350.344182
235.931,355.130156,66.139615,1.500000,4.338262,349.970484
235.963,365.176520,71.630653,-1.500000,-6.100958,349.603330
235.998,362.136668,67.569238,-1.500000,-3.499983,349.193164
236.031,341.977562,77.150928,1.500000,16.247781,348.808732
236.057,351.070790,68.728078,1.500000,6.823955,348.499762
236.092,348.430276,72.070940,1.500000,9.027195,348.091094
236.127,363.024488,64.083062,-1.500000,-6.015319,347.672121
236.159,345.781901,66.604729,1.500000,10.826484,347.297556
236.191,367.486028,68.401070,-1.500000,-11.282459,346.919224
236.240,363.289987,67.202293,-1.500000,-7.717856,346.329094
236.265,356.869214,62.785095,-1.500000,-1.614140,346.032779
236.297,337.884375,68.895707,1.500000,16.960080,345.649023
236.338,336.839236,66.518218,1.500000,17.475702,345.154148
236.372,350.755940,69.897103,1.500000,3.125025,344.748566
236.397,368.515051,64.897487,-1.500000,-14.969297,344.435283
236.424,349.378104,69.027818,1.500000,3.827263,344.117165
236.455,360.148724,68.989910,-1.500000,-7.350521,343.736638
236.480,356.058639,61.171149,-1.500000,-3.590008,343.428627
236.507,359.235633,71.236282,-1.500000,-7.115160,343.103246
236.535,346.522247,59.596129,1.500000,5.232404,342.761355
236.567,353.622725,70.839332,-0.902189,-2.290217,342.366829
236.604,352.792345,68.558746,-1.500000,-1.953550,341.905415
236.637,333.985136,70.878977,1.500000,16.425642,341.505400
236.669,345.400680,62.026721,1.500000,4.582973,341.106217
236.705,346.893438,68.107821,1.500000,2.614358,340.661491
236.735,352.268469,66.379878,-1.500000,-3.164127,340.284432
236.768,339.578727,65.831633,1.500000,9.099027,339.885751
236.797,341.897802,68.864150,1.500000,6.391942,339.523125
236.828,350.169838,70.316644,-1.273862,-2.295560,339.134840
236.859,364.939917,67.179577,-1.500000,-17.476963,338.750425
236.897,358.460763,68.832221,-1.500000,-11.511372,338.270459
236.930,347.940678,74.988652,-1.500000,-1.435958,337.854879
236.961,331.724801,60.909055,1.500000,14.369612,337.471414
236.992,350.374679,71.181922,-1.500000,-4.700219,337.078935
237.028,338.433568,66.862603,1.500000,6.757740,336.627391
237.062,321.687869,62.909229,1.500000,23.037763,336.192180
237.093,346.628736,70.814278,-1.308594,-2.324303,335.798535
237.124,337.153601,66.633030,1.500000,6.737643,335.412378
237.152,334.435817,67.956722,1.500000,9.072799,335.054782
237.188,349.877716,70.423766,-1.500000,-6.851024,334.604384
237.219,348.658256,71.902807,-1.500000,-6.056473,334.207274
237.253,334.508444,66.029339,1.500000,7.626469,333.770947
237.290,347.596873,67.254731,-1.500000,-5.962445,333.303204
237.319,351.403198,63.696255,-1.500000,-10.166842,332.931173
237.356,326.428251,65.416552,1.500000,14.304113,332.460153
237.388,334.613022,68.378452,1.500000,5.681285,332.050754
237.415,337.335968,71.025755,1.500000,2.595507,331.711659
237.448,350.806470,66.927782,-1.500000,-11.324882,331.291203
237.481,344.239385,67.933184,-1.500000,-5.216946,330.862093
237.512,342.265660,69.989522,-1.500000,-3.664239,330.468618
237.545,337.905465,61.374856,-1.197848,0.250006,330.051843
237.578,326.367850,71.135453,1.500000,11.327275,329.621613
237.611,327.589516,68.086644,1.500000,9.656466,329.201853
237.645,330.207055,67.437515,1.500000,6.572571,328.766006
237.675,342.151757,70.622110,-1.500000,-5.772217,328.392093
237.711,324.731956,65.248002,1.500000,11.153269,327.930116
237.744,332.081133,63.787956,1.500000,3.343838,327.499973
237.772,341.390424,64.827421,-1.500000,-6.349653,327.140907
237.803,326.604808,69.201144,1.500000,8.009675,326.742507
237.839,330.974936,63.500226,1.500000,3.150864,326.285794
237.875,342.759234,64.525595,-1.500000,-9.128243,325.823357
237.907,334.191111,67.668385,-1.500000,-0.997944,325.414175
237.938,339.012651,68.148370,-1.500000,-6.240922,325.020308
237.972,328.678867,64.676405,1.500000,3.625263,324.583299
237.999,341.662375,69.894784,-1.500000,-9.727861,324.237863
238.033,322.793975,65.476529,1.500000,8.677055,323.804701
238.062,332.869594,69.489070,-0.315816,-1.804943,323.424908
238.092,342.843717,65.986893,-1.500000,-12.185519,323.045046
238.122,336.190408,68.270023,-1.500000,-5.941743,322.662304
238.155,324.917708,69.366838,1.500000,4.883991,322.244579
238.195,329.807498,67.335061,1.202074,-0.548758,321.737141
238.227,327.614091,64.072128,1.500000,1.203461,321.324815
238.262,327.226180,66.774476,1.500000,1.108868,320.873877
238.297,332.327790,67.705081,-1.500000,-4.467223,320.430436
238.325,343.198639,68.384391,-1.500000,-15.716595,320.076676
238.356,331.937189,69.621507,-1.500000,-4.873045,319.686115
238.393,328.901556,65.302859,-1.500000,-2.337579,319.218670
238.423,322.096758,66.871984,1.500000,4.050880,318.829568
238.452,328.351960,68.446688,-1.269375,-2.594095,318.465294
238.484,313.397542,67.966329,1.500000,11.926148,318.059523
238.520,316.508080,67.898161,1.500000,8.335354,317.610686
238.552,329.360374,57.152300,-1.500000,-4.955572,317.200750
238.584,338.612996,67.806108,-1.500000,-14.635253,316.801629
238.615,316.953032,67.018711,1.500000,6.599488,316.404224
238.652,315.905520,63.560604,1.500000,7.159591,315.948702
238.683,322.771917,72.443497,1.345213,-0.128049,315.555017
238.717,332.849630,64.205234,-1.500000,-10.658805,315.131612
238.746,322.885575,66.835058,-1.500000,-1.088664,314.763468
238.780,313.689114,66.673976,1.500000,7.661365,314.346242
238.809,325.015231,69.168113,-1.500000,-4.061646,313.975313
238.839,329.438521,65.992848,-1.500000,-8.878326,313.607659
238.876,316.363110,68.867924,1.500000,3.708450,313.150991
238.909,318.341194,72.186408,1.500000,1.281760,312.731733
238.944,310.553795,64.732318,1.500000,8.610908,312.303461
238.972,316.502196,69.799126,1.500000,2.288784,311.954187
239.006,329.446312,69.187228,-1.500000,-11.099647,311.538938
239.031,329.978994,67.412997,-1.500000,-11.965831,311.227255
239.065,319.141518,63.729257,-1.500000,-1.571723,310.812893
239.097,327.797017,65.495503,-1.500000,-10.651373,310.416490
239.131,316.584162,61.610279,-1.349188,0.124760,310.008338
239.168,302.829807,62.652040,1.500000,13.391057,309.552209
239.202,305.194168,63.874327,1.500000,10.586853,309.141142
239.236,312.802940,67.182998,1.500000,2.538797,308.730596
239.267,324.155352,65.238934,-1.500000,-9.216898,308.353696
239.293,323.329032,62.689118,-1.500000,-8.724972,308.041178
239.333,305.141814,73.230581,1.500000,8.946546,307.559215
239.363,308.304990,68.832228,1.500000,5.388997,307.190642
239.394,307.982030,72.213629,1.500000,5.325720,306.829673
239.427,310.264924,64.948070,1.500000,2.616649,306.431377
239.457,327.658564,77.411224,-1.500000,-15.164670,306.069060
239.492,321.451203,64.887033,-1.500000,-9.395525,305.659512
239.530,322.805909,65.272928,-1.500000,-11.236762,305.204810
239.556,307.194121,65.768779,1.500000,4.049466,304.900549
239.589,312.711845,69.385005,-0.418671,-1.890064,304.506337
239.623,319.549151,69.207485,-1.500000,-9.151040,304.110384
239.657,308.059894,61.129225,0.681742,1.914473,303.714361
239.689,304.942855,65.082975,1.500000,4.631967,303.340956
239.719,316.449972,66.208030,-1.500000,-7.241377,302.998687
239.749,317.375367,71.146350,-1.500000,-8.542513,302.647527
239.780,298.690949,68.967477,1.500000,9.756103,302.286965
239.816,309.024777,65.898525,0.639952,-1.013962,301.879266
239.839,319.286830,67.637087,-1.500000,-11.566554,301.607735
239.872,295.613345,66.655674,1.500000,11.711581,301.238249
239.911,299.091446,66.371906,1.500000,7.750226,300.786609
239.939,313.726083,68.888866,-1.500000,-7.221852,300.471243
239.983,315.762239,65.995624,-1.500000,-9.793848,299.970459
240.013,310.390915,67.176281,-1.500000,-4.779641,299.636704
240.042,304.298951,69.203549,-0.337897,0.961690,299.309010
240.076,302.949144,68.586808,1.500000,1.914029,298.937545
240.105,298.406462,62.989486,1.500000,6.110418,298.613906
240.138,291.737207,68.203707,1.500000,12.383331,298.243493
240.174,296.733105,62.904595,1.500000,6.968539,297.852004
240.201,307.951825,65.402266,-1.500000,-4.567752,297.555209
240.239,297.725581,66.957503,1.500000,5.208827,297.134961
240.270,304.047156,68.382961,0.084130,-1.473953,296.797385
240.304,321.758353,65.386836,-1.500000,-19.573950,296.434021
240.336,311.734211,58.568253,-1.500000,-9.916975,296.090874
240.367,297.874735,63.945081,1.500000,3.589901,295.761341
240.399,314.324156,67.709663,-1.500000,-13.231127,295.414046
240.431,302.399784,67.346626,-1.500000,-1.666705,295.077644
240.466,292.979975,77.133192,1.500000,7.348681,294.699679
240.499,298.203816,62.836942,1.500000,1.754827,294.353871
240.537,307.360550,61.202335,-1.500000,-7.826098,293.957432
240.567,294.606219,66.897497,1.500000,4.595933,293.646871
240.594,307.800074,62.319320,-1.500000,-8.897273,293.367103
240.623,309.105554,68.506705,-1.500000,-10.521539,293.069173
240.657,296.451912,63.715979,0.628791,1.761708,292.723009
240.687,299.743073,61.930919,-1.355617,-1.856693,292.417178
240.718,294.737705,61.007109,1.500000,2.807508,292.098330
240.756,305.997317,68.612119,-1.500000,-8.863654,291.713704
240.787,293.861359,64.720511,1.500000,2.935389,291.398830
240.823,288.420098,67.851804,1.500000,7.998505,291.045423
240.861,299.001695,58.083700,-1.500000,-2.992418,290.662876
240.892,300.264726,62.423382,-1.500000,-4.574640,290.364566
240.924,288.443836,68.065741,1.500000,6.910292,290.050587
240.950,293.749353,66.031917,1.500000,1.334279,289.797786
240.980,287.085300,65.687325,1.500000,7.686117,289.505998
241.010,296.376666,69.723089,-0.814684,-1.915550,289.215996
241.042,292.064168,66.491408,1.404978,2.070115,288.910545
241.075,295.433337,60.316633,-0.303616,-1.637589,288.594158
241.106,301.970173,66.952503,-1.500000,-8.492339,288.297041
241.140,307.345673,59.563588,-1.500000,-14.208611,287.978563
241.172,293.696575,69.715399,-1.500000,-0.876873,287.681964
241.207,290.638634,66.776684,0.708660,1.827806,287.351813
241.241,300.450242,67.019835,-1.500000,-8.313717,287.043481
241.272,275.643250,66.742525,1.500000,16.189430,286.759513
241.303,282.258203,65.581523,1.500000,9.271629,286.476479
241.336,288.936975,67.021486,1.500000,2.274663,286.179102
241.366,291.921191,67.616055,0.287863,-1.003098,285.904760
241.400,305.295242,68.580429,-1.500000,-14.698371,285.604552
241.437,288.855389,69.630691,-0.036034,1.391635,285.277592
241.468,295.090445,66.773697,-1.500000,-5.129256,285.010457
241.502,291.600346,67.843940,-1.500000,-1.963756,284.707093
241.534,279.152887,60.984398,1.500000,10.188216,284.430938
241.572,277.663021,64.835666,1.500000,11.333733,284.109116
241.598,281.103962,68.576582,1.500000,7.658853,283.890482
241.630,292.677708,69.066971,-1.500000,-4.205245,283.619124
241.660,287.752772,64.995456,-1.324744,0.447238,283.364495
241.695,284.387270,63.561676,1.500000,3.499018,283.071297
241.729,286.967242,68.614115,1.500000,0.623017,282.794634
241.762,288.598908,62.119770,-0.066184,-1.296102,282.525986
241.796,298.280620,66.788542,-1.500000,-11.274105,282.249079
241.822,288.368224,65.229528,-1.500000,-1.588969,282.036687
241.860,274.615966,70.661497,1.500000,11.844396,281.738656
241.887,288.153207,68.231374,-0.455500,-1.920543,281.525854
241.921,291.624316,70.065705,-1.500000,-5.679348,281.256980
241.953,289.156799,69.337218,-1.500000,-3.481456,281.004993
241.987,280.473203,60.541789,1.500000,4.920421,280.741705
242.023,269.620915,68.317189,1.500000,15.484263,280.472129
242.061,287.386062,66.284544,-1.500000,-2.587549,280.185526
242.096,276.210970,66.662922,1.500000,8.304270,279.920784
242.123,281.244443,70.598521,1.500000,3.056681,279.720677
242.161,283.006395,68.634865,1.500000,1.001416,279.446552
242.192,286.270257,68.863921,-1.500000,-2.506052,279.218884
242.220,286.160669,70.209524,-1.500000,-2.611963,279.017482
242.249,283.464761,72.787988,-1.500000,-0.134792,278.813056
242.285,276.659958,63.162725,1.500000,6.391922,278.553158
242.315,285.587863,65.325644,-1.467495,-2.758056,278.345614
242.354,274.673672,68.111347,1.500000,7.864959,278.073487
242.387,280.899037,60.964227,1.500000,1.401978,277.851415
242.420,284.191675,68.808206,-1.073302,-2.129579,277.628128
242.452,282.210727,70.773976,-1.500000,-0.374921,277.416641
242.483,274.942220,73.366923,1.500000,6.671328,277.208923
242.512,276.081757,66.587057,1.500000,5.328986,277.019386
242.547,286.348294,63.627036,-1.500000,-5.179569,276.793201
242.574,276.648022,67.059472,1.500000,4.334908,276.619560
242.608,288.396343,67.270697,-1.500000,-7.642300,276.405647
242.639,281.926806,66.531567,-1.500000,-1.381564,276.210507
242.680,278.695726,69.083888,0.405580,1.576981,275.955801
242.713,274.934047,67.628915,1.500000,5.126380,275.757409
242.745,281.093790,64.193978,0.134676,-1.240135,275.564164
242.786,286.113570,71.359533,-1.500000,-6.517065,275.323836
242.818,267.399302,64.135432,1.500000,11.991654,275.131735
242.846,278.647342,62.999352,1.500000,0.573376,274.972634
242.875,282.597881,68.897990,-1.500000,-3.553490,274.807842
242.904,280.337135,68.048831,-1.500000,-1.469567,274.642587
242.935,274.600703,70.699128,1.500000,4.084186,274.471859
242.969,270.884020,68.073979,1.500000,7.596384,274.280752
242.998,284.889607,62.068940,-1.500000,-6.575528,274.125308
243.032,282.753493,70.802112,-1.500000,-4.635864,273.941709
243.065,277.931251,66.589588,-1.497416,0.002088,273.769476
243.097,269.726503,65.492618,1.500000,8.028322,273.602640
243.136,274.112768,61.417845,1.500000,3.426305,273.401003
243.163,280.826346,68.227160,-1.500000,-3.432521,273.265257
243.193,277.500231,61.113506,-1.500000,-0.266529,273.115609
243.227,271.039966,66.365570,1.500000,6.017333,272.950746
243.265,270.164534,65.269161,1.500000,6.695692,272.766567
243.291,280.236378,65.852263,-1.500000,-3.505370,272.645802
243.329,272.351122,70.416440,1.500000,4.191206,272.469465
243.362,282.017401,66.011001,-1.500000,-5.637323,272.317830
243.396,279.917481,62.514202,-1.500000,-3.702636,272.163407
243.428,277.382381,67.805791,-1.500000,-1.319681,272.021214
243.458,263.439755,61.382641,1.500000,12.482691,271.890136
243.485,261.058368,67.418069,1.500000,14.741250,271.775344
243.513,271.995772,63.915171,1.500000,3.677330,271.657105
243.546,273.939711,72.373900,1.500000,1.586939,271.520233
243.578,280.044661,61.430857,-1.500000,-4.659148,271.388330
243.610,277.366158,71.846964,-1.500000,-2.114100,271.263606
243.645,266.048015,63.891692,1.500000,9.057653,271.126793
243.683,276.006350,70.397447,0.587884,-1.057053,270.980651
243.717,275.425808,66.845841,-0.266152,-0.614944,270.851275
243.745,279.188348,61.377234,-1.500000,-4.486548,270.749346
243.778,276.418675,60.967226,-1.500000,-1.843637,270.630876
243.806,268.721173,66.665121,1.500000,5.747728,270.531683
243.835,270.198998,66.893327,1.500000,4.161120,270.430017
243.867,277.974583,68.049985,-1.500000,-3.730106,270.321941
243.900,269.983850,68.000301,1.500000,4.145170,270.214037
243.935,276.137526,75.633833,-0.707164,-2.128817,270.101597
243.972,275.947997,72.441509,-1.500000,-2.063611,269.985408
244.000,265.130821,60.757263,1.500000,8.659202,269.897218
244.039,273.625382,64.377580,1.500000,0.040187,269.780906
244.067,284.633588,62.721383,-1.500000,-11.054646,269.699946
244.102,275.580828,65.184164,-1.500000,-2.106354,269.602312
244.127,261.075704,70.373044,1.500000,12.323338,269.531815
244.157,268.981637,68.894936,1.500000,4.331308,269.451351
244.191,275.779121,68.875432,-1.500000,-2.561765,269.362015
244.223,275.468725,69.410319,-1.500000,-2.339710,269.279454
244.261,269.360026,71.316911,1.500000,3.669255,269.186243
244.296,277.979964,64.641821,-1.500000,-5.039155,269.103560
244.328,269.466944,70.273998,1.500000,3.394674,269.029550
244.361,266.046335,69.301698,1.500000,6.737434,268.956793
244.393,279.748712,67.021209,-1.500000,-7.038831,268.887739
244.424,279.429149,68.543361,-1.500000,-6.789493,268.822109
244.455,279.207356,69.550139,-1.500000,-6.633319,268.760783
244.484,277.732986,63.686499,-1.500000,-5.219185,268.704487
244.519,264.157272,67.189694,1.500000,8.286397,268.638943
244.552,269.665695,67.532997,1.500000,2.715554,268.580607
244.582,263.336524,67.763034,1.500000,8.989519,268.529012
244.614,273.320774,71.818361,0.230311,-1.050727,268.476680
244.651,276.719771,67.379179,-1.500000,-4.510838,268.419564
244.684,265.834690,63.263265,1.500000,6.321585,268.370350
244.718,275.469744,67.302685,-1.500000,-3.363620,268.323481
244.751,266.231627,67.311316,1.500000,5.827513,268.279570
244.782,272.886628,64.349692,0.815397,-0.868767,268.240992
244.809,276.652305,66.763072,-1.500000,-4.668900,268.208789
244.841,268.938235,67.022474,1.500000,3.007708,268.173778
244.875,269.699036,67.618273,1.500000,2.208499,268.137883
244.906,272.429641,69.396472,0.830246,-0.554229,268.107862
244.941,283.440161,64.983102,-1.500000,-11.597726,268.077042
244.978,281.069165,66.419895,-1.500000,-9.259441,268.046471
245.004,270.211638,66.985529,0.406263,1.577546,268.027275
245.040,279.303912,71.522039,-1.500000,-7.540298,268.003378
245.072,265.874126,62.909647,1.500000,5.869576,267.984768
245.104,273.749212,62.690022,-0.580073,-2.023638,267.967826
245.134,270.229618,66.198061,0.956649,1.481286,267.954116
245.166,276.710640,65.616562,-1.500000,-5.012859,267.941852
245.200,268.000328,74.465159,1.500000,3.686305,267.931432
245.236,275.106571,66.508024,-1.500000,-3.428994,267.922969
245.267,268.347306,73.366921,1.500000,3.325071,267.918110
245.303,276.406249,71.274477,-1.500000,-4.737210,267.914989
245.330,273.569516,70.604925,-1.500000,-1.900944,267.914553
245.361,271.168633,70.150079,-0.893954,0.501505,267.916017
245.399,264.499995,64.228865,1.500000,7.175144,267.920691
245.426,272.411277,65.913828,0.908538,-0.730626,267.925842
245.457,271.314333,63.395595,1.289497,0.374816,267.933784
245.491,274.179946,69.818607,-1.500000,-2.478859,267.944942
245.524,264.027976,67.873882,1.500000,7.686802,267.957737
245.555,265.356380,67.752400,1.500000,6.373827,267.972156
245.587,276.958079,72.248626,-1.500000,-5.209265,267.989546
245.621,275.171360,72.485330,-1.500000,-3.400736,268.009928
245.652,268.215401,67.043336,1.500000,3.577780,268.031010
245.689,276.098856,71.882792,-1.500000,-4.276902,268.057902
245.719,269.431387,65.587643,1.055558,2.417143,268.082739
245.751,266.415549,72.926137,1.500000,5.463184,268.110965
245.783,278.484674,63.159281,-1.500000,-6.574068,268.140753
245.815,273.157608,57.699853,-1.500000,-1.212233,268.173248
245.846,267.462242,68.175281,1.500000,4.518932,268.206705
245.880,275.391616,67.818018,-1.500000,-3.369019,268.245418
245.912,269.094989,67.648299,1.500000,2.968837,268.283949
245.943,265.316615,72.424737,1.500000,6.790252,268.324174
245.978,273.521071,67.482774,-0.148910,-1.364565,268.370566
246.008,282.295075,66.702375,-1.500000,-10.093056,268.413102
246.040,269.713363,68.651233,1.404264,2.539601,268.460713
246.076,279.041630,65.684627,-1.500000,-6.730060,268.515485
246.109,270.080823,63.712338,0.910195,2.287197,268.568243
246.145,273.657806,62.672310,-0.275302,-1.223876,268.629840
246.179,274.129538,66.409555,-1.500000,-1.633221,268.688147
246.208,267.541600,70.499116,1.500000,5.011155,268.740892
246.243,273.205959,67.288789,1.160891,-0.582841,268.806652
246.276,283.833425,64.881279,-1.500000,-11.142734,268.869804
246.309,275.190939,68.174217,-1.500000,-2.430380,268.935102
246.345,272.606639,70.208329,-1.215564,0.235345,269.011200
246.377,269.449074,59.845186,1.500000,3.463807,269.077459
246.407,269.615098,67.408198,1.500000,3.368801,269.143831
246.439,270.834443,67.597218,1.500000,2.225410,269.214816
246.471,287.325485,63.313057,-1.500000,-14.185048,269.290128
246.503,276.559842,61.326276,-1.500000,-3.338114,269.366101
246.536,271.782765,70.122303,0.342320,1.524628,269.446162
246.564,278.060560,69.924131,-1.500000,-4.678306,269.516125
246.594,269.284199,72.428390,1.500000,4.177284,269.590171
246.631,277.084267,66.805808,-1.500000,-3.520284,269.685965
246.669,267.143849,61.639478,1.500000,6.529462,269.788141
246.696,266.492979,65.032198,1.500000,7.260015,269.862612
246.726,273.412800,60.857085,1.500000,0.429286,269.945875
246.756,284.388935,69.801874,-1.500000,-10.456289,270.030510
246.802,275.992303,64.015488,-1.500000,-1.919411,270.161581
246.839,272.347558,68.530363,0.728957,1.844604,270.273049
246.884,276.104672,61.628625,-1.135462,-1.767484,270.408587
246.911,274.491396,71.363203,-1.438069,-0.062645,270.494160
246.940,270.650120,67.644877,1.500000,3.875317,270.584521
246.971,273.955832,66.272124,1.500000,0.676540,270.684460
246.997,265.641681,71.844678,1.500000,9.080270,270.768179
247.024,274.020288,67.566385,1.500000,0.797747,270.857977
247.054,286.293688,65.868624,-1.500000,-11.368833,270.957809
247.082,285.265843,69.853820,-1.500000,-10.239273,271.052869
247.114,282.931213,72.776288,-1.500000,-7.787042,271.162777
247.150,278.191635,67.131981,-1.500000,-2.915048,271.286531
247.184,272.691929,64.094185,1.500000,2.713889,271.407306
247.219,276.791779,68.513202,0.354357,-1.250316,271.534077
247.253,284.067087,66.975351,-1.500000,-8.394712,271.656425
247.284,276.752875,69.984705,-1.500000,-0.957808,271.771091
247.313,267.346064,62.612982,1.500000,8.567539,271.881872
247.341,266.155280,66.689069,1.500000,9.872413,271.988498
247.375,268.639166,68.381968,1.500000,7.526203,272.117168
247.407,278.538419,62.835061,-1.203313,-2.237174,272.244154
247.439,276.598088,63.606471,-1.500000,-0.162195,272.369993
247.482,265.884723,67.839439,1.500000,10.735615,272.542372
247.510,273.461107,73.939653,1.500000,3.281338,272.656490
247.543,275.073982,63.356362,1.500000,1.811877,272.790523
247.581,282.530605,70.671907,-1.500000,-5.477258,272.947053
247.611,281.217983,65.357858,-1.500000,-4.028125,273.074634
247.642,281.967535,67.808210,-1.500000,-4.639668,273.203614
247.671,275.070499,67.793745,1.390079,2.391739,273.329195
247.700,271.806078,71.725453,1.500000,5.790501,273.454747
247.731,282.275799,70.549341,-1.500000,-4.535084,273.589453
247.762,273.211328,68.814020,1.500000,4.678330,273.728652
247.795,277.236873,65.850367,1.500000,0.807833,273.873557
247.836,285.427828,68.201720,-1.500000,-7.187641,274.056249
247.871,290.901936,69.734061,-1.500000,-12.490895,274.215926
247.901,284.403796,65.790080,-1.500000,-5.843685,274.355244
247.932,277.257515,70.651640,0.259239,1.455871,274.498491
247.964,280.272133,63.395464,-1.218196,-1.399897,274.646950
247.992,271.279074,70.238702,1.500000,7.738118,274.782422
248.023,274.567477,69.698262,1.500000,4.605931,274.928419
248.056,279.697292,64.515959,1.067288,-0.358056,275.083398
248.095,273.115290,62.233091,1.500000,6.428130,275.274224
248.130,284.826691,68.712415,-1.500000,-5.100461,275.445074
248.158,284.565662,69.115232,-1.500000,-4.692901,275.582020
248.199,279.419154,69.078260,-0.690443,0.669928,275.784188
248.229,276.888741,66.953185,1.500000,3.360504,275.933874
248.254,283.868217,62.059986,-1.500000,-3.481988,276.061896
248.284,279.185498,66.544071,-0.216772,1.364180,276.214653
248.315,271.378295,68.275152,1.500000,9.340005,276.372243
248.346,277.341579,65.598033,1.500000,3.543824,276.528414
248.383,285.334212,65.883568,-1.500000,-4.242132,276.721570
248.418,277.235366,62.928536,1.500000,4.053079,276.905089
248.452,288.228829,64.763357,-1.500000,-6.749328,277.083646
248.491,280.928946,70.656589,-0.936037,0.768927,277.287732
248.524,285.363923,73.040381,-1.500000,-3.477060,277.464358
248.557,277.204364,65.343583,1.500000,4.868053,277.637773
248.586,279.756649,64.761412,1.500000,2.485044,277.795974
248.615,284.991139,69.082362,-1.500000,-2.581988,277.952478
248.646,280.672514,69.786332,0.448917,1.915096,278.119261
248.675,284.611178,68.284784,-1.500000,-1.854942,278.276856
248.709,274.893303,70.743381,1.500000,8.067242,278.467799
248.739,287.804760,70.577701,-1.500000,-4.669781,278.630821
248.776,277.295377,71.008532,1.500000,6.061535,278.838235
248.808,274.213364,63.460918,1.500000,9.337295,279.019307
248.842,290.026043,71.431807,-1.500000,-6.276675,279.205016
248.879,282.200627,61.810410,0.276063,1.772043,279.413710
248.909,282.455968,67.580895,1.500000,1.700397,279.585388
248.939,292.902462,68.835989,-1.500000,-8.559876,279.759426
248.970,285.045057,68.151741,-1.500000,-0.514454,279.935143
249.001,278.212728,66.474054,1.500000,6.509060,280.113820
249.040,286.148510,66.189413,0.430260,-1.187501,280.337392
249.066,291.455978,70.752765,-1.500000,-6.331396,280.490263
249.117,282.803328,68.631826,1.453018,2.638300,280.786567
249.145,287.040653,63.315408,0.097093,-1.419610,280.954246
249.174,289.820639,65.181426,-1.500000,-4.018239,281.123738
249.210,279.150120,68.729749,1.500000,6.877712,281.334422
249.236,286.915556,66.387463,0.996088,-0.719229,281.491895
249.268,291.115716,63.339606,-1.500000,-4.719322,281.678873
249.299,281.231681,67.622060,1.500000,5.364582,281.865666
249.332,291.685208,69.912981,-1.500000,-4.880815,282.060180
249.369,291.389062,73.633355,-1.500000,-4.346139,282.283105
249.404,286.439372,65.772910,-0.499449,0.827992,282.492864
249.435,278.983926,64.944370,1.500000,8.489461,282.685408
249.466,291.320746,65.553517,-1.500000,-3.650166,282.869700
249.497,285.889592,67.778872,0.532017,1.983868,283.059309
249.532,283.832627,71.589640,1.500000,4.270285,283.273750
249.559,278.366114,62.719834,1.500000,9.915696,283.440944
249.590,278.257772,71.324287,1.500000,10.228227,283.631775
249.631,296.131742,69.926965,-1.500000,-7.380920,283.879273
249.666,296.735717,62.821969,-1.500000,-7.753331,284.095688
249.698,293.816453,67.298484,-1.500000,-4.622013,284.293870
249.732,288.225118,61.830395,-0.056869,1.194265,284.504096
249.757,281.833597,70.624835,1.500000,7.756698,284.663827
249.791,293.257392,75.636253,-1.500000,-3.441679,284.874498
249.828,288.670421,62.462317,-0.186400,1.389315,285.102557
249.857,272.824966,62.705125,1.500000,17.432019,285.286902
249.891,284.771912,70.274507,1.500000,5.715060,285.501842
249.923,287.161772,66.350538,1.500000,3.539232,285.701873
249.955,294.392503,63.270660,-1.500000,-3.473733,285.905393
249.987,291.721187,67.117548,-1.500000,-0.587146,286.106581
250.020,290.384524,71.102033,-0.327910,0.969956,286.312598
250.051,292.236295,65.400342,-0.994589,-0.669772,286.510769
250.082,285.770255,67.209074,1.500000,6.006429,286.707182
250.120,299.464522,68.738905,-1.500000,-7.431141,286.947085
250.149,289.574145,60.964894,1.341455,2.653748,287.128872
250.188,287.497062,67.933261,1.500000,4.999279,287.379757
250.214,293.946506,70.119114,-0.018018,-1.272213,287.546068
250.244,296.861587,72.986641,-1.500000,-3.986164,287.734040
250.274,301.233117,66.389246,-1.500000,-8.151357,287.926878
250.305,279.174376,69.070680,1.500000,14.117383,288.123139
250.338,294.645164,67.821081,0.509883,-1.121606,288.339774
250.375,293.736469,70.453140,0.433784,0.036725,288.573078
250.420,300.261497,68.788038,-1.500000,-6.180221,288.861006
250.465,292.771958,66.059009,0.217056,1.615789,289.147428
250.495,284.175145,67.773103,1.500000,10.422443,289.343540
250.525,296.157862,70.804143,0.016633,-1.356820,289.533685
250.554,295.382164,62.469351,-0.622020,-0.379143,289.722449
250.582,297.735023,69.650420,-1.500000,-2.539957,289.901931
250.613,292.993043,66.890557,1.308537,2.412712,290.098836
250.645,302.499387,70.323619,-1.500000,-6.872134,290.305843
250.679,295.663914,68.917425,-1.500000,0.194065,290.521476
250.715,289.740728,71.418132,1.500000,6.365780,290.753746
250.750,284.637630,60.127526,1.500000,11.713333,290.982209
250.779,291.872381,66.227127,1.500000,4.675625,291.166360
250.814,297.428772,69.374548,0.730203,-0.637023,291.394159
250.847,305.045618,69.006343,-1.500000,-8.028314,291.604957
250.875,294.548972,69.627305,1.443400,2.660559,291.784608
250.906,309.090235,65.419813,-1.500000,-11.673281,291.978462
250.940,308.475611,64.215698,-1.500000,-10.825348,292.196508
250.971,297.459355,70.270421,-1.006995,0.407953,292.399354
251.008,291.253567,64.520786,1.500000,6.864779,292.633968
251.046,301.716316,66.827001,-1.500000,-3.335795,292.878991
251.072,290.346428,67.558527,1.500000,8.211563,293.044851
251.108,299.937536,65.466341,0.491585,-1.136749,293.271763
251.140,293.077842,66.489655,1.500000,5.943039,293.477459
251.168,303.673065,65.744783,-1.500000,-4.461441,293.655723
251.197,314.204406,63.370602,-1.500000,-14.796318,293.839334
251.231,300.007597,66.459023,-1.500000,-0.366836,294.056786
251.263,282.082278,61.562764,1.500000,17.775253,294.259375
251.302,292.433859,67.733825,1.500000,7.689008,294.507352
251.337,294.991849,68.815349,1.500000,5.367352,294.728226
251.369,307.090536,66.665537,-1.500000,-6.508209,294.936754
251.395,312.576557,68.567168,-1.500000,-11.822947,295.096832
251.437,310.520108,61.792691,-1.500000,-9.482986,295.361797
251.463,285.769201,69.660858,1.500000,15.446124,295.528341
251.493,294.748120,61.975037,1.500000,6.667340,295.715383
251.524,298.769732,67.377916,1.500000,2.853810,295.909852
251.553,307.424544,69.376901,-1.500000,-5.604734,296.093281
251.584,304.727127,69.164213,-1.500000,-2.699722,296.287295
251.615,304.600517,69.582551,-1.500000,-2.369919,296.477194
251.650,293.813954,66.560916,1.500000,8.651448,296.696637
251.688,284.870606,66.925319,1.500000,17.846252,296.931643
251.725,296.075801,67.335190,1.500000,6.888321,297.162730
251.759,307.625062,59.988226,-1.500000,-4.436678,297.372321
251.795,295.474415,69.962789,1.500000,7.950122,297.593026
251.825,306.652306,70.697662,-1.500000,-3.028183,297.779555
251.853,310.054005,67.237976,-1.500000,-6.241847,297.955288
251.883,301.834179,65.097568,1.124695,2.172111,298.136719
251.915,307.634840,70.988093,-1.500000,-3.417265,298.334182
251.947,296.276101,67.973110,1.500000,8.150312,298.529358
251.979,305.780635,67.537525,0.480917,-1.145578,298.724353
252.012,304.623652,62.689176,0.630168,0.226141,298.925039
252.046,301.146135,73.055704,1.500000,3.922857,299.129899
252.286,318.473328,71.030512,-1.500000,-11.871888,300.562094
252.315,310.140712,65.778523,-1.500000,-3.359032,300.730542
252.347,307.908469,73.706025,-1.500000,-0.928857,300.915525
252.379,295.053798,64.455370,1.500000,12.125510,301.102157
252.410,302.832679,69.841182,1.500000,4.544291,301.286887
252.442,306.606987,68.348387,1.500000,0.965005,301.469151
252.479,320.645194,67.428871,-1.500000,-12.842351,301.684899
252.516,304.250536,58.391970,1.500000,3.780771,301.898418
252.548,325.672878,65.922034,-1.500000,-17.448407,302.078945
252.574,312.705989,69.869497,-1.500000,-4.318290,302.231494
252.611,304.959934,67.271921,1.500000,3.650467,302.439628
252.640,320.850903,71.599155,-1.500000,-12.067666,302.601156
252.671,309.364433,66.287671,-1.500000,-0.393953,302.776149
252.702,311.402299,66.547193,-1.500000,-2.241120,302.954372
252.743,303.357910,65.775087,1.500000,6.044236,303.179576
252.776,306.850327,64.641438,1.500000,2.752180,303.366829
252.807,301.596125,70.953034,1.500000,8.189232,303.537716
252.841,316.336422,64.472945,-1.500000,-6.354837,303.721107
252.868,307.163564,72.994869,1.500000,2.980548,303.873001
252.900,312.352821,65.374768,-0.582130,-2.025340,304.044375
252.937,313.391770,63.673047,-1.500000,-2.847505,304.246977
252.964,314.670098,65.259226,-1.500000,-3.972849,304.389952
252.995,306.296909,74.124382,1.500000,4.580147,304.557996
253.031,308.753743,70.229966,1.500000,2.331696,304.752747
253.064,307.518155,64.708246,1.500000,3.754423,304.927642
253.101,316.390238,65.960152,-1.500000,-4.906421,305.125063
253.134,319.093835,65.088157,-1.500000,-7.426744,305.296347
253.166,311.370637,67.188944,-0.925095,0.475733,305.463897
253.200,301.305648,63.829789,1.500000,10.731624,305.642310
253.227,313.592657,72.630073,0.093786,-1.408041,305.780015
253.264,316.770098,63.907303,-1.500000,-4.383534,305.968752
253.293,299.536076,72.490075,1.500000,13.008531,306.116455
253.327,313.144002,69.950986,1.362558,-0.415944,306.287905
253.359,314.922768,74.098443,-1.095274,-2.020170,306.451026
253.393,309.901374,62.723091,1.500000,3.183260,306.621153
253.430,319.384134,68.133718,-1.500000,-6.101744,306.805972
253.459,311.792423,65.852298,0.123628,1.645891,306.951695
253.497,324.756484,66.047435,-1.500000,-11.122138,307.134903
253.522,320.862467,69.057859,-1.500000,-7.097263,307.257200
253.550,310.888103,62.346439,1.500000,3.024910,307.395339
253.585,301.958765,66.093626,1.500000,12.133880,307.563220
253.609,312.646151,58.715549,1.500000,1.571436,307.679988
253.639,313.284588,68.659433,1.500000,1.087777,307.824640
253.676,326.167767,68.318108,-1.500000,-11.608527,307.999290
253.715,317.892406,68.316269,-1.500000,-3.138360,308.181351
253.744,305.580774,66.232022,1.500000,9.319133,308.317670
253.783,312.889395,65.962825,1.500000,2.204906,308.499348
253.823,322.744446,65.407613,-1.500000,-7.456171,308.680631
253.854,318.316644,67.010709,-1.500000,-2.877860,308.821294
253.894,322.174859,66.150469,-1.500000,-6.542151,309.002531
253.913,319.550649,66.977325,-1.500000,-3.824956,309.089433
253.938,310.868283,63.705562,1.500000,4.974649,309.199002
253.968,313.660692,63.395414,1.500000,2.321954,309.329576
253.997,316.535010,67.136673,0.997616,-0.415716,309.457284
254.030,314.372324,76.229859,1.500000,1.903184,309.603278
254.067,326.253999,66.467196,-1.500000,-9.809233,309.761463
254.099,325.871599,66.665232,-1.500000,-9.278243,309.900333
254.122,319.131833,64.549815,-1.500000,-2.432719,309.999171
254.162,317.348961,71.178631,-1.500000,-0.471693,310.165671
254.198,306.233707,68.729361,1.500000,10.804056,310.315666
254.224,313.899119,67.053592,1.500000,3.256403,310.425721
254.255,315.934524,64.212615,1.500000,1.356489,310.552349
254.286,325.882601,67.386684,-1.500000,-8.454409,310.680554
254.321,324.682778,63.499186,-1.500000,-7.103401,310.821848
254.352,313.970440,69.253823,1.500000,3.740607,310.944904
254.386,307.425151,67.258279,1.500000,10.429579,311.079187
254.426,322.780562,70.218987,-1.500000,-4.755362,311.238505
254.454,324.174637,64.985599,-1.500000,-6.035856,311.344655
254.485,304.053510,64.610179,1.500000,14.214583,311.465508
254.520,318.379131,70.299312,1.500000,0.029605,311.596950
254.546,323.093351,64.992544,-1.500000,-4.577382,311.697167
254.574,318.477718,65.284315,-1.500000,0.151104,311.802637
254.606,323.832765,63.855855,-1.500000,-5.076611,311.921640
254.639,298.665115,72.555387,1.500000,20.219648,312.041834
254.679,310.644425,69.493415,1.500000,8.394578,312.185985
254.714,318.404447,63.625516,1.500000,0.768465,312.311132
254.746,315.595268,61.740611,1.500000,3.699270,312.424803
254.774,322.922760,71.044116,-1.500000,-3.523624,312.522557
254.803,323.861394,68.131839,-1.500000,-4.352683,312.624963
254.838,308.361765,66.830743,1.500000,11.274440,312.744117
254.867,318.039432,67.190660,1.500000,1.701992,312.842452
254.901,319.005606,62.877909,1.500000,0.858325,312.956944
254.940,322.218432,61.627087,-1.177462,-2.215780,313.086591
254.976,331.199394,70.744329,-1.500000,-11.068212,313.206712
255.012,328.367085,68.376702,-1.500000,-8.113709,313.320912
255.046,326.420154,67.012054,-1.500000,-6.050485,313.429598
255.070,328.391496,72.026523,-1.500000,-7.938651,313.507332
255.108,319.959451,64.835192,-0.753127,0.618052,313.623834
255.140,318.906851,73.071897,1.485591,1.777435,313.723632
255.170,315.434238,60.811573,1.500000,5.346227,313.813518
255.198,313.650539,67.244080,1.500000,7.221951,313.899523
255.234,333.406785,74.699408,-1.500000,-12.420683,314.005703
255.266,314.946804,72.017910,1.500000,6.139987,314.099804
255.304,315.157785,72.882084,1.500000,6.045946,314.209095
255.336,319.059769,65.209981,1.500000,2.239202,314.298103
255.370,334.031174,71.551757,-1.500000,-12.629303,314.394272
255.395,342.684710,69.764042,-1.500000,-21.208834,314.463435
255.430,325.067990,71.643358,-1.500000,-3.490143,314.558735
255.467,322.640413,72.060126,-1.500000,-0.956087,314.658249
255.496,317.453220,69.601518,1.500000,4.311530,314.733411
255.525,327.998802,68.851825,-1.500000,-6.152353,314.809766
255.559,317.606775,67.548541,1.500000,4.331905,314.895962
255.590,319.721700,65.526995,1.500000,2.300671,314.974179
255.628,323.709480,68.525639,-0.416532,-1.586045,315.068631
255.663,323.734333,65.423161,-1.500000,-1.518409,315.155069
255.694,326.041703,63.021471,-1.500000,-3.745906,315.229716
255.732,322.872908,62.320534,-1.500000,-0.481259,315.319299
255.761,315.720068,70.142513,1.500000,6.744055,315.387031
255.789,319.719189,68.439667,1.500000,2.812596,315.450267
255.819,316.329406,72.110344,1.500000,6.275224,315.518346
255.852,316.808853,63.808852,1.500000,5.873342,315.590836
255.882,333.093178,66.870989,-1.500000,-10.341281,315.655978
255.919,322.973737,67.327695,-1.500000,-0.138075,315.734264
255.953,318.975710,64.591425,1.500000,3.935588,315.804951
255.987,319.231219,68.352204,1.500000,3.755226,315.875182
256.018,325.470284,66.398258,-1.421947,-2.418112,315.936609
256.050,319.805278,70.403622,1.500000,3.314084,315.999404
256.080,328.487112,69.291283,-1.500000,-5.304420,316.058591
256.112,318.377431,64.596295,1.500000,4.869477,316.118605
256.141,335.452652,58.501926,-1.500000,-12.147434,316.173101
256.173,325.459764,64.226415,-1.500000,-2.092180,316.231387
256.208,323.115190,67.844110,-1.116107,0.317654,316.292378
256.241,314.537658,62.292119,1.500000,8.956685,316.349853
256.274,330.128430,70.649264,-1.500000,-6.573896,316.406107
256.309,320.868678,67.838420,1.454362,2.747187,316.463426
256.343,313.389517,67.393862,1.500000,10.285874,316.519057
256.375,323.147572,70.622565,1.500000,0.581924,316.569622
256.408,318.474821,68.360724,1.500000,5.309614,316.620967
256.438,332.493867,67.205177,-1.500000,-8.662311,316.665005
256.471,326.113746,70.990995,-1.500000,-2.229761,316.714005
256.503,341.760271,70.691679,-1.500000,-17.827115,316.759958
256.535,337.807361,70.665506,-1.500000,-13.827775,316.803351
256.567,316.457085,63.142540,1.500000,7.569297,316.847086
256.601,325.192049,67.802538,0.513822,-1.118346,316.891311
256.635,330.561708,62.914352,-1.500000,-6.441534,316.934742
256.667,337.357706,65.154461,-1.500000,-13.195265,316.974244
256.700,316.698307,63.888662,1.500000,7.506706,317.014031
256.732,322.215234,64.645007,1.500000,2.029020,317.050705
256.777,322.366161,65.636676,1.500000,1.932186,317.101259
256.807,334.395977,67.595521,-1.500000,-10.062836,317.133777
256.838,322.953789,67.958008,-0.157194,1.413486,317.165677
256.873,329.209849,70.594169,-1.500000,-4.805243,317.200567
256.903,320.173175,68.867979,1.500000,4.262650,317.229743
256.934,318.410208,70.838705,1.500000,6.056780,317.258867
256.967,337.750886,70.398151,-1.500000,-13.253124,317.287628
257.001,313.845295,74.265657,1.500000,10.683679,317.316798
257.035,328.969345,69.834216,-1.500000,-4.410552,317.344666
257.071,327.543576,64.987184,-1.500000,-2.954095,317.373346
257.097,335.074158,70.279856,-1.500000,-10.463996,317.392674
257.132,305.694416,72.306057,1.500000,18.941849,317.417071
257.161,317.213852,71.960720,1.500000,7.443515,317.436792
257.193,315.893010,66.066111,1.500000,8.786175,317.457182
257.237,327.852221,64.139671,-1.500000,-3.144179,317.484152
257.266,315.029187,63.466011,1.500000,9.695970,317.500147
257.296,331.028271,69.705992,-1.500000,-6.285962,317.516176
257.323,317.311218,69.201259,1.500000,7.445356,317.529508
257.362,331.039343,66.911031,-1.500000,-6.263271,317.547731
257.397,322.788460,61.874108,0.556269,2.003938,317.562989
257.428,316.965294,67.014505,1.500000,7.839949,317.574993
257.456,328.198622,60.338229,-1.500000,-3.382409,317.585245
257.487,323.399932,66.419599,-0.140829,1.427029,317.595291
257.519,324.246529,71.915045,0.738469,0.590810,317.604989
257.557,335.126203,68.107784,-1.500000,-10.278285,317.614876
257.591,329.316044,69.089131,-1.500000,-4.459812,317.622646
257.625,317.238087,65.925306,1.500000,7.624986,317.629040
257.659,336.601569,71.212707,-1.500000,-11.732801,317.634362
257.691,318.553380,68.556029,1.500000,6.319704,317.638396
257.716,309.228784,71.974951,1.500000,15.646885,317.640813
257.744,335.365888,67.797307,-1.500000,-10.488104,317.642789
257.774,327.212698,61.345954,-1.500000,-2.333586,317.644030
257.806,320.753423,67.727453,1.500000,4.126080,317.644396
257.838,313.440978,61.068955,1.500000,11.437854,317.643768
257.876,334.273548,69.582626,-1.500000,-9.396830,317.641793
257.907,322.714727,72.356501,0.743754,2.159098,317.639089
257.942,319.391488,70.777961,1.500000,5.477965,317.635003
257.976,330.763758,68.190444,-1.500000,-5.899783,317.629884
258.006,325.186947,70.027329,-1.500000,-0.328744,317.624489
258.034,314.784112,68.557902,1.500000,10.067922,317.618723
258.067,315.862521,67.972893,1.500000,8.981349,317.611093
258.099,333.629613,67.282402,-1.500000,-8.794660,317.602759
258.139,319.353531,65.797126,1.500000,5.468565,317.590744
258.173,329.972105,69.833588,-1.500000,-5.161884,317.579646
258.200,327.182525,65.831764,-1.500000,-2.382508,317.570110
258.238,325.270957,64.896986,-1.500000,-0.486728,317.555354
258.262,314.880891,65.551022,1.500000,9.892839,317.545542
258.303,319.748568,71.952183,1.500000,5.006117,317.527742
258.328,325.247385,67.889566,0.889363,-0.505304,317.515963
258.363,325.335063,67.978629,0.075973,-0.611579,317.498583
258.391,323.815948,67.292801,1.054827,0.891984,317.484048
258.426,322.579393,65.966823,1.500000,2.108629,317.465441
258.458,340.495189,70.655101,-1.500000,-15.827231,317.446689
258.496,332.551037,67.988601,-1.500000,-7.907121,317.424221
258.528,336.688983,66.463146,-1.500000,-12.066611,317.404085
258.562,324.073698,65.762505,-0.865487,0.525064,317.382020
258.592,345.336672,72.519539,-1.500000,-20.760110,317.361273
258.619,328.222722,61.043584,-1.500000,-3.666269,317.342480
258.657,312.862041,67.075075,1.500000,11.664919,317.314916
258.683,320.139346,63.858285,1.500000,4.366876,317.295535
258.720,320.643055,58.335676,1.500000,3.832142,317.266539
258.750,331.869717,66.575655,-1.500000,-7.420355,317.242394
258.787,316.786034,73.622230,1.500000,7.630937,317.212123
258.819,326.320390,68.992457,-0.469601,-1.932213,317.185212
258.848,311.014780,71.428810,1.500000,13.346207,317.159801
258.884,317.343769,66.932424,1.500000,6.982930,317.127756
258.912,328.642929,70.902444,-1.500000,-4.343354,317.102406
258.947,314.622546,68.467483,1.500000,9.641561,317.069259
258.983,334.014936,65.155105,-1.500000,-9.787930,317.034585
259.014,323.582954,70.551146,-1.125555,0.612084,317.004709
259.044,324.088709,63.809882,-0.990554,0.074050,316.974541
259.078,316.632118,62.776928,1.500000,7.492785,316.939162
259.114,321.872008,69.804680,1.500000,2.212986,316.901864
259.143,328.468317,67.088595,-1.500000,-4.416707,316.870664
259.180,325.201118,69.458107,-1.500000,-1.192691,316.830305
259.209,315.222117,71.657780,1.500000,8.752406,316.798620
259.244,333.387637,68.292652,-1.500000,-9.455671,316.758847
259.280,322.569387,68.268120,-0.271540,1.318855,316.717983
259.312,322.802851,70.785208,1.141787,1.045933,316.681107
259.339,317.749511,65.822335,1.500000,6.064446,316.648557
259.366,323.846166,70.659382,1.463391,-0.066337,316.616663
259.397,331.453223,69.785496,-1.500000,-7.713786,316.578914
259.430,330.221480,72.598407,-1.500000,-6.526053,316.537783
259.469,313.905999,72.314430,1.500000,9.737365,316.489124
259.502,329.174795,69.924410,-1.500000,-5.575750,316.447706
259.534,323.401774,63.555158,-1.500000,0.153343,316.406652
259.564,310.504779,63.436203,1.500000,13.008984,316.368002
259.596,319.704120,67.381907,1.500000,3.763739,316.325102
259.629,328.884273,69.169174,-1.500000,-5.462882,316.281674
259.659,329.069819,68.199874,-1.500000,-5.692055,316.240901
259.691,320.803571,69.047335,1.500000,2.527557,316.197316
259.727,326.066715,59.773545,-1.500000,-2.787812,316.148507
259.765,320.053516,61.802634,1.500000,3.169287,316.096078
259.798,315.231628,68.468598,1.500000,7.941055,316.049236
259.831,324.201429,64.255765,0.196884,-1.078390,316.002840
259.858,309.539050,66.730805,1.500000,13.542494,315.964060
259.897,339.614964,69.939228,-1.500000,-16.594637,315.906848
259.934,330.912113,77.343549,-1.500000,-7.948655,315.853699
259.960,320.363442,66.415885,1.500000,2.559460,315.815796
259.991,329.160867,62.069061,-1.500000,-6.288143,315.768901
260.023,326.093287,66.579287,-1.500000,-3.271655,315.721151
260.053,324.690518,70.919185,-1.500000,-1.917092,315.676099
260.084,315.645111,68.218983,1.500000,7.078124,315.629192
260.115,310.274943,67.313577,1.500000,12.398719,315.582861
260.146,309.725736,72.018915,1.500000,12.897224,315.535476
260.178,325.420421,66.092183,-1.500000,-2.851574,315.484904
260.217,309.700807,60.282252,1.500000,12.804392,315.425419
260.251,332.316305,66.820951,-1.500000,-9.868682,315.371609
260.285,316.464195,71.997522,1.500000,5.927380,315.319229
260.314,328.002369,67.084214,-1.500000,-5.660889,315.272412
260.343,329.157445,66.808982,-1.500000,-6.864786,315.226784
260.374,321.291061,66.986719,-0.352546,0.949567,315.178156
260.407,319.321148,64.827311,1.500000,2.862183,315.124608
260.444,314.354145,65.583491,1.500000,7.766338,315.065872
260.479,321.657514,66.943180,1.500000,0.401583,315.008501
260.509,329.578037,70.778732,-1.500000,-7.570203,314.960592
260.539,326.022692,61.087862,-1.500000,-4.067470,314.911422
260.577,323.273457,68.135733,-1.500000,-1.384996,314.849029
260.605,314.209620,65.185299,1.500000,7.630633,314.803975
260.634,326.330710,67.581919,-1.500000,-4.540998,314.756739
260.669,308.054479,68.686982,1.500000,13.672657,314.698258
260.702,318.954923,61.407493,1.500000,2.715390,314.645153
260.734,319.495758,68.921123,1.500000,2.117611,314.591933
260.773,330.516817,69.653366,-1.500000,-8.972321,314.527567
260.804,319.216295,69.245026,0.880989,2.272673,314.475670
260.831,331.307285,69.073530,-1.500000,-9.866303,314.430824
260.870,322.439750,61.670819,-1.500000,-1.068965,314.365220
260.898,339.482211,67.531178,-1.500000,-18.161305,314.318604
260.927,334.799468,65.782876,-1.500000,-13.529951,314.270576
260.954,312.591792,61.960461,1.500000,8.629651,314.225647
260.986,315.672032,70.151357,1.500000,5.492794,314.172735
261.018,318.099028,64.555312,1.500000,3.007610,314.118353
261.051,331.609759,64.147087,-1.500000,-10.561492,314.063800
261.086,320.583495,62.698931,-1.378654,0.402622,314.005717
261.124,312.423319,67.524257,1.500000,8.494956,313.942313
261.148,312.550577,60.742028,1.500000,8.324149,313.901614
261.190,322.356108,70.487957,-0.379631,-1.555506,313.832338
261.223,316.011223,69.665492,1.500000,4.730679,313.777479
261.251,322.577797,71.628083,-0.550418,-1.886219,313.730447
261.282,317.496601,68.977338,1.500000,3.140078,313.679140
261.314,324.022408,68.764746,-1.500000,-3.442641,313.625950
261.349,316.474392,62.905304,1.500000,4.044281,313.568853
261.382,331.029976,68.097859,-1.500000,-10.570207,313.513803
261.501,329.181704,62.181116,-1.500000,-8.931191,313.318237
261.538,315.465256,67.164792,1.500000,4.721779,313.258911
261.569,324.820917,68.368093,-1.500000,-4.687786,313.208533
261.595,325.429913,65.239585,-1.500000,-5.342912,313.165421
261.626,306.248832,66.235911,1.500000,13.784690,313.115441
261.656,321.698347,70.183566,-0.207974,-1.715694,313.067899
261.692,325.791384,64.465593,-1.500000,-5.870150,313.010499
261.723,308.197452,65.700238,1.500000,11.670097,312.960326
261.758,311.741317,64.606946,1.500000,8.068078,312.905976
261.786,318.868677,62.238182,1.500000,0.892051,312.860494
261.822,332.007934,63.770527,-1.500000,-12.306970,312.804639
261.854,324.233000,63.745166,-1.500000,-4.585157,312.754993
261.888,328.144561,64.505212,-1.500000,-8.553411,312.702010
261.915,315.216423,62.577454,1.500000,4.329471,312.659713
261.943,313.762750,69.849742,1.500000,5.736700,312.616309
261.974,327.784357,69.032277,-1.500000,-8.334356,312.570095
262.011,315.708066,72.437676,1.500000,3.681089,312.513229
262.045,319.495148,65.958476,1.500000,-0.160494,312.462293
262.076,326.514234,64.431926,-1.500000,-7.229968,312.415202
262.114,328.153180,65.067364,-1.500000,-8.928301,312.359700
262.143,319.688474,65.716945,-1.500000,-0.508879,312.317379
262.183,306.948636,67.689401,1.500000,12.167380,312.257958
262.206,317.062684,68.607068,1.500000,2.017543,312.224511
262.238,314.349126,66.817909,1.500000,4.682054,312.178673
262.270,325.146082,67.172046,-1.500000,-6.163584,312.133175
262.429,326.156907,63.224219,-1.500000,-7.409957,311.913037
262.460,326.564018,70.159259,-1.500000,-7.862107,311.870945
262.499,321.534419,71.032014,-1.500000,-2.887525,311.819527
262.573,312.703373,71.607058,1.500000,5.840333,311.723090
262.597,314.682677,66.887882,1.500000,3.827733,311.691972
262.626,313.713280,67.785825,1.500000,4.758806,311.656156
262.652,320.526526,69.827861,-1.024824,-2.089459,311.623427
262.681,309.246284,63.653432,1.500000,9.151856,311.587046
262.712,312.085065,68.280193,1.500000,6.273089,311.549676
262.734,317.657898,65.546578,1.500000,0.671496,311.522798
262.768,331.364718,66.705555,-1.500000,-13.079036,311.481945
262.801,333.516956,61.086030,-1.500000,-15.273040,311.442912
262.835,324.416915,69.412827,-1.500000,-6.214121,311.404481
262.862,322.539876,64.538204,-1.500000,-4.370397,311.373344
262.894,316.171049,65.138446,0.867594,1.959338,311.336811
262.938,319.390032,66.534221,-0.428928,-1.311468,311.288378
262.965,328.295512,68.982839,-1.500000,-10.248171,311.259198
263.002,309.029331,66.786837,1.500000,8.976304,311.220219
263.032,308.094016,66.228060,1.500000,9.877685,311.188505
263.063,328.236733,60.229346,-1.500000,-10.298225,311.157484
263.100,317.316916,68.412910,-1.162610,0.581417,311.119938
263.143,309.965550,70.461918,1.500000,7.888080,311.078158
263.172,316.654904,68.104032,1.500000,1.168948,311.050329
263.198,321.081318,65.527373,-1.500000,-3.283678,311.025831
263.226,321.634118,67.950221,-1.500000,-3.863962,311.000146
263.259,310.281255,70.426901,1.500000,7.457708,310.970994
263.289,315.935204,68.996787,1.500000,1.775619,310.944694
263.318,315.086833,69.806035,1.500000,2.597442,310.919883
263.350,317.897659,65.112548,1.207714,-0.241842,310.893287
263.384,326.370035,71.374773,-1.500000,-8.744151,310.865312
263.417,321.909342,68.008059,-1.500000,-4.310951,310.839618
263.448,323.470805,68.527068,-1.500000,-5.898183,310.815534
263.479,323.197375,67.510799,-1.500000,-5.649461,310.792443
263.510,312.745820,67.783371,1.500000,4.777997,310.769922
263.547,313.359764,73.294381,1.500000,4.136556,310.744225
263.580,319.019024,73.040025,-0.368853,-1.546587,310.721904
263.610,313.053704,57.784116,1.500000,4.398130,310.702648
263.644,317.300250,65.419654,1.500000,0.128443,310.681021
263.670,332.087105,72.133384,-1.500000,-14.674746,310.665756
263.708,328.226225,69.836369,-1.500000,-10.837311,310.643844
263.744,313.217416,69.292996,1.500000,4.150116,310.623862
263.779,314.169640,64.092987,1.500000,3.178327,310.605576
263.810,336.036282,70.061395,-1.500000,-18.704404,310.590540
263.838,336.260781,72.313031,-1.500000,-18.943063,310.577306
263.869,319.997179,62.781238,-1.500000,-2.694516,310.563236
263.900,312.703989,60.968010,1.500000,4.584846,310.550313
263.938,332.728655,65.095649,-1.500000,-15.456026,310.535168
263.967,312.653505,68.632327,1.500000,4.607876,310.524655
264.006,324.097561,66.473230,-1.500000,-6.850392,310.511373
264.042,313.254117,73.124441,1.500000,3.981143,310.500243
264.074,314.603967,65.139904,1.500000,2.621605,310.491188
264.103,312.461162,70.806765,1.500000,4.756653,310.483939
264.131,330.648683,70.573069,-1.500000,-13.437768,310.477491
264.160,320.388538,66.140748,-1.500000,-3.184098,310.471439
264.192,325.975937,68.546759,-1.500000,-8.777587,310.465748
264.232,306.442800,71.573569,1.500000,10.749301,310.459907
264.266,325.054873,68.865214,-1.500000,-7.866999,310.455957
264.298,321.943717,68.675141,-1.500000,-4.758774,310.453217
264.336,308.294001,60.968435,1.500000,8.888664,310.451089
264.380,308.901644,70.437131,1.500000,8.280146,310.450271
264.401,316.249905,69.198486,1.500000,0.932119,310.450490
264.434,315.520017,66.998326,1.500000,1.663210,310.451614
264.460,336.643040,70.411187,-1.500000,-19.458077,310.453237
264.486,321.514969,64.227578,-1.500000,-4.327670,310.455420
264.518,317.114128,68.147556,-1.406968,0.076942,310.458944
264.550,309.809401,63.374205,1.500000,7.386464,310.463425
264.581,308.338996,71.151501,1.500000,8.862612,310.468792
264.618,322.266648,67.632197,-1.500000,-5.057059,310.476251
264.648,323.281461,69.166073,-1.500000,-6.064382,310.483252
264.688,310.364361,66.438501,1.500000,6.863961,310.493759
264.719,310.119010,71.341536,1.500000,7.119148,310.502952
264.749,324.397165,67.376830,-1.500000,-7.148338,310.512923
264.774,321.046175,65.841367,-1.500000,-3.787745,310.521897
264.804,310.516641,65.934999,1.500000,6.753928,310.533242
264.838,321.069051,71.269236,-1.500000,-3.783836,310.546930
264.876,328.357242,68.905999,-1.500000,-11.053905,310.563866
264.909,310.947061,62.369735,1.500000,6.373102,310.579591
264.948,322.695195,60.797750,-1.500000,-5.353501,310.599713
264.973,309.132326,66.538134,1.500000,8.224267,310.613638
265.005,306.497844,64.876326,1.500000,10.878185,310.631803
265.030,316.375758,63.572800,1.500000,1.016202,310.646692
265.065,321.785297,63.446509,-1.500000,-4.369440,310.669025
265.099,320.163419,68.653891,-1.500000,-2.723607,310.691413
265.130,311.217811,65.421532,1.500000,6.245090,310.712992
265.170,304.517082,66.395251,1.500000,12.977059,310.742188
265.198,323.425952,66.269294,-1.500000,-5.908967,310.763538
265.239,315.328412,64.380408,0.821536,2.223469,310.796151
265.260,317.785265,71.538053,0.844995,-0.214429,310.813866
265.298,330.761768,67.641901,-1.500000,-13.155519,310.846962
265.322,320.077827,63.523811,-1.500000,-2.449302,310.867781
265.360,309.627330,62.636807,1.500000,8.039290,310.903384
265.392,323.232493,64.962658,-1.500000,-5.533458,310.933677
265.443,307.432985,59.055952,1.500000,10.320613,310.984671
265.462,317.227178,68.613000,1.500000,0.546705,311.003629
265.490,321.294265,67.902492,-1.500000,-3.487775,311.034102
265.523,313.430002,66.637595,1.500000,4.415014,311.070108
265.554,322.695930,70.197144,-1.500000,-4.813653,311.104932
265.578,323.997649,67.558444,-1.500000,-6.086688,311.131739
265.614,319.031599,69.411156,-1.500000,-1.075416,311.174004
265.646,305.984455,63.813303,1.500000,12.013719,311.213246
265.674,316.147880,58.706193,1.500000,1.887500,311.248018
265.715,308.484579,68.402677,1.500000,9.607033,311.300572
265.741,320.854199,62.438508,-1.500000,-2.725992,311.334773
265.774,305.200907,71.908727,1.500000,12.974966,311.379320
265.810,320.377430,62.617526,-0.730123,-2.147817,311.429545
265.841,335.323728,58.198437,-1.500000,-17.048474,311.472201
265.876,313.451881,66.407788,1.500000,4.877430,311.522721
265.904,324.038837,68.802961,-1.500000,-5.664898,311.564429
265.934,309.741334,72.822316,1.500000,8.680785,311.609457
265.966,324.418015,64.485957,-1.500000,-5.942376,311.659476
266.005,320.652392,68.491166,-1.500000,-2.111475,311.720483
266.035,315.064559,70.150896,1.500000,3.528308,311.769035
266.076,320.786782,68.760070,-0.697152,-2.120532,311.837617
266.098,305.246464,68.580985,1.500000,13.458081,311.873407
266.130,319.327221,64.119015,1.086915,-0.563175,311.929015
266.168,325.813748,69.542220,-1.500000,-6.979553,311.994575
266.197,320.851458,73.452666,-1.500000,-1.960989,312.047167
266.238,303.181204,63.170208,1.500000,15.788591,312.121303
266.269,313.222226,72.918657,1.500000,5.809238,312.178939
266.297,331.233432,68.624282,-1.500000,-12.146876,312.230426
266.335,317.485098,71.652747,0.165359,1.680427,312.304229
266.357,315.577831,65.266363,1.500000,3.632912,312.346489
266.387,326.329506,69.996009,-1.500000,-7.055507,312.405606
266.418,310.613922,63.506441,1.500000,8.727667,312.468775
266.450,314.462154,70.582573,1.500000,4.949007,312.533795
266.488,329.841950,64.165160,-1.500000,-10.348248,312.610937
266.528,324.957081,63.710440,-1.500000,-5.372085,312.696258
266.551,329.893311,63.192469,-1.500000,-10.254660,312.746403
266.582,310.656502,66.040646,1.500000,9.052555,312.812203
266.618,325.523406,65.859339,-1.500000,-5.729532,312.891471
266.645,310.600771,70.731546,1.500000,9.257721,312.951861
266.679,319.674472,68.183171,1.500000,0.266900,313.029320
266.709,326.954859,70.226292,-1.500000,-6.939005,313.098929
266.742,323.402501,72.005766,-1.500000,-3.305606,313.174668
266.782,321.093444,65.879803,-1.500000,-0.893741,313.270750
266.816,308.657287,69.107264,1.500000,11.628532,313.351233
266.846,320.180241,70.367226,1.500000,0.183359,313.423925
266.876,313.473715,68.219465,1.500000,6.969923,313.498727
267.182,318.318499,72.553955,1.500000,2.982948,314.300418
267.210,326.313043,69.498634,-1.500000,-4.927436,314.379072
267.237,323.434637,69.577372,-1.500000,-1.966128,314.456551
267.269,312.070012,63.684237,1.500000,9.492802,314.544686
267.293,330.633484,66.084729,-1.500000,-8.995249,314.615173
267.321,320.388027,65.666686,-0.250115,1.336586,314.695900
267.349,322.225204,71.898811,-0.598905,-0.414528,314.776333
267.378,324.006798,68.421592,-1.500000,-2.104280,314.862166
267.408,303.414035,70.018593,1.500000,18.585325,314.952673
267.440,316.641188,67.116160,1.500000,5.458269,315.046221
267.474,328.407190,63.455972,-1.500000,-6.197579,315.149168
267.506,321.984813,71.870403,-1.466370,0.330030,315.247517
267.540,314.426556,67.176140,1.500000,8.003062,315.354783
267.573,306.694998,66.248100,1.500000,15.842385,315.455498
267.606,318.028514,68.417218,1.500000,4.621267,315.560543
267.638,319.795120,63.629029,1.500000,2.963288,315.662064
267.669,346.572649,68.477874,-1.500000,-23.708659,315.760739
267.700,327.904695,61.364207,-1.500000,-4.934171,315.860303
267.733,320.439273,69.558798,1.500000,2.647598,315.969039
267.766,328.684844,66.091248,-1.500000,-5.484124,316.075439
267.799,328.119825,65.963435,-1.500000,-4.800215,316.186551
267.833,329.956592,70.161002,-1.500000,-6.514974,316.300578
267.868,313.007687,71.185134,1.500000,10.558443,316.416944
267.900,315.234323,65.348527,1.500000,8.449763,316.527183
267.932,323.181130,74.167726,1.500000,0.617895,316.634602
267.961,333.099241,66.916878,-1.500000,-9.192766,316.735023
268.008,333.850752,69.689476,-1.500000,-9.766230,316.901422
268.038,327.107102,60.574905,-1.500000,-2.910986,317.005716
268.065,319.443697,62.771941,1.500000,4.855323,317.101887
268.096,317.907005,67.565042,1.500000,6.506837,317.209198
268.121,332.177055,64.839856,-1.500000,-7.665802,317.300236
268.148,318.992658,64.581266,1.500000,5.623424,317.398208
268.178,334.212600,69.709505,-1.500000,-9.479287,317.507770
268.205,321.628510,59.789110,1.500000,3.209304,317.605434
268.240,332.733160,70.765878,-1.500000,-7.759955,317.731967
268.273,318.198625,65.579692,1.500000,6.904372,317.853268
268.305,329.120532,65.167597,-1.500000,-3.888214,317.974129
268.338,318.804924,72.439200,1.500000,6.558790,318.096928
268.369,324.362688,70.891397,1.500000,1.125172,318.212953
268.402,335.069837,65.401910,-1.500000,-9.447382,318.338743
268.437,327.100409,71.948699,-1.500000,-1.334086,318.473199
268.469,309.236300,68.355490,1.500000,16.659008,318.593746
268.502,322.097388,70.260261,1.500000,3.936010,318.722802
268.533,329.149395,71.435417,-1.500000,-2.986396,318.843925
268.563,339.074481,64.463247,-1.500000,-12.786368,318.960853
268.596,327.855666,66.696615,-1.500000,-1.430646,319.088804
268.628,313.869676,64.795207,1.500000,12.693540,319.217959
268.661,308.240450,67.104586,1.500000,18.461089,319.347232
268.694,319.212702,68.397914,1.500000,7.627825,319.477129
268.726,326.318065,63.768682,1.500000,0.659135,319.604860
268.758,341.945807,64.961772,-1.500000,-14.830331,319.734090
268.792,343.126513,64.658145,-1.500000,-15.862306,319.873091
268.827,331.714611,69.247841,-1.500000,-4.295524,320.017839
